Added Component: Designator=*(HOUSTON_LOGO)
Added Component: Designator=C1(CAP CER 0.1uF/50V 5%)
Add component (AddParameter): Name = "Check_prices"; Value = "https://www.snapeda.com/parts/CL21B104KCFNNNE/Samsung+Electro-Mechanics/view-part/?ref=eda"; VariantName = "[No Variations]"
Add component (AddParameter): Name = "Digi-Key_Part_Number"; Value = "1276-6840-2-ND"; VariantName = "[No Variations]"
Add component (AddParameter): Name = "MF"; Value = "Samsung"; VariantName = "[No Variations]"
Add component (AddParameter): Name = "MP"; Value = "CL21B104KCFNNNE"; VariantName = "[No Variations]"
Add component (AddParameter): Name = "Package"; Value = "0805 Samsung"; VariantName = "[No Variations]"
Add component (AddParameter): Name = "Purchase-URL"; Value = "https://pricing.snapeda.com/search?q=CL21B104KCFNNNE&ref=eda"; VariantName = "[No Variations]"
Add component (AddParameter): Name = "SnapEDA_Link"; Value = "https://www.snapeda.com/parts/CL21B104KCFNNNE/Samsung+Electro-Mechanics/view-part/?ref=snap"; VariantName = "[No Variations]"
Add component (AddParameter): Name = "Value"; Value = ""; VariantName = "[No Variations]"
Added Component: Designator=C2(CAP CER 0.1uF/50V 5%)
Add component (AddParameter): Name = "Check_prices"; Value = "https://www.snapeda.com/parts/CL21B104KCFNNNE/Samsung+Electro-Mechanics/view-part/?ref=eda"; VariantName = "[No Variations]"
Add component (AddParameter): Name = "Digi-Key_Part_Number"; Value = "1276-6840-2-ND"; VariantName = "[No Variations]"
Add component (AddParameter): Name = "MF"; Value = "Samsung"; VariantName = "[No Variations]"
Add component (AddParameter): Name = "MP"; Value = "CL21B104KCFNNNE"; VariantName = "[No Variations]"
Add component (AddParameter): Name = "Package"; Value = "0805 Samsung"; VariantName = "[No Variations]"
Add component (AddParameter): Name = "Purchase-URL"; Value = "https://pricing.snapeda.com/search?q=CL21B104KCFNNNE&ref=eda"; VariantName = "[No Variations]"
Add component (AddParameter): Name = "SnapEDA_Link"; Value = "https://www.snapeda.com/parts/CL21B104KCFNNNE/Samsung+Electro-Mechanics/view-part/?ref=snap"; VariantName = "[No Variations]"
Add component (AddParameter): Name = "Value"; Value = ""; VariantName = "[No Variations]"
Added Component: Designator=C3(CAP CER 0.1uF/50V 5%)
Add component (AddParameter): Name = "Check_prices"; Value = "https://www.snapeda.com/parts/CL21B104KCFNNNE/Samsung+Electro-Mechanics/view-part/?ref=eda"; VariantName = "[No Variations]"
Add component (AddParameter): Name = "Digi-Key_Part_Number"; Value = "1276-6840-2-ND"; VariantName = "[No Variations]"
Add component (AddParameter): Name = "MF"; Value = "Samsung"; VariantName = "[No Variations]"
Add component (AddParameter): Name = "MP"; Value = "CL21B104KCFNNNE"; VariantName = "[No Variations]"
Add component (AddParameter): Name = "Package"; Value = "0805 Samsung"; VariantName = "[No Variations]"
Add component (AddParameter): Name = "Purchase-URL"; Value = "https://pricing.snapeda.com/search?q=CL21B104KCFNNNE&ref=eda"; VariantName = "[No Variations]"
Add component (AddParameter): Name = "SnapEDA_Link"; Value = "https://www.snapeda.com/parts/CL21B104KCFNNNE/Samsung+Electro-Mechanics/view-part/?ref=snap"; VariantName = "[No Variations]"
Add component (AddParameter): Name = "Value"; Value = ""; VariantName = "[No Variations]"
Added Component: Designator=C4(CAP CER 0.1uF/50V 5%)
Add component (AddParameter): Name = "Check_prices"; Value = "https://www.snapeda.com/parts/CL21B104KCFNNNE/Samsung+Electro-Mechanics/view-part/?ref=eda"; VariantName = "[No Variations]"
Add component (AddParameter): Name = "Digi-Key_Part_Number"; Value = "1276-6840-2-ND"; VariantName = "[No Variations]"
Add component (AddParameter): Name = "MF"; Value = "Samsung"; VariantName = "[No Variations]"
Add component (AddParameter): Name = "MP"; Value = "CL21B104KCFNNNE"; VariantName = "[No Variations]"
Add component (AddParameter): Name = "Package"; Value = "0805 Samsung"; VariantName = "[No Variations]"
Add component (AddParameter): Name = "Purchase-URL"; Value = "https://pricing.snapeda.com/search?q=CL21B104KCFNNNE&ref=eda"; VariantName = "[No Variations]"
Add component (AddParameter): Name = "SnapEDA_Link"; Value = "https://www.snapeda.com/parts/CL21B104KCFNNNE/Samsung+Electro-Mechanics/view-part/?ref=snap"; VariantName = "[No Variations]"
Add component (AddParameter): Name = "Value"; Value = ""; VariantName = "[No Variations]"
Added Component: Designator=C5(CAP CER 0.1uF/50V 5%)
Add component (AddParameter): Name = "Check_prices"; Value = "https://www.snapeda.com/parts/CL21B104KCFNNNE/Samsung+Electro-Mechanics/view-part/?ref=eda"; VariantName = "[No Variations]"
Add component (AddParameter): Name = "Digi-Key_Part_Number"; Value = "1276-6840-2-ND"; VariantName = "[No Variations]"
Add component (AddParameter): Name = "MF"; Value = "Samsung"; VariantName = "[No Variations]"
Add component (AddParameter): Name = "MP"; Value = "CL21B104KCFNNNE"; VariantName = "[No Variations]"
Add component (AddParameter): Name = "Package"; Value = "0805 Samsung"; VariantName = "[No Variations]"
Add component (AddParameter): Name = "Purchase-URL"; Value = "https://pricing.snapeda.com/search?q=CL21B104KCFNNNE&ref=eda"; VariantName = "[No Variations]"
Add component (AddParameter): Name = "SnapEDA_Link"; Value = "https://www.snapeda.com/parts/CL21B104KCFNNNE/Samsung+Electro-Mechanics/view-part/?ref=snap"; VariantName = "[No Variations]"
Add component (AddParameter): Name = "Value"; Value = ""; VariantName = "[No Variations]"
Added Component: Designator=C6(CAP CER 0.1uF/50V 5%)
Add component (AddParameter): Name = "Check_prices"; Value = "https://www.snapeda.com/parts/CL21B104KCFNNNE/Samsung+Electro-Mechanics/view-part/?ref=eda"; VariantName = "[No Variations]"
Add component (AddParameter): Name = "Digi-Key_Part_Number"; Value = "1276-6840-2-ND"; VariantName = "[No Variations]"
Add component (AddParameter): Name = "MF"; Value = "Samsung"; VariantName = "[No Variations]"
Add component (AddParameter): Name = "MP"; Value = "CL21B104KCFNNNE"; VariantName = "[No Variations]"
Add component (AddParameter): Name = "Package"; Value = "0805 Samsung"; VariantName = "[No Variations]"
Add component (AddParameter): Name = "Purchase-URL"; Value = "https://pricing.snapeda.com/search?q=CL21B104KCFNNNE&ref=eda"; VariantName = "[No Variations]"
Add component (AddParameter): Name = "SnapEDA_Link"; Value = "https://www.snapeda.com/parts/CL21B104KCFNNNE/Samsung+Electro-Mechanics/view-part/?ref=snap"; VariantName = "[No Variations]"
Add component (AddParameter): Name = "Value"; Value = ""; VariantName = "[No Variations]"
Added Component: Designator=C7(CAP CER 0.1uF/50V 5%)
Add component (AddParameter): Name = "Check_prices"; Value = "https://www.snapeda.com/parts/CL21B104KCFNNNE/Samsung+Electro-Mechanics/view-part/?ref=eda"; VariantName = "[No Variations]"
Add component (AddParameter): Name = "Digi-Key_Part_Number"; Value = "1276-6840-2-ND"; VariantName = "[No Variations]"
Add component (AddParameter): Name = "MF"; Value = "Samsung"; VariantName = "[No Variations]"
Add component (AddParameter): Name = "MP"; Value = "CL21B104KCFNNNE"; VariantName = "[No Variations]"
Add component (AddParameter): Name = "Package"; Value = "0805 Samsung"; VariantName = "[No Variations]"
Add component (AddParameter): Name = "Purchase-URL"; Value = "https://pricing.snapeda.com/search?q=CL21B104KCFNNNE&ref=eda"; VariantName = "[No Variations]"
Add component (AddParameter): Name = "SnapEDA_Link"; Value = "https://www.snapeda.com/parts/CL21B104KCFNNNE/Samsung+Electro-Mechanics/view-part/?ref=snap"; VariantName = "[No Variations]"
Add component (AddParameter): Name = "Value"; Value = ""; VariantName = "[No Variations]"
Added Component: Designator=C8(CAP CER 0.1uF/50V 5%)
Add component (AddParameter): Name = "Check_prices"; Value = "https://www.snapeda.com/parts/CL21B104KCFNNNE/Samsung+Electro-Mechanics/view-part/?ref=eda"; VariantName = "[No Variations]"
Add component (AddParameter): Name = "Digi-Key_Part_Number"; Value = "1276-6840-2-ND"; VariantName = "[No Variations]"
Add component (AddParameter): Name = "MF"; Value = "Samsung"; VariantName = "[No Variations]"
Add component (AddParameter): Name = "MP"; Value = "CL21B104KCFNNNE"; VariantName = "[No Variations]"
Add component (AddParameter): Name = "Package"; Value = "0805 Samsung"; VariantName = "[No Variations]"
Add component (AddParameter): Name = "Purchase-URL"; Value = "https://pricing.snapeda.com/search?q=CL21B104KCFNNNE&ref=eda"; VariantName = "[No Variations]"
Add component (AddParameter): Name = "SnapEDA_Link"; Value = "https://www.snapeda.com/parts/CL21B104KCFNNNE/Samsung+Electro-Mechanics/view-part/?ref=snap"; VariantName = "[No Variations]"
Add component (AddParameter): Name = "Value"; Value = ""; VariantName = "[No Variations]"
Added Component: Designator=C9(CAP CER 0.1uF/50V 5%)
Add component (AddParameter): Name = "Check_prices"; Value = "https://www.snapeda.com/parts/CL21B104KCFNNNE/Samsung+Electro-Mechanics/view-part/?ref=eda"; VariantName = "[No Variations]"
Add component (AddParameter): Name = "Digi-Key_Part_Number"; Value = "1276-6840-2-ND"; VariantName = "[No Variations]"
Add component (AddParameter): Name = "MF"; Value = "Samsung"; VariantName = "[No Variations]"
Add component (AddParameter): Name = "MP"; Value = "CL21B104KCFNNNE"; VariantName = "[No Variations]"
Add component (AddParameter): Name = "Package"; Value = "0805 Samsung"; VariantName = "[No Variations]"
Add component (AddParameter): Name = "Purchase-URL"; Value = "https://pricing.snapeda.com/search?q=CL21B104KCFNNNE&ref=eda"; VariantName = "[No Variations]"
Add component (AddParameter): Name = "SnapEDA_Link"; Value = "https://www.snapeda.com/parts/CL21B104KCFNNNE/Samsung+Electro-Mechanics/view-part/?ref=snap"; VariantName = "[No Variations]"
Add component (AddParameter): Name = "Value"; Value = ""; VariantName = "[No Variations]"
Added Component: Designator=C10(CAP CER 0.1uF/50V 5%)
Add component (AddParameter): Name = "Check_prices"; Value = "https://www.snapeda.com/parts/CL21B104KCFNNNE/Samsung+Electro-Mechanics/view-part/?ref=eda"; VariantName = "[No Variations]"
Add component (AddParameter): Name = "Digi-Key_Part_Number"; Value = "1276-6840-2-ND"; VariantName = "[No Variations]"
Add component (AddParameter): Name = "MF"; Value = "Samsung"; VariantName = "[No Variations]"
Add component (AddParameter): Name = "MP"; Value = "CL21B104KCFNNNE"; VariantName = "[No Variations]"
Add component (AddParameter): Name = "Package"; Value = "0805 Samsung"; VariantName = "[No Variations]"
Add component (AddParameter): Name = "Purchase-URL"; Value = "https://pricing.snapeda.com/search?q=CL21B104KCFNNNE&ref=eda"; VariantName = "[No Variations]"
Add component (AddParameter): Name = "SnapEDA_Link"; Value = "https://www.snapeda.com/parts/CL21B104KCFNNNE/Samsung+Electro-Mechanics/view-part/?ref=snap"; VariantName = "[No Variations]"
Add component (AddParameter): Name = "Value"; Value = ""; VariantName = "[No Variations]"
Added Component: Designator=C11(CAP CER 0.1uF/50V 5%)
Add component (AddParameter): Name = "Check_prices"; Value = "https://www.snapeda.com/parts/CL21B104KCFNNNE/Samsung+Electro-Mechanics/view-part/?ref=eda"; VariantName = "[No Variations]"
Add component (AddParameter): Name = "Digi-Key_Part_Number"; Value = "1276-6840-2-ND"; VariantName = "[No Variations]"
Add component (AddParameter): Name = "MF"; Value = "Samsung"; VariantName = "[No Variations]"
Add component (AddParameter): Name = "MP"; Value = "CL21B104KCFNNNE"; VariantName = "[No Variations]"
Add component (AddParameter): Name = "Package"; Value = "0805 Samsung"; VariantName = "[No Variations]"
Add component (AddParameter): Name = "Purchase-URL"; Value = "https://pricing.snapeda.com/search?q=CL21B104KCFNNNE&ref=eda"; VariantName = "[No Variations]"
Add component (AddParameter): Name = "SnapEDA_Link"; Value = "https://www.snapeda.com/parts/CL21B104KCFNNNE/Samsung+Electro-Mechanics/view-part/?ref=snap"; VariantName = "[No Variations]"
Add component (AddParameter): Name = "Value"; Value = ""; VariantName = "[No Variations]"
Added Component: Designator=C12(CAP CER 0.1uF/50V 5%)
Add component (AddParameter): Name = "Check_prices"; Value = "https://www.snapeda.com/parts/CL21B104KCFNNNE/Samsung+Electro-Mechanics/view-part/?ref=eda"; VariantName = "[No Variations]"
Add component (AddParameter): Name = "Digi-Key_Part_Number"; Value = "1276-6840-2-ND"; VariantName = "[No Variations]"
Add component (AddParameter): Name = "MF"; Value = "Samsung"; VariantName = "[No Variations]"
Add component (AddParameter): Name = "MP"; Value = "CL21B104KCFNNNE"; VariantName = "[No Variations]"
Add component (AddParameter): Name = "Package"; Value = "0805 Samsung"; VariantName = "[No Variations]"
Add component (AddParameter): Name = "Purchase-URL"; Value = "https://pricing.snapeda.com/search?q=CL21B104KCFNNNE&ref=eda"; VariantName = "[No Variations]"
Add component (AddParameter): Name = "SnapEDA_Link"; Value = "https://www.snapeda.com/parts/CL21B104KCFNNNE/Samsung+Electro-Mechanics/view-part/?ref=snap"; VariantName = "[No Variations]"
Add component (AddParameter): Name = "Value"; Value = ""; VariantName = "[No Variations]"
Added Component: Designator=C13(CAP CER 0.1uF/50V 5%)
Add component (AddParameter): Name = "Check_prices"; Value = "https://www.snapeda.com/parts/CL21B104KCFNNNE/Samsung+Electro-Mechanics/view-part/?ref=eda"; VariantName = "[No Variations]"
Add component (AddParameter): Name = "Digi-Key_Part_Number"; Value = "1276-6840-2-ND"; VariantName = "[No Variations]"
Add component (AddParameter): Name = "MF"; Value = "Samsung"; VariantName = "[No Variations]"
Add component (AddParameter): Name = "MP"; Value = "CL21B104KCFNNNE"; VariantName = "[No Variations]"
Add component (AddParameter): Name = "Package"; Value = "0805 Samsung"; VariantName = "[No Variations]"
Add component (AddParameter): Name = "Purchase-URL"; Value = "https://pricing.snapeda.com/search?q=CL21B104KCFNNNE&ref=eda"; VariantName = "[No Variations]"
Add component (AddParameter): Name = "SnapEDA_Link"; Value = "https://www.snapeda.com/parts/CL21B104KCFNNNE/Samsung+Electro-Mechanics/view-part/?ref=snap"; VariantName = "[No Variations]"
Add component (AddParameter): Name = "Value"; Value = ""; VariantName = "[No Variations]"
Added Component: Designator=C14(CAP CER 0.1uF/50V 5%)
Add component (AddParameter): Name = "Check_prices"; Value = "https://www.snapeda.com/parts/CL21B104KCFNNNE/Samsung+Electro-Mechanics/view-part/?ref=eda"; VariantName = "[No Variations]"
Add component (AddParameter): Name = "Digi-Key_Part_Number"; Value = "1276-6840-2-ND"; VariantName = "[No Variations]"
Add component (AddParameter): Name = "MF"; Value = "Samsung"; VariantName = "[No Variations]"
Add component (AddParameter): Name = "MP"; Value = "CL21B104KCFNNNE"; VariantName = "[No Variations]"
Add component (AddParameter): Name = "Package"; Value = "0805 Samsung"; VariantName = "[No Variations]"
Add component (AddParameter): Name = "Purchase-URL"; Value = "https://pricing.snapeda.com/search?q=CL21B104KCFNNNE&ref=eda"; VariantName = "[No Variations]"
Add component (AddParameter): Name = "SnapEDA_Link"; Value = "https://www.snapeda.com/parts/CL21B104KCFNNNE/Samsung+Electro-Mechanics/view-part/?ref=snap"; VariantName = "[No Variations]"
Add component (AddParameter): Name = "Value"; Value = ""; VariantName = "[No Variations]"
Added Component: Designator=C15(CAP CER 0.1uF/50V 5%)
Add component (AddParameter): Name = "Check_prices"; Value = "https://www.snapeda.com/parts/CL21B104KCFNNNE/Samsung+Electro-Mechanics/view-part/?ref=eda"; VariantName = "[No Variations]"
Add component (AddParameter): Name = "Digi-Key_Part_Number"; Value = "1276-6840-2-ND"; VariantName = "[No Variations]"
Add component (AddParameter): Name = "MF"; Value = "Samsung"; VariantName = "[No Variations]"
Add component (AddParameter): Name = "MP"; Value = "CL21B104KCFNNNE"; VariantName = "[No Variations]"
Add component (AddParameter): Name = "Package"; Value = "0805 Samsung"; VariantName = "[No Variations]"
Add component (AddParameter): Name = "Purchase-URL"; Value = "https://pricing.snapeda.com/search?q=CL21B104KCFNNNE&ref=eda"; VariantName = "[No Variations]"
Add component (AddParameter): Name = "SnapEDA_Link"; Value = "https://www.snapeda.com/parts/CL21B104KCFNNNE/Samsung+Electro-Mechanics/view-part/?ref=snap"; VariantName = "[No Variations]"
Add component (AddParameter): Name = "Value"; Value = ""; VariantName = "[No Variations]"
Added Component: Designator=C16(CAP CER 0.1uF/50V 5%)
Add component (AddParameter): Name = "Check_prices"; Value = "https://www.snapeda.com/parts/CL21B104KCFNNNE/Samsung+Electro-Mechanics/view-part/?ref=eda"; VariantName = "[No Variations]"
Add component (AddParameter): Name = "Digi-Key_Part_Number"; Value = "1276-6840-2-ND"; VariantName = "[No Variations]"
Add component (AddParameter): Name = "MF"; Value = "Samsung"; VariantName = "[No Variations]"
Add component (AddParameter): Name = "MP"; Value = "CL21B104KCFNNNE"; VariantName = "[No Variations]"
Add component (AddParameter): Name = "Package"; Value = "0805 Samsung"; VariantName = "[No Variations]"
Add component (AddParameter): Name = "Purchase-URL"; Value = "https://pricing.snapeda.com/search?q=CL21B104KCFNNNE&ref=eda"; VariantName = "[No Variations]"
Add component (AddParameter): Name = "SnapEDA_Link"; Value = "https://www.snapeda.com/parts/CL21B104KCFNNNE/Samsung+Electro-Mechanics/view-part/?ref=snap"; VariantName = "[No Variations]"
Add component (AddParameter): Name = "Value"; Value = ""; VariantName = "[No Variations]"
Added Component: Designator=C17(CAP CER 0.1uF/50V 5%)
Add component (AddParameter): Name = "Check_prices"; Value = "https://www.snapeda.com/parts/CL21B104KCFNNNE/Samsung+Electro-Mechanics/view-part/?ref=eda"; VariantName = "[No Variations]"
Add component (AddParameter): Name = "Digi-Key_Part_Number"; Value = "1276-6840-2-ND"; VariantName = "[No Variations]"
Add component (AddParameter): Name = "MF"; Value = "Samsung"; VariantName = "[No Variations]"
Add component (AddParameter): Name = "MP"; Value = "CL21B104KCFNNNE"; VariantName = "[No Variations]"
Add component (AddParameter): Name = "Package"; Value = "0805 Samsung"; VariantName = "[No Variations]"
Add component (AddParameter): Name = "Purchase-URL"; Value = "https://pricing.snapeda.com/search?q=CL21B104KCFNNNE&ref=eda"; VariantName = "[No Variations]"
Add component (AddParameter): Name = "SnapEDA_Link"; Value = "https://www.snapeda.com/parts/CL21B104KCFNNNE/Samsung+Electro-Mechanics/view-part/?ref=snap"; VariantName = "[No Variations]"
Add component (AddParameter): Name = "Value"; Value = ""; VariantName = "[No Variations]"
Added Component: Designator=C18(CAP ELE 10µF 25V TH)
Add component (AddParameter): Name = "Check_prices"; Value = "https://www.snapeda.com/parts/ECEA1EN100UI/Panasonic/view-part/5788532/?ref=eda"; VariantName = "[No Variations]"
Add component (AddParameter): Name = "Digi-Key_Part_Number"; Value = "ECE-A1EN100UI-ND"; VariantName = "[No Variations]"
Add component (AddParameter): Name = "MF"; Value = "Panasonic"; VariantName = "[No Variations]"
Add component (AddParameter): Name = "MP"; Value = "ECEA1EN100UI"; VariantName = "[No Variations]"
Add component (AddParameter): Name = "Package"; Value = "RADIAL-2 Panasonic"; VariantName = "[No Variations]"
Add component (AddParameter): Name = "Purchase-URL"; Value = "https://pricing.snapeda.com/search/part/ECEA1EN100UI/?ref=eda"; VariantName = "[No Variations]"
Add component (AddParameter): Name = "SnapEDA_Link"; Value = "https://www.snapeda.com/parts/ECEA1EN100UI/Panasonic/view-part/5788532/?ref=snap"; VariantName = "[No Variations]"
Add component (AddParameter): Name = "Value"; Value = ""; VariantName = "[No Variations]"
Added Component: Designator=C19(CAP CER 0.1uF/50V 5%)
Add component (AddParameter): Name = "Check_prices"; Value = "https://www.snapeda.com/parts/CL21B104KCFNNNE/Samsung+Electro-Mechanics/view-part/?ref=eda"; VariantName = "[No Variations]"
Add component (AddParameter): Name = "Digi-Key_Part_Number"; Value = "1276-6840-2-ND"; VariantName = "[No Variations]"
Add component (AddParameter): Name = "MF"; Value = "Samsung"; VariantName = "[No Variations]"
Add component (AddParameter): Name = "MP"; Value = "CL21B104KCFNNNE"; VariantName = "[No Variations]"
Add component (AddParameter): Name = "Package"; Value = "0805 Samsung"; VariantName = "[No Variations]"
Add component (AddParameter): Name = "Purchase-URL"; Value = "https://pricing.snapeda.com/search?q=CL21B104KCFNNNE&ref=eda"; VariantName = "[No Variations]"
Add component (AddParameter): Name = "SnapEDA_Link"; Value = "https://www.snapeda.com/parts/CL21B104KCFNNNE/Samsung+Electro-Mechanics/view-part/?ref=snap"; VariantName = "[No Variations]"
Add component (AddParameter): Name = "Value"; Value = ""; VariantName = "[No Variations]"
Added Component: Designator=C20(CAP ELE 10µF 25V TH)
Add component (AddParameter): Name = "Check_prices"; Value = "https://www.snapeda.com/parts/ECEA1EN100UI/Panasonic/view-part/5788532/?ref=eda"; VariantName = "[No Variations]"
Add component (AddParameter): Name = "Digi-Key_Part_Number"; Value = "ECE-A1EN100UI-ND"; VariantName = "[No Variations]"
Add component (AddParameter): Name = "MF"; Value = "Panasonic"; VariantName = "[No Variations]"
Add component (AddParameter): Name = "MP"; Value = "ECEA1EN100UI"; VariantName = "[No Variations]"
Add component (AddParameter): Name = "Package"; Value = "RADIAL-2 Panasonic"; VariantName = "[No Variations]"
Add component (AddParameter): Name = "Purchase-URL"; Value = "https://pricing.snapeda.com/search/part/ECEA1EN100UI/?ref=eda"; VariantName = "[No Variations]"
Add component (AddParameter): Name = "SnapEDA_Link"; Value = "https://www.snapeda.com/parts/ECEA1EN100UI/Panasonic/view-part/5788532/?ref=snap"; VariantName = "[No Variations]"
Add component (AddParameter): Name = "Value"; Value = ""; VariantName = "[No Variations]"
Added Component: Designator=C21(CAP CER 0.1uF/50V 5%)
Add component (AddParameter): Name = "Check_prices"; Value = "https://www.snapeda.com/parts/CL21B104KCFNNNE/Samsung+Electro-Mechanics/view-part/?ref=eda"; VariantName = "[No Variations]"
Add component (AddParameter): Name = "Digi-Key_Part_Number"; Value = "1276-6840-2-ND"; VariantName = "[No Variations]"
Add component (AddParameter): Name = "MF"; Value = "Samsung"; VariantName = "[No Variations]"
Add component (AddParameter): Name = "MP"; Value = "CL21B104KCFNNNE"; VariantName = "[No Variations]"
Add component (AddParameter): Name = "Package"; Value = "0805 Samsung"; VariantName = "[No Variations]"
Add component (AddParameter): Name = "Purchase-URL"; Value = "https://pricing.snapeda.com/search?q=CL21B104KCFNNNE&ref=eda"; VariantName = "[No Variations]"
Add component (AddParameter): Name = "SnapEDA_Link"; Value = "https://www.snapeda.com/parts/CL21B104KCFNNNE/Samsung+Electro-Mechanics/view-part/?ref=snap"; VariantName = "[No Variations]"
Add component (AddParameter): Name = "Value"; Value = ""; VariantName = "[No Variations]"
Added Component: Designator=C22(CAP CER 0.1uF/50V 5%)
Add component (AddParameter): Name = "Check_prices"; Value = "https://www.snapeda.com/parts/CL21B104KCFNNNE/Samsung+Electro-Mechanics/view-part/?ref=eda"; VariantName = "[No Variations]"
Add component (AddParameter): Name = "Digi-Key_Part_Number"; Value = "1276-6840-2-ND"; VariantName = "[No Variations]"
Add component (AddParameter): Name = "MF"; Value = "Samsung"; VariantName = "[No Variations]"
Add component (AddParameter): Name = "MP"; Value = "CL21B104KCFNNNE"; VariantName = "[No Variations]"
Add component (AddParameter): Name = "Package"; Value = "0805 Samsung"; VariantName = "[No Variations]"
Add component (AddParameter): Name = "Purchase-URL"; Value = "https://pricing.snapeda.com/search?q=CL21B104KCFNNNE&ref=eda"; VariantName = "[No Variations]"
Add component (AddParameter): Name = "SnapEDA_Link"; Value = "https://www.snapeda.com/parts/CL21B104KCFNNNE/Samsung+Electro-Mechanics/view-part/?ref=snap"; VariantName = "[No Variations]"
Add component (AddParameter): Name = "Value"; Value = ""; VariantName = "[No Variations]"
Added Component: Designator=C23(CAP CER 0.1uF/50V 5%)
Add component (AddParameter): Name = "Check_prices"; Value = "https://www.snapeda.com/parts/CL21B104KCFNNNE/Samsung+Electro-Mechanics/view-part/?ref=eda"; VariantName = "[No Variations]"
Add component (AddParameter): Name = "Digi-Key_Part_Number"; Value = "1276-6840-2-ND"; VariantName = "[No Variations]"
Add component (AddParameter): Name = "MF"; Value = "Samsung"; VariantName = "[No Variations]"
Add component (AddParameter): Name = "MP"; Value = "CL21B104KCFNNNE"; VariantName = "[No Variations]"
Add component (AddParameter): Name = "Package"; Value = "0805 Samsung"; VariantName = "[No Variations]"
Add component (AddParameter): Name = "Purchase-URL"; Value = "https://pricing.snapeda.com/search?q=CL21B104KCFNNNE&ref=eda"; VariantName = "[No Variations]"
Add component (AddParameter): Name = "SnapEDA_Link"; Value = "https://www.snapeda.com/parts/CL21B104KCFNNNE/Samsung+Electro-Mechanics/view-part/?ref=snap"; VariantName = "[No Variations]"
Add component (AddParameter): Name = "Value"; Value = ""; VariantName = "[No Variations]"
Added Component: Designator=C24(CAP CER 0.1uF/50V 5%)
Add component (AddParameter): Name = "Check_prices"; Value = "https://www.snapeda.com/parts/CL21B104KCFNNNE/Samsung+Electro-Mechanics/view-part/?ref=eda"; VariantName = "[No Variations]"
Add component (AddParameter): Name = "Digi-Key_Part_Number"; Value = "1276-6840-2-ND"; VariantName = "[No Variations]"
Add component (AddParameter): Name = "MF"; Value = "Samsung"; VariantName = "[No Variations]"
Add component (AddParameter): Name = "MP"; Value = "CL21B104KCFNNNE"; VariantName = "[No Variations]"
Add component (AddParameter): Name = "Package"; Value = "0805 Samsung"; VariantName = "[No Variations]"
Add component (AddParameter): Name = "Purchase-URL"; Value = "https://pricing.snapeda.com/search?q=CL21B104KCFNNNE&ref=eda"; VariantName = "[No Variations]"
Add component (AddParameter): Name = "SnapEDA_Link"; Value = "https://www.snapeda.com/parts/CL21B104KCFNNNE/Samsung+Electro-Mechanics/view-part/?ref=snap"; VariantName = "[No Variations]"
Add component (AddParameter): Name = "Value"; Value = ""; VariantName = "[No Variations]"
Added Component: Designator=D1(LED-0805)
Add component (AddParameter): Name = "Check_prices"; Value = "https://www.snapeda.com/parts/APT2012SRCPRV/Kingbright/view-part/?ref=eda"; VariantName = "[No Variations]"
Add component (AddParameter): Name = "MF"; Value = "Kingbright"; VariantName = "[No Variations]"
Add component (AddParameter): Name = "MP"; Value = "APT2012SRCPRV"; VariantName = "[No Variations]"
Add component (AddParameter): Name = "Package"; Value = "0805 Kingbright"; VariantName = "[No Variations]"
Add component (AddParameter): Name = "SnapEDA_Link"; Value = "https://www.snapeda.com/parts/APT2012SRCPRV/Kingbright/view-part/?ref=snap"; VariantName = "[No Variations]"
Add component (AddParameter): Name = "Value"; Value = ""; VariantName = "[No Variations]"
Added Component: Designator=D2(DIODE SOD80C)
Add component (AddParameter): Name = "Availability"; Value = "Unavailable"; VariantName = "[No Variations]"
Add component (AddParameter): Name = "MF"; Value = "Nexperia USA"; VariantName = "[No Variations]"
Add component (AddParameter): Name = "MP"; Value = "PMLL4148L"; VariantName = "[No Variations]"
Add component (AddParameter): Name = "Package"; Value = "SOD-80 NXP Semiconductors"; VariantName = "[No Variations]"
Add component (AddParameter): Name = "Price"; Value = "None"; VariantName = "[No Variations]"
Add component (AddParameter): Name = "SnapEDA_Link"; Value = "https://www.snapeda.com/parts/PMLL4148L/Nexperia%20USA%20Inc./view-part/9225/?ref=snap"; VariantName = "[No Variations]"
Add component (AddParameter): Name = "Value"; Value = ""; VariantName = "[No Variations]"
Added Component: Designator=D3(TVS Diode DO-214AC)
Add component (AddParameter): Name = "Availability"; Value = "Unavailable"; VariantName = "[No Variations]"
Add component (AddParameter): Name = "MF"; Value = ""; VariantName = "[No Variations]"
Add component (AddParameter): Name = "MP"; Value = "SMAJ7.5CA"; VariantName = "[No Variations]"
Add component (AddParameter): Name = "Package"; Value = "None"; VariantName = "[No Variations]"
Add component (AddParameter): Name = "Price"; Value = "None"; VariantName = "[No Variations]"
Add component (AddParameter): Name = "Value"; Value = ""; VariantName = "[No Variations]"
Added Component: Designator=D4(TVS Diode DO-214AC)
Add component (AddParameter): Name = "Availability"; Value = "Unavailable"; VariantName = "[No Variations]"
Add component (AddParameter): Name = "MF"; Value = ""; VariantName = "[No Variations]"
Add component (AddParameter): Name = "MP"; Value = "SMAJ7.5CA"; VariantName = "[No Variations]"
Add component (AddParameter): Name = "Package"; Value = "None"; VariantName = "[No Variations]"
Add component (AddParameter): Name = "Price"; Value = "None"; VariantName = "[No Variations]"
Add component (AddParameter): Name = "Value"; Value = ""; VariantName = "[No Variations]"
Added Component: Designator=D5(TVS Diode DO-214AC)
Add component (AddParameter): Name = "Availability"; Value = "Unavailable"; VariantName = "[No Variations]"
Add component (AddParameter): Name = "MF"; Value = ""; VariantName = "[No Variations]"
Add component (AddParameter): Name = "MP"; Value = "SMAJ7.5CA"; VariantName = "[No Variations]"
Add component (AddParameter): Name = "Package"; Value = "None"; VariantName = "[No Variations]"
Add component (AddParameter): Name = "Price"; Value = "None"; VariantName = "[No Variations]"
Add component (AddParameter): Name = "Value"; Value = ""; VariantName = "[No Variations]"
Added Component: Designator=D6(DIODE SOD80C)
Add component (AddParameter): Name = "Availability"; Value = "Unavailable"; VariantName = "[No Variations]"
Add component (AddParameter): Name = "MF"; Value = "Nexperia USA"; VariantName = "[No Variations]"
Add component (AddParameter): Name = "MP"; Value = "PMLL4148L"; VariantName = "[No Variations]"
Add component (AddParameter): Name = "Package"; Value = "SOD-80 NXP Semiconductors"; VariantName = "[No Variations]"
Add component (AddParameter): Name = "Price"; Value = "None"; VariantName = "[No Variations]"
Add component (AddParameter): Name = "SnapEDA_Link"; Value = "https://www.snapeda.com/parts/PMLL4148L/Nexperia%20USA%20Inc./view-part/9225/?ref=snap"; VariantName = "[No Variations]"
Add component (AddParameter): Name = "Value"; Value = ""; VariantName = "[No Variations]"
Added Component: Designator=D7(TVS Diode DO-214AC)
Add component (AddParameter): Name = "Availability"; Value = "Unavailable"; VariantName = "[No Variations]"
Add component (AddParameter): Name = "MF"; Value = ""; VariantName = "[No Variations]"
Add component (AddParameter): Name = "MP"; Value = "SMAJ7.5CA"; VariantName = "[No Variations]"
Add component (AddParameter): Name = "Package"; Value = "None"; VariantName = "[No Variations]"
Add component (AddParameter): Name = "Price"; Value = "None"; VariantName = "[No Variations]"
Add component (AddParameter): Name = "Value"; Value = ""; VariantName = "[No Variations]"
Added Component: Designator=D8(TVS Diode DO-214AC)
Add component (AddParameter): Name = "Availability"; Value = "Unavailable"; VariantName = "[No Variations]"
Add component (AddParameter): Name = "MF"; Value = ""; VariantName = "[No Variations]"
Add component (AddParameter): Name = "MP"; Value = "SMAJ7.5CA"; VariantName = "[No Variations]"
Add component (AddParameter): Name = "Package"; Value = "None"; VariantName = "[No Variations]"
Add component (AddParameter): Name = "Price"; Value = "None"; VariantName = "[No Variations]"
Add component (AddParameter): Name = "Value"; Value = ""; VariantName = "[No Variations]"
Added Component: Designator=D9(TVS Diode DO-214AC)
Add component (AddParameter): Name = "Availability"; Value = "Unavailable"; VariantName = "[No Variations]"
Add component (AddParameter): Name = "MF"; Value = ""; VariantName = "[No Variations]"
Add component (AddParameter): Name = "MP"; Value = "SMAJ7.5CA"; VariantName = "[No Variations]"
Add component (AddParameter): Name = "Package"; Value = "None"; VariantName = "[No Variations]"
Add component (AddParameter): Name = "Price"; Value = "None"; VariantName = "[No Variations]"
Add component (AddParameter): Name = "Value"; Value = ""; VariantName = "[No Variations]"
Added Component: Designator=D10(LED-0805)
Add component (AddParameter): Name = "Check_prices"; Value = "https://www.snapeda.com/parts/APT2012SRCPRV/Kingbright/view-part/?ref=eda"; VariantName = "[No Variations]"
Add component (AddParameter): Name = "MF"; Value = "Kingbright"; VariantName = "[No Variations]"
Add component (AddParameter): Name = "MP"; Value = "APT2012SRCPRV"; VariantName = "[No Variations]"
Add component (AddParameter): Name = "Package"; Value = "0805 Kingbright"; VariantName = "[No Variations]"
Add component (AddParameter): Name = "SnapEDA_Link"; Value = "https://www.snapeda.com/parts/APT2012SRCPRV/Kingbright/view-part/?ref=snap"; VariantName = "[No Variations]"
Add component (AddParameter): Name = "Value"; Value = ""; VariantName = "[No Variations]"
Added Component: Designator=D11(LED-0805)
Add component (AddParameter): Name = "Check_prices"; Value = "https://www.snapeda.com/parts/APT2012SRCPRV/Kingbright/view-part/?ref=eda"; VariantName = "[No Variations]"
Add component (AddParameter): Name = "MF"; Value = "Kingbright"; VariantName = "[No Variations]"
Add component (AddParameter): Name = "MP"; Value = "APT2012SRCPRV"; VariantName = "[No Variations]"
Add component (AddParameter): Name = "Package"; Value = "0805 Kingbright"; VariantName = "[No Variations]"
Add component (AddParameter): Name = "SnapEDA_Link"; Value = "https://www.snapeda.com/parts/APT2012SRCPRV/Kingbright/view-part/?ref=snap"; VariantName = "[No Variations]"
Add component (AddParameter): Name = "Value"; Value = ""; VariantName = "[No Variations]"
Added Component: Designator=D12(LED-0805)
Add component (AddParameter): Name = "Check_prices"; Value = "https://www.snapeda.com/parts/APT2012SRCPRV/Kingbright/view-part/?ref=eda"; VariantName = "[No Variations]"
Add component (AddParameter): Name = "MF"; Value = "Kingbright"; VariantName = "[No Variations]"
Add component (AddParameter): Name = "MP"; Value = "APT2012SRCPRV"; VariantName = "[No Variations]"
Add component (AddParameter): Name = "Package"; Value = "0805 Kingbright"; VariantName = "[No Variations]"
Add component (AddParameter): Name = "SnapEDA_Link"; Value = "https://www.snapeda.com/parts/APT2012SRCPRV/Kingbright/view-part/?ref=snap"; VariantName = "[No Variations]"
Add component (AddParameter): Name = "Value"; Value = ""; VariantName = "[No Variations]"
Added Component: Designator=D13(LED-0805)
Add component (AddParameter): Name = "Check_prices"; Value = "https://www.snapeda.com/parts/APT2012SRCPRV/Kingbright/view-part/?ref=eda"; VariantName = "[No Variations]"
Add component (AddParameter): Name = "MF"; Value = "Kingbright"; VariantName = "[No Variations]"
Add component (AddParameter): Name = "MP"; Value = "APT2012SRCPRV"; VariantName = "[No Variations]"
Add component (AddParameter): Name = "Package"; Value = "0805 Kingbright"; VariantName = "[No Variations]"
Add component (AddParameter): Name = "SnapEDA_Link"; Value = "https://www.snapeda.com/parts/APT2012SRCPRV/Kingbright/view-part/?ref=snap"; VariantName = "[No Variations]"
Add component (AddParameter): Name = "Value"; Value = ""; VariantName = "[No Variations]"
Added Component: Designator=F1(FUSE JK010 1812)
Add component (AddParameter): Name = "Availability"; Value = "In Stock"; VariantName = "[No Variations]"
Add component (AddParameter): Name = "Check_prices"; Value = "https://www.snapeda.com/parts/MF-MSMF010-2/Bourns/view-part/?ref=eda"; VariantName = "[No Variations]"
Add component (AddParameter): Name = "MF"; Value = "Bourns"; VariantName = "[No Variations]"
Add component (AddParameter): Name = "MP"; Value = "MF-MSMF010-2"; VariantName = "[No Variations]"
Add component (AddParameter): Name = "Package"; Value = "1812 Bourns"; VariantName = "[No Variations]"
Add component (AddParameter): Name = "Price"; Value = "None"; VariantName = "[No Variations]"
Add component (AddParameter): Name = "Purchase-URL"; Value = "https://pricing.snapeda.com/search/part/MF-MSMF010-2/?ref=eda"; VariantName = "[No Variations]"
Add component (AddParameter): Name = "SnapEDA_Link"; Value = "https://www.snapeda.com/parts/MF-MSMF010-2/Bourns/view-part/?ref=snap"; VariantName = "[No Variations]"
Add component (AddParameter): Name = "Value"; Value = ""; VariantName = "[No Variations]"
Added Component: Designator=F2(FUSE JK010 1812)
Add component (AddParameter): Name = "Availability"; Value = "In Stock"; VariantName = "[No Variations]"
Add component (AddParameter): Name = "Check_prices"; Value = "https://www.snapeda.com/parts/MF-MSMF010-2/Bourns/view-part/?ref=eda"; VariantName = "[No Variations]"
Add component (AddParameter): Name = "MF"; Value = "Bourns"; VariantName = "[No Variations]"
Add component (AddParameter): Name = "MP"; Value = "MF-MSMF010-2"; VariantName = "[No Variations]"
Add component (AddParameter): Name = "Package"; Value = "1812 Bourns"; VariantName = "[No Variations]"
Add component (AddParameter): Name = "Price"; Value = "None"; VariantName = "[No Variations]"
Add component (AddParameter): Name = "Purchase-URL"; Value = "https://pricing.snapeda.com/search/part/MF-MSMF010-2/?ref=eda"; VariantName = "[No Variations]"
Add component (AddParameter): Name = "SnapEDA_Link"; Value = "https://www.snapeda.com/parts/MF-MSMF010-2/Bourns/view-part/?ref=snap"; VariantName = "[No Variations]"
Add component (AddParameter): Name = "Value"; Value = ""; VariantName = "[No Variations]"
Added Component: Designator=F3(FUSE JK010 1812)
Add component (AddParameter): Name = "Availability"; Value = "In Stock"; VariantName = "[No Variations]"
Add component (AddParameter): Name = "Check_prices"; Value = "https://www.snapeda.com/parts/MF-MSMF010-2/Bourns/view-part/?ref=eda"; VariantName = "[No Variations]"
Add component (AddParameter): Name = "MF"; Value = "Bourns"; VariantName = "[No Variations]"
Add component (AddParameter): Name = "MP"; Value = "MF-MSMF010-2"; VariantName = "[No Variations]"
Add component (AddParameter): Name = "Package"; Value = "1812 Bourns"; VariantName = "[No Variations]"
Add component (AddParameter): Name = "Price"; Value = "None"; VariantName = "[No Variations]"
Add component (AddParameter): Name = "Purchase-URL"; Value = "https://pricing.snapeda.com/search/part/MF-MSMF010-2/?ref=eda"; VariantName = "[No Variations]"
Add component (AddParameter): Name = "SnapEDA_Link"; Value = "https://www.snapeda.com/parts/MF-MSMF010-2/Bourns/view-part/?ref=snap"; VariantName = "[No Variations]"
Add component (AddParameter): Name = "Value"; Value = ""; VariantName = "[No Variations]"
Added Component: Designator=F4(FUSE JK010 1812)
Add component (AddParameter): Name = "Availability"; Value = "In Stock"; VariantName = "[No Variations]"
Add component (AddParameter): Name = "Check_prices"; Value = "https://www.snapeda.com/parts/MF-MSMF010-2/Bourns/view-part/?ref=eda"; VariantName = "[No Variations]"
Add component (AddParameter): Name = "MF"; Value = "Bourns"; VariantName = "[No Variations]"
Add component (AddParameter): Name = "MP"; Value = "MF-MSMF010-2"; VariantName = "[No Variations]"
Add component (AddParameter): Name = "Package"; Value = "1812 Bourns"; VariantName = "[No Variations]"
Add component (AddParameter): Name = "Price"; Value = "None"; VariantName = "[No Variations]"
Add component (AddParameter): Name = "Purchase-URL"; Value = "https://pricing.snapeda.com/search/part/MF-MSMF010-2/?ref=eda"; VariantName = "[No Variations]"
Add component (AddParameter): Name = "SnapEDA_Link"; Value = "https://www.snapeda.com/parts/MF-MSMF010-2/Bourns/view-part/?ref=snap"; VariantName = "[No Variations]"
Add component (AddParameter): Name = "Value"; Value = ""; VariantName = "[No Variations]"
Added Component: Designator=H1(ScrewHole_3.75mmD - duplicate)
Added Component: Designator=H2(ScrewHole_3.75mmD - duplicate)
Added Component: Designator=H3(ScrewHole_3.75mmD - duplicate)
Added Component: Designator=H4(ScrewHole_3.75mmD - duplicate)
Added Component: Designator=J1(2 Pin Terminal Block 5MM RA)
Add component (AddParameter): Name = "Check_prices"; Value = "https://www.snapeda.com/parts/OQ0271510000G/Amphenol/view-part/?ref=eda"; VariantName = "[No Variations]"
Add component (AddParameter): Name = "MF"; Value = "Amphenol Anytek"; VariantName = "[No Variations]"
Add component (AddParameter): Name = "MP"; Value = "OQ0271510000G"; VariantName = "[No Variations]"
Add component (AddParameter): Name = "Package"; Value = "None"; VariantName = "[No Variations]"
Add component (AddParameter): Name = "SnapEDA_Link"; Value = "https://www.snapeda.com/parts/OQ0271510000G/Amphenol/view-part/?ref=snap"; VariantName = "[No Variations]"
Add component (AddParameter): Name = "Value"; Value = ""; VariantName = "[No Variations]"
Added Component: Designator=J2(BOX HEADER MALE 8X2 2.54mm)
Add component (AddParameter): Name = "Availability"; Value = "Unavailable"; VariantName = "[No Variations]"
Add component (AddParameter): Name = "MF"; Value = ""; VariantName = "[No Variations]"
Add component (AddParameter): Name = "MP"; Value = "TSS-108-01-T-D"; VariantName = "[No Variations]"
Add component (AddParameter): Name = "Package"; Value = "None"; VariantName = "[No Variations]"
Add component (AddParameter): Name = "Price"; Value = "None"; VariantName = "[No Variations]"
Add component (AddParameter): Name = "Value"; Value = ""; VariantName = "[No Variations]"
Added Component: Designator=J3(4 Pin BergeStick 2.54MM)
Add component (AddParameter): Name = "Check_prices"; Value = "https://www.snapeda.com/parts/67997-104HLF/Amphenol+FCI/view-part/?ref=eda"; VariantName = "[No Variations]"
Add component (AddParameter): Name = "Digi-Key_Part_Number"; Value = "609-3225-ND"; VariantName = "[No Variations]"
Add component (AddParameter): Name = "MF"; Value = "Amphenol ICC"; VariantName = "[No Variations]"
Add component (AddParameter): Name = "MP"; Value = "67997-104HLF"; VariantName = "[No Variations]"
Add component (AddParameter): Name = "Package"; Value = "None"; VariantName = "[No Variations]"
Add component (AddParameter): Name = "Purchase-URL"; Value = "https://pricing.snapeda.com/search/part/67997-104HLF/?ref=eda"; VariantName = "[No Variations]"
Add component (AddParameter): Name = "SnapEDA_Link"; Value = "https://www.snapeda.com/parts/67997-104HLF/Amphenol+FCI/view-part/?ref=snap"; VariantName = "[No Variations]"
Add component (AddParameter): Name = "Value"; Value = ""; VariantName = "[No Variations]"
Added Component: Designator=J4(5 Pin BergeStick 2.54MM)
Add component (AddParameter): Name = "Availability"; Value = "Unavailable"; VariantName = "[No Variations]"
Add component (AddParameter): Name = "MF"; Value = ""; VariantName = "[No Variations]"
Add component (AddParameter): Name = "MP"; Value = "68002-405HLF"; VariantName = "[No Variations]"
Add component (AddParameter): Name = "Package"; Value = "None"; VariantName = "[No Variations]"
Add component (AddParameter): Name = "Price"; Value = "None"; VariantName = "[No Variations]"
Add component (AddParameter): Name = "Value"; Value = ""; VariantName = "[No Variations]"
Added Component: Designator=J5(6 Pin BergeStick 2.54MM - duplicate)
Add component (AddParameter): Name = "Check_prices"; Value = "https://www.snapeda.com/parts/69192-406HLF/Amphenol/view-part/?ref=eda"; VariantName = "[No Variations]"
Add component (AddParameter): Name = "Digi-Key_Part_Number"; Value = "609-4711-ND"; VariantName = "[No Variations]"
Add component (AddParameter): Name = "MF"; Value = "AMPHENOL ICC / FCI"; VariantName = "[No Variations]"
Add component (AddParameter): Name = "MP"; Value = "69192-406HLF"; VariantName = "[No Variations]"
Add component (AddParameter): Name = "Package"; Value = "None"; VariantName = "[No Variations]"
Add component (AddParameter): Name = "Purchase-URL"; Value = "https://pricing.snapeda.com/search/part/69192-406HLF/?ref=eda"; VariantName = "[No Variations]"
Add component (AddParameter): Name = "SnapEDA_Link"; Value = "https://www.snapeda.com/parts/69192-406HLF/Amphenol/view-part/?ref=snap"; VariantName = "[No Variations]"
Add component (AddParameter): Name = "Value"; Value = ""; VariantName = "[No Variations]"
Added Component: Designator=J6(3 Pin Terminal Block 3.81MM RA)
Add component (AddParameter): Name = "Availability"; Value = "In Stock"; VariantName = "[No Variations]"
Add component (AddParameter): Name = "Check_prices"; Value = "https://www.snapeda.com/parts/284513-3/TE+Connectivity+AMP+Connectors/view-part/?ref=eda"; VariantName = "[No Variations]"
Add component (AddParameter): Name = "EU_RoHS_Compliance"; Value = "Compliant"; VariantName = "[No Variations]"
Add component (AddParameter): Name = "MF"; Value = "TE Connectivity"; VariantName = "[No Variations]"
Add component (AddParameter): Name = "MP"; Value = "284513-3"; VariantName = "[No Variations]"
Add component (AddParameter): Name = "Package"; Value = "None"; VariantName = "[No Variations]"
Add component (AddParameter): Name = "Price"; Value = "None"; VariantName = "[No Variations]"
Add component (AddParameter): Name = "Purchase-URL"; Value = "https://pricing.snapeda.com/search/part/284513-3/?ref=eda"; VariantName = "[No Variations]"
Add component (AddParameter): Name = "SnapEDA_Link"; Value = "https://www.snapeda.com/parts/284513-3/TE+Connectivity+AMP+Connectors/view-part/?ref=snap"; VariantName = "[No Variations]"
Add component (AddParameter): Name = "Value"; Value = ""; VariantName = "[No Variations]"
Added Component: Designator=J7(3 Pin Terminal Block 3.81MM RA)
Add component (AddParameter): Name = "Availability"; Value = "In Stock"; VariantName = "[No Variations]"
Add component (AddParameter): Name = "Check_prices"; Value = "https://www.snapeda.com/parts/284513-3/TE+Connectivity+AMP+Connectors/view-part/?ref=eda"; VariantName = "[No Variations]"
Add component (AddParameter): Name = "EU_RoHS_Compliance"; Value = "Compliant"; VariantName = "[No Variations]"
Add component (AddParameter): Name = "MF"; Value = "TE Connectivity"; VariantName = "[No Variations]"
Add component (AddParameter): Name = "MP"; Value = "284513-3"; VariantName = "[No Variations]"
Add component (AddParameter): Name = "Package"; Value = "None"; VariantName = "[No Variations]"
Add component (AddParameter): Name = "Price"; Value = "None"; VariantName = "[No Variations]"
Add component (AddParameter): Name = "Purchase-URL"; Value = "https://pricing.snapeda.com/search/part/284513-3/?ref=eda"; VariantName = "[No Variations]"
Add component (AddParameter): Name = "SnapEDA_Link"; Value = "https://www.snapeda.com/parts/284513-3/TE+Connectivity+AMP+Connectors/view-part/?ref=snap"; VariantName = "[No Variations]"
Add component (AddParameter): Name = "Value"; Value = ""; VariantName = "[No Variations]"
Add Component: Footprint Not Found INDUCTOR_2020
Added Component: Designator=PS1(RFM-0505S)
Add component (AddParameter): Name = "Check_prices"; Value = "https://www.snapeda.com/parts/RFM-0505S/Recom+Power/view-part/?ref=eda"; VariantName = "[No Variations]"
Add component (AddParameter): Name = "MF"; Value = "Recom Power"; VariantName = "[No Variations]"
Add component (AddParameter): Name = "MP"; Value = "RFM-0505S"; VariantName = "[No Variations]"
Add component (AddParameter): Name = "Package"; Value = "SIP-4 Recom Power"; VariantName = "[No Variations]"
Add component (AddParameter): Name = "SnapEDA_Link"; Value = "https://www.snapeda.com/parts/RFM-0505S/Recom+Power/view-part/?ref=snap"; VariantName = "[No Variations]"
Add component (AddParameter): Name = "Value"; Value = ""; VariantName = "[No Variations]"
Added Component: Designator=R1(RES 0805 10K/0.25W 5%)
Add component (AddParameter): Name = "Availability"; Value = "In Stock"; VariantName = "[No Variations]"
Add component (AddParameter): Name = "Check_prices"; Value = "https://www.snapeda.com/parts/ERJ-6GEYJ103V/Panasonic+Electronic+Components/view-part/?ref=eda"; VariantName = "[No Variations]"
Add component (AddParameter): Name = "MF"; Value = "Panasonic Electronic"; VariantName = "[No Variations]"
Add component (AddParameter): Name = "MP"; Value = "ERJ-6GEYJ103V"; VariantName = "[No Variations]"
Add component (AddParameter): Name = "Package"; Value = "805-2 Panasonic"; VariantName = "[No Variations]"
Add component (AddParameter): Name = "Price"; Value = "None"; VariantName = "[No Variations]"
Add component (AddParameter): Name = "Purchase-URL"; Value = "https://pricing.snapeda.com/search/part/ERJ-6GEYJ103V/?ref=eda"; VariantName = "[No Variations]"
Add component (AddParameter): Name = "SnapEDA_Link"; Value = "https://www.snapeda.com/parts/ERJ-6GEYJ103V/Panasonic+Electronic+Components/view-part/?ref=snap"; VariantName = "[No Variations]"
Add component (AddParameter): Name = "Value"; Value = ""; VariantName = "[No Variations]"
Added Component: Designator=R2(RES 0805 10K/0.25W 5%)
Add component (AddParameter): Name = "Availability"; Value = "In Stock"; VariantName = "[No Variations]"
Add component (AddParameter): Name = "Check_prices"; Value = "https://www.snapeda.com/parts/ERJ-6GEYJ103V/Panasonic+Electronic+Components/view-part/?ref=eda"; VariantName = "[No Variations]"
Add component (AddParameter): Name = "MF"; Value = "Panasonic Electronic"; VariantName = "[No Variations]"
Add component (AddParameter): Name = "MP"; Value = "ERJ-6GEYJ103V"; VariantName = "[No Variations]"
Add component (AddParameter): Name = "Package"; Value = "805-2 Panasonic"; VariantName = "[No Variations]"
Add component (AddParameter): Name = "Price"; Value = "None"; VariantName = "[No Variations]"
Add component (AddParameter): Name = "Purchase-URL"; Value = "https://pricing.snapeda.com/search/part/ERJ-6GEYJ103V/?ref=eda"; VariantName = "[No Variations]"
Add component (AddParameter): Name = "SnapEDA_Link"; Value = "https://www.snapeda.com/parts/ERJ-6GEYJ103V/Panasonic+Electronic+Components/view-part/?ref=snap"; VariantName = "[No Variations]"
Add component (AddParameter): Name = "Value"; Value = ""; VariantName = "[No Variations]"
Added Component: Designator=R3(RES 0805 10K/0.25W 5%)
Add component (AddParameter): Name = "Availability"; Value = "In Stock"; VariantName = "[No Variations]"
Add component (AddParameter): Name = "Check_prices"; Value = "https://www.snapeda.com/parts/ERJ-6GEYJ103V/Panasonic+Electronic+Components/view-part/?ref=eda"; VariantName = "[No Variations]"
Add component (AddParameter): Name = "MF"; Value = "Panasonic Electronic"; VariantName = "[No Variations]"
Add component (AddParameter): Name = "MP"; Value = "ERJ-6GEYJ103V"; VariantName = "[No Variations]"
Add component (AddParameter): Name = "Package"; Value = "805-2 Panasonic"; VariantName = "[No Variations]"
Add component (AddParameter): Name = "Price"; Value = "None"; VariantName = "[No Variations]"
Add component (AddParameter): Name = "Purchase-URL"; Value = "https://pricing.snapeda.com/search/part/ERJ-6GEYJ103V/?ref=eda"; VariantName = "[No Variations]"
Add component (AddParameter): Name = "SnapEDA_Link"; Value = "https://www.snapeda.com/parts/ERJ-6GEYJ103V/Panasonic+Electronic+Components/view-part/?ref=snap"; VariantName = "[No Variations]"
Add component (AddParameter): Name = "Value"; Value = ""; VariantName = "[No Variations]"
Added Component: Designator=R4(RES 0805 10K/0.25W 5%)
Add component (AddParameter): Name = "Availability"; Value = "In Stock"; VariantName = "[No Variations]"
Add component (AddParameter): Name = "Check_prices"; Value = "https://www.snapeda.com/parts/ERJ-6GEYJ103V/Panasonic+Electronic+Components/view-part/?ref=eda"; VariantName = "[No Variations]"
Add component (AddParameter): Name = "MF"; Value = "Panasonic Electronic"; VariantName = "[No Variations]"
Add component (AddParameter): Name = "MP"; Value = "ERJ-6GEYJ103V"; VariantName = "[No Variations]"
Add component (AddParameter): Name = "Package"; Value = "805-2 Panasonic"; VariantName = "[No Variations]"
Add component (AddParameter): Name = "Price"; Value = "None"; VariantName = "[No Variations]"
Add component (AddParameter): Name = "Purchase-URL"; Value = "https://pricing.snapeda.com/search/part/ERJ-6GEYJ103V/?ref=eda"; VariantName = "[No Variations]"
Add component (AddParameter): Name = "SnapEDA_Link"; Value = "https://www.snapeda.com/parts/ERJ-6GEYJ103V/Panasonic+Electronic+Components/view-part/?ref=snap"; VariantName = "[No Variations]"
Add component (AddParameter): Name = "Value"; Value = ""; VariantName = "[No Variations]"
Added Component: Designator=R5(RES 0805 10K/0.25W 5%)
Add component (AddParameter): Name = "Availability"; Value = "In Stock"; VariantName = "[No Variations]"
Add component (AddParameter): Name = "Check_prices"; Value = "https://www.snapeda.com/parts/ERJ-6GEYJ103V/Panasonic+Electronic+Components/view-part/?ref=eda"; VariantName = "[No Variations]"
Add component (AddParameter): Name = "MF"; Value = "Panasonic Electronic"; VariantName = "[No Variations]"
Add component (AddParameter): Name = "MP"; Value = "ERJ-6GEYJ103V"; VariantName = "[No Variations]"
Add component (AddParameter): Name = "Package"; Value = "805-2 Panasonic"; VariantName = "[No Variations]"
Add component (AddParameter): Name = "Price"; Value = "None"; VariantName = "[No Variations]"
Add component (AddParameter): Name = "Purchase-URL"; Value = "https://pricing.snapeda.com/search/part/ERJ-6GEYJ103V/?ref=eda"; VariantName = "[No Variations]"
Add component (AddParameter): Name = "SnapEDA_Link"; Value = "https://www.snapeda.com/parts/ERJ-6GEYJ103V/Panasonic+Electronic+Components/view-part/?ref=snap"; VariantName = "[No Variations]"
Add component (AddParameter): Name = "Value"; Value = ""; VariantName = "[No Variations]"
Added Component: Designator=R6(RES 0805 10K/0.25W 5%)
Add component (AddParameter): Name = "Availability"; Value = "In Stock"; VariantName = "[No Variations]"
Add component (AddParameter): Name = "Check_prices"; Value = "https://www.snapeda.com/parts/ERJ-6GEYJ103V/Panasonic+Electronic+Components/view-part/?ref=eda"; VariantName = "[No Variations]"
Add component (AddParameter): Name = "MF"; Value = "Panasonic Electronic"; VariantName = "[No Variations]"
Add component (AddParameter): Name = "MP"; Value = "ERJ-6GEYJ103V"; VariantName = "[No Variations]"
Add component (AddParameter): Name = "Package"; Value = "805-2 Panasonic"; VariantName = "[No Variations]"
Add component (AddParameter): Name = "Price"; Value = "None"; VariantName = "[No Variations]"
Add component (AddParameter): Name = "Purchase-URL"; Value = "https://pricing.snapeda.com/search/part/ERJ-6GEYJ103V/?ref=eda"; VariantName = "[No Variations]"
Add component (AddParameter): Name = "SnapEDA_Link"; Value = "https://www.snapeda.com/parts/ERJ-6GEYJ103V/Panasonic+Electronic+Components/view-part/?ref=snap"; VariantName = "[No Variations]"
Add component (AddParameter): Name = "Value"; Value = ""; VariantName = "[No Variations]"
Added Component: Designator=R7(RES 0805 10K/0.25W 5%)
Add component (AddParameter): Name = "Availability"; Value = "In Stock"; VariantName = "[No Variations]"
Add component (AddParameter): Name = "Check_prices"; Value = "https://www.snapeda.com/parts/ERJ-6GEYJ103V/Panasonic+Electronic+Components/view-part/?ref=eda"; VariantName = "[No Variations]"
Add component (AddParameter): Name = "MF"; Value = "Panasonic Electronic"; VariantName = "[No Variations]"
Add component (AddParameter): Name = "MP"; Value = "ERJ-6GEYJ103V"; VariantName = "[No Variations]"
Add component (AddParameter): Name = "Package"; Value = "805-2 Panasonic"; VariantName = "[No Variations]"
Add component (AddParameter): Name = "Price"; Value = "None"; VariantName = "[No Variations]"
Add component (AddParameter): Name = "Purchase-URL"; Value = "https://pricing.snapeda.com/search/part/ERJ-6GEYJ103V/?ref=eda"; VariantName = "[No Variations]"
Add component (AddParameter): Name = "SnapEDA_Link"; Value = "https://www.snapeda.com/parts/ERJ-6GEYJ103V/Panasonic+Electronic+Components/view-part/?ref=snap"; VariantName = "[No Variations]"
Add component (AddParameter): Name = "Value"; Value = ""; VariantName = "[No Variations]"
Added Component: Designator=R8(RES 0805 10K/0.25W 5%)
Add component (AddParameter): Name = "Availability"; Value = "In Stock"; VariantName = "[No Variations]"
Add component (AddParameter): Name = "Check_prices"; Value = "https://www.snapeda.com/parts/ERJ-6GEYJ103V/Panasonic+Electronic+Components/view-part/?ref=eda"; VariantName = "[No Variations]"
Add component (AddParameter): Name = "MF"; Value = "Panasonic Electronic"; VariantName = "[No Variations]"
Add component (AddParameter): Name = "MP"; Value = "ERJ-6GEYJ103V"; VariantName = "[No Variations]"
Add component (AddParameter): Name = "Package"; Value = "805-2 Panasonic"; VariantName = "[No Variations]"
Add component (AddParameter): Name = "Price"; Value = "None"; VariantName = "[No Variations]"
Add component (AddParameter): Name = "Purchase-URL"; Value = "https://pricing.snapeda.com/search/part/ERJ-6GEYJ103V/?ref=eda"; VariantName = "[No Variations]"
Add component (AddParameter): Name = "SnapEDA_Link"; Value = "https://www.snapeda.com/parts/ERJ-6GEYJ103V/Panasonic+Electronic+Components/view-part/?ref=snap"; VariantName = "[No Variations]"
Add component (AddParameter): Name = "Value"; Value = ""; VariantName = "[No Variations]"
Added Component: Designator=R9(RES 0805 10K/0.25W 5%)
Add component (AddParameter): Name = "Availability"; Value = "In Stock"; VariantName = "[No Variations]"
Add component (AddParameter): Name = "Check_prices"; Value = "https://www.snapeda.com/parts/ERJ-6GEYJ103V/Panasonic+Electronic+Components/view-part/?ref=eda"; VariantName = "[No Variations]"
Add component (AddParameter): Name = "MF"; Value = "Panasonic Electronic"; VariantName = "[No Variations]"
Add component (AddParameter): Name = "MP"; Value = "ERJ-6GEYJ103V"; VariantName = "[No Variations]"
Add component (AddParameter): Name = "Package"; Value = "805-2 Panasonic"; VariantName = "[No Variations]"
Add component (AddParameter): Name = "Price"; Value = "None"; VariantName = "[No Variations]"
Add component (AddParameter): Name = "Purchase-URL"; Value = "https://pricing.snapeda.com/search/part/ERJ-6GEYJ103V/?ref=eda"; VariantName = "[No Variations]"
Add component (AddParameter): Name = "SnapEDA_Link"; Value = "https://www.snapeda.com/parts/ERJ-6GEYJ103V/Panasonic+Electronic+Components/view-part/?ref=snap"; VariantName = "[No Variations]"
Add component (AddParameter): Name = "Value"; Value = ""; VariantName = "[No Variations]"
Added Component: Designator=R10(RES 0805 10K/0.25W 5%)
Add component (AddParameter): Name = "Availability"; Value = "In Stock"; VariantName = "[No Variations]"
Add component (AddParameter): Name = "Check_prices"; Value = "https://www.snapeda.com/parts/ERJ-6GEYJ103V/Panasonic+Electronic+Components/view-part/?ref=eda"; VariantName = "[No Variations]"
Add component (AddParameter): Name = "MF"; Value = "Panasonic Electronic"; VariantName = "[No Variations]"
Add component (AddParameter): Name = "MP"; Value = "ERJ-6GEYJ103V"; VariantName = "[No Variations]"
Add component (AddParameter): Name = "Package"; Value = "805-2 Panasonic"; VariantName = "[No Variations]"
Add component (AddParameter): Name = "Price"; Value = "None"; VariantName = "[No Variations]"
Add component (AddParameter): Name = "Purchase-URL"; Value = "https://pricing.snapeda.com/search/part/ERJ-6GEYJ103V/?ref=eda"; VariantName = "[No Variations]"
Add component (AddParameter): Name = "SnapEDA_Link"; Value = "https://www.snapeda.com/parts/ERJ-6GEYJ103V/Panasonic+Electronic+Components/view-part/?ref=snap"; VariantName = "[No Variations]"
Add component (AddParameter): Name = "Value"; Value = ""; VariantName = "[No Variations]"
Added Component: Designator=R11(RES 0805 10K/0.25W 5%)
Add component (AddParameter): Name = "Availability"; Value = "In Stock"; VariantName = "[No Variations]"
Add component (AddParameter): Name = "Check_prices"; Value = "https://www.snapeda.com/parts/ERJ-6GEYJ103V/Panasonic+Electronic+Components/view-part/?ref=eda"; VariantName = "[No Variations]"
Add component (AddParameter): Name = "MF"; Value = "Panasonic Electronic"; VariantName = "[No Variations]"
Add component (AddParameter): Name = "MP"; Value = "ERJ-6GEYJ103V"; VariantName = "[No Variations]"
Add component (AddParameter): Name = "Package"; Value = "805-2 Panasonic"; VariantName = "[No Variations]"
Add component (AddParameter): Name = "Price"; Value = "None"; VariantName = "[No Variations]"
Add component (AddParameter): Name = "Purchase-URL"; Value = "https://pricing.snapeda.com/search/part/ERJ-6GEYJ103V/?ref=eda"; VariantName = "[No Variations]"
Add component (AddParameter): Name = "SnapEDA_Link"; Value = "https://www.snapeda.com/parts/ERJ-6GEYJ103V/Panasonic+Electronic+Components/view-part/?ref=snap"; VariantName = "[No Variations]"
Add component (AddParameter): Name = "Value"; Value = ""; VariantName = "[No Variations]"
Added Component: Designator=R12(RES 0805 10K/0.25W 5%)
Add component (AddParameter): Name = "Availability"; Value = "In Stock"; VariantName = "[No Variations]"
Add component (AddParameter): Name = "Check_prices"; Value = "https://www.snapeda.com/parts/ERJ-6GEYJ103V/Panasonic+Electronic+Components/view-part/?ref=eda"; VariantName = "[No Variations]"
Add component (AddParameter): Name = "MF"; Value = "Panasonic Electronic"; VariantName = "[No Variations]"
Add component (AddParameter): Name = "MP"; Value = "ERJ-6GEYJ103V"; VariantName = "[No Variations]"
Add component (AddParameter): Name = "Package"; Value = "805-2 Panasonic"; VariantName = "[No Variations]"
Add component (AddParameter): Name = "Price"; Value = "None"; VariantName = "[No Variations]"
Add component (AddParameter): Name = "Purchase-URL"; Value = "https://pricing.snapeda.com/search/part/ERJ-6GEYJ103V/?ref=eda"; VariantName = "[No Variations]"
Add component (AddParameter): Name = "SnapEDA_Link"; Value = "https://www.snapeda.com/parts/ERJ-6GEYJ103V/Panasonic+Electronic+Components/view-part/?ref=snap"; VariantName = "[No Variations]"
Add component (AddParameter): Name = "Value"; Value = ""; VariantName = "[No Variations]"
Added Component: Designator=R13(RES 0805 10K/0.25W 5%)
Add component (AddParameter): Name = "Availability"; Value = "In Stock"; VariantName = "[No Variations]"
Add component (AddParameter): Name = "Check_prices"; Value = "https://www.snapeda.com/parts/ERJ-6GEYJ103V/Panasonic+Electronic+Components/view-part/?ref=eda"; VariantName = "[No Variations]"
Add component (AddParameter): Name = "MF"; Value = "Panasonic Electronic"; VariantName = "[No Variations]"
Add component (AddParameter): Name = "MP"; Value = "ERJ-6GEYJ103V"; VariantName = "[No Variations]"
Add component (AddParameter): Name = "Package"; Value = "805-2 Panasonic"; VariantName = "[No Variations]"
Add component (AddParameter): Name = "Price"; Value = "None"; VariantName = "[No Variations]"
Add component (AddParameter): Name = "Purchase-URL"; Value = "https://pricing.snapeda.com/search/part/ERJ-6GEYJ103V/?ref=eda"; VariantName = "[No Variations]"
Add component (AddParameter): Name = "SnapEDA_Link"; Value = "https://www.snapeda.com/parts/ERJ-6GEYJ103V/Panasonic+Electronic+Components/view-part/?ref=snap"; VariantName = "[No Variations]"
Add component (AddParameter): Name = "Value"; Value = ""; VariantName = "[No Variations]"
Added Component: Designator=R14(RES 0805 10K/0.25W 5%)
Add component (AddParameter): Name = "Availability"; Value = "In Stock"; VariantName = "[No Variations]"
Add component (AddParameter): Name = "Check_prices"; Value = "https://www.snapeda.com/parts/ERJ-6GEYJ103V/Panasonic+Electronic+Components/view-part/?ref=eda"; VariantName = "[No Variations]"
Add component (AddParameter): Name = "MF"; Value = "Panasonic Electronic"; VariantName = "[No Variations]"
Add component (AddParameter): Name = "MP"; Value = "ERJ-6GEYJ103V"; VariantName = "[No Variations]"
Add component (AddParameter): Name = "Package"; Value = "805-2 Panasonic"; VariantName = "[No Variations]"
Add component (AddParameter): Name = "Price"; Value = "None"; VariantName = "[No Variations]"
Add component (AddParameter): Name = "Purchase-URL"; Value = "https://pricing.snapeda.com/search/part/ERJ-6GEYJ103V/?ref=eda"; VariantName = "[No Variations]"
Add component (AddParameter): Name = "SnapEDA_Link"; Value = "https://www.snapeda.com/parts/ERJ-6GEYJ103V/Panasonic+Electronic+Components/view-part/?ref=snap"; VariantName = "[No Variations]"
Add component (AddParameter): Name = "Value"; Value = ""; VariantName = "[No Variations]"
Added Component: Designator=R15(RES 0805 10K/0.25W 5%)
Add component (AddParameter): Name = "Availability"; Value = "In Stock"; VariantName = "[No Variations]"
Add component (AddParameter): Name = "Check_prices"; Value = "https://www.snapeda.com/parts/ERJ-6GEYJ103V/Panasonic+Electronic+Components/view-part/?ref=eda"; VariantName = "[No Variations]"
Add component (AddParameter): Name = "MF"; Value = "Panasonic Electronic"; VariantName = "[No Variations]"
Add component (AddParameter): Name = "MP"; Value = "ERJ-6GEYJ103V"; VariantName = "[No Variations]"
Add component (AddParameter): Name = "Package"; Value = "805-2 Panasonic"; VariantName = "[No Variations]"
Add component (AddParameter): Name = "Price"; Value = "None"; VariantName = "[No Variations]"
Add component (AddParameter): Name = "Purchase-URL"; Value = "https://pricing.snapeda.com/search/part/ERJ-6GEYJ103V/?ref=eda"; VariantName = "[No Variations]"
Add component (AddParameter): Name = "SnapEDA_Link"; Value = "https://www.snapeda.com/parts/ERJ-6GEYJ103V/Panasonic+Electronic+Components/view-part/?ref=snap"; VariantName = "[No Variations]"
Add component (AddParameter): Name = "Value"; Value = ""; VariantName = "[No Variations]"
Added Component: Designator=R16(RES 0805 10K/0.25W 5%)
Add component (AddParameter): Name = "Availability"; Value = "In Stock"; VariantName = "[No Variations]"
Add component (AddParameter): Name = "Check_prices"; Value = "https://www.snapeda.com/parts/ERJ-6GEYJ103V/Panasonic+Electronic+Components/view-part/?ref=eda"; VariantName = "[No Variations]"
Add component (AddParameter): Name = "MF"; Value = "Panasonic Electronic"; VariantName = "[No Variations]"
Add component (AddParameter): Name = "MP"; Value = "ERJ-6GEYJ103V"; VariantName = "[No Variations]"
Add component (AddParameter): Name = "Package"; Value = "805-2 Panasonic"; VariantName = "[No Variations]"
Add component (AddParameter): Name = "Price"; Value = "None"; VariantName = "[No Variations]"
Add component (AddParameter): Name = "Purchase-URL"; Value = "https://pricing.snapeda.com/search/part/ERJ-6GEYJ103V/?ref=eda"; VariantName = "[No Variations]"
Add component (AddParameter): Name = "SnapEDA_Link"; Value = "https://www.snapeda.com/parts/ERJ-6GEYJ103V/Panasonic+Electronic+Components/view-part/?ref=snap"; VariantName = "[No Variations]"
Add component (AddParameter): Name = "Value"; Value = ""; VariantName = "[No Variations]"
Added Component: Designator=R17(RES 0805 10K/0.25W 5%)
Add component (AddParameter): Name = "Availability"; Value = "In Stock"; VariantName = "[No Variations]"
Add component (AddParameter): Name = "Check_prices"; Value = "https://www.snapeda.com/parts/ERJ-6GEYJ103V/Panasonic+Electronic+Components/view-part/?ref=eda"; VariantName = "[No Variations]"
Add component (AddParameter): Name = "MF"; Value = "Panasonic Electronic"; VariantName = "[No Variations]"
Add component (AddParameter): Name = "MP"; Value = "ERJ-6GEYJ103V"; VariantName = "[No Variations]"
Add component (AddParameter): Name = "Package"; Value = "805-2 Panasonic"; VariantName = "[No Variations]"
Add component (AddParameter): Name = "Price"; Value = "None"; VariantName = "[No Variations]"
Add component (AddParameter): Name = "Purchase-URL"; Value = "https://pricing.snapeda.com/search/part/ERJ-6GEYJ103V/?ref=eda"; VariantName = "[No Variations]"
Add component (AddParameter): Name = "SnapEDA_Link"; Value = "https://www.snapeda.com/parts/ERJ-6GEYJ103V/Panasonic+Electronic+Components/view-part/?ref=snap"; VariantName = "[No Variations]"
Add component (AddParameter): Name = "Value"; Value = ""; VariantName = "[No Variations]"
Added Component: Designator=R18(RES 0805 10K/0.25W 5%)
Add component (AddParameter): Name = "Availability"; Value = "In Stock"; VariantName = "[No Variations]"
Add component (AddParameter): Name = "Check_prices"; Value = "https://www.snapeda.com/parts/ERJ-6GEYJ103V/Panasonic+Electronic+Components/view-part/?ref=eda"; VariantName = "[No Variations]"
Add component (AddParameter): Name = "MF"; Value = "Panasonic Electronic"; VariantName = "[No Variations]"
Add component (AddParameter): Name = "MP"; Value = "ERJ-6GEYJ103V"; VariantName = "[No Variations]"
Add component (AddParameter): Name = "Package"; Value = "805-2 Panasonic"; VariantName = "[No Variations]"
Add component (AddParameter): Name = "Price"; Value = "None"; VariantName = "[No Variations]"
Add component (AddParameter): Name = "Purchase-URL"; Value = "https://pricing.snapeda.com/search/part/ERJ-6GEYJ103V/?ref=eda"; VariantName = "[No Variations]"
Add component (AddParameter): Name = "SnapEDA_Link"; Value = "https://www.snapeda.com/parts/ERJ-6GEYJ103V/Panasonic+Electronic+Components/view-part/?ref=snap"; VariantName = "[No Variations]"
Add component (AddParameter): Name = "Value"; Value = ""; VariantName = "[No Variations]"
Added Component: Designator=R19(RES 0805 10K/0.25W 5%)
Add component (AddParameter): Name = "Availability"; Value = "In Stock"; VariantName = "[No Variations]"
Add component (AddParameter): Name = "Check_prices"; Value = "https://www.snapeda.com/parts/ERJ-6GEYJ103V/Panasonic+Electronic+Components/view-part/?ref=eda"; VariantName = "[No Variations]"
Add component (AddParameter): Name = "MF"; Value = "Panasonic Electronic"; VariantName = "[No Variations]"
Add component (AddParameter): Name = "MP"; Value = "ERJ-6GEYJ103V"; VariantName = "[No Variations]"
Add component (AddParameter): Name = "Package"; Value = "805-2 Panasonic"; VariantName = "[No Variations]"
Add component (AddParameter): Name = "Price"; Value = "None"; VariantName = "[No Variations]"
Add component (AddParameter): Name = "Purchase-URL"; Value = "https://pricing.snapeda.com/search/part/ERJ-6GEYJ103V/?ref=eda"; VariantName = "[No Variations]"
Add component (AddParameter): Name = "SnapEDA_Link"; Value = "https://www.snapeda.com/parts/ERJ-6GEYJ103V/Panasonic+Electronic+Components/view-part/?ref=snap"; VariantName = "[No Variations]"
Add component (AddParameter): Name = "Value"; Value = ""; VariantName = "[No Variations]"
Added Component: Designator=R20(RES 0805 10K/0.25W 5%)
Add component (AddParameter): Name = "Availability"; Value = "In Stock"; VariantName = "[No Variations]"
Add component (AddParameter): Name = "Check_prices"; Value = "https://www.snapeda.com/parts/ERJ-6GEYJ103V/Panasonic+Electronic+Components/view-part/?ref=eda"; VariantName = "[No Variations]"
Add component (AddParameter): Name = "MF"; Value = "Panasonic Electronic"; VariantName = "[No Variations]"
Add component (AddParameter): Name = "MP"; Value = "ERJ-6GEYJ103V"; VariantName = "[No Variations]"
Add component (AddParameter): Name = "Package"; Value = "805-2 Panasonic"; VariantName = "[No Variations]"
Add component (AddParameter): Name = "Price"; Value = "None"; VariantName = "[No Variations]"
Add component (AddParameter): Name = "Purchase-URL"; Value = "https://pricing.snapeda.com/search/part/ERJ-6GEYJ103V/?ref=eda"; VariantName = "[No Variations]"
Add component (AddParameter): Name = "SnapEDA_Link"; Value = "https://www.snapeda.com/parts/ERJ-6GEYJ103V/Panasonic+Electronic+Components/view-part/?ref=snap"; VariantName = "[No Variations]"
Add component (AddParameter): Name = "Value"; Value = ""; VariantName = "[No Variations]"
Added Component: Designator=R21(RES 0805 10K/0.25W 5%)
Add component (AddParameter): Name = "Availability"; Value = "In Stock"; VariantName = "[No Variations]"
Add component (AddParameter): Name = "Check_prices"; Value = "https://www.snapeda.com/parts/ERJ-6GEYJ103V/Panasonic+Electronic+Components/view-part/?ref=eda"; VariantName = "[No Variations]"
Add component (AddParameter): Name = "MF"; Value = "Panasonic Electronic"; VariantName = "[No Variations]"
Add component (AddParameter): Name = "MP"; Value = "ERJ-6GEYJ103V"; VariantName = "[No Variations]"
Add component (AddParameter): Name = "Package"; Value = "805-2 Panasonic"; VariantName = "[No Variations]"
Add component (AddParameter): Name = "Price"; Value = "None"; VariantName = "[No Variations]"
Add component (AddParameter): Name = "Purchase-URL"; Value = "https://pricing.snapeda.com/search/part/ERJ-6GEYJ103V/?ref=eda"; VariantName = "[No Variations]"
Add component (AddParameter): Name = "SnapEDA_Link"; Value = "https://www.snapeda.com/parts/ERJ-6GEYJ103V/Panasonic+Electronic+Components/view-part/?ref=snap"; VariantName = "[No Variations]"
Add component (AddParameter): Name = "Value"; Value = ""; VariantName = "[No Variations]"
Added Component: Designator=R22(RES 0805 10K/0.25W 5%)
Add component (AddParameter): Name = "Availability"; Value = "In Stock"; VariantName = "[No Variations]"
Add component (AddParameter): Name = "Check_prices"; Value = "https://www.snapeda.com/parts/ERJ-6GEYJ103V/Panasonic+Electronic+Components/view-part/?ref=eda"; VariantName = "[No Variations]"
Add component (AddParameter): Name = "MF"; Value = "Panasonic Electronic"; VariantName = "[No Variations]"
Add component (AddParameter): Name = "MP"; Value = "ERJ-6GEYJ103V"; VariantName = "[No Variations]"
Add component (AddParameter): Name = "Package"; Value = "805-2 Panasonic"; VariantName = "[No Variations]"
Add component (AddParameter): Name = "Price"; Value = "None"; VariantName = "[No Variations]"
Add component (AddParameter): Name = "Purchase-URL"; Value = "https://pricing.snapeda.com/search/part/ERJ-6GEYJ103V/?ref=eda"; VariantName = "[No Variations]"
Add component (AddParameter): Name = "SnapEDA_Link"; Value = "https://www.snapeda.com/parts/ERJ-6GEYJ103V/Panasonic+Electronic+Components/view-part/?ref=snap"; VariantName = "[No Variations]"
Add component (AddParameter): Name = "Value"; Value = ""; VariantName = "[No Variations]"
Added Component: Designator=R23(RES 0805 10K/0.25W 5%)
Add component (AddParameter): Name = "Availability"; Value = "In Stock"; VariantName = "[No Variations]"
Add component (AddParameter): Name = "Check_prices"; Value = "https://www.snapeda.com/parts/ERJ-6GEYJ103V/Panasonic+Electronic+Components/view-part/?ref=eda"; VariantName = "[No Variations]"
Add component (AddParameter): Name = "MF"; Value = "Panasonic Electronic"; VariantName = "[No Variations]"
Add component (AddParameter): Name = "MP"; Value = "ERJ-6GEYJ103V"; VariantName = "[No Variations]"
Add component (AddParameter): Name = "Package"; Value = "805-2 Panasonic"; VariantName = "[No Variations]"
Add component (AddParameter): Name = "Price"; Value = "None"; VariantName = "[No Variations]"
Add component (AddParameter): Name = "Purchase-URL"; Value = "https://pricing.snapeda.com/search/part/ERJ-6GEYJ103V/?ref=eda"; VariantName = "[No Variations]"
Add component (AddParameter): Name = "SnapEDA_Link"; Value = "https://www.snapeda.com/parts/ERJ-6GEYJ103V/Panasonic+Electronic+Components/view-part/?ref=snap"; VariantName = "[No Variations]"
Add component (AddParameter): Name = "Value"; Value = ""; VariantName = "[No Variations]"
Added Component: Designator=R24(RES 0805 10K/0.25W 5%)
Add component (AddParameter): Name = "Availability"; Value = "In Stock"; VariantName = "[No Variations]"
Add component (AddParameter): Name = "Check_prices"; Value = "https://www.snapeda.com/parts/ERJ-6GEYJ103V/Panasonic+Electronic+Components/view-part/?ref=eda"; VariantName = "[No Variations]"
Add component (AddParameter): Name = "MF"; Value = "Panasonic Electronic"; VariantName = "[No Variations]"
Add component (AddParameter): Name = "MP"; Value = "ERJ-6GEYJ103V"; VariantName = "[No Variations]"
Add component (AddParameter): Name = "Package"; Value = "805-2 Panasonic"; VariantName = "[No Variations]"
Add component (AddParameter): Name = "Price"; Value = "None"; VariantName = "[No Variations]"
Add component (AddParameter): Name = "Purchase-URL"; Value = "https://pricing.snapeda.com/search/part/ERJ-6GEYJ103V/?ref=eda"; VariantName = "[No Variations]"
Add component (AddParameter): Name = "SnapEDA_Link"; Value = "https://www.snapeda.com/parts/ERJ-6GEYJ103V/Panasonic+Electronic+Components/view-part/?ref=snap"; VariantName = "[No Variations]"
Add component (AddParameter): Name = "Value"; Value = ""; VariantName = "[No Variations]"
Added Component: Designator=R25(RES 0805 10K/0.25W 5%)
Add component (AddParameter): Name = "Availability"; Value = "In Stock"; VariantName = "[No Variations]"
Add component (AddParameter): Name = "Check_prices"; Value = "https://www.snapeda.com/parts/ERJ-6GEYJ103V/Panasonic+Electronic+Components/view-part/?ref=eda"; VariantName = "[No Variations]"
Add component (AddParameter): Name = "MF"; Value = "Panasonic Electronic"; VariantName = "[No Variations]"
Add component (AddParameter): Name = "MP"; Value = "ERJ-6GEYJ103V"; VariantName = "[No Variations]"
Add component (AddParameter): Name = "Package"; Value = "805-2 Panasonic"; VariantName = "[No Variations]"
Add component (AddParameter): Name = "Price"; Value = "None"; VariantName = "[No Variations]"
Add component (AddParameter): Name = "Purchase-URL"; Value = "https://pricing.snapeda.com/search/part/ERJ-6GEYJ103V/?ref=eda"; VariantName = "[No Variations]"
Add component (AddParameter): Name = "SnapEDA_Link"; Value = "https://www.snapeda.com/parts/ERJ-6GEYJ103V/Panasonic+Electronic+Components/view-part/?ref=snap"; VariantName = "[No Variations]"
Add component (AddParameter): Name = "Value"; Value = ""; VariantName = "[No Variations]"
Added Component: Designator=R26(RES 0805 10K/0.25W 5%)
Add component (AddParameter): Name = "Availability"; Value = "In Stock"; VariantName = "[No Variations]"
Add component (AddParameter): Name = "Check_prices"; Value = "https://www.snapeda.com/parts/ERJ-6GEYJ103V/Panasonic+Electronic+Components/view-part/?ref=eda"; VariantName = "[No Variations]"
Add component (AddParameter): Name = "MF"; Value = "Panasonic Electronic"; VariantName = "[No Variations]"
Add component (AddParameter): Name = "MP"; Value = "ERJ-6GEYJ103V"; VariantName = "[No Variations]"
Add component (AddParameter): Name = "Package"; Value = "805-2 Panasonic"; VariantName = "[No Variations]"
Add component (AddParameter): Name = "Price"; Value = "None"; VariantName = "[No Variations]"
Add component (AddParameter): Name = "Purchase-URL"; Value = "https://pricing.snapeda.com/search/part/ERJ-6GEYJ103V/?ref=eda"; VariantName = "[No Variations]"
Add component (AddParameter): Name = "SnapEDA_Link"; Value = "https://www.snapeda.com/parts/ERJ-6GEYJ103V/Panasonic+Electronic+Components/view-part/?ref=snap"; VariantName = "[No Variations]"
Add component (AddParameter): Name = "Value"; Value = ""; VariantName = "[No Variations]"
Added Component: Designator=R27(RES 0805 10K/0.25W 5%)
Add component (AddParameter): Name = "Availability"; Value = "In Stock"; VariantName = "[No Variations]"
Add component (AddParameter): Name = "Check_prices"; Value = "https://www.snapeda.com/parts/ERJ-6GEYJ103V/Panasonic+Electronic+Components/view-part/?ref=eda"; VariantName = "[No Variations]"
Add component (AddParameter): Name = "MF"; Value = "Panasonic Electronic"; VariantName = "[No Variations]"
Add component (AddParameter): Name = "MP"; Value = "ERJ-6GEYJ103V"; VariantName = "[No Variations]"
Add component (AddParameter): Name = "Package"; Value = "805-2 Panasonic"; VariantName = "[No Variations]"
Add component (AddParameter): Name = "Price"; Value = "None"; VariantName = "[No Variations]"
Add component (AddParameter): Name = "Purchase-URL"; Value = "https://pricing.snapeda.com/search/part/ERJ-6GEYJ103V/?ref=eda"; VariantName = "[No Variations]"
Add component (AddParameter): Name = "SnapEDA_Link"; Value = "https://www.snapeda.com/parts/ERJ-6GEYJ103V/Panasonic+Electronic+Components/view-part/?ref=snap"; VariantName = "[No Variations]"
Add component (AddParameter): Name = "Value"; Value = ""; VariantName = "[No Variations]"
Added Component: Designator=R28(RES 0805 10K/0.25W 5%)
Add component (AddParameter): Name = "Availability"; Value = "In Stock"; VariantName = "[No Variations]"
Add component (AddParameter): Name = "Check_prices"; Value = "https://www.snapeda.com/parts/ERJ-6GEYJ103V/Panasonic+Electronic+Components/view-part/?ref=eda"; VariantName = "[No Variations]"
Add component (AddParameter): Name = "MF"; Value = "Panasonic Electronic"; VariantName = "[No Variations]"
Add component (AddParameter): Name = "MP"; Value = "ERJ-6GEYJ103V"; VariantName = "[No Variations]"
Add component (AddParameter): Name = "Package"; Value = "805-2 Panasonic"; VariantName = "[No Variations]"
Add component (AddParameter): Name = "Price"; Value = "None"; VariantName = "[No Variations]"
Add component (AddParameter): Name = "Purchase-URL"; Value = "https://pricing.snapeda.com/search/part/ERJ-6GEYJ103V/?ref=eda"; VariantName = "[No Variations]"
Add component (AddParameter): Name = "SnapEDA_Link"; Value = "https://www.snapeda.com/parts/ERJ-6GEYJ103V/Panasonic+Electronic+Components/view-part/?ref=snap"; VariantName = "[No Variations]"
Add component (AddParameter): Name = "Value"; Value = ""; VariantName = "[No Variations]"
Added Component: Designator=R29(RES 0805 10K/0.25W 5%)
Add component (AddParameter): Name = "Availability"; Value = "In Stock"; VariantName = "[No Variations]"
Add component (AddParameter): Name = "Check_prices"; Value = "https://www.snapeda.com/parts/ERJ-6GEYJ103V/Panasonic+Electronic+Components/view-part/?ref=eda"; VariantName = "[No Variations]"
Add component (AddParameter): Name = "MF"; Value = "Panasonic Electronic"; VariantName = "[No Variations]"
Add component (AddParameter): Name = "MP"; Value = "ERJ-6GEYJ103V"; VariantName = "[No Variations]"
Add component (AddParameter): Name = "Package"; Value = "805-2 Panasonic"; VariantName = "[No Variations]"
Add component (AddParameter): Name = "Price"; Value = "None"; VariantName = "[No Variations]"
Add component (AddParameter): Name = "Purchase-URL"; Value = "https://pricing.snapeda.com/search/part/ERJ-6GEYJ103V/?ref=eda"; VariantName = "[No Variations]"
Add component (AddParameter): Name = "SnapEDA_Link"; Value = "https://www.snapeda.com/parts/ERJ-6GEYJ103V/Panasonic+Electronic+Components/view-part/?ref=snap"; VariantName = "[No Variations]"
Add component (AddParameter): Name = "Value"; Value = ""; VariantName = "[No Variations]"
Added Component: Designator=R30(RES 0805 10K/0.25W 5%)
Add component (AddParameter): Name = "Availability"; Value = "In Stock"; VariantName = "[No Variations]"
Add component (AddParameter): Name = "Check_prices"; Value = "https://www.snapeda.com/parts/ERJ-6GEYJ103V/Panasonic+Electronic+Components/view-part/?ref=eda"; VariantName = "[No Variations]"
Add component (AddParameter): Name = "MF"; Value = "Panasonic Electronic"; VariantName = "[No Variations]"
Add component (AddParameter): Name = "MP"; Value = "ERJ-6GEYJ103V"; VariantName = "[No Variations]"
Add component (AddParameter): Name = "Package"; Value = "805-2 Panasonic"; VariantName = "[No Variations]"
Add component (AddParameter): Name = "Price"; Value = "None"; VariantName = "[No Variations]"
Add component (AddParameter): Name = "Purchase-URL"; Value = "https://pricing.snapeda.com/search/part/ERJ-6GEYJ103V/?ref=eda"; VariantName = "[No Variations]"
Add component (AddParameter): Name = "SnapEDA_Link"; Value = "https://www.snapeda.com/parts/ERJ-6GEYJ103V/Panasonic+Electronic+Components/view-part/?ref=snap"; VariantName = "[No Variations]"
Add component (AddParameter): Name = "Value"; Value = ""; VariantName = "[No Variations]"
Added Component: Designator=R31(RES 0805 10K/0.25W 5%)
Add component (AddParameter): Name = "Availability"; Value = "In Stock"; VariantName = "[No Variations]"
Add component (AddParameter): Name = "Check_prices"; Value = "https://www.snapeda.com/parts/ERJ-6GEYJ103V/Panasonic+Electronic+Components/view-part/?ref=eda"; VariantName = "[No Variations]"
Add component (AddParameter): Name = "MF"; Value = "Panasonic Electronic"; VariantName = "[No Variations]"
Add component (AddParameter): Name = "MP"; Value = "ERJ-6GEYJ103V"; VariantName = "[No Variations]"
Add component (AddParameter): Name = "Package"; Value = "805-2 Panasonic"; VariantName = "[No Variations]"
Add component (AddParameter): Name = "Price"; Value = "None"; VariantName = "[No Variations]"
Add component (AddParameter): Name = "Purchase-URL"; Value = "https://pricing.snapeda.com/search/part/ERJ-6GEYJ103V/?ref=eda"; VariantName = "[No Variations]"
Add component (AddParameter): Name = "SnapEDA_Link"; Value = "https://www.snapeda.com/parts/ERJ-6GEYJ103V/Panasonic+Electronic+Components/view-part/?ref=snap"; VariantName = "[No Variations]"
Add component (AddParameter): Name = "Value"; Value = ""; VariantName = "[No Variations]"
Added Component: Designator=S1(PUSHBUTTON_SMD_6.1 x 3.7 mm, 2.5 mm)
Add component (AddParameter): Name = "Check_prices"; Value = "https://www.snapeda.com/parts/TS09-63-25-R-260-SMT-TR/Same+Sky/view-part/?ref=eda"; VariantName = "[No Variations]"
Add component (AddParameter): Name = "MF"; Value = "Same Sky"; VariantName = "[No Variations]"
Add component (AddParameter): Name = "MP"; Value = "TS09-63-25-R-260-SMT-TR"; VariantName = "[No Variations]"
Add component (AddParameter): Name = "Package"; Value = "None"; VariantName = "[No Variations]"
Add component (AddParameter): Name = "SnapEDA_Link"; Value = "https://www.snapeda.com/parts/TS09-63-25-R-260-SMT-TR/Same+Sky/view-part/?ref=snap"; VariantName = "[No Variations]"
Add component (AddParameter): Name = "Value"; Value = ""; VariantName = "[No Variations]"
Added Component: Designator=TP1(Touch Points 1mm)
Added Component: Designator=TP2(Touch Points 1mm)
Added Component: Designator=TP3(Touch Points 1mm)
Added Component: Designator=TP4(Touch Points 1mm)
Added Component: Designator=TP_1(Touch Points 1mm)
Added Component: Designator=TP_2(Touch Points 1mm)
Added Component: Designator=U1(Buck Reg_TPS54202DDCT)
Add component (AddParameter): Name = "Check_prices"; Value = "https://www.snapeda.com/parts/TPS54202DDCT/Texas+Instruments/view-part/?ref=eda"; VariantName = "[No Variations]"
Add component (AddParameter): Name = "MF"; Value = "Texas Instruments"; VariantName = "[No Variations]"
Add component (AddParameter): Name = "MP"; Value = "TPS54202DDCT"; VariantName = "[No Variations]"
Add component (AddParameter): Name = "Package"; Value = "SOT-23-THN-6 Texas Instruments"; VariantName = "[No Variations]"
Add component (AddParameter): Name = "SnapEDA_Link"; Value = "https://www.snapeda.com/parts/TPS54202DDCT/Texas+Instruments/view-part/?ref=snap"; VariantName = "[No Variations]"
Add component (AddParameter): Name = "Value"; Value = ""; VariantName = "[No Variations]"
Added Component: Designator=U2(ATMEGA328P-AU 32-TQFP)
Add component (AddParameter): Name = "Check_prices"; Value = "https://www.snapeda.com/parts/ATMEGA328P-AU/Microchip/view-part/?ref=eda"; VariantName = "[No Variations]"
Add component (AddParameter): Name = "MF"; Value = "Microchip"; VariantName = "[No Variations]"
Add component (AddParameter): Name = "MP"; Value = "ATMEGA328P-AU"; VariantName = "[No Variations]"
Add component (AddParameter): Name = "Package"; Value = "TQFP-32 Microchip"; VariantName = "[No Variations]"
Add component (AddParameter): Name = "SnapEDA_Link"; Value = "https://www.snapeda.com/parts/ATMEGA328P-AU/Microchip/view-part/?ref=snap"; VariantName = "[No Variations]"
Add component (AddParameter): Name = "Value"; Value = ""; VariantName = "[No Variations]"
Added Component: Designator=U3(MAX14850ASE)
Add component (AddParameter): Name = "Check_prices"; Value = "https://www.snapeda.com/parts/MAX14850ASE+T/Analog+Devices/view-part/?ref=eda"; VariantName = "[No Variations]"
Add component (AddParameter): Name = "MF"; Value = "Analog Devices"; VariantName = "[No Variations]"
Add component (AddParameter): Name = "MP"; Value = "MAX14850ASE+T"; VariantName = "[No Variations]"
Add component (AddParameter): Name = "Package"; Value = "SOIC-16 Maxim Integrated"; VariantName = "[No Variations]"
Add component (AddParameter): Name = "SnapEDA_Link"; Value = "https://www.snapeda.com/parts/MAX14850ASE+T/Analog+Devices/view-part/?ref=snap"; VariantName = "[No Variations]"
Add component (AddParameter): Name = "Value"; Value = ""; VariantName = "[No Variations]"
Added Component: Designator=U4(MAX485CSA)
Add component (AddParameter): Name = "Check_prices"; Value = "https://www.snapeda.com/parts/MAX485CSA+/Analog+Devices/view-part/?ref=eda"; VariantName = "[No Variations]"
Add component (AddParameter): Name = "MF"; Value = "Analog Devices"; VariantName = "[No Variations]"
Add component (AddParameter): Name = "MP"; Value = "MAX485CSA+"; VariantName = "[No Variations]"
Add component (AddParameter): Name = "Package"; Value = "SOIC-8 Maxim"; VariantName = "[No Variations]"
Add component (AddParameter): Name = "SnapEDA_Link"; Value = "https://www.snapeda.com/parts/MAX485CSA+/Analog+Devices/view-part/?ref=snap"; VariantName = "[No Variations]"
Add component (AddParameter): Name = "Value"; Value = ""; VariantName = "[No Variations]"
Added Component: Designator=U5(SN74HCT14D SOIC14)
Add component (AddParameter): Name = "Check_prices"; Value = "https://www.snapeda.com/parts/SN74HCT14D/Texas+Instruments/view-part/?ref=eda"; VariantName = "[No Variations]"
Add component (AddParameter): Name = "MF"; Value = "Texas Instruments"; VariantName = "[No Variations]"
Add component (AddParameter): Name = "MP"; Value = "SN74HCT14D"; VariantName = "[No Variations]"
Add component (AddParameter): Name = "Package"; Value = "SOIC-14 Texas Instruments"; VariantName = "[No Variations]"
Add component (AddParameter): Name = "SnapEDA_Link"; Value = "https://www.snapeda.com/parts/SN74HCT14D/Texas+Instruments/view-part/?ref=snap"; VariantName = "[No Variations]"
Add component (AddParameter): Name = "Value"; Value = ""; VariantName = "[No Variations]"
Added Component: Designator=U6(MAX485CSA)
Add component (AddParameter): Name = "Check_prices"; Value = "https://www.snapeda.com/parts/MAX485CSA+/Analog+Devices/view-part/?ref=eda"; VariantName = "[No Variations]"
Add component (AddParameter): Name = "MF"; Value = "Analog Devices"; VariantName = "[No Variations]"
Add component (AddParameter): Name = "MP"; Value = "MAX485CSA+"; VariantName = "[No Variations]"
Add component (AddParameter): Name = "Package"; Value = "SOIC-8 Maxim"; VariantName = "[No Variations]"
Add component (AddParameter): Name = "SnapEDA_Link"; Value = "https://www.snapeda.com/parts/MAX485CSA+/Analog+Devices/view-part/?ref=snap"; VariantName = "[No Variations]"
Add component (AddParameter): Name = "Value"; Value = ""; VariantName = "[No Variations]"
Added Component: Designator=U7(SN74HCT14D SOIC14)
Add component (AddParameter): Name = "Check_prices"; Value = "https://www.snapeda.com/parts/SN74HCT14D/Texas+Instruments/view-part/?ref=eda"; VariantName = "[No Variations]"
Add component (AddParameter): Name = "MF"; Value = "Texas Instruments"; VariantName = "[No Variations]"
Add component (AddParameter): Name = "MP"; Value = "SN74HCT14D"; VariantName = "[No Variations]"
Add component (AddParameter): Name = "Package"; Value = "SOIC-14 Texas Instruments"; VariantName = "[No Variations]"
Add component (AddParameter): Name = "SnapEDA_Link"; Value = "https://www.snapeda.com/parts/SN74HCT14D/Texas+Instruments/view-part/?ref=snap"; VariantName = "[No Variations]"
Add component (AddParameter): Name = "Value"; Value = ""; VariantName = "[No Variations]"
Added Component: Designator=Y1(Crystal 16 Mhz SMD 2 pin)
Add component (AddParameter): Name = "Check_prices"; Value = "https://www.snapeda.com/parts/FOXSDLF/128-20/Fox+Electronics/view-part/?ref=eda"; VariantName = "[No Variations]"
Add component (AddParameter): Name = "MF"; Value = "Fox Electronics"; VariantName = "[No Variations]"
Add component (AddParameter): Name = "MP"; Value = "FOXSDLF/128-20"; VariantName = "[No Variations]"
Add component (AddParameter): Name = "Package"; Value = "HC49SD Fox Electronics"; VariantName = "[No Variations]"
Add component (AddParameter): Name = "SnapEDA_Link"; Value = "https://www.snapeda.com/parts/FOXSDLF/128-20/Fox+Electronics/view-part/?ref=snap"; VariantName = "[No Variations]"
Add component (AddParameter): Name = "Value"; Value = ""; VariantName = "[No Variations]"
Added Pin To Net: NetName=+5 Pin=C4-2
Added Pin To Net: NetName=+5 Pin=C5-2
Added Pin To Net: NetName=+5 Pin=C7-2
Added Pin To Net: NetName=+5 Pin=C8-2
Added Pin To Net: NetName=+5 Pin=C9-2
Added Pin To Net: NetName=+5 Pin=C13-2
Added Pin To Net: NetName=+5 Pin=C14-2
Added Pin To Net: NetName=+5 Pin=C20-P
Added Pin To Net: NetName=+5 Pin=J4-4
Added Pin To Net: NetName=+5 Pin=J5-4
Added Pin To Net: NetName=+5 Pin=PS1-2
Added Pin To Net: NetName=+5 Pin=R1-2
Added Pin To Net: NetName=+5 Pin=R10-2
Added Pin To Net: NetName=+5 Pin=R12-1
Added Pin To Net: NetName=+5 Pin=TP_1-1
Added Pin To Net: NetName=+5 Pin=U2-18
Added Pin To Net: NetName=+5 Pin=U3-1
Added Net: Name=+5
Added Pin To Net: NetName=+24 Pin=C1-2
Added Pin To Net: NetName=+24 Pin=C2-2
Added Pin To Net: NetName=+24 Pin=J1-1
Added Pin To Net: NetName=+24 Pin=R27-2
Added Pin To Net: NetName=+24 Pin=U1-3
Added Net: Name=+24
Added Pin To Net: NetName=A1 Pin=F2-2
Added Pin To Net: NetName=A1 Pin=J6-3
Added Pin To Net: NetName=A1 Pin=R18-1
Added Net: Name=A1
Added Pin To Net: NetName=A2 Pin=F4-2
Added Pin To Net: NetName=A2 Pin=J7-3
Added Pin To Net: NetName=A2 Pin=R25-1
Added Net: Name=A2
Added Pin To Net: NetName=A_D6/PD6 Pin=R2-2
Added Pin To Net: NetName=A_D6/PD6 Pin=U2-10
Added Net: Name=A_D6/PD6
Added Pin To Net: NetName=B1 Pin=F1-2
Added Pin To Net: NetName=B1 Pin=J6-2
Added Pin To Net: NetName=B1 Pin=R18-2
Added Net: Name=B1
Added Pin To Net: NetName=B2 Pin=F3-2
Added Pin To Net: NetName=B2 Pin=J7-2
Added Pin To Net: NetName=B2 Pin=R25-2
Added Net: Name=B2
Added Pin To Net: NetName=B_D7/PD7 Pin=R4-2
Added Pin To Net: NetName=B_D7/PD7 Pin=U2-11
Added Net: Name=B_D7/PD7
Added Pin To Net: NetName=CLK_D13/PB5 Pin=R6-2
Added Pin To Net: NetName=CLK_D13/PB5 Pin=U2-17
Added Net: Name=CLK_D13/PB5
Added Pin To Net: NetName=DATA_D11/PB3 Pin=J5-5
Added Pin To Net: NetName=DATA_D11/PB3 Pin=R9-2
Added Pin To Net: NetName=DATA_D11/PB3 Pin=U2-15
Added Net: Name=DATA_D11/PB3
Added Pin To Net: NetName=DTR Pin=C11-2
Added Pin To Net: NetName=DTR Pin=J4-1
Added Net: Name=DTR
Added Pin To Net: NetName=EARTH Pin=C1-1
Added Pin To Net: NetName=EARTH Pin=C2-1
Added Pin To Net: NetName=EARTH Pin=C4-1
Added Pin To Net: NetName=EARTH Pin=C5-1
Added Pin To Net: NetName=EARTH Pin=C6-1
Added Pin To Net: NetName=EARTH Pin=C7-1
Added Pin To Net: NetName=EARTH Pin=C8-1
Added Pin To Net: NetName=EARTH Pin=C9-1
Added Pin To Net: NetName=EARTH Pin=C10-1
Added Pin To Net: NetName=EARTH Pin=C12-1
Added Pin To Net: NetName=EARTH Pin=C13-1
Added Pin To Net: NetName=EARTH Pin=C14-1
Added Pin To Net: NetName=EARTH Pin=C15-1
Added Pin To Net: NetName=EARTH Pin=C16-1
Added Pin To Net: NetName=EARTH Pin=C17-1
Added Pin To Net: NetName=EARTH Pin=C18-N
Added Pin To Net: NetName=EARTH Pin=C19-1
Added Pin To Net: NetName=EARTH Pin=C20-N
Added Pin To Net: NetName=EARTH Pin=C21-1
Added Pin To Net: NetName=EARTH Pin=C22-1
Added Pin To Net: NetName=EARTH Pin=C23-1
Added Pin To Net: NetName=EARTH Pin=C24-1
Added Pin To Net: NetName=EARTH Pin=D1-C
Added Pin To Net: NetName=EARTH Pin=D3-2
Added Pin To Net: NetName=EARTH Pin=D5-1
Added Pin To Net: NetName=EARTH Pin=D7-2
Added Pin To Net: NetName=EARTH Pin=D9-1
Added Pin To Net: NetName=EARTH Pin=J1-2
Added Pin To Net: NetName=EARTH Pin=J2-03
Added Pin To Net: NetName=EARTH Pin=J2-05
Added Pin To Net: NetName=EARTH Pin=J2-07
Added Pin To Net: NetName=EARTH Pin=J2-09
Added Pin To Net: NetName=EARTH Pin=J2-11
Added Pin To Net: NetName=EARTH Pin=J2-13
Added Pin To Net: NetName=EARTH Pin=J2-15
Added Pin To Net: NetName=EARTH Pin=J4-5
Added Pin To Net: NetName=EARTH Pin=J5-6
Added Pin To Net: NetName=EARTH Pin=J6-1
Added Pin To Net: NetName=EARTH Pin=J7-1
Added Pin To Net: NetName=EARTH Pin=PS1-1
Added Pin To Net: NetName=EARTH Pin=PS1-3
Added Pin To Net: NetName=EARTH Pin=R5-1
Added Pin To Net: NetName=EARTH Pin=R8-1
Added Pin To Net: NetName=EARTH Pin=R14-2
Added Pin To Net: NetName=EARTH Pin=R21-2
Added Pin To Net: NetName=EARTH Pin=R28-2
Added Pin To Net: NetName=EARTH Pin=R29-2
Added Pin To Net: NetName=EARTH Pin=R30-2
Added Pin To Net: NetName=EARTH Pin=R31-2
Added Pin To Net: NetName=EARTH Pin=S1-2
Added Pin To Net: NetName=EARTH Pin=TP1-1
Added Pin To Net: NetName=EARTH Pin=TP2-1
Added Pin To Net: NetName=EARTH Pin=U1-1
Added Pin To Net: NetName=EARTH Pin=U2-3
Added Pin To Net: NetName=EARTH Pin=U2-5
Added Pin To Net: NetName=EARTH Pin=U2-21
Added Pin To Net: NetName=EARTH Pin=U3-8
Added Pin To Net: NetName=EARTH Pin=U3-9
Added Pin To Net: NetName=EARTH Pin=U4-5
Added Pin To Net: NetName=EARTH Pin=U5-7
Added Pin To Net: NetName=EARTH Pin=U6-5
Added Pin To Net: NetName=EARTH Pin=U7-7
Added Net: Name=EARTH
Added Pin To Net: NetName=EN1 Pin=U4-2
Added Pin To Net: NetName=EN1 Pin=U4-3
Added Pin To Net: NetName=EN1 Pin=U5-12
Added Net: Name=EN1
Added Pin To Net: NetName=EN2 Pin=U6-2
Added Pin To Net: NetName=EN2 Pin=U6-3
Added Pin To Net: NetName=EN2 Pin=U7-12
Added Net: Name=EN2
Added Pin To Net: NetName=EN_D9/PB1 Pin=R3-1
Added Pin To Net: NetName=EN_D9/PB1 Pin=U2-13
Added Net: Name=EN_D9/PB1
Added Pin To Net: NetName=END1 Pin=C21-2
Added Pin To Net: NetName=END1 Pin=R17-1
Added Pin To Net: NetName=END1 Pin=U3-11
Added Pin To Net: NetName=END1 Pin=U5-13
Added Net: Name=END1
Added Pin To Net: NetName=END2 Pin=C24-2
Added Pin To Net: NetName=END2 Pin=R24-1
Added Pin To Net: NetName=END2 Pin=U3-10
Added Pin To Net: NetName=END2 Pin=U7-13
Added Net: Name=END2
Added Pin To Net: NetName=ENM1/D2 Pin=U2-32
Added Pin To Net: NetName=ENM1/D2 Pin=U3-6
Added Net: Name=ENM1/D2
Added Pin To Net: NetName=ENM2/D3 Pin=U2-1
Added Pin To Net: NetName=ENM2/D3 Pin=U3-7
Added Net: Name=ENM2/D3
Added Pin To Net: NetName=MISO Pin=J5-1
Added Pin To Net: NetName=MISO Pin=U2-16
Added Net: Name=MISO
Added Pin To Net: NetName=NetC3_1 Pin=C3-1
Added Pin To Net: NetName=NetC3_1 Pin=U1-6
Added Net: Name=NetC3_1
Added Pin To Net: NetName=NetC3_2 Pin=C3-2
Added Pin To Net: NetName=NetC3_2 Pin=U1-2
Added Net: Name=NetC3_2
Added Pin To Net: NetName=NetC12_2 Pin=C12-2
Added Pin To Net: NetName=NetC12_2 Pin=U2-20
Added Net: Name=NetC12_2
Added Pin To Net: NetName=NetD1_A Pin=D1-A
Added Pin To Net: NetName=NetD1_A Pin=R10-1
Added Net: Name=NetD1_A
Added Pin To Net: NetName=NetD2_1 Pin=D2-1
Added Pin To Net: NetName=NetD2_1 Pin=R13-1
Added Pin To Net: NetName=NetD2_1 Pin=U4-4
Added Pin To Net: NetName=NetD2_1 Pin=U5-10
Added Net: Name=NetD2_1
Added Pin To Net: NetName=NetD2_2 Pin=D2-2
Added Pin To Net: NetName=NetD2_2 Pin=R13-2
Added Pin To Net: NetName=NetD2_2 Pin=R17-2
Added Net: Name=NetD2_2
Added Pin To Net: NetName=NetD3_1 Pin=D3-1
Added Pin To Net: NetName=NetD3_1 Pin=D4-2
Added Pin To Net: NetName=NetD3_1 Pin=F1-1
Added Pin To Net: NetName=NetD3_1 Pin=U4-7
Added Net: Name=NetD3_1
Added Pin To Net: NetName=NetD4_1 Pin=D4-1
Added Pin To Net: NetName=NetD4_1 Pin=D5-2
Added Pin To Net: NetName=NetD4_1 Pin=F2-1
Added Pin To Net: NetName=NetD4_1 Pin=R19-2
Added Pin To Net: NetName=NetD4_1 Pin=U4-6
Added Net: Name=NetD4_1
Added Pin To Net: NetName=NetD6_1 Pin=D6-1
Added Pin To Net: NetName=NetD6_1 Pin=R20-1
Added Pin To Net: NetName=NetD6_1 Pin=U6-4
Added Pin To Net: NetName=NetD6_1 Pin=U7-10
Added Net: Name=NetD6_1
Added Pin To Net: NetName=NetD6_2 Pin=D6-2
Added Pin To Net: NetName=NetD6_2 Pin=R20-2
Added Pin To Net: NetName=NetD6_2 Pin=R24-2
Added Net: Name=NetD6_2
Added Pin To Net: NetName=NetD7_1 Pin=D7-1
Added Pin To Net: NetName=NetD7_1 Pin=D8-2
Added Pin To Net: NetName=NetD7_1 Pin=F3-1
Added Pin To Net: NetName=NetD7_1 Pin=R21-1
Added Pin To Net: NetName=NetD7_1 Pin=U6-7
Added Net: Name=NetD7_1
Added Pin To Net: NetName=NetD8_1 Pin=D8-1
Added Pin To Net: NetName=NetD8_1 Pin=D9-2
Added Pin To Net: NetName=NetD8_1 Pin=F4-1
Added Pin To Net: NetName=NetD8_1 Pin=R26-2
Added Pin To Net: NetName=NetD8_1 Pin=U6-6
Added Net: Name=NetD8_1
Added Pin To Net: NetName=NetD10_C Pin=D10-C
Added Pin To Net: NetName=NetD10_C Pin=R28-1
Added Net: Name=NetD10_C
Added Pin To Net: NetName=NetD11_C Pin=D11-C
Added Pin To Net: NetName=NetD11_C Pin=R29-1
Added Net: Name=NetD11_C
Added Pin To Net: NetName=NetD12_A Pin=D12-A
Added Pin To Net: NetName=NetD12_A Pin=U7-2
Added Pin To Net: NetName=NetD12_A Pin=U7-11
Added Net: Name=NetD12_A
Added Pin To Net: NetName=NetD12_C Pin=D12-C
Added Pin To Net: NetName=NetD12_C Pin=R30-1
Added Net: Name=NetD12_C
Added Pin To Net: NetName=NetD13_A Pin=D13-A
Added Pin To Net: NetName=NetD13_A Pin=U7-3
Added Pin To Net: NetName=NetD13_A Pin=U7-8
Added Net: Name=NetD13_A
Added Pin To Net: NetName=NetD13_C Pin=D13-C
Added Pin To Net: NetName=NetD13_C Pin=R31-1
Added Net: Name=NetD13_C
Added Pin To Net: NetName=NetJ2_01 Pin=J2-01
Added Pin To Net: NetName=NetJ2_01 Pin=R3-2
Added Net: Name=NetJ2_01
Added Pin To Net: NetName=NetJ2_02 Pin=J2-02
Added Pin To Net: NetName=NetJ2_02 Pin=R2-1
Added Net: Name=NetJ2_02
Added Pin To Net: NetName=NetJ2_04 Pin=J2-04
Added Pin To Net: NetName=NetJ2_04 Pin=R4-1
Added Net: Name=NetJ2_04
Added Pin To Net: NetName=NetJ2_08 Pin=J2-08
Added Pin To Net: NetName=NetJ2_08 Pin=R6-1
Added Net: Name=NetJ2_08
Added Pin To Net: NetName=NetJ2_10 Pin=J2-10
Added Pin To Net: NetName=NetJ2_10 Pin=R7-1
Added Net: Name=NetJ2_10
Added Pin To Net: NetName=NetJ2_12 Pin=J2-12
Added Pin To Net: NetName=NetJ2_12 Pin=R9-1
Added Net: Name=NetJ2_12
Added Pin To Net: NetName=NetR1_1 Pin=R1-1
Added Pin To Net: NetName=NetR1_1 Pin=R8-2
Added Pin To Net: NetName=NetR1_1 Pin=U1-4
Added Net: Name=NetR1_1
Added Pin To Net: NetName=NetR5_2 Pin=R5-2
Added Pin To Net: NetName=NetR5_2 Pin=R27-1
Added Pin To Net: NetName=NetR5_2 Pin=U1-5
Added Net: Name=NetR5_2
Added Pin To Net: NetName=NetU5_2 Pin=U5-2
Added Pin To Net: NetName=NetU5_2 Pin=U5-11
Added Net: Name=NetU5_2
Added Pin To Net: NetName=NetU5_3 Pin=U5-3
Added Pin To Net: NetName=NetU5_3 Pin=U5-8
Added Net: Name=NetU5_3
Added Pin To Net: NetName=R\S\T\\ Pin=C11-1
Added Pin To Net: NetName=R\S\T\\ Pin=J5-3
Added Pin To Net: NetName=R\S\T\\ Pin=J5-3
Added Pin To Net: NetName=R\S\T\\ Pin=R12-2
Added Pin To Net: NetName=R\S\T\\ Pin=S1-1
Added Pin To Net: NetName=R\S\T\\ Pin=U2-29
Added Net: Name=R\S\T\\
Added Pin To Net: NetName=RO1 Pin=R15-1
Added Pin To Net: NetName=RO1 Pin=U4-1
Added Pin To Net: NetName=RO1 Pin=U5-9
Added Net: Name=RO1
Added Pin To Net: NetName=RO2 Pin=R22-1
Added Pin To Net: NetName=RO2 Pin=U6-1
Added Pin To Net: NetName=RO2 Pin=U7-9
Added Net: Name=RO2
Added Pin To Net: NetName=RX485 Pin=J3-2
Added Pin To Net: NetName=RX485 Pin=U3-4
Added Net: Name=RX485
Added Pin To Net: NetName=RXD1 Pin=U3-13
Added Pin To Net: NetName=RXD1 Pin=U5-4
Added Net: Name=RXD1
Added Pin To Net: NetName=RXD2 Pin=U3-12
Added Pin To Net: NetName=RXD2 Pin=U7-4
Added Net: Name=RXD2
Added Pin To Net: NetName=RXM1 Pin=D10-A
Added Pin To Net: NetName=RXM1 Pin=J3-1
Added Pin To Net: NetName=RXM1 Pin=J4-2
Added Pin To Net: NetName=RXM1 Pin=U2-30
Added Net: Name=RXM1
Added Pin To Net: NetName=RXM2 Pin=TP3-1
Added Pin To Net: NetName=RXM2 Pin=U2-2
Added Pin To Net: NetName=RXM2 Pin=U3-5
Added Net: Name=RXM2
Added Pin To Net: NetName=SCLK_D8/PB0 Pin=R7-2
Added Pin To Net: NetName=SCLK_D8/PB0 Pin=U2-12
Added Net: Name=SCLK_D8/PB0
Added Pin To Net: NetName=TX485 Pin=J3-4
Added Pin To Net: NetName=TX485 Pin=U3-2
Added Net: Name=TX485
Added Pin To Net: NetName=TXD1 Pin=R16-1
Added Pin To Net: NetName=TXD1 Pin=U3-15
Added Pin To Net: NetName=TXD1 Pin=U5-1
Added Net: Name=TXD1
Added Pin To Net: NetName=TXD2 Pin=R23-1
Added Pin To Net: NetName=TXD2 Pin=U3-14
Added Pin To Net: NetName=TXD2 Pin=U7-1
Added Net: Name=TXD2
Added Pin To Net: NetName=TXM1 Pin=D11-A
Added Pin To Net: NetName=TXM1 Pin=J3-3
Added Pin To Net: NetName=TXM1 Pin=J4-3
Added Pin To Net: NetName=TXM1 Pin=U2-31
Added Net: Name=TXM1
Added Pin To Net: NetName=TXM2 Pin=TP4-1
Added Pin To Net: NetName=TXM2 Pin=U2-9
Added Pin To Net: NetName=TXM2 Pin=U3-3
Added Net: Name=TXM2
Added Pin To Net: NetName=VCC Pin=C15-2
Added Pin To Net: NetName=VCC Pin=C16-2
Added Pin To Net: NetName=VCC Pin=C17-2
Added Pin To Net: NetName=VCC Pin=C18-P
Added Pin To Net: NetName=VCC Pin=C19-2
Added Pin To Net: NetName=VCC Pin=C22-2
Added Pin To Net: NetName=VCC Pin=C23-2
Added Pin To Net: NetName=VCC Pin=PS1-4
Added Pin To Net: NetName=VCC Pin=R15-2
Added Pin To Net: NetName=VCC Pin=R16-2
Added Pin To Net: NetName=VCC Pin=R19-1
Added Pin To Net: NetName=VCC Pin=R22-2
Added Pin To Net: NetName=VCC Pin=R23-2
Added Pin To Net: NetName=VCC Pin=R26-1
Added Pin To Net: NetName=VCC Pin=TP_2-1
Added Pin To Net: NetName=VCC Pin=U3-16
Added Pin To Net: NetName=VCC Pin=U4-8
Added Pin To Net: NetName=VCC Pin=U5-14
Added Pin To Net: NetName=VCC Pin=U6-8
Added Pin To Net: NetName=VCC Pin=U7-14
Added Net: Name=VCC
Added Pin To Net: NetName=XTAL1 Pin=C6-2
Added Pin To Net: NetName=XTAL1 Pin=R11-2
Added Pin To Net: NetName=XTAL1 Pin=U2-7
Added Pin To Net: NetName=XTAL1 Pin=Y1-2
Added Net: Name=XTAL1
Added Pin To Net: NetName=XTAL2 Pin=C10-2
Added Pin To Net: NetName=XTAL2 Pin=R11-1
Added Pin To Net: NetName=XTAL2 Pin=U2-8
Added Pin To Net: NetName=XTAL2 Pin=Y1-1
Added Net: Name=XTAL2
Added Class: Name=PGS_3
Added Class: Name=PGS_4
Added Rule: Name=Schematic Supply Nets
Added Rule: Name=Schematic Supply Nets_1
Added Rule: Name=Schematic Supply Nets_2
Added Rule: Name=Schematic Supply Nets_3
