ISO-10303-21;
HEADER;
/* Generated by software containing ST-Developer
 * from STEP Tools, Inc. (www.steptools.com) 
 */
/* OPTION: using custom renumber hook */

FILE_DESCRIPTION(
/* description */ ('STEP AP214'),
/* implementation_level */ '2;1');

FILE_NAME(
/* name */ 'USB-AM-S-S-W-TH-R',
/* time_stamp */ '2026-09-18T07:36:30+02:00',
/* author */ ('License CC BY-ND 4.0'),
/* organization */ ('CADENAS'),
/* preprocessor_version */ 'ST-DEVELOPER v20',
/* originating_system */ 'PARTsolutions',
/* authorisation */ '  ');

FILE_SCHEMA (('AUTOMOTIVE_DESIGN {1 0 10303 214 3 1 1}'));
ENDSEC;

DATA;
#10=PROPERTY_DEFINITION_REPRESENTATION(#14,#12);
#11=PROPERTY_DEFINITION_REPRESENTATION(#15,#13);
#12=REPRESENTATION('',(#16),#7124);
#13=REPRESENTATION('',(#17),#7124);
#14=PROPERTY_DEFINITION('pmi validation property','',#7135);
#15=PROPERTY_DEFINITION('pmi validation property','',#7135);
#16=VALUE_REPRESENTATION_ITEM('number of annotations',COUNT_MEASURE(0.));
#17=VALUE_REPRESENTATION_ITEM('number of views',COUNT_MEASURE(0.));
#18=DEGENERATE_TOROIDAL_SURFACE('',#4611,0.200000000000001,0.299999999999999,
 .T.);
#19=DEGENERATE_TOROIDAL_SURFACE('',#4616,0.2,0.3,.T.);
#20=DRAUGHTING_PRE_DEFINED_COLOUR('white');
#21=DRAUGHTING_PRE_DEFINED_COLOUR('yellow');
#22=CONTEXT_DEPENDENT_SHAPE_REPRESENTATION(#28,#7137);
#23=CONTEXT_DEPENDENT_SHAPE_REPRESENTATION(#29,#7139);
#24=CONTEXT_DEPENDENT_SHAPE_REPRESENTATION(#30,#7141);
#25=NEXT_ASSEMBLY_USAGE_OCCURRENCE('NAUO1','USB-AM-S-TH_S',
'USB-AM-S-TH_S',#7142,#7143,'');
#26=NEXT_ASSEMBLY_USAGE_OCCURRENCE('NAUO2','USB-AM-S-W-TH_B',
'USB-AM-S-W-TH_B',#7142,#7144,'');
#27=NEXT_ASSEMBLY_USAGE_OCCURRENCE('NAUO3','USB-AM-S-TH_P',
'USB-AM-S-TH_P',#7142,#7145,'');
#28=(
REPRESENTATION_RELATIONSHIP(' ',' ',#4442,#4441)
REPRESENTATION_RELATIONSHIP_WITH_TRANSFORMATION(#31)
SHAPE_REPRESENTATION_RELATIONSHIP()
);
#29=(
REPRESENTATION_RELATIONSHIP(' ',' ',#4443,#4441)
REPRESENTATION_RELATIONSHIP_WITH_TRANSFORMATION(#32)
SHAPE_REPRESENTATION_RELATIONSHIP()
);
#30=(
REPRESENTATION_RELATIONSHIP(' ',' ',#4444,#4441)
REPRESENTATION_RELATIONSHIP_WITH_TRANSFORMATION(#33)
SHAPE_REPRESENTATION_RELATIONSHIP()
);
#31=ITEM_DEFINED_TRANSFORMATION(' ',' ',#4445,#4563);
#32=ITEM_DEFINED_TRANSFORMATION(' ',' ',#4445,#4659);
#33=ITEM_DEFINED_TRANSFORMATION(' ',' ',#4445,#4736);
#34=SHAPE_REPRESENTATION_RELATIONSHIP('','',#4442,#37);
#35=SHAPE_REPRESENTATION_RELATIONSHIP('','',#4443,#38);
#36=SHAPE_REPRESENTATION_RELATIONSHIP('','',#4444,#39);
#37=ADVANCED_BREP_SHAPE_REPRESENTATION('',(#4434),#7125);
#38=ADVANCED_BREP_SHAPE_REPRESENTATION('',(#4435),#7126);
#39=ADVANCED_BREP_SHAPE_REPRESENTATION('',(#4436),#7127);
#40=CYLINDRICAL_SURFACE('',#4449,0.399999999999999);
#41=CYLINDRICAL_SURFACE('',#4453,0.399999999999999);
#42=CYLINDRICAL_SURFACE('',#4459,0.400000000000001);
#43=CYLINDRICAL_SURFACE('',#4466,0.0999999999999985);
#44=CYLINDRICAL_SURFACE('',#4470,0.0999999999999985);
#45=CYLINDRICAL_SURFACE('',#4476,0.0999999999999989);
#46=CYLINDRICAL_SURFACE('',#4480,0.0999999999999994);
#47=CYLINDRICAL_SURFACE('',#4483,0.400000000000001);
#48=CYLINDRICAL_SURFACE('',#4498,0.400000000000001);
#49=CYLINDRICAL_SURFACE('',#4501,0.599999999999999);
#50=CYLINDRICAL_SURFACE('',#4506,0.899999999999963);
#51=CYLINDRICAL_SURFACE('',#4509,0.100000000000001);
#52=CYLINDRICAL_SURFACE('',#4512,0.899999999999993);
#53=CYLINDRICAL_SURFACE('',#4514,0.900000000000031);
#54=CYLINDRICAL_SURFACE('',#4518,0.100000000000004);
#55=CYLINDRICAL_SURFACE('',#4522,0.899999999999988);
#56=CYLINDRICAL_SURFACE('',#4528,0.599999999999988);
#57=CYLINDRICAL_SURFACE('',#4532,0.400000000000001);
#58=CYLINDRICAL_SURFACE('',#4536,0.600000000000001);
#59=CYLINDRICAL_SURFACE('',#4539,0.600000000000007);
#60=CYLINDRICAL_SURFACE('',#4559,0.445);
#61=CYLINDRICAL_SURFACE('',#4560,0.445);
#62=CYLINDRICAL_SURFACE('',#4561,0.275);
#63=CYLINDRICAL_SURFACE('',#4562,0.275);
#64=CYLINDRICAL_SURFACE('',#4609,0.5);
#65=CYLINDRICAL_SURFACE('',#4614,0.5);
#66=CYLINDRICAL_SURFACE('',#4674,0.199999999999998);
#67=CYLINDRICAL_SURFACE('',#4677,0.199999999999998);
#68=CYLINDRICAL_SURFACE('',#4680,0.199999999999998);
#69=CYLINDRICAL_SURFACE('',#4683,0.199999999999998);
#70=CYLINDRICAL_SURFACE('',#4698,0.449999999999997);
#71=CYLINDRICAL_SURFACE('',#4701,0.449999999999997);
#72=CYLINDRICAL_SURFACE('',#4704,0.449999999999997);
#73=CYLINDRICAL_SURFACE('',#4707,0.449999999999997);
#74=LINE('',#5876,#623);
#75=LINE('',#5879,#624);
#76=LINE('',#5881,#625);
#77=LINE('',#5883,#626);
#78=LINE('',#5885,#627);
#79=LINE('',#5887,#628);
#80=LINE('',#5889,#629);
#81=LINE('',#5891,#630);
#82=LINE('',#5895,#631);
#83=LINE('',#5899,#632);
#84=LINE('',#5902,#633);
#85=LINE('',#5904,#634);
#86=LINE('',#5906,#635);
#87=LINE('',#5907,#636);
#88=LINE('',#5910,#637);
#89=LINE('',#5912,#638);
#90=LINE('',#5914,#639);
#91=LINE('',#5915,#640);
#92=LINE('',#5917,#641);
#93=LINE('',#5919,#642);
#94=LINE('',#5923,#643);
#95=LINE('',#5931,#644);
#96=LINE('',#5934,#645);
#97=LINE('',#5936,#646);
#98=LINE('',#5938,#647);
#99=LINE('',#5940,#648);
#100=LINE('',#5942,#649);
#101=LINE('',#5943,#650);
#102=LINE('',#5947,#651);
#103=LINE('',#5951,#652);
#104=LINE('',#5954,#653);
#105=LINE('',#5956,#654);
#106=LINE('',#5958,#655);
#107=LINE('',#5959,#656);
#108=LINE('',#5962,#657);
#109=LINE('',#5964,#658);
#110=LINE('',#5966,#659);
#111=LINE('',#5967,#660);
#112=LINE('',#5969,#661);
#113=LINE('',#5971,#662);
#114=LINE('',#5977,#663);
#115=LINE('',#5980,#664);
#116=LINE('',#5982,#665);
#117=LINE('',#5984,#666);
#118=LINE('',#5986,#667);
#119=LINE('',#5988,#668);
#120=LINE('',#5990,#669);
#121=LINE('',#5992,#670);
#122=LINE('',#5996,#671);
#123=LINE('',#6000,#672);
#124=LINE('',#6003,#673);
#125=LINE('',#6005,#674);
#126=LINE('',#6007,#675);
#127=LINE('',#6008,#676);
#128=LINE('',#6011,#677);
#129=LINE('',#6013,#678);
#130=LINE('',#6015,#679);
#131=LINE('',#6016,#680);
#132=LINE('',#6018,#681);
#133=LINE('',#6020,#682);
#134=LINE('',#6024,#683);
#135=LINE('',#6032,#684);
#136=LINE('',#6034,#685);
#137=LINE('',#6036,#686);
#138=LINE('',#6038,#687);
#139=LINE('',#6040,#688);
#140=LINE('',#6042,#689);
#141=LINE('',#6044,#690);
#142=LINE('',#6048,#691);
#143=LINE('',#6052,#692);
#144=LINE('',#6055,#693);
#145=LINE('',#6057,#694);
#146=LINE('',#6059,#695);
#147=LINE('',#6060,#696);
#148=LINE('',#6063,#697);
#149=LINE('',#6065,#698);
#150=LINE('',#6067,#699);
#151=LINE('',#6068,#700);
#152=LINE('',#6070,#701);
#153=LINE('',#6072,#702);
#154=LINE('',#6081,#703);
#155=LINE('',#6082,#704);
#156=LINE('',#6084,#705);
#157=LINE('',#6086,#706);
#158=LINE('',#6090,#707);
#159=LINE('',#6094,#708);
#160=LINE('',#6098,#709);
#161=LINE('',#6100,#710);
#162=LINE('',#6102,#711);
#163=LINE('',#6106,#712);
#164=LINE('',#6110,#713);
#165=LINE('',#6114,#714);
#166=LINE('',#6117,#715);
#167=LINE('',#6118,#716);
#168=LINE('',#6122,#717);
#169=LINE('',#6124,#718);
#170=LINE('',#6126,#719);
#171=LINE('',#6130,#720);
#172=LINE('',#6132,#721);
#173=LINE('',#6134,#722);
#174=LINE('',#6136,#723);
#175=LINE('',#6138,#724);
#176=LINE('',#6140,#725);
#177=LINE('',#6142,#726);
#178=LINE('',#6146,#727);
#179=LINE('',#6148,#728);
#180=LINE('',#6150,#729);
#181=LINE('',#6154,#730);
#182=LINE('',#6156,#731);
#183=LINE('',#6158,#732);
#184=LINE('',#6164,#733);
#185=LINE('',#6168,#734);
#186=LINE('',#6170,#735);
#187=LINE('',#6172,#736);
#188=LINE('',#6176,#737);
#189=LINE('',#6180,#738);
#190=LINE('',#6182,#739);
#191=LINE('',#6184,#740);
#192=LINE('',#6188,#741);
#193=LINE('',#6192,#742);
#194=LINE('',#6194,#743);
#195=LINE('',#6196,#744);
#196=LINE('',#6198,#745);
#197=LINE('',#6200,#746);
#198=LINE('',#6202,#747);
#199=LINE('',#6204,#748);
#200=LINE('',#6206,#749);
#201=LINE('',#6208,#750);
#202=LINE('',#6212,#751);
#203=LINE('',#6216,#752);
#204=LINE('',#6218,#753);
#205=LINE('',#6220,#754);
#206=LINE('',#6224,#755);
#207=LINE('',#6228,#756);
#208=LINE('',#6230,#757);
#209=LINE('',#6232,#758);
#210=LINE('',#6241,#759);
#211=LINE('',#6242,#760);
#212=LINE('',#6244,#761);
#213=LINE('',#6245,#762);
#214=LINE('',#6249,#763);
#215=LINE('',#6250,#764);
#216=LINE('',#6252,#765);
#217=LINE('',#6253,#766);
#218=LINE('',#6257,#767);
#219=LINE('',#6258,#768);
#220=LINE('',#6260,#769);
#221=LINE('',#6261,#770);
#222=LINE('',#6265,#771);
#223=LINE('',#6266,#772);
#224=LINE('',#6268,#773);
#225=LINE('',#6269,#774);
#226=LINE('',#6278,#775);
#227=LINE('',#6281,#776);
#228=LINE('',#6283,#777);
#229=LINE('',#6285,#778);
#230=LINE('',#6287,#779);
#231=LINE('',#6290,#780);
#232=LINE('',#6292,#781);
#233=LINE('',#6294,#782);
#234=LINE('',#6296,#783);
#235=LINE('',#6299,#784);
#236=LINE('',#6301,#785);
#237=LINE('',#6303,#786);
#238=LINE('',#6305,#787);
#239=LINE('',#6307,#788);
#240=LINE('',#6309,#789);
#241=LINE('',#6311,#790);
#242=LINE('',#6312,#791);
#243=LINE('',#6315,#792);
#244=LINE('',#6317,#793);
#245=LINE('',#6319,#794);
#246=LINE('',#6321,#795);
#247=LINE('',#6323,#796);
#248=LINE('',#6325,#797);
#249=LINE('',#6327,#798);
#250=LINE('',#6328,#799);
#251=LINE('',#6331,#800);
#252=LINE('',#6333,#801);
#253=LINE('',#6335,#802);
#254=LINE('',#6336,#803);
#255=LINE('',#6339,#804);
#256=LINE('',#6341,#805);
#257=LINE('',#6343,#806);
#258=LINE('',#6345,#807);
#259=LINE('',#6347,#808);
#260=LINE('',#6349,#809);
#261=LINE('',#6351,#810);
#262=LINE('',#6352,#811);
#263=LINE('',#6355,#812);
#264=LINE('',#6357,#813);
#265=LINE('',#6359,#814);
#266=LINE('',#6361,#815);
#267=LINE('',#6363,#816);
#268=LINE('',#6365,#817);
#269=LINE('',#6367,#818);
#270=LINE('',#6369,#819);
#271=LINE('',#6372,#820);
#272=LINE('',#6374,#821);
#273=LINE('',#6376,#822);
#274=LINE('',#6378,#823);
#275=LINE('',#6381,#824);
#276=LINE('',#6383,#825);
#277=LINE('',#6385,#826);
#278=LINE('',#6387,#827);
#279=LINE('',#6390,#828);
#280=LINE('',#6392,#829);
#281=LINE('',#6394,#830);
#282=LINE('',#6396,#831);
#283=LINE('',#6399,#832);
#284=LINE('',#6401,#833);
#285=LINE('',#6403,#834);
#286=LINE('',#6405,#835);
#287=LINE('',#6408,#836);
#288=LINE('',#6410,#837);
#289=LINE('',#6412,#838);
#290=LINE('',#6414,#839);
#291=LINE('',#6417,#840);
#292=LINE('',#6419,#841);
#293=LINE('',#6421,#842);
#294=LINE('',#6423,#843);
#295=LINE('',#6426,#844);
#296=LINE('',#6428,#845);
#297=LINE('',#6430,#846);
#298=LINE('',#6432,#847);
#299=LINE('',#6435,#848);
#300=LINE('',#6436,#849);
#301=LINE('',#6438,#850);
#302=LINE('',#6440,#851);
#303=LINE('',#6442,#852);
#304=LINE('',#6444,#853);
#305=LINE('',#6446,#854);
#306=LINE('',#6448,#855);
#307=LINE('',#6450,#856);
#308=LINE('',#6452,#857);
#309=LINE('',#6454,#858);
#310=LINE('',#6456,#859);
#311=LINE('',#6458,#860);
#312=LINE('',#6460,#861);
#313=LINE('',#6462,#862);
#314=LINE('',#6468,#863);
#315=LINE('',#6469,#864);
#316=LINE('',#6471,#865);
#317=LINE('',#6473,#866);
#318=LINE('',#6475,#867);
#319=LINE('',#6477,#868);
#320=LINE('',#6480,#869);
#321=LINE('',#6482,#870);
#322=LINE('',#6484,#871);
#323=LINE('',#6486,#872);
#324=LINE('',#6488,#873);
#325=LINE('',#6490,#874);
#326=LINE('',#6492,#875);
#327=LINE('',#6494,#876);
#328=LINE('',#6496,#877);
#329=LINE('',#6498,#878);
#330=LINE('',#6500,#879);
#331=LINE('',#6502,#880);
#332=LINE('',#6504,#881);
#333=LINE('',#6506,#882);
#334=LINE('',#6508,#883);
#335=LINE('',#6510,#884);
#336=LINE('',#6512,#885);
#337=LINE('',#6514,#886);
#338=LINE('',#6516,#887);
#339=LINE('',#6517,#888);
#340=LINE('',#6518,#889);
#341=LINE('',#6520,#890);
#342=LINE('',#6521,#891);
#343=LINE('',#6525,#892);
#344=LINE('',#6527,#893);
#345=LINE('',#6528,#894);
#346=LINE('',#6529,#895);
#347=LINE('',#6531,#896);
#348=LINE('',#6533,#897);
#349=LINE('',#6534,#898);
#350=LINE('',#6536,#899);
#351=LINE('',#6538,#900);
#352=LINE('',#6539,#901);
#353=LINE('',#6541,#902);
#354=LINE('',#6543,#903);
#355=LINE('',#6544,#904);
#356=LINE('',#6546,#905);
#357=LINE('',#6550,#906);
#358=LINE('',#6551,#907);
#359=LINE('',#6552,#908);
#360=LINE('',#6554,#909);
#361=LINE('',#6556,#910);
#362=LINE('',#6558,#911);
#363=LINE('',#6560,#912);
#364=LINE('',#6562,#913);
#365=LINE('',#6564,#914);
#366=LINE('',#6566,#915);
#367=LINE('',#6568,#916);
#368=LINE('',#6570,#917);
#369=LINE('',#6571,#918);
#370=LINE('',#6573,#919);
#371=LINE('',#6575,#920);
#372=LINE('',#6576,#921);
#373=LINE('',#6577,#922);
#374=LINE('',#6579,#923);
#375=LINE('',#6581,#924);
#376=LINE('',#6583,#925);
#377=LINE('',#6585,#926);
#378=LINE('',#6587,#927);
#379=LINE('',#6589,#928);
#380=LINE('',#6591,#929);
#381=LINE('',#6593,#930);
#382=LINE('',#6595,#931);
#383=LINE('',#6596,#932);
#384=LINE('',#6598,#933);
#385=LINE('',#6600,#934);
#386=LINE('',#6601,#935);
#387=LINE('',#6602,#936);
#388=LINE('',#6604,#937);
#389=LINE('',#6606,#938);
#390=LINE('',#6608,#939);
#391=LINE('',#6610,#940);
#392=LINE('',#6612,#941);
#393=LINE('',#6614,#942);
#394=LINE('',#6616,#943);
#395=LINE('',#6618,#944);
#396=LINE('',#6620,#945);
#397=LINE('',#6621,#946);
#398=LINE('',#6623,#947);
#399=LINE('',#6625,#948);
#400=LINE('',#6626,#949);
#401=LINE('',#6627,#950);
#402=LINE('',#6629,#951);
#403=LINE('',#6631,#952);
#404=LINE('',#6633,#953);
#405=LINE('',#6635,#954);
#406=LINE('',#6637,#955);
#407=LINE('',#6639,#956);
#408=LINE('',#6641,#957);
#409=LINE('',#6643,#958);
#410=LINE('',#6645,#959);
#411=LINE('',#6646,#960);
#412=LINE('',#6648,#961);
#413=LINE('',#6664,#962);
#414=LINE('',#6666,#963);
#415=LINE('',#6668,#964);
#416=LINE('',#6670,#965);
#417=LINE('',#6672,#966);
#418=LINE('',#6674,#967);
#419=LINE('',#6675,#968);
#420=LINE('',#6678,#969);
#421=LINE('',#6680,#970);
#422=LINE('',#6682,#971);
#423=LINE('',#6683,#972);
#424=LINE('',#6685,#973);
#425=LINE('',#6687,#974);
#426=LINE('',#6691,#975);
#427=LINE('',#6693,#976);
#428=LINE('',#6695,#977);
#429=LINE('',#6697,#978);
#430=LINE('',#6699,#979);
#431=LINE('',#6701,#980);
#432=LINE('',#6702,#981);
#433=LINE('',#6705,#982);
#434=LINE('',#6707,#983);
#435=LINE('',#6709,#984);
#436=LINE('',#6710,#985);
#437=LINE('',#6712,#986);
#438=LINE('',#6714,#987);
#439=LINE('',#6718,#988);
#440=LINE('',#6720,#989);
#441=LINE('',#6722,#990);
#442=LINE('',#6724,#991);
#443=LINE('',#6726,#992);
#444=LINE('',#6728,#993);
#445=LINE('',#6729,#994);
#446=LINE('',#6732,#995);
#447=LINE('',#6734,#996);
#448=LINE('',#6736,#997);
#449=LINE('',#6737,#998);
#450=LINE('',#6739,#999);
#451=LINE('',#6741,#1000);
#452=LINE('',#6745,#1001);
#453=LINE('',#6747,#1002);
#454=LINE('',#6749,#1003);
#455=LINE('',#6751,#1004);
#456=LINE('',#6753,#1005);
#457=LINE('',#6755,#1006);
#458=LINE('',#6756,#1007);
#459=LINE('',#6759,#1008);
#460=LINE('',#6761,#1009);
#461=LINE('',#6763,#1010);
#462=LINE('',#6764,#1011);
#463=LINE('',#6766,#1012);
#464=LINE('',#6768,#1013);
#465=LINE('',#6773,#1014);
#466=LINE('',#6776,#1015);
#467=LINE('',#6778,#1016);
#468=LINE('',#6780,#1017);
#469=LINE('',#6782,#1018);
#470=LINE('',#6784,#1019);
#471=LINE('',#6786,#1020);
#472=LINE('',#6788,#1021);
#473=LINE('',#6790,#1022);
#474=LINE('',#6792,#1023);
#475=LINE('',#6794,#1024);
#476=LINE('',#6796,#1025);
#477=LINE('',#6798,#1026);
#478=LINE('',#6800,#1027);
#479=LINE('',#6802,#1028);
#480=LINE('',#6804,#1029);
#481=LINE('',#6806,#1030);
#482=LINE('',#6808,#1031);
#483=LINE('',#6810,#1032);
#484=LINE('',#6812,#1033);
#485=LINE('',#6814,#1034);
#486=LINE('',#6816,#1035);
#487=LINE('',#6818,#1036);
#488=LINE('',#6820,#1037);
#489=LINE('',#6822,#1038);
#490=LINE('',#6824,#1039);
#491=LINE('',#6826,#1040);
#492=LINE('',#6828,#1041);
#493=LINE('',#6830,#1042);
#494=LINE('',#6832,#1043);
#495=LINE('',#6834,#1044);
#496=LINE('',#6836,#1045);
#497=LINE('',#6838,#1046);
#498=LINE('',#6840,#1047);
#499=LINE('',#6842,#1048);
#500=LINE('',#6844,#1049);
#501=LINE('',#6846,#1050);
#502=LINE('',#6848,#1051);
#503=LINE('',#6850,#1052);
#504=LINE('',#6852,#1053);
#505=LINE('',#6854,#1054);
#506=LINE('',#6856,#1055);
#507=LINE('',#6858,#1056);
#508=LINE('',#6860,#1057);
#509=LINE('',#6862,#1058);
#510=LINE('',#6865,#1059);
#511=LINE('',#6867,#1060);
#512=LINE('',#6869,#1061);
#513=LINE('',#6871,#1062);
#514=LINE('',#6873,#1063);
#515=LINE('',#6875,#1064);
#516=LINE('',#6877,#1065);
#517=LINE('',#6879,#1066);
#518=LINE('',#6881,#1067);
#519=LINE('',#6883,#1068);
#520=LINE('',#6885,#1069);
#521=LINE('',#6887,#1070);
#522=LINE('',#6889,#1071);
#523=LINE('',#6891,#1072);
#524=LINE('',#6893,#1073);
#525=LINE('',#6895,#1074);
#526=LINE('',#6897,#1075);
#527=LINE('',#6899,#1076);
#528=LINE('',#6901,#1077);
#529=LINE('',#6903,#1078);
#530=LINE('',#6905,#1079);
#531=LINE('',#6907,#1080);
#532=LINE('',#6909,#1081);
#533=LINE('',#6911,#1082);
#534=LINE('',#6913,#1083);
#535=LINE('',#6915,#1084);
#536=LINE('',#6917,#1085);
#537=LINE('',#6919,#1086);
#538=LINE('',#6920,#1087);
#539=LINE('',#6922,#1088);
#540=LINE('',#6923,#1089);
#541=LINE('',#6925,#1090);
#542=LINE('',#6926,#1091);
#543=LINE('',#6928,#1092);
#544=LINE('',#6929,#1093);
#545=LINE('',#6931,#1094);
#546=LINE('',#6937,#1095);
#547=LINE('',#6943,#1096);
#548=LINE('',#6949,#1097);
#549=LINE('',#6955,#1098);
#550=LINE('',#6957,#1099);
#551=LINE('',#6959,#1100);
#552=LINE('',#6961,#1101);
#553=LINE('',#6963,#1102);
#554=LINE('',#6965,#1103);
#555=LINE('',#6967,#1104);
#556=LINE('',#6969,#1105);
#557=LINE('',#6971,#1106);
#558=LINE('',#6973,#1107);
#559=LINE('',#6975,#1108);
#560=LINE('',#6977,#1109);
#561=LINE('',#6979,#1110);
#562=LINE('',#6981,#1111);
#563=LINE('',#6983,#1112);
#564=LINE('',#6985,#1113);
#565=LINE('',#6987,#1114);
#566=LINE('',#6989,#1115);
#567=LINE('',#6991,#1116);
#568=LINE('',#6993,#1117);
#569=LINE('',#6995,#1118);
#570=LINE('',#6997,#1119);
#571=LINE('',#6999,#1120);
#572=LINE('',#7001,#1121);
#573=LINE('',#7003,#1122);
#574=LINE('',#7005,#1123);
#575=LINE('',#7007,#1124);
#576=LINE('',#7009,#1125);
#577=LINE('',#7011,#1126);
#578=LINE('',#7013,#1127);
#579=LINE('',#7015,#1128);
#580=LINE('',#7017,#1129);
#581=LINE('',#7019,#1130);
#582=LINE('',#7021,#1131);
#583=LINE('',#7023,#1132);
#584=LINE('',#7025,#1133);
#585=LINE('',#7031,#1134);
#586=LINE('',#7037,#1135);
#587=LINE('',#7043,#1136);
#588=LINE('',#7049,#1137);
#589=LINE('',#7051,#1138);
#590=LINE('',#7053,#1139);
#591=LINE('',#7055,#1140);
#592=LINE('',#7057,#1141);
#593=LINE('',#7058,#1142);
#594=LINE('',#7060,#1143);
#595=LINE('',#7062,#1144);
#596=LINE('',#7063,#1145);
#597=LINE('',#7065,#1146);
#598=LINE('',#7067,#1147);
#599=LINE('',#7068,#1148);
#600=LINE('',#7070,#1149);
#601=LINE('',#7072,#1150);
#602=LINE('',#7074,#1151);
#603=LINE('',#7076,#1152);
#604=LINE('',#7078,#1153);
#605=LINE('',#7080,#1154);
#606=LINE('',#7081,#1155);
#607=LINE('',#7083,#1156);
#608=LINE('',#7085,#1157);
#609=LINE('',#7087,#1158);
#610=LINE('',#7090,#1159);
#611=LINE('',#7093,#1160);
#612=LINE('',#7094,#1161);
#613=LINE('',#7098,#1162);
#614=LINE('',#7099,#1163);
#615=LINE('',#7103,#1164);
#616=LINE('',#7105,#1165);
#617=LINE('',#7108,#1166);
#618=LINE('',#7110,#1167);
#619=LINE('',#7113,#1168);
#620=LINE('',#7115,#1169);
#621=LINE('',#7118,#1170);
#622=LINE('',#7119,#1171);
#623=VECTOR('',#4745,1000.);
#624=VECTOR('',#4746,1000.);
#625=VECTOR('',#4747,1000.);
#626=VECTOR('',#4748,1000.);
#627=VECTOR('',#4749,1000.);
#628=VECTOR('',#4750,1000.);
#629=VECTOR('',#4751,1000.);
#630=VECTOR('',#4752,1000.);
#631=VECTOR('',#4757,1000.);
#632=VECTOR('',#4762,1000.);
#633=VECTOR('',#4763,1000.);
#634=VECTOR('',#4764,1000.);
#635=VECTOR('',#4765,1000.);
#636=VECTOR('',#4766,1000.);
#637=VECTOR('',#4767,1000.);
#638=VECTOR('',#4768,1000.);
#639=VECTOR('',#4769,1000.);
#640=VECTOR('',#4770,1000.);
#641=VECTOR('',#4771,1000.);
#642=VECTOR('',#4772,1000.);
#643=VECTOR('',#4777,1000.);
#644=VECTOR('',#4786,1000.);
#645=VECTOR('',#4787,1000.);
#646=VECTOR('',#4788,1000.);
#647=VECTOR('',#4789,1000.);
#648=VECTOR('',#4790,1000.);
#649=VECTOR('',#4791,1000.);
#650=VECTOR('',#4792,1000.);
#651=VECTOR('',#4797,1000.);
#652=VECTOR('',#4802,1000.);
#653=VECTOR('',#4803,1000.);
#654=VECTOR('',#4804,1000.);
#655=VECTOR('',#4805,1000.);
#656=VECTOR('',#4806,1000.);
#657=VECTOR('',#4807,1000.);
#658=VECTOR('',#4808,1000.);
#659=VECTOR('',#4809,1000.);
#660=VECTOR('',#4810,1000.);
#661=VECTOR('',#4811,1000.);
#662=VECTOR('',#4812,1000.);
#663=VECTOR('',#4819,1000.);
#664=VECTOR('',#4820,1000.);
#665=VECTOR('',#4821,1000.);
#666=VECTOR('',#4822,1000.);
#667=VECTOR('',#4823,1000.);
#668=VECTOR('',#4824,1000.);
#669=VECTOR('',#4825,1000.);
#670=VECTOR('',#4826,1000.);
#671=VECTOR('',#4831,1000.);
#672=VECTOR('',#4836,1000.);
#673=VECTOR('',#4837,1000.);
#674=VECTOR('',#4838,1000.);
#675=VECTOR('',#4839,1000.);
#676=VECTOR('',#4840,1000.);
#677=VECTOR('',#4841,1000.);
#678=VECTOR('',#4842,1000.);
#679=VECTOR('',#4843,1000.);
#680=VECTOR('',#4844,1000.);
#681=VECTOR('',#4845,1000.);
#682=VECTOR('',#4846,1000.);
#683=VECTOR('',#4851,1000.);
#684=VECTOR('',#4860,1000.);
#685=VECTOR('',#4861,1000.);
#686=VECTOR('',#4862,1000.);
#687=VECTOR('',#4863,1000.);
#688=VECTOR('',#4864,1000.);
#689=VECTOR('',#4865,1000.);
#690=VECTOR('',#4866,1000.);
#691=VECTOR('',#4871,1000.);
#692=VECTOR('',#4876,1000.);
#693=VECTOR('',#4877,1000.);
#694=VECTOR('',#4878,1000.);
#695=VECTOR('',#4879,1000.);
#696=VECTOR('',#4880,1000.);
#697=VECTOR('',#4881,1000.);
#698=VECTOR('',#4882,1000.);
#699=VECTOR('',#4883,1000.);
#700=VECTOR('',#4884,1000.);
#701=VECTOR('',#4885,1000.);
#702=VECTOR('',#4886,1000.);
#703=VECTOR('',#4903,1000.);
#704=VECTOR('',#4904,1000.);
#705=VECTOR('',#4907,1000.);
#706=VECTOR('',#4910,1000.);
#707=VECTOR('',#4915,1000.);
#708=VECTOR('',#4918,1000.);
#709=VECTOR('',#4921,1000.);
#710=VECTOR('',#4922,1000.);
#711=VECTOR('',#4923,1000.);
#712=VECTOR('',#4926,1000.);
#713=VECTOR('',#4929,1000.);
#714=VECTOR('',#4934,1000.);
#715=VECTOR('',#4935,1000.);
#716=VECTOR('',#4936,1000.);
#717=VECTOR('',#4941,1000.);
#718=VECTOR('',#4944,1000.);
#719=VECTOR('',#4945,1000.);
#720=VECTOR('',#4950,1000.);
#721=VECTOR('',#4953,1000.);
#722=VECTOR('',#4954,1000.);
#723=VECTOR('',#4957,1000.);
#724=VECTOR('',#4958,1000.);
#725=VECTOR('',#4961,1000.);
#726=VECTOR('',#4962,1000.);
#727=VECTOR('',#4967,1000.);
#728=VECTOR('',#4970,1000.);
#729=VECTOR('',#4971,1000.);
#730=VECTOR('',#4976,1000.);
#731=VECTOR('',#4979,1000.);
#732=VECTOR('',#4980,1000.);
#733=VECTOR('',#4989,1000.);
#734=VECTOR('',#4994,1000.);
#735=VECTOR('',#4995,1000.);
#736=VECTOR('',#4996,1000.);
#737=VECTOR('',#5001,1000.);
#738=VECTOR('',#5006,1000.);
#739=VECTOR('',#5007,1000.);
#740=VECTOR('',#5008,1000.);
#741=VECTOR('',#5013,1000.);
#742=VECTOR('',#5018,1000.);
#743=VECTOR('',#5019,1000.);
#744=VECTOR('',#5020,1000.);
#745=VECTOR('',#5023,1000.);
#746=VECTOR('',#5024,1000.);
#747=VECTOR('',#5025,1000.);
#748=VECTOR('',#5028,1000.);
#749=VECTOR('',#5029,1000.);
#750=VECTOR('',#5030,1000.);
#751=VECTOR('',#5035,1000.);
#752=VECTOR('',#5040,1000.);
#753=VECTOR('',#5041,1000.);
#754=VECTOR('',#5042,1000.);
#755=VECTOR('',#5047,1000.);
#756=VECTOR('',#5052,1000.);
#757=VECTOR('',#5053,1000.);
#758=VECTOR('',#5054,1000.);
#759=VECTOR('',#5071,1000.);
#760=VECTOR('',#5072,1000.);
#761=VECTOR('',#5075,1000.);
#762=VECTOR('',#5076,1000.);
#763=VECTOR('',#5083,1000.);
#764=VECTOR('',#5084,1000.);
#765=VECTOR('',#5087,1000.);
#766=VECTOR('',#5088,1000.);
#767=VECTOR('',#5095,1000.);
#768=VECTOR('',#5096,1000.);
#769=VECTOR('',#5099,1000.);
#770=VECTOR('',#5100,1000.);
#771=VECTOR('',#5107,1000.);
#772=VECTOR('',#5108,1000.);
#773=VECTOR('',#5111,1000.);
#774=VECTOR('',#5112,1000.);
#775=VECTOR('',#5129,1000.);
#776=VECTOR('',#5130,1000.);
#777=VECTOR('',#5131,1000.);
#778=VECTOR('',#5132,1000.);
#779=VECTOR('',#5135,1000.);
#780=VECTOR('',#5136,1000.);
#781=VECTOR('',#5137,1000.);
#782=VECTOR('',#5138,1000.);
#783=VECTOR('',#5141,1000.);
#784=VECTOR('',#5142,1000.);
#785=VECTOR('',#5143,1000.);
#786=VECTOR('',#5144,1000.);
#787=VECTOR('',#5145,1000.);
#788=VECTOR('',#5146,1000.);
#789=VECTOR('',#5147,1000.);
#790=VECTOR('',#5148,1000.);
#791=VECTOR('',#5149,1000.);
#792=VECTOR('',#5150,1000.);
#793=VECTOR('',#5151,1000.);
#794=VECTOR('',#5152,1000.);
#795=VECTOR('',#5153,1000.);
#796=VECTOR('',#5154,1000.);
#797=VECTOR('',#5155,1000.);
#798=VECTOR('',#5156,1000.);
#799=VECTOR('',#5157,1000.);
#800=VECTOR('',#5158,1000.);
#801=VECTOR('',#5159,1000.);
#802=VECTOR('',#5160,1000.);
#803=VECTOR('',#5161,1000.);
#804=VECTOR('',#5162,1000.);
#805=VECTOR('',#5163,1000.);
#806=VECTOR('',#5164,1000.);
#807=VECTOR('',#5165,1000.);
#808=VECTOR('',#5166,1000.);
#809=VECTOR('',#5167,1000.);
#810=VECTOR('',#5168,1000.);
#811=VECTOR('',#5169,1000.);
#812=VECTOR('',#5170,1000.);
#813=VECTOR('',#5171,1000.);
#814=VECTOR('',#5172,1000.);
#815=VECTOR('',#5173,1000.);
#816=VECTOR('',#5174,1000.);
#817=VECTOR('',#5175,1000.);
#818=VECTOR('',#5176,1000.);
#819=VECTOR('',#5179,1000.);
#820=VECTOR('',#5180,1000.);
#821=VECTOR('',#5181,1000.);
#822=VECTOR('',#5182,1000.);
#823=VECTOR('',#5185,1000.);
#824=VECTOR('',#5186,1000.);
#825=VECTOR('',#5187,1000.);
#826=VECTOR('',#5188,1000.);
#827=VECTOR('',#5191,1000.);
#828=VECTOR('',#5192,1000.);
#829=VECTOR('',#5193,1000.);
#830=VECTOR('',#5194,1000.);
#831=VECTOR('',#5197,1000.);
#832=VECTOR('',#5198,1000.);
#833=VECTOR('',#5199,1000.);
#834=VECTOR('',#5200,1000.);
#835=VECTOR('',#5203,1000.);
#836=VECTOR('',#5204,1000.);
#837=VECTOR('',#5205,1000.);
#838=VECTOR('',#5206,1000.);
#839=VECTOR('',#5209,1000.);
#840=VECTOR('',#5210,1000.);
#841=VECTOR('',#5211,1000.);
#842=VECTOR('',#5212,1000.);
#843=VECTOR('',#5215,1000.);
#844=VECTOR('',#5216,1000.);
#845=VECTOR('',#5217,1000.);
#846=VECTOR('',#5218,1000.);
#847=VECTOR('',#5221,1000.);
#848=VECTOR('',#5222,1000.);
#849=VECTOR('',#5223,1000.);
#850=VECTOR('',#5224,1000.);
#851=VECTOR('',#5225,1000.);
#852=VECTOR('',#5226,1000.);
#853=VECTOR('',#5227,1000.);
#854=VECTOR('',#5230,1000.);
#855=VECTOR('',#5231,1000.);
#856=VECTOR('',#5232,1000.);
#857=VECTOR('',#5235,1000.);
#858=VECTOR('',#5236,1000.);
#859=VECTOR('',#5237,1000.);
#860=VECTOR('',#5240,1000.);
#861=VECTOR('',#5241,1000.);
#862=VECTOR('',#5242,1000.);
#863=VECTOR('',#5249,1000.);
#864=VECTOR('',#5250,1000.);
#865=VECTOR('',#5253,1000.);
#866=VECTOR('',#5254,1000.);
#867=VECTOR('',#5255,1000.);
#868=VECTOR('',#5258,1000.);
#869=VECTOR('',#5259,1000.);
#870=VECTOR('',#5260,1000.);
#871=VECTOR('',#5261,1000.);
#872=VECTOR('',#5262,1000.);
#873=VECTOR('',#5263,1000.);
#874=VECTOR('',#5264,1000.);
#875=VECTOR('',#5265,1000.);
#876=VECTOR('',#5266,1000.);
#877=VECTOR('',#5267,1000.);
#878=VECTOR('',#5268,1000.);
#879=VECTOR('',#5269,1000.);
#880=VECTOR('',#5270,1000.);
#881=VECTOR('',#5271,1000.);
#882=VECTOR('',#5272,1000.);
#883=VECTOR('',#5273,1000.);
#884=VECTOR('',#5274,1000.);
#885=VECTOR('',#5275,1000.);
#886=VECTOR('',#5276,1000.);
#887=VECTOR('',#5277,1000.);
#888=VECTOR('',#5278,1000.);
#889=VECTOR('',#5279,1000.);
#890=VECTOR('',#5282,1000.);
#891=VECTOR('',#5283,1000.);
#892=VECTOR('',#5290,1000.);
#893=VECTOR('',#5291,1000.);
#894=VECTOR('',#5292,1000.);
#895=VECTOR('',#5293,1000.);
#896=VECTOR('',#5294,1000.);
#897=VECTOR('',#5295,1000.);
#898=VECTOR('',#5296,1000.);
#899=VECTOR('',#5297,1000.);
#900=VECTOR('',#5298,1000.);
#901=VECTOR('',#5299,1000.);
#902=VECTOR('',#5300,1000.);
#903=VECTOR('',#5301,1000.);
#904=VECTOR('',#5302,1000.);
#905=VECTOR('',#5303,1000.);
#906=VECTOR('',#5310,1000.);
#907=VECTOR('',#5311,1000.);
#908=VECTOR('',#5312,1000.);
#909=VECTOR('',#5315,1000.);
#910=VECTOR('',#5316,1000.);
#911=VECTOR('',#5317,1000.);
#912=VECTOR('',#5320,1000.);
#913=VECTOR('',#5321,1000.);
#914=VECTOR('',#5322,1000.);
#915=VECTOR('',#5325,1000.);
#916=VECTOR('',#5328,1000.);
#917=VECTOR('',#5329,1000.);
#918=VECTOR('',#5330,1000.);
#919=VECTOR('',#5331,1000.);
#920=VECTOR('',#5334,1000.);
#921=VECTOR('',#5335,1000.);
#922=VECTOR('',#5336,1000.);
#923=VECTOR('',#5339,1000.);
#924=VECTOR('',#5340,1000.);
#925=VECTOR('',#5341,1000.);
#926=VECTOR('',#5344,1000.);
#927=VECTOR('',#5345,1000.);
#928=VECTOR('',#5346,1000.);
#929=VECTOR('',#5349,1000.);
#930=VECTOR('',#5352,1000.);
#931=VECTOR('',#5353,1000.);
#932=VECTOR('',#5354,1000.);
#933=VECTOR('',#5355,1000.);
#934=VECTOR('',#5358,1000.);
#935=VECTOR('',#5359,1000.);
#936=VECTOR('',#5360,1000.);
#937=VECTOR('',#5363,1000.);
#938=VECTOR('',#5364,1000.);
#939=VECTOR('',#5365,1000.);
#940=VECTOR('',#5368,1000.);
#941=VECTOR('',#5369,1000.);
#942=VECTOR('',#5370,1000.);
#943=VECTOR('',#5373,1000.);
#944=VECTOR('',#5376,1000.);
#945=VECTOR('',#5377,1000.);
#946=VECTOR('',#5378,1000.);
#947=VECTOR('',#5379,1000.);
#948=VECTOR('',#5382,1000.);
#949=VECTOR('',#5383,1000.);
#950=VECTOR('',#5384,1000.);
#951=VECTOR('',#5387,1000.);
#952=VECTOR('',#5388,1000.);
#953=VECTOR('',#5389,1000.);
#954=VECTOR('',#5392,1000.);
#955=VECTOR('',#5393,1000.);
#956=VECTOR('',#5394,1000.);
#957=VECTOR('',#5397,1000.);
#958=VECTOR('',#5400,1000.);
#959=VECTOR('',#5401,1000.);
#960=VECTOR('',#5402,1000.);
#961=VECTOR('',#5403,1000.);
#962=VECTOR('',#5426,1000.);
#963=VECTOR('',#5427,1000.);
#964=VECTOR('',#5430,1000.);
#965=VECTOR('',#5431,1000.);
#966=VECTOR('',#5432,1000.);
#967=VECTOR('',#5435,1000.);
#968=VECTOR('',#5436,1000.);
#969=VECTOR('',#5441,1000.);
#970=VECTOR('',#5442,1000.);
#971=VECTOR('',#5445,1000.);
#972=VECTOR('',#5446,1000.);
#973=VECTOR('',#5449,1000.);
#974=VECTOR('',#5452,1000.);
#975=VECTOR('',#5459,1000.);
#976=VECTOR('',#5460,1000.);
#977=VECTOR('',#5463,1000.);
#978=VECTOR('',#5464,1000.);
#979=VECTOR('',#5465,1000.);
#980=VECTOR('',#5468,1000.);
#981=VECTOR('',#5469,1000.);
#982=VECTOR('',#5474,1000.);
#983=VECTOR('',#5475,1000.);
#984=VECTOR('',#5478,1000.);
#985=VECTOR('',#5479,1000.);
#986=VECTOR('',#5482,1000.);
#987=VECTOR('',#5485,1000.);
#988=VECTOR('',#5492,1000.);
#989=VECTOR('',#5493,1000.);
#990=VECTOR('',#5496,1000.);
#991=VECTOR('',#5497,1000.);
#992=VECTOR('',#5498,1000.);
#993=VECTOR('',#5501,1000.);
#994=VECTOR('',#5502,1000.);
#995=VECTOR('',#5507,1000.);
#996=VECTOR('',#5508,1000.);
#997=VECTOR('',#5511,1000.);
#998=VECTOR('',#5512,1000.);
#999=VECTOR('',#5515,1000.);
#1000=VECTOR('',#5518,1000.);
#1001=VECTOR('',#5525,1000.);
#1002=VECTOR('',#5526,1000.);
#1003=VECTOR('',#5529,1000.);
#1004=VECTOR('',#5530,1000.);
#1005=VECTOR('',#5531,1000.);
#1006=VECTOR('',#5534,1000.);
#1007=VECTOR('',#5535,1000.);
#1008=VECTOR('',#5540,1000.);
#1009=VECTOR('',#5541,1000.);
#1010=VECTOR('',#5544,1000.);
#1011=VECTOR('',#5545,1000.);
#1012=VECTOR('',#5548,1000.);
#1013=VECTOR('',#5551,1000.);
#1014=VECTOR('',#5560,1000.);
#1015=VECTOR('',#5561,1000.);
#1016=VECTOR('',#5562,1000.);
#1017=VECTOR('',#5563,1000.);
#1018=VECTOR('',#5564,1000.);
#1019=VECTOR('',#5565,1000.);
#1020=VECTOR('',#5566,1000.);
#1021=VECTOR('',#5567,1000.);
#1022=VECTOR('',#5568,1000.);
#1023=VECTOR('',#5569,1000.);
#1024=VECTOR('',#5570,1000.);
#1025=VECTOR('',#5571,1000.);
#1026=VECTOR('',#5572,1000.);
#1027=VECTOR('',#5573,1000.);
#1028=VECTOR('',#5574,1000.);
#1029=VECTOR('',#5575,1000.);
#1030=VECTOR('',#5576,1000.);
#1031=VECTOR('',#5577,1000.);
#1032=VECTOR('',#5578,1000.);
#1033=VECTOR('',#5579,1000.);
#1034=VECTOR('',#5580,1000.);
#1035=VECTOR('',#5581,1000.);
#1036=VECTOR('',#5582,1000.);
#1037=VECTOR('',#5583,1000.);
#1038=VECTOR('',#5584,1000.);
#1039=VECTOR('',#5585,1000.);
#1040=VECTOR('',#5586,1000.);
#1041=VECTOR('',#5587,1000.);
#1042=VECTOR('',#5588,1000.);
#1043=VECTOR('',#5589,1000.);
#1044=VECTOR('',#5590,1000.);
#1045=VECTOR('',#5591,1000.);
#1046=VECTOR('',#5594,1000.);
#1047=VECTOR('',#5595,1000.);
#1048=VECTOR('',#5596,1000.);
#1049=VECTOR('',#5599,1000.);
#1050=VECTOR('',#5600,1000.);
#1051=VECTOR('',#5601,1000.);
#1052=VECTOR('',#5604,1000.);
#1053=VECTOR('',#5605,1000.);
#1054=VECTOR('',#5606,1000.);
#1055=VECTOR('',#5609,1000.);
#1056=VECTOR('',#5610,1000.);
#1057=VECTOR('',#5611,1000.);
#1058=VECTOR('',#5614,1000.);
#1059=VECTOR('',#5615,1000.);
#1060=VECTOR('',#5616,1000.);
#1061=VECTOR('',#5617,1000.);
#1062=VECTOR('',#5618,1000.);
#1063=VECTOR('',#5619,1000.);
#1064=VECTOR('',#5620,1000.);
#1065=VECTOR('',#5621,1000.);
#1066=VECTOR('',#5622,1000.);
#1067=VECTOR('',#5623,1000.);
#1068=VECTOR('',#5624,1000.);
#1069=VECTOR('',#5625,1000.);
#1070=VECTOR('',#5626,1000.);
#1071=VECTOR('',#5627,1000.);
#1072=VECTOR('',#5628,1000.);
#1073=VECTOR('',#5629,1000.);
#1074=VECTOR('',#5632,1000.);
#1075=VECTOR('',#5633,1000.);
#1076=VECTOR('',#5634,1000.);
#1077=VECTOR('',#5637,1000.);
#1078=VECTOR('',#5638,1000.);
#1079=VECTOR('',#5639,1000.);
#1080=VECTOR('',#5642,1000.);
#1081=VECTOR('',#5643,1000.);
#1082=VECTOR('',#5644,1000.);
#1083=VECTOR('',#5647,1000.);
#1084=VECTOR('',#5648,1000.);
#1085=VECTOR('',#5649,1000.);
#1086=VECTOR('',#5652,1000.);
#1087=VECTOR('',#5653,1000.);
#1088=VECTOR('',#5656,1000.);
#1089=VECTOR('',#5657,1000.);
#1090=VECTOR('',#5660,1000.);
#1091=VECTOR('',#5661,1000.);
#1092=VECTOR('',#5664,1000.);
#1093=VECTOR('',#5665,1000.);
#1094=VECTOR('',#5668,1000.);
#1095=VECTOR('',#5675,1000.);
#1096=VECTOR('',#5682,1000.);
#1097=VECTOR('',#5689,1000.);
#1098=VECTOR('',#5696,1000.);
#1099=VECTOR('',#5697,1000.);
#1100=VECTOR('',#5698,1000.);
#1101=VECTOR('',#5701,1000.);
#1102=VECTOR('',#5702,1000.);
#1103=VECTOR('',#5703,1000.);
#1104=VECTOR('',#5706,1000.);
#1105=VECTOR('',#5707,1000.);
#1106=VECTOR('',#5708,1000.);
#1107=VECTOR('',#5711,1000.);
#1108=VECTOR('',#5712,1000.);
#1109=VECTOR('',#5713,1000.);
#1110=VECTOR('',#5716,1000.);
#1111=VECTOR('',#5717,1000.);
#1112=VECTOR('',#5718,1000.);
#1113=VECTOR('',#5721,1000.);
#1114=VECTOR('',#5722,1000.);
#1115=VECTOR('',#5723,1000.);
#1116=VECTOR('',#5726,1000.);
#1117=VECTOR('',#5727,1000.);
#1118=VECTOR('',#5728,1000.);
#1119=VECTOR('',#5731,1000.);
#1120=VECTOR('',#5732,1000.);
#1121=VECTOR('',#5733,1000.);
#1122=VECTOR('',#5736,1000.);
#1123=VECTOR('',#5737,1000.);
#1124=VECTOR('',#5738,1000.);
#1125=VECTOR('',#5741,1000.);
#1126=VECTOR('',#5742,1000.);
#1127=VECTOR('',#5743,1000.);
#1128=VECTOR('',#5746,1000.);
#1129=VECTOR('',#5747,1000.);
#1130=VECTOR('',#5748,1000.);
#1131=VECTOR('',#5751,1000.);
#1132=VECTOR('',#5752,1000.);
#1133=VECTOR('',#5753,1000.);
#1134=VECTOR('',#5760,1000.);
#1135=VECTOR('',#5767,1000.);
#1136=VECTOR('',#5774,1000.);
#1137=VECTOR('',#5781,1000.);
#1138=VECTOR('',#5784,1000.);
#1139=VECTOR('',#5785,1000.);
#1140=VECTOR('',#5786,1000.);
#1141=VECTOR('',#5787,1000.);
#1142=VECTOR('',#5788,1000.);
#1143=VECTOR('',#5789,1000.);
#1144=VECTOR('',#5790,1000.);
#1145=VECTOR('',#5791,1000.);
#1146=VECTOR('',#5792,1000.);
#1147=VECTOR('',#5793,1000.);
#1148=VECTOR('',#5794,1000.);
#1149=VECTOR('',#5795,1000.);
#1150=VECTOR('',#5796,1000.);
#1151=VECTOR('',#5797,1000.);
#1152=VECTOR('',#5798,1000.);
#1153=VECTOR('',#5799,1000.);
#1154=VECTOR('',#5802,1000.);
#1155=VECTOR('',#5803,1000.);
#1156=VECTOR('',#5806,1000.);
#1157=VECTOR('',#5809,1000.);
#1158=VECTOR('',#5812,1000.);
#1159=VECTOR('',#5817,1000.);
#1160=VECTOR('',#5822,1000.);
#1161=VECTOR('',#5823,1000.);
#1162=VECTOR('',#5830,1000.);
#1163=VECTOR('',#5831,1000.);
#1164=VECTOR('',#5838,1000.);
#1165=VECTOR('',#5841,1000.);
#1166=VECTOR('',#5846,1000.);
#1167=VECTOR('',#5849,1000.);
#1168=VECTOR('',#5854,1000.);
#1169=VECTOR('',#5857,1000.);
#1170=VECTOR('',#5862,1000.);
#1171=VECTOR('',#5863,1000.);
#1172=ORIENTED_EDGE('',*,*,#2410,.T.);
#1173=ORIENTED_EDGE('',*,*,#2411,.T.);
#1174=ORIENTED_EDGE('',*,*,#2412,.T.);
#1175=ORIENTED_EDGE('',*,*,#2413,.T.);
#1176=ORIENTED_EDGE('',*,*,#2414,.F.);
#1177=ORIENTED_EDGE('',*,*,#2415,.F.);
#1178=ORIENTED_EDGE('',*,*,#2416,.T.);
#1179=ORIENTED_EDGE('',*,*,#2417,.T.);
#1180=ORIENTED_EDGE('',*,*,#2418,.F.);
#1181=ORIENTED_EDGE('',*,*,#2419,.F.);
#1182=ORIENTED_EDGE('',*,*,#2420,.T.);
#1183=ORIENTED_EDGE('',*,*,#2421,.F.);
#1184=ORIENTED_EDGE('',*,*,#2422,.F.);
#1185=ORIENTED_EDGE('',*,*,#2418,.T.);
#1186=ORIENTED_EDGE('',*,*,#2423,.F.);
#1187=ORIENTED_EDGE('',*,*,#2424,.T.);
#1188=ORIENTED_EDGE('',*,*,#2425,.T.);
#1189=ORIENTED_EDGE('',*,*,#2426,.F.);
#1190=ORIENTED_EDGE('',*,*,#2427,.F.);
#1191=ORIENTED_EDGE('',*,*,#2428,.T.);
#1192=ORIENTED_EDGE('',*,*,#2429,.T.);
#1193=ORIENTED_EDGE('',*,*,#2430,.F.);
#1194=ORIENTED_EDGE('',*,*,#2431,.T.);
#1195=ORIENTED_EDGE('',*,*,#2432,.F.);
#1196=ORIENTED_EDGE('',*,*,#2433,.F.);
#1197=ORIENTED_EDGE('',*,*,#2421,.T.);
#1198=ORIENTED_EDGE('',*,*,#2434,.T.);
#1199=ORIENTED_EDGE('',*,*,#2435,.F.);
#1200=ORIENTED_EDGE('',*,*,#2436,.F.);
#1201=ORIENTED_EDGE('',*,*,#2432,.T.);
#1202=ORIENTED_EDGE('',*,*,#2437,.F.);
#1203=ORIENTED_EDGE('',*,*,#2438,.F.);
#1204=ORIENTED_EDGE('',*,*,#2439,.F.);
#1205=ORIENTED_EDGE('',*,*,#2440,.F.);
#1206=ORIENTED_EDGE('',*,*,#2441,.T.);
#1207=ORIENTED_EDGE('',*,*,#2442,.T.);
#1208=ORIENTED_EDGE('',*,*,#2443,.F.);
#1209=ORIENTED_EDGE('',*,*,#2444,.F.);
#1210=ORIENTED_EDGE('',*,*,#2435,.T.);
#1211=ORIENTED_EDGE('',*,*,#2445,.T.);
#1212=ORIENTED_EDGE('',*,*,#2443,.T.);
#1213=ORIENTED_EDGE('',*,*,#2446,.T.);
#1214=ORIENTED_EDGE('',*,*,#2447,.F.);
#1215=ORIENTED_EDGE('',*,*,#2448,.F.);
#1216=ORIENTED_EDGE('',*,*,#2449,.F.);
#1217=ORIENTED_EDGE('',*,*,#2450,.T.);
#1218=ORIENTED_EDGE('',*,*,#2451,.T.);
#1219=ORIENTED_EDGE('',*,*,#2452,.F.);
#1220=ORIENTED_EDGE('',*,*,#2453,.F.);
#1221=ORIENTED_EDGE('',*,*,#2454,.T.);
#1222=ORIENTED_EDGE('',*,*,#2455,.T.);
#1223=ORIENTED_EDGE('',*,*,#2456,.F.);
#1224=ORIENTED_EDGE('',*,*,#2447,.T.);
#1225=ORIENTED_EDGE('',*,*,#2457,.T.);
#1226=ORIENTED_EDGE('',*,*,#2458,.F.);
#1227=ORIENTED_EDGE('',*,*,#2459,.F.);
#1228=ORIENTED_EDGE('',*,*,#2460,.T.);
#1229=ORIENTED_EDGE('',*,*,#2461,.T.);
#1230=ORIENTED_EDGE('',*,*,#2462,.F.);
#1231=ORIENTED_EDGE('',*,*,#2463,.F.);
#1232=ORIENTED_EDGE('',*,*,#2464,.T.);
#1233=ORIENTED_EDGE('',*,*,#2465,.T.);
#1234=ORIENTED_EDGE('',*,*,#2466,.F.);
#1235=ORIENTED_EDGE('',*,*,#2467,.T.);
#1236=ORIENTED_EDGE('',*,*,#2468,.T.);
#1237=ORIENTED_EDGE('',*,*,#2469,.F.);
#1238=ORIENTED_EDGE('',*,*,#2466,.T.);
#1239=ORIENTED_EDGE('',*,*,#2470,.F.);
#1240=ORIENTED_EDGE('',*,*,#2471,.F.);
#1241=ORIENTED_EDGE('',*,*,#2472,.T.);
#1242=ORIENTED_EDGE('',*,*,#2473,.F.);
#1243=ORIENTED_EDGE('',*,*,#2474,.T.);
#1244=ORIENTED_EDGE('',*,*,#2475,.T.);
#1245=ORIENTED_EDGE('',*,*,#2476,.T.);
#1246=ORIENTED_EDGE('',*,*,#2477,.F.);
#1247=ORIENTED_EDGE('',*,*,#2478,.T.);
#1248=ORIENTED_EDGE('',*,*,#2479,.T.);
#1249=ORIENTED_EDGE('',*,*,#2480,.T.);
#1250=ORIENTED_EDGE('',*,*,#2471,.T.);
#1251=ORIENTED_EDGE('',*,*,#2481,.T.);
#1252=ORIENTED_EDGE('',*,*,#2482,.F.);
#1253=ORIENTED_EDGE('',*,*,#2483,.T.);
#1254=ORIENTED_EDGE('',*,*,#2482,.T.);
#1255=ORIENTED_EDGE('',*,*,#2484,.F.);
#1256=ORIENTED_EDGE('',*,*,#2485,.F.);
#1257=ORIENTED_EDGE('',*,*,#2486,.T.);
#1258=ORIENTED_EDGE('',*,*,#2487,.T.);
#1259=ORIENTED_EDGE('',*,*,#2488,.T.);
#1260=ORIENTED_EDGE('',*,*,#2485,.T.);
#1261=ORIENTED_EDGE('',*,*,#2489,.T.);
#1262=ORIENTED_EDGE('',*,*,#2490,.F.);
#1263=ORIENTED_EDGE('',*,*,#2491,.F.);
#1264=ORIENTED_EDGE('',*,*,#2492,.T.);
#1265=ORIENTED_EDGE('',*,*,#2493,.F.);
#1266=ORIENTED_EDGE('',*,*,#2494,.F.);
#1267=ORIENTED_EDGE('',*,*,#2495,.T.);
#1268=ORIENTED_EDGE('',*,*,#2496,.F.);
#1269=ORIENTED_EDGE('',*,*,#2497,.F.);
#1270=ORIENTED_EDGE('',*,*,#2498,.T.);
#1271=ORIENTED_EDGE('',*,*,#2494,.T.);
#1272=ORIENTED_EDGE('',*,*,#2499,.F.);
#1273=ORIENTED_EDGE('',*,*,#2500,.T.);
#1274=ORIENTED_EDGE('',*,*,#2501,.T.);
#1275=ORIENTED_EDGE('',*,*,#2502,.T.);
#1276=ORIENTED_EDGE('',*,*,#2503,.F.);
#1277=ORIENTED_EDGE('',*,*,#2504,.T.);
#1278=ORIENTED_EDGE('',*,*,#2505,.T.);
#1279=ORIENTED_EDGE('',*,*,#2506,.T.);
#1280=ORIENTED_EDGE('',*,*,#2507,.F.);
#1281=ORIENTED_EDGE('',*,*,#2508,.F.);
#1282=ORIENTED_EDGE('',*,*,#2509,.T.);
#1283=ORIENTED_EDGE('',*,*,#2497,.T.);
#1284=ORIENTED_EDGE('',*,*,#2510,.F.);
#1285=ORIENTED_EDGE('',*,*,#2468,.F.);
#1286=ORIENTED_EDGE('',*,*,#2511,.T.);
#1287=ORIENTED_EDGE('',*,*,#2508,.T.);
#1288=ORIENTED_EDGE('',*,*,#2458,.T.);
#1289=ORIENTED_EDGE('',*,*,#2512,.T.);
#1290=ORIENTED_EDGE('',*,*,#2412,.F.);
#1291=ORIENTED_EDGE('',*,*,#2513,.F.);
#1292=ORIENTED_EDGE('',*,*,#2467,.F.);
#1293=ORIENTED_EDGE('',*,*,#2472,.F.);
#1294=ORIENTED_EDGE('',*,*,#2483,.F.);
#1295=ORIENTED_EDGE('',*,*,#2486,.F.);
#1296=ORIENTED_EDGE('',*,*,#2495,.F.);
#1297=ORIENTED_EDGE('',*,*,#2498,.F.);
#1298=ORIENTED_EDGE('',*,*,#2509,.F.);
#1299=ORIENTED_EDGE('',*,*,#2511,.F.);
#1300=ORIENTED_EDGE('',*,*,#2419,.T.);
#1301=ORIENTED_EDGE('',*,*,#2422,.T.);
#1302=ORIENTED_EDGE('',*,*,#2433,.T.);
#1303=ORIENTED_EDGE('',*,*,#2436,.T.);
#1304=ORIENTED_EDGE('',*,*,#2444,.T.);
#1305=ORIENTED_EDGE('',*,*,#2448,.T.);
#1306=ORIENTED_EDGE('',*,*,#2459,.T.);
#1307=ORIENTED_EDGE('',*,*,#2513,.T.);
#1308=ORIENTED_EDGE('',*,*,#2417,.F.);
#1309=ORIENTED_EDGE('',*,*,#2514,.T.);
#1310=ORIENTED_EDGE('',*,*,#2469,.T.);
#1311=ORIENTED_EDGE('',*,*,#2510,.T.);
#1312=ORIENTED_EDGE('',*,*,#2507,.T.);
#1313=ORIENTED_EDGE('',*,*,#2496,.T.);
#1314=ORIENTED_EDGE('',*,*,#2493,.T.);
#1315=ORIENTED_EDGE('',*,*,#2515,.T.);
#1316=ORIENTED_EDGE('',*,*,#2445,.F.);
#1317=ORIENTED_EDGE('',*,*,#2434,.F.);
#1318=ORIENTED_EDGE('',*,*,#2431,.F.);
#1319=ORIENTED_EDGE('',*,*,#2420,.F.);
#1320=ORIENTED_EDGE('',*,*,#2516,.F.);
#1321=ORIENTED_EDGE('',*,*,#2462,.T.);
#1322=ORIENTED_EDGE('',*,*,#2514,.F.);
#1323=ORIENTED_EDGE('',*,*,#2416,.F.);
#1324=ORIENTED_EDGE('',*,*,#2517,.F.);
#1325=ORIENTED_EDGE('',*,*,#2439,.T.);
#1326=ORIENTED_EDGE('',*,*,#2515,.F.);
#1327=ORIENTED_EDGE('',*,*,#2492,.F.);
#1328=ORIENTED_EDGE('',*,*,#2463,.T.);
#1329=ORIENTED_EDGE('',*,*,#2516,.T.);
#1330=ORIENTED_EDGE('',*,*,#2415,.T.);
#1331=ORIENTED_EDGE('',*,*,#2518,.F.);
#1332=ORIENTED_EDGE('',*,*,#2519,.T.);
#1333=ORIENTED_EDGE('',*,*,#2520,.T.);
#1334=ORIENTED_EDGE('',*,*,#2521,.T.);
#1335=ORIENTED_EDGE('',*,*,#2522,.F.);
#1336=ORIENTED_EDGE('',*,*,#2523,.T.);
#1337=ORIENTED_EDGE('',*,*,#2524,.T.);
#1338=ORIENTED_EDGE('',*,*,#2525,.T.);
#1339=ORIENTED_EDGE('',*,*,#2526,.T.);
#1340=ORIENTED_EDGE('',*,*,#2527,.T.);
#1341=ORIENTED_EDGE('',*,*,#2528,.F.);
#1342=ORIENTED_EDGE('',*,*,#2529,.T.);
#1343=ORIENTED_EDGE('',*,*,#2530,.T.);
#1344=ORIENTED_EDGE('',*,*,#2531,.T.);
#1345=ORIENTED_EDGE('',*,*,#2532,.F.);
#1346=ORIENTED_EDGE('',*,*,#2519,.F.);
#1347=ORIENTED_EDGE('',*,*,#2533,.T.);
#1348=ORIENTED_EDGE('',*,*,#2534,.T.);
#1349=ORIENTED_EDGE('',*,*,#2535,.F.);
#1350=ORIENTED_EDGE('',*,*,#2520,.F.);
#1351=ORIENTED_EDGE('',*,*,#2532,.T.);
#1352=ORIENTED_EDGE('',*,*,#2536,.T.);
#1353=ORIENTED_EDGE('',*,*,#2537,.F.);
#1354=ORIENTED_EDGE('',*,*,#2521,.F.);
#1355=ORIENTED_EDGE('',*,*,#2535,.T.);
#1356=ORIENTED_EDGE('',*,*,#2538,.F.);
#1357=ORIENTED_EDGE('',*,*,#2539,.F.);
#1358=ORIENTED_EDGE('',*,*,#2522,.T.);
#1359=ORIENTED_EDGE('',*,*,#2537,.T.);
#1360=ORIENTED_EDGE('',*,*,#2540,.T.);
#1361=ORIENTED_EDGE('',*,*,#2541,.F.);
#1362=ORIENTED_EDGE('',*,*,#2523,.F.);
#1363=ORIENTED_EDGE('',*,*,#2539,.T.);
#1364=ORIENTED_EDGE('',*,*,#2542,.T.);
#1365=ORIENTED_EDGE('',*,*,#2543,.F.);
#1366=ORIENTED_EDGE('',*,*,#2524,.F.);
#1367=ORIENTED_EDGE('',*,*,#2541,.T.);
#1368=ORIENTED_EDGE('',*,*,#2544,.T.);
#1369=ORIENTED_EDGE('',*,*,#2545,.F.);
#1370=ORIENTED_EDGE('',*,*,#2525,.F.);
#1371=ORIENTED_EDGE('',*,*,#2543,.T.);
#1372=ORIENTED_EDGE('',*,*,#2546,.T.);
#1373=ORIENTED_EDGE('',*,*,#2547,.F.);
#1374=ORIENTED_EDGE('',*,*,#2526,.F.);
#1375=ORIENTED_EDGE('',*,*,#2545,.T.);
#1376=ORIENTED_EDGE('',*,*,#2548,.T.);
#1377=ORIENTED_EDGE('',*,*,#2549,.F.);
#1378=ORIENTED_EDGE('',*,*,#2527,.F.);
#1379=ORIENTED_EDGE('',*,*,#2547,.T.);
#1380=ORIENTED_EDGE('',*,*,#2550,.F.);
#1381=ORIENTED_EDGE('',*,*,#2551,.F.);
#1382=ORIENTED_EDGE('',*,*,#2528,.T.);
#1383=ORIENTED_EDGE('',*,*,#2549,.T.);
#1384=ORIENTED_EDGE('',*,*,#2552,.T.);
#1385=ORIENTED_EDGE('',*,*,#2553,.F.);
#1386=ORIENTED_EDGE('',*,*,#2529,.F.);
#1387=ORIENTED_EDGE('',*,*,#2551,.T.);
#1388=ORIENTED_EDGE('',*,*,#2554,.T.);
#1389=ORIENTED_EDGE('',*,*,#2464,.F.);
#1390=ORIENTED_EDGE('',*,*,#2530,.F.);
#1391=ORIENTED_EDGE('',*,*,#2553,.T.);
#1392=ORIENTED_EDGE('',*,*,#2555,.T.);
#1393=ORIENTED_EDGE('',*,*,#2556,.F.);
#1394=ORIENTED_EDGE('',*,*,#2557,.F.);
#1395=ORIENTED_EDGE('',*,*,#2490,.T.);
#1396=ORIENTED_EDGE('',*,*,#2558,.T.);
#1397=ORIENTED_EDGE('',*,*,#2559,.F.);
#1398=ORIENTED_EDGE('',*,*,#2560,.F.);
#1399=ORIENTED_EDGE('',*,*,#2556,.T.);
#1400=ORIENTED_EDGE('',*,*,#2561,.F.);
#1401=ORIENTED_EDGE('',*,*,#2562,.F.);
#1402=ORIENTED_EDGE('',*,*,#2563,.T.);
#1403=ORIENTED_EDGE('',*,*,#2559,.T.);
#1404=ORIENTED_EDGE('',*,*,#2564,.T.);
#1405=ORIENTED_EDGE('',*,*,#2565,.F.);
#1406=ORIENTED_EDGE('',*,*,#2566,.F.);
#1407=ORIENTED_EDGE('',*,*,#2562,.T.);
#1408=ORIENTED_EDGE('',*,*,#2567,.T.);
#1409=ORIENTED_EDGE('',*,*,#2568,.F.);
#1410=ORIENTED_EDGE('',*,*,#2569,.F.);
#1411=ORIENTED_EDGE('',*,*,#2565,.T.);
#1412=ORIENTED_EDGE('',*,*,#2570,.T.);
#1413=ORIENTED_EDGE('',*,*,#2571,.F.);
#1414=ORIENTED_EDGE('',*,*,#2572,.F.);
#1415=ORIENTED_EDGE('',*,*,#2568,.T.);
#1416=ORIENTED_EDGE('',*,*,#2573,.T.);
#1417=ORIENTED_EDGE('',*,*,#2574,.F.);
#1418=ORIENTED_EDGE('',*,*,#2575,.F.);
#1419=ORIENTED_EDGE('',*,*,#2571,.T.);
#1420=ORIENTED_EDGE('',*,*,#2576,.T.);
#1421=ORIENTED_EDGE('',*,*,#2577,.F.);
#1422=ORIENTED_EDGE('',*,*,#2578,.F.);
#1423=ORIENTED_EDGE('',*,*,#2574,.T.);
#1424=ORIENTED_EDGE('',*,*,#2579,.F.);
#1425=ORIENTED_EDGE('',*,*,#2580,.F.);
#1426=ORIENTED_EDGE('',*,*,#2581,.T.);
#1427=ORIENTED_EDGE('',*,*,#2577,.T.);
#1428=ORIENTED_EDGE('',*,*,#2582,.T.);
#1429=ORIENTED_EDGE('',*,*,#2583,.F.);
#1430=ORIENTED_EDGE('',*,*,#2584,.F.);
#1431=ORIENTED_EDGE('',*,*,#2580,.T.);
#1432=ORIENTED_EDGE('',*,*,#2585,.T.);
#1433=ORIENTED_EDGE('',*,*,#2586,.F.);
#1434=ORIENTED_EDGE('',*,*,#2587,.F.);
#1435=ORIENTED_EDGE('',*,*,#2583,.T.);
#1436=ORIENTED_EDGE('',*,*,#2588,.T.);
#1437=ORIENTED_EDGE('',*,*,#2589,.F.);
#1438=ORIENTED_EDGE('',*,*,#2590,.F.);
#1439=ORIENTED_EDGE('',*,*,#2586,.T.);
#1440=ORIENTED_EDGE('',*,*,#2591,.F.);
#1441=ORIENTED_EDGE('',*,*,#2441,.F.);
#1442=ORIENTED_EDGE('',*,*,#2592,.T.);
#1443=ORIENTED_EDGE('',*,*,#2589,.T.);
#1444=ORIENTED_EDGE('',*,*,#2593,.F.);
#1445=ORIENTED_EDGE('',*,*,#2533,.F.);
#1446=ORIENTED_EDGE('',*,*,#2518,.T.);
#1447=ORIENTED_EDGE('',*,*,#2414,.T.);
#1448=ORIENTED_EDGE('',*,*,#2440,.T.);
#1449=ORIENTED_EDGE('',*,*,#2517,.T.);
#1450=ORIENTED_EDGE('',*,*,#2491,.T.);
#1451=ORIENTED_EDGE('',*,*,#2557,.T.);
#1452=ORIENTED_EDGE('',*,*,#2560,.T.);
#1453=ORIENTED_EDGE('',*,*,#2563,.F.);
#1454=ORIENTED_EDGE('',*,*,#2566,.T.);
#1455=ORIENTED_EDGE('',*,*,#2569,.T.);
#1456=ORIENTED_EDGE('',*,*,#2572,.T.);
#1457=ORIENTED_EDGE('',*,*,#2575,.T.);
#1458=ORIENTED_EDGE('',*,*,#2578,.T.);
#1459=ORIENTED_EDGE('',*,*,#2581,.F.);
#1460=ORIENTED_EDGE('',*,*,#2584,.T.);
#1461=ORIENTED_EDGE('',*,*,#2587,.T.);
#1462=ORIENTED_EDGE('',*,*,#2590,.T.);
#1463=ORIENTED_EDGE('',*,*,#2592,.F.);
#1464=ORIENTED_EDGE('',*,*,#2531,.F.);
#1465=ORIENTED_EDGE('',*,*,#2593,.T.);
#1466=ORIENTED_EDGE('',*,*,#2413,.F.);
#1467=ORIENTED_EDGE('',*,*,#2512,.F.);
#1468=ORIENTED_EDGE('',*,*,#2457,.F.);
#1469=ORIENTED_EDGE('',*,*,#2446,.F.);
#1470=ORIENTED_EDGE('',*,*,#2442,.F.);
#1471=ORIENTED_EDGE('',*,*,#2591,.T.);
#1472=ORIENTED_EDGE('',*,*,#2588,.F.);
#1473=ORIENTED_EDGE('',*,*,#2585,.F.);
#1474=ORIENTED_EDGE('',*,*,#2582,.F.);
#1475=ORIENTED_EDGE('',*,*,#2579,.T.);
#1476=ORIENTED_EDGE('',*,*,#2576,.F.);
#1477=ORIENTED_EDGE('',*,*,#2573,.F.);
#1478=ORIENTED_EDGE('',*,*,#2570,.F.);
#1479=ORIENTED_EDGE('',*,*,#2567,.F.);
#1480=ORIENTED_EDGE('',*,*,#2564,.F.);
#1481=ORIENTED_EDGE('',*,*,#2561,.T.);
#1482=ORIENTED_EDGE('',*,*,#2558,.F.);
#1483=ORIENTED_EDGE('',*,*,#2555,.F.);
#1484=ORIENTED_EDGE('',*,*,#2489,.F.);
#1485=ORIENTED_EDGE('',*,*,#2484,.T.);
#1486=ORIENTED_EDGE('',*,*,#2481,.F.);
#1487=ORIENTED_EDGE('',*,*,#2470,.T.);
#1488=ORIENTED_EDGE('',*,*,#2465,.F.);
#1489=ORIENTED_EDGE('',*,*,#2554,.F.);
#1490=ORIENTED_EDGE('',*,*,#2552,.F.);
#1491=ORIENTED_EDGE('',*,*,#2550,.T.);
#1492=ORIENTED_EDGE('',*,*,#2548,.F.);
#1493=ORIENTED_EDGE('',*,*,#2546,.F.);
#1494=ORIENTED_EDGE('',*,*,#2544,.F.);
#1495=ORIENTED_EDGE('',*,*,#2542,.F.);
#1496=ORIENTED_EDGE('',*,*,#2540,.F.);
#1497=ORIENTED_EDGE('',*,*,#2538,.T.);
#1498=ORIENTED_EDGE('',*,*,#2536,.F.);
#1499=ORIENTED_EDGE('',*,*,#2534,.F.);
#1500=ORIENTED_EDGE('',*,*,#2503,.T.);
#1501=ORIENTED_EDGE('',*,*,#2594,.F.);
#1502=ORIENTED_EDGE('',*,*,#2428,.F.);
#1503=ORIENTED_EDGE('',*,*,#2595,.F.);
#1504=ORIENTED_EDGE('',*,*,#2596,.T.);
#1505=ORIENTED_EDGE('',*,*,#2430,.T.);
#1506=ORIENTED_EDGE('',*,*,#2597,.T.);
#1507=ORIENTED_EDGE('',*,*,#2505,.F.);
#1508=ORIENTED_EDGE('',*,*,#2597,.F.);
#1509=ORIENTED_EDGE('',*,*,#2429,.F.);
#1510=ORIENTED_EDGE('',*,*,#2594,.T.);
#1511=ORIENTED_EDGE('',*,*,#2506,.F.);
#1512=ORIENTED_EDGE('',*,*,#2595,.T.);
#1513=ORIENTED_EDGE('',*,*,#2427,.T.);
#1514=ORIENTED_EDGE('',*,*,#2596,.F.);
#1515=ORIENTED_EDGE('',*,*,#2504,.F.);
#1516=ORIENTED_EDGE('',*,*,#2598,.F.);
#1517=ORIENTED_EDGE('',*,*,#2455,.F.);
#1518=ORIENTED_EDGE('',*,*,#2599,.T.);
#1519=ORIENTED_EDGE('',*,*,#2480,.F.);
#1520=ORIENTED_EDGE('',*,*,#2600,.T.);
#1521=ORIENTED_EDGE('',*,*,#2453,.T.);
#1522=ORIENTED_EDGE('',*,*,#2601,.F.);
#1523=ORIENTED_EDGE('',*,*,#2478,.F.);
#1524=ORIENTED_EDGE('',*,*,#2477,.T.);
#1525=ORIENTED_EDGE('',*,*,#2599,.F.);
#1526=ORIENTED_EDGE('',*,*,#2454,.F.);
#1527=ORIENTED_EDGE('',*,*,#2600,.F.);
#1528=ORIENTED_EDGE('',*,*,#2601,.T.);
#1529=ORIENTED_EDGE('',*,*,#2456,.T.);
#1530=ORIENTED_EDGE('',*,*,#2598,.T.);
#1531=ORIENTED_EDGE('',*,*,#2479,.F.);
#1532=ORIENTED_EDGE('',*,*,#2499,.T.);
#1533=ORIENTED_EDGE('',*,*,#2602,.F.);
#1534=ORIENTED_EDGE('',*,*,#2424,.F.);
#1535=ORIENTED_EDGE('',*,*,#2603,.F.);
#1536=ORIENTED_EDGE('',*,*,#2604,.T.);
#1537=ORIENTED_EDGE('',*,*,#2426,.T.);
#1538=ORIENTED_EDGE('',*,*,#2605,.T.);
#1539=ORIENTED_EDGE('',*,*,#2501,.F.);
#1540=ORIENTED_EDGE('',*,*,#2605,.F.);
#1541=ORIENTED_EDGE('',*,*,#2425,.F.);
#1542=ORIENTED_EDGE('',*,*,#2602,.T.);
#1543=ORIENTED_EDGE('',*,*,#2502,.F.);
#1544=ORIENTED_EDGE('',*,*,#2603,.T.);
#1545=ORIENTED_EDGE('',*,*,#2423,.T.);
#1546=ORIENTED_EDGE('',*,*,#2604,.F.);
#1547=ORIENTED_EDGE('',*,*,#2500,.F.);
#1548=ORIENTED_EDGE('',*,*,#2606,.F.);
#1549=ORIENTED_EDGE('',*,*,#2451,.F.);
#1550=ORIENTED_EDGE('',*,*,#2607,.T.);
#1551=ORIENTED_EDGE('',*,*,#2476,.F.);
#1552=ORIENTED_EDGE('',*,*,#2608,.T.);
#1553=ORIENTED_EDGE('',*,*,#2449,.T.);
#1554=ORIENTED_EDGE('',*,*,#2609,.F.);
#1555=ORIENTED_EDGE('',*,*,#2474,.F.);
#1556=ORIENTED_EDGE('',*,*,#2473,.T.);
#1557=ORIENTED_EDGE('',*,*,#2607,.F.);
#1558=ORIENTED_EDGE('',*,*,#2450,.F.);
#1559=ORIENTED_EDGE('',*,*,#2608,.F.);
#1560=ORIENTED_EDGE('',*,*,#2609,.T.);
#1561=ORIENTED_EDGE('',*,*,#2452,.T.);
#1562=ORIENTED_EDGE('',*,*,#2606,.T.);
#1563=ORIENTED_EDGE('',*,*,#2475,.F.);
#1564=ORIENTED_EDGE('',*,*,#2488,.F.);
#1565=ORIENTED_EDGE('',*,*,#2438,.T.);
#1566=ORIENTED_EDGE('',*,*,#2461,.F.);
#1567=ORIENTED_EDGE('',*,*,#2411,.F.);
#1568=ORIENTED_EDGE('',*,*,#2487,.F.);
#1569=ORIENTED_EDGE('',*,*,#2437,.T.);
#1570=ORIENTED_EDGE('',*,*,#2460,.F.);
#1571=ORIENTED_EDGE('',*,*,#2410,.F.);
#1572=ORIENTED_EDGE('',*,*,#2610,.F.);
#1573=ORIENTED_EDGE('',*,*,#2611,.T.);
#1574=ORIENTED_EDGE('',*,*,#2612,.T.);
#1575=ORIENTED_EDGE('',*,*,#2613,.F.);
#1576=ORIENTED_EDGE('',*,*,#2614,.F.);
#1577=ORIENTED_EDGE('',*,*,#2615,.F.);
#1578=ORIENTED_EDGE('',*,*,#2616,.T.);
#1579=ORIENTED_EDGE('',*,*,#2617,.F.);
#1580=ORIENTED_EDGE('',*,*,#2618,.F.);
#1581=ORIENTED_EDGE('',*,*,#2619,.F.);
#1582=ORIENTED_EDGE('',*,*,#2620,.F.);
#1583=ORIENTED_EDGE('',*,*,#2621,.F.);
#1584=ORIENTED_EDGE('',*,*,#2622,.F.);
#1585=ORIENTED_EDGE('',*,*,#2623,.F.);
#1586=ORIENTED_EDGE('',*,*,#2624,.F.);
#1587=ORIENTED_EDGE('',*,*,#2625,.F.);
#1588=ORIENTED_EDGE('',*,*,#2626,.F.);
#1589=ORIENTED_EDGE('',*,*,#2627,.F.);
#1590=ORIENTED_EDGE('',*,*,#2628,.F.);
#1591=ORIENTED_EDGE('',*,*,#2629,.F.);
#1592=ORIENTED_EDGE('',*,*,#2630,.F.);
#1593=ORIENTED_EDGE('',*,*,#2631,.F.);
#1594=ORIENTED_EDGE('',*,*,#2632,.F.);
#1595=ORIENTED_EDGE('',*,*,#2633,.F.);
#1596=ORIENTED_EDGE('',*,*,#2634,.T.);
#1597=ORIENTED_EDGE('',*,*,#2635,.F.);
#1598=ORIENTED_EDGE('',*,*,#2636,.F.);
#1599=ORIENTED_EDGE('',*,*,#2637,.T.);
#1600=ORIENTED_EDGE('',*,*,#2638,.F.);
#1601=ORIENTED_EDGE('',*,*,#2639,.F.);
#1602=ORIENTED_EDGE('',*,*,#2640,.F.);
#1603=ORIENTED_EDGE('',*,*,#2641,.F.);
#1604=ORIENTED_EDGE('',*,*,#2642,.F.);
#1605=ORIENTED_EDGE('',*,*,#2643,.F.);
#1606=ORIENTED_EDGE('',*,*,#2644,.F.);
#1607=ORIENTED_EDGE('',*,*,#2645,.F.);
#1608=ORIENTED_EDGE('',*,*,#2646,.F.);
#1609=ORIENTED_EDGE('',*,*,#2647,.F.);
#1610=ORIENTED_EDGE('',*,*,#2648,.F.);
#1611=ORIENTED_EDGE('',*,*,#2649,.F.);
#1612=ORIENTED_EDGE('',*,*,#2650,.F.);
#1613=ORIENTED_EDGE('',*,*,#2651,.F.);
#1614=ORIENTED_EDGE('',*,*,#2652,.F.);
#1615=ORIENTED_EDGE('',*,*,#2653,.F.);
#1616=ORIENTED_EDGE('',*,*,#2654,.F.);
#1617=ORIENTED_EDGE('',*,*,#2655,.T.);
#1618=ORIENTED_EDGE('',*,*,#2656,.T.);
#1619=ORIENTED_EDGE('',*,*,#2657,.F.);
#1620=ORIENTED_EDGE('',*,*,#2658,.F.);
#1621=ORIENTED_EDGE('',*,*,#2659,.F.);
#1622=ORIENTED_EDGE('',*,*,#2660,.T.);
#1623=ORIENTED_EDGE('',*,*,#2661,.F.);
#1624=ORIENTED_EDGE('',*,*,#2662,.F.);
#1625=ORIENTED_EDGE('',*,*,#2663,.T.);
#1626=ORIENTED_EDGE('',*,*,#2664,.T.);
#1627=ORIENTED_EDGE('',*,*,#2665,.F.);
#1628=ORIENTED_EDGE('',*,*,#2666,.F.);
#1629=ORIENTED_EDGE('',*,*,#2667,.F.);
#1630=ORIENTED_EDGE('',*,*,#2668,.T.);
#1631=ORIENTED_EDGE('',*,*,#2669,.F.);
#1632=ORIENTED_EDGE('',*,*,#2670,.F.);
#1633=ORIENTED_EDGE('',*,*,#2671,.T.);
#1634=ORIENTED_EDGE('',*,*,#2672,.T.);
#1635=ORIENTED_EDGE('',*,*,#2673,.F.);
#1636=ORIENTED_EDGE('',*,*,#2674,.F.);
#1637=ORIENTED_EDGE('',*,*,#2675,.F.);
#1638=ORIENTED_EDGE('',*,*,#2676,.T.);
#1639=ORIENTED_EDGE('',*,*,#2677,.F.);
#1640=ORIENTED_EDGE('',*,*,#2678,.F.);
#1641=ORIENTED_EDGE('',*,*,#2679,.F.);
#1642=ORIENTED_EDGE('',*,*,#2680,.T.);
#1643=ORIENTED_EDGE('',*,*,#2681,.T.);
#1644=ORIENTED_EDGE('',*,*,#2682,.F.);
#1645=ORIENTED_EDGE('',*,*,#2683,.T.);
#1646=ORIENTED_EDGE('',*,*,#2678,.T.);
#1647=ORIENTED_EDGE('',*,*,#2684,.T.);
#1648=ORIENTED_EDGE('',*,*,#2685,.F.);
#1649=ORIENTED_EDGE('',*,*,#2686,.F.);
#1650=ORIENTED_EDGE('',*,*,#2687,.T.);
#1651=ORIENTED_EDGE('',*,*,#2688,.T.);
#1652=ORIENTED_EDGE('',*,*,#2689,.T.);
#1653=ORIENTED_EDGE('',*,*,#2690,.F.);
#1654=ORIENTED_EDGE('',*,*,#2691,.F.);
#1655=ORIENTED_EDGE('',*,*,#2685,.T.);
#1656=ORIENTED_EDGE('',*,*,#2692,.T.);
#1657=ORIENTED_EDGE('',*,*,#2693,.F.);
#1658=ORIENTED_EDGE('',*,*,#2694,.F.);
#1659=ORIENTED_EDGE('',*,*,#2690,.T.);
#1660=ORIENTED_EDGE('',*,*,#2695,.T.);
#1661=ORIENTED_EDGE('',*,*,#2696,.F.);
#1662=ORIENTED_EDGE('',*,*,#2697,.F.);
#1663=ORIENTED_EDGE('',*,*,#2693,.T.);
#1664=ORIENTED_EDGE('',*,*,#2698,.F.);
#1665=ORIENTED_EDGE('',*,*,#2699,.F.);
#1666=ORIENTED_EDGE('',*,*,#2700,.T.);
#1667=ORIENTED_EDGE('',*,*,#2637,.F.);
#1668=ORIENTED_EDGE('',*,*,#2701,.F.);
#1669=ORIENTED_EDGE('',*,*,#2696,.T.);
#1670=ORIENTED_EDGE('',*,*,#2702,.T.);
#1671=ORIENTED_EDGE('',*,*,#2703,.F.);
#1672=ORIENTED_EDGE('',*,*,#2704,.F.);
#1673=ORIENTED_EDGE('',*,*,#2635,.T.);
#1674=ORIENTED_EDGE('',*,*,#2705,.F.);
#1675=ORIENTED_EDGE('',*,*,#2706,.T.);
#1676=ORIENTED_EDGE('',*,*,#2707,.T.);
#1677=ORIENTED_EDGE('',*,*,#2708,.T.);
#1678=ORIENTED_EDGE('',*,*,#2709,.F.);
#1679=ORIENTED_EDGE('',*,*,#2710,.T.);
#1680=ORIENTED_EDGE('',*,*,#2711,.T.);
#1681=ORIENTED_EDGE('',*,*,#2712,.T.);
#1682=ORIENTED_EDGE('',*,*,#2713,.F.);
#1683=ORIENTED_EDGE('',*,*,#2714,.T.);
#1684=ORIENTED_EDGE('',*,*,#2715,.T.);
#1685=ORIENTED_EDGE('',*,*,#2716,.T.);
#1686=ORIENTED_EDGE('',*,*,#2717,.F.);
#1687=ORIENTED_EDGE('',*,*,#2718,.T.);
#1688=ORIENTED_EDGE('',*,*,#2719,.T.);
#1689=ORIENTED_EDGE('',*,*,#2720,.T.);
#1690=ORIENTED_EDGE('',*,*,#2721,.F.);
#1691=ORIENTED_EDGE('',*,*,#2722,.T.);
#1692=ORIENTED_EDGE('',*,*,#2723,.F.);
#1693=ORIENTED_EDGE('',*,*,#2724,.F.);
#1694=ORIENTED_EDGE('',*,*,#2703,.T.);
#1695=ORIENTED_EDGE('',*,*,#2725,.T.);
#1696=ORIENTED_EDGE('',*,*,#2680,.F.);
#1697=ORIENTED_EDGE('',*,*,#2726,.F.);
#1698=ORIENTED_EDGE('',*,*,#2723,.T.);
#1699=ORIENTED_EDGE('',*,*,#2727,.T.);
#1700=ORIENTED_EDGE('',*,*,#2687,.F.);
#1701=ORIENTED_EDGE('',*,*,#2728,.F.);
#1702=ORIENTED_EDGE('',*,*,#2686,.T.);
#1703=ORIENTED_EDGE('',*,*,#2691,.T.);
#1704=ORIENTED_EDGE('',*,*,#2694,.T.);
#1705=ORIENTED_EDGE('',*,*,#2697,.T.);
#1706=ORIENTED_EDGE('',*,*,#2701,.T.);
#1707=ORIENTED_EDGE('',*,*,#2636,.T.);
#1708=ORIENTED_EDGE('',*,*,#2704,.T.);
#1709=ORIENTED_EDGE('',*,*,#2724,.T.);
#1710=ORIENTED_EDGE('',*,*,#2728,.T.);
#1711=ORIENTED_EDGE('',*,*,#2684,.F.);
#1712=ORIENTED_EDGE('',*,*,#2681,.F.);
#1713=ORIENTED_EDGE('',*,*,#2725,.F.);
#1714=ORIENTED_EDGE('',*,*,#2702,.F.);
#1715=ORIENTED_EDGE('',*,*,#2634,.F.);
#1716=ORIENTED_EDGE('',*,*,#2700,.F.);
#1717=ORIENTED_EDGE('',*,*,#2695,.F.);
#1718=ORIENTED_EDGE('',*,*,#2692,.F.);
#1719=ORIENTED_EDGE('',*,*,#2689,.F.);
#1720=ORIENTED_EDGE('',*,*,#2729,.F.);
#1721=ORIENTED_EDGE('',*,*,#2705,.T.);
#1722=ORIENTED_EDGE('',*,*,#2730,.T.);
#1723=ORIENTED_EDGE('',*,*,#2682,.T.);
#1724=ORIENTED_EDGE('',*,*,#2731,.T.);
#1725=ORIENTED_EDGE('',*,*,#2721,.T.);
#1726=ORIENTED_EDGE('',*,*,#2732,.F.);
#1727=ORIENTED_EDGE('',*,*,#2733,.F.);
#1728=ORIENTED_EDGE('',*,*,#2734,.F.);
#1729=ORIENTED_EDGE('',*,*,#2717,.T.);
#1730=ORIENTED_EDGE('',*,*,#2735,.F.);
#1731=ORIENTED_EDGE('',*,*,#2736,.F.);
#1732=ORIENTED_EDGE('',*,*,#2737,.F.);
#1733=ORIENTED_EDGE('',*,*,#2713,.T.);
#1734=ORIENTED_EDGE('',*,*,#2738,.F.);
#1735=ORIENTED_EDGE('',*,*,#2739,.F.);
#1736=ORIENTED_EDGE('',*,*,#2740,.F.);
#1737=ORIENTED_EDGE('',*,*,#2709,.T.);
#1738=ORIENTED_EDGE('',*,*,#2741,.F.);
#1739=ORIENTED_EDGE('',*,*,#2742,.F.);
#1740=ORIENTED_EDGE('',*,*,#2730,.F.);
#1741=ORIENTED_EDGE('',*,*,#2726,.T.);
#1742=ORIENTED_EDGE('',*,*,#2679,.T.);
#1743=ORIENTED_EDGE('',*,*,#2683,.F.);
#1744=ORIENTED_EDGE('',*,*,#2727,.F.);
#1745=ORIENTED_EDGE('',*,*,#2722,.F.);
#1746=ORIENTED_EDGE('',*,*,#2731,.F.);
#1747=ORIENTED_EDGE('',*,*,#2688,.F.);
#1748=ORIENTED_EDGE('',*,*,#2743,.F.);
#1749=ORIENTED_EDGE('',*,*,#2660,.F.);
#1750=ORIENTED_EDGE('',*,*,#2744,.F.);
#1751=ORIENTED_EDGE('',*,*,#2656,.F.);
#1752=ORIENTED_EDGE('',*,*,#2745,.F.);
#1753=ORIENTED_EDGE('',*,*,#2715,.F.);
#1754=ORIENTED_EDGE('',*,*,#2737,.T.);
#1755=ORIENTED_EDGE('',*,*,#2746,.F.);
#1756=ORIENTED_EDGE('',*,*,#2747,.F.);
#1757=ORIENTED_EDGE('',*,*,#2748,.T.);
#1758=ORIENTED_EDGE('',*,*,#2661,.T.);
#1759=ORIENTED_EDGE('',*,*,#2743,.T.);
#1760=ORIENTED_EDGE('',*,*,#2714,.F.);
#1761=ORIENTED_EDGE('',*,*,#2745,.T.);
#1762=ORIENTED_EDGE('',*,*,#2655,.F.);
#1763=ORIENTED_EDGE('',*,*,#2749,.F.);
#1764=ORIENTED_EDGE('',*,*,#2750,.F.);
#1765=ORIENTED_EDGE('',*,*,#2751,.T.);
#1766=ORIENTED_EDGE('',*,*,#2735,.T.);
#1767=ORIENTED_EDGE('',*,*,#2716,.F.);
#1768=ORIENTED_EDGE('',*,*,#2736,.T.);
#1769=ORIENTED_EDGE('',*,*,#2751,.F.);
#1770=ORIENTED_EDGE('',*,*,#2752,.F.);
#1771=ORIENTED_EDGE('',*,*,#2746,.T.);
#1772=ORIENTED_EDGE('',*,*,#2750,.T.);
#1773=ORIENTED_EDGE('',*,*,#2753,.T.);
#1774=ORIENTED_EDGE('',*,*,#2754,.T.);
#1775=ORIENTED_EDGE('',*,*,#2620,.T.);
#1776=ORIENTED_EDGE('',*,*,#2755,.F.);
#1777=ORIENTED_EDGE('',*,*,#2756,.T.);
#1778=ORIENTED_EDGE('',*,*,#2747,.T.);
#1779=ORIENTED_EDGE('',*,*,#2752,.T.);
#1780=ORIENTED_EDGE('',*,*,#2757,.F.);
#1781=ORIENTED_EDGE('',*,*,#2668,.F.);
#1782=ORIENTED_EDGE('',*,*,#2758,.F.);
#1783=ORIENTED_EDGE('',*,*,#2664,.F.);
#1784=ORIENTED_EDGE('',*,*,#2759,.F.);
#1785=ORIENTED_EDGE('',*,*,#2711,.F.);
#1786=ORIENTED_EDGE('',*,*,#2740,.T.);
#1787=ORIENTED_EDGE('',*,*,#2760,.F.);
#1788=ORIENTED_EDGE('',*,*,#2761,.F.);
#1789=ORIENTED_EDGE('',*,*,#2762,.T.);
#1790=ORIENTED_EDGE('',*,*,#2669,.T.);
#1791=ORIENTED_EDGE('',*,*,#2757,.T.);
#1792=ORIENTED_EDGE('',*,*,#2710,.F.);
#1793=ORIENTED_EDGE('',*,*,#2759,.T.);
#1794=ORIENTED_EDGE('',*,*,#2663,.F.);
#1795=ORIENTED_EDGE('',*,*,#2763,.F.);
#1796=ORIENTED_EDGE('',*,*,#2764,.F.);
#1797=ORIENTED_EDGE('',*,*,#2765,.T.);
#1798=ORIENTED_EDGE('',*,*,#2738,.T.);
#1799=ORIENTED_EDGE('',*,*,#2712,.F.);
#1800=ORIENTED_EDGE('',*,*,#2739,.T.);
#1801=ORIENTED_EDGE('',*,*,#2765,.F.);
#1802=ORIENTED_EDGE('',*,*,#2766,.F.);
#1803=ORIENTED_EDGE('',*,*,#2760,.T.);
#1804=ORIENTED_EDGE('',*,*,#2761,.T.);
#1805=ORIENTED_EDGE('',*,*,#2766,.T.);
#1806=ORIENTED_EDGE('',*,*,#2764,.T.);
#1807=ORIENTED_EDGE('',*,*,#2767,.T.);
#1808=ORIENTED_EDGE('',*,*,#2768,.T.);
#1809=ORIENTED_EDGE('',*,*,#2640,.T.);
#1810=ORIENTED_EDGE('',*,*,#2769,.F.);
#1811=ORIENTED_EDGE('',*,*,#2770,.T.);
#1812=ORIENTED_EDGE('',*,*,#2771,.F.);
#1813=ORIENTED_EDGE('',*,*,#2616,.F.);
#1814=ORIENTED_EDGE('',*,*,#2772,.F.);
#1815=ORIENTED_EDGE('',*,*,#2612,.F.);
#1816=ORIENTED_EDGE('',*,*,#2773,.F.);
#1817=ORIENTED_EDGE('',*,*,#2719,.F.);
#1818=ORIENTED_EDGE('',*,*,#2734,.T.);
#1819=ORIENTED_EDGE('',*,*,#2774,.F.);
#1820=ORIENTED_EDGE('',*,*,#2775,.F.);
#1821=ORIENTED_EDGE('',*,*,#2776,.T.);
#1822=ORIENTED_EDGE('',*,*,#2617,.T.);
#1823=ORIENTED_EDGE('',*,*,#2771,.T.);
#1824=ORIENTED_EDGE('',*,*,#2718,.F.);
#1825=ORIENTED_EDGE('',*,*,#2773,.T.);
#1826=ORIENTED_EDGE('',*,*,#2611,.F.);
#1827=ORIENTED_EDGE('',*,*,#2777,.F.);
#1828=ORIENTED_EDGE('',*,*,#2778,.F.);
#1829=ORIENTED_EDGE('',*,*,#2779,.T.);
#1830=ORIENTED_EDGE('',*,*,#2732,.T.);
#1831=ORIENTED_EDGE('',*,*,#2720,.F.);
#1832=ORIENTED_EDGE('',*,*,#2733,.T.);
#1833=ORIENTED_EDGE('',*,*,#2779,.F.);
#1834=ORIENTED_EDGE('',*,*,#2780,.F.);
#1835=ORIENTED_EDGE('',*,*,#2774,.T.);
#1836=ORIENTED_EDGE('',*,*,#2775,.T.);
#1837=ORIENTED_EDGE('',*,*,#2780,.T.);
#1838=ORIENTED_EDGE('',*,*,#2778,.T.);
#1839=ORIENTED_EDGE('',*,*,#2781,.T.);
#1840=ORIENTED_EDGE('',*,*,#2782,.T.);
#1841=ORIENTED_EDGE('',*,*,#2648,.T.);
#1842=ORIENTED_EDGE('',*,*,#2783,.F.);
#1843=ORIENTED_EDGE('',*,*,#2784,.T.);
#1844=ORIENTED_EDGE('',*,*,#2785,.F.);
#1845=ORIENTED_EDGE('',*,*,#2676,.F.);
#1846=ORIENTED_EDGE('',*,*,#2786,.F.);
#1847=ORIENTED_EDGE('',*,*,#2672,.F.);
#1848=ORIENTED_EDGE('',*,*,#2787,.F.);
#1849=ORIENTED_EDGE('',*,*,#2707,.F.);
#1850=ORIENTED_EDGE('',*,*,#2729,.T.);
#1851=ORIENTED_EDGE('',*,*,#2788,.F.);
#1852=ORIENTED_EDGE('',*,*,#2789,.F.);
#1853=ORIENTED_EDGE('',*,*,#2790,.T.);
#1854=ORIENTED_EDGE('',*,*,#2677,.T.);
#1855=ORIENTED_EDGE('',*,*,#2785,.T.);
#1856=ORIENTED_EDGE('',*,*,#2706,.F.);
#1857=ORIENTED_EDGE('',*,*,#2787,.T.);
#1858=ORIENTED_EDGE('',*,*,#2671,.F.);
#1859=ORIENTED_EDGE('',*,*,#2791,.F.);
#1860=ORIENTED_EDGE('',*,*,#2792,.F.);
#1861=ORIENTED_EDGE('',*,*,#2793,.T.);
#1862=ORIENTED_EDGE('',*,*,#2741,.T.);
#1863=ORIENTED_EDGE('',*,*,#2708,.F.);
#1864=ORIENTED_EDGE('',*,*,#2742,.T.);
#1865=ORIENTED_EDGE('',*,*,#2793,.F.);
#1866=ORIENTED_EDGE('',*,*,#2794,.F.);
#1867=ORIENTED_EDGE('',*,*,#2788,.T.);
#1868=ORIENTED_EDGE('',*,*,#2789,.T.);
#1869=ORIENTED_EDGE('',*,*,#2794,.T.);
#1870=ORIENTED_EDGE('',*,*,#2792,.T.);
#1871=ORIENTED_EDGE('',*,*,#2795,.T.);
#1872=ORIENTED_EDGE('',*,*,#2796,.T.);
#1873=ORIENTED_EDGE('',*,*,#2628,.T.);
#1874=ORIENTED_EDGE('',*,*,#2797,.F.);
#1875=ORIENTED_EDGE('',*,*,#2798,.T.);
#1876=ORIENTED_EDGE('',*,*,#2799,.F.);
#1877=ORIENTED_EDGE('',*,*,#2699,.T.);
#1878=ORIENTED_EDGE('',*,*,#2799,.T.);
#1879=ORIENTED_EDGE('',*,*,#2800,.F.);
#1880=ORIENTED_EDGE('',*,*,#2800,.T.);
#1881=ORIENTED_EDGE('',*,*,#2801,.F.);
#1882=ORIENTED_EDGE('',*,*,#2698,.T.);
#1883=ORIENTED_EDGE('',*,*,#2801,.T.);
#1884=ORIENTED_EDGE('',*,*,#2802,.F.);
#1885=ORIENTED_EDGE('',*,*,#2802,.T.);
#1886=ORIENTED_EDGE('',*,*,#2798,.F.);
#1887=ORIENTED_EDGE('',*,*,#2803,.F.);
#1888=ORIENTED_EDGE('',*,*,#2804,.F.);
#1889=ORIENTED_EDGE('',*,*,#2790,.F.);
#1890=ORIENTED_EDGE('',*,*,#2786,.T.);
#1891=ORIENTED_EDGE('',*,*,#2805,.F.);
#1892=ORIENTED_EDGE('',*,*,#2806,.F.);
#1893=ORIENTED_EDGE('',*,*,#2807,.F.);
#1894=ORIENTED_EDGE('',*,*,#2626,.T.);
#1895=ORIENTED_EDGE('',*,*,#2808,.F.);
#1896=ORIENTED_EDGE('',*,*,#2674,.T.);
#1897=ORIENTED_EDGE('',*,*,#2804,.T.);
#1898=ORIENTED_EDGE('',*,*,#2809,.T.);
#1899=ORIENTED_EDGE('',*,*,#2627,.T.);
#1900=ORIENTED_EDGE('',*,*,#2809,.F.);
#1901=ORIENTED_EDGE('',*,*,#2803,.T.);
#1902=ORIENTED_EDGE('',*,*,#2797,.T.);
#1903=ORIENTED_EDGE('',*,*,#2629,.T.);
#1904=ORIENTED_EDGE('',*,*,#2796,.F.);
#1905=ORIENTED_EDGE('',*,*,#2810,.T.);
#1906=ORIENTED_EDGE('',*,*,#2811,.T.);
#1907=ORIENTED_EDGE('',*,*,#2630,.T.);
#1908=ORIENTED_EDGE('',*,*,#2811,.F.);
#1909=ORIENTED_EDGE('',*,*,#2812,.T.);
#1910=ORIENTED_EDGE('',*,*,#2670,.T.);
#1911=ORIENTED_EDGE('',*,*,#2813,.T.);
#1912=ORIENTED_EDGE('',*,*,#2631,.T.);
#1913=ORIENTED_EDGE('',*,*,#2813,.F.);
#1914=ORIENTED_EDGE('',*,*,#2673,.T.);
#1915=ORIENTED_EDGE('',*,*,#2807,.T.);
#1916=ORIENTED_EDGE('',*,*,#2814,.T.);
#1917=ORIENTED_EDGE('',*,*,#2632,.T.);
#1918=ORIENTED_EDGE('',*,*,#2814,.F.);
#1919=ORIENTED_EDGE('',*,*,#2806,.T.);
#1920=ORIENTED_EDGE('',*,*,#2815,.T.);
#1921=ORIENTED_EDGE('',*,*,#2633,.T.);
#1922=ORIENTED_EDGE('',*,*,#2815,.F.);
#1923=ORIENTED_EDGE('',*,*,#2805,.T.);
#1924=ORIENTED_EDGE('',*,*,#2675,.T.);
#1925=ORIENTED_EDGE('',*,*,#2808,.T.);
#1926=ORIENTED_EDGE('',*,*,#2791,.T.);
#1927=ORIENTED_EDGE('',*,*,#2812,.F.);
#1928=ORIENTED_EDGE('',*,*,#2810,.F.);
#1929=ORIENTED_EDGE('',*,*,#2795,.F.);
#1930=ORIENTED_EDGE('',*,*,#2770,.F.);
#1931=ORIENTED_EDGE('',*,*,#2816,.F.);
#1932=ORIENTED_EDGE('',*,*,#2817,.F.);
#1933=ORIENTED_EDGE('',*,*,#2762,.F.);
#1934=ORIENTED_EDGE('',*,*,#2758,.T.);
#1935=ORIENTED_EDGE('',*,*,#2818,.F.);
#1936=ORIENTED_EDGE('',*,*,#2819,.F.);
#1937=ORIENTED_EDGE('',*,*,#2820,.F.);
#1938=ORIENTED_EDGE('',*,*,#2638,.T.);
#1939=ORIENTED_EDGE('',*,*,#2821,.F.);
#1940=ORIENTED_EDGE('',*,*,#2666,.T.);
#1941=ORIENTED_EDGE('',*,*,#2817,.T.);
#1942=ORIENTED_EDGE('',*,*,#2822,.T.);
#1943=ORIENTED_EDGE('',*,*,#2639,.T.);
#1944=ORIENTED_EDGE('',*,*,#2822,.F.);
#1945=ORIENTED_EDGE('',*,*,#2816,.T.);
#1946=ORIENTED_EDGE('',*,*,#2769,.T.);
#1947=ORIENTED_EDGE('',*,*,#2641,.T.);
#1948=ORIENTED_EDGE('',*,*,#2768,.F.);
#1949=ORIENTED_EDGE('',*,*,#2823,.T.);
#1950=ORIENTED_EDGE('',*,*,#2824,.T.);
#1951=ORIENTED_EDGE('',*,*,#2642,.T.);
#1952=ORIENTED_EDGE('',*,*,#2824,.F.);
#1953=ORIENTED_EDGE('',*,*,#2825,.T.);
#1954=ORIENTED_EDGE('',*,*,#2662,.T.);
#1955=ORIENTED_EDGE('',*,*,#2826,.T.);
#1956=ORIENTED_EDGE('',*,*,#2643,.T.);
#1957=ORIENTED_EDGE('',*,*,#2826,.F.);
#1958=ORIENTED_EDGE('',*,*,#2665,.T.);
#1959=ORIENTED_EDGE('',*,*,#2820,.T.);
#1960=ORIENTED_EDGE('',*,*,#2827,.T.);
#1961=ORIENTED_EDGE('',*,*,#2644,.T.);
#1962=ORIENTED_EDGE('',*,*,#2827,.F.);
#1963=ORIENTED_EDGE('',*,*,#2819,.T.);
#1964=ORIENTED_EDGE('',*,*,#2828,.T.);
#1965=ORIENTED_EDGE('',*,*,#2645,.T.);
#1966=ORIENTED_EDGE('',*,*,#2828,.F.);
#1967=ORIENTED_EDGE('',*,*,#2818,.T.);
#1968=ORIENTED_EDGE('',*,*,#2667,.T.);
#1969=ORIENTED_EDGE('',*,*,#2821,.T.);
#1970=ORIENTED_EDGE('',*,*,#2763,.T.);
#1971=ORIENTED_EDGE('',*,*,#2825,.F.);
#1972=ORIENTED_EDGE('',*,*,#2823,.F.);
#1973=ORIENTED_EDGE('',*,*,#2767,.F.);
#1974=ORIENTED_EDGE('',*,*,#2756,.F.);
#1975=ORIENTED_EDGE('',*,*,#2829,.F.);
#1976=ORIENTED_EDGE('',*,*,#2830,.F.);
#1977=ORIENTED_EDGE('',*,*,#2748,.F.);
#1978=ORIENTED_EDGE('',*,*,#2744,.T.);
#1979=ORIENTED_EDGE('',*,*,#2831,.F.);
#1980=ORIENTED_EDGE('',*,*,#2832,.F.);
#1981=ORIENTED_EDGE('',*,*,#2833,.F.);
#1982=ORIENTED_EDGE('',*,*,#2618,.T.);
#1983=ORIENTED_EDGE('',*,*,#2834,.F.);
#1984=ORIENTED_EDGE('',*,*,#2658,.T.);
#1985=ORIENTED_EDGE('',*,*,#2830,.T.);
#1986=ORIENTED_EDGE('',*,*,#2835,.T.);
#1987=ORIENTED_EDGE('',*,*,#2619,.T.);
#1988=ORIENTED_EDGE('',*,*,#2835,.F.);
#1989=ORIENTED_EDGE('',*,*,#2829,.T.);
#1990=ORIENTED_EDGE('',*,*,#2755,.T.);
#1991=ORIENTED_EDGE('',*,*,#2621,.T.);
#1992=ORIENTED_EDGE('',*,*,#2754,.F.);
#1993=ORIENTED_EDGE('',*,*,#2836,.T.);
#1994=ORIENTED_EDGE('',*,*,#2837,.T.);
#1995=ORIENTED_EDGE('',*,*,#2622,.T.);
#1996=ORIENTED_EDGE('',*,*,#2837,.F.);
#1997=ORIENTED_EDGE('',*,*,#2838,.T.);
#1998=ORIENTED_EDGE('',*,*,#2654,.T.);
#1999=ORIENTED_EDGE('',*,*,#2839,.T.);
#2000=ORIENTED_EDGE('',*,*,#2623,.T.);
#2001=ORIENTED_EDGE('',*,*,#2839,.F.);
#2002=ORIENTED_EDGE('',*,*,#2657,.T.);
#2003=ORIENTED_EDGE('',*,*,#2833,.T.);
#2004=ORIENTED_EDGE('',*,*,#2840,.T.);
#2005=ORIENTED_EDGE('',*,*,#2624,.T.);
#2006=ORIENTED_EDGE('',*,*,#2840,.F.);
#2007=ORIENTED_EDGE('',*,*,#2832,.T.);
#2008=ORIENTED_EDGE('',*,*,#2841,.T.);
#2009=ORIENTED_EDGE('',*,*,#2625,.T.);
#2010=ORIENTED_EDGE('',*,*,#2841,.F.);
#2011=ORIENTED_EDGE('',*,*,#2831,.T.);
#2012=ORIENTED_EDGE('',*,*,#2659,.T.);
#2013=ORIENTED_EDGE('',*,*,#2834,.T.);
#2014=ORIENTED_EDGE('',*,*,#2749,.T.);
#2015=ORIENTED_EDGE('',*,*,#2838,.F.);
#2016=ORIENTED_EDGE('',*,*,#2836,.F.);
#2017=ORIENTED_EDGE('',*,*,#2753,.F.);
#2018=ORIENTED_EDGE('',*,*,#2784,.F.);
#2019=ORIENTED_EDGE('',*,*,#2842,.F.);
#2020=ORIENTED_EDGE('',*,*,#2843,.F.);
#2021=ORIENTED_EDGE('',*,*,#2776,.F.);
#2022=ORIENTED_EDGE('',*,*,#2772,.T.);
#2023=ORIENTED_EDGE('',*,*,#2844,.F.);
#2024=ORIENTED_EDGE('',*,*,#2845,.F.);
#2025=ORIENTED_EDGE('',*,*,#2846,.F.);
#2026=ORIENTED_EDGE('',*,*,#2646,.T.);
#2027=ORIENTED_EDGE('',*,*,#2847,.F.);
#2028=ORIENTED_EDGE('',*,*,#2614,.T.);
#2029=ORIENTED_EDGE('',*,*,#2843,.T.);
#2030=ORIENTED_EDGE('',*,*,#2848,.T.);
#2031=ORIENTED_EDGE('',*,*,#2647,.T.);
#2032=ORIENTED_EDGE('',*,*,#2848,.F.);
#2033=ORIENTED_EDGE('',*,*,#2842,.T.);
#2034=ORIENTED_EDGE('',*,*,#2783,.T.);
#2035=ORIENTED_EDGE('',*,*,#2649,.T.);
#2036=ORIENTED_EDGE('',*,*,#2782,.F.);
#2037=ORIENTED_EDGE('',*,*,#2849,.T.);
#2038=ORIENTED_EDGE('',*,*,#2850,.T.);
#2039=ORIENTED_EDGE('',*,*,#2650,.T.);
#2040=ORIENTED_EDGE('',*,*,#2850,.F.);
#2041=ORIENTED_EDGE('',*,*,#2851,.T.);
#2042=ORIENTED_EDGE('',*,*,#2610,.T.);
#2043=ORIENTED_EDGE('',*,*,#2852,.T.);
#2044=ORIENTED_EDGE('',*,*,#2651,.T.);
#2045=ORIENTED_EDGE('',*,*,#2852,.F.);
#2046=ORIENTED_EDGE('',*,*,#2613,.T.);
#2047=ORIENTED_EDGE('',*,*,#2846,.T.);
#2048=ORIENTED_EDGE('',*,*,#2853,.T.);
#2049=ORIENTED_EDGE('',*,*,#2652,.T.);
#2050=ORIENTED_EDGE('',*,*,#2853,.F.);
#2051=ORIENTED_EDGE('',*,*,#2845,.T.);
#2052=ORIENTED_EDGE('',*,*,#2854,.T.);
#2053=ORIENTED_EDGE('',*,*,#2653,.T.);
#2054=ORIENTED_EDGE('',*,*,#2854,.F.);
#2055=ORIENTED_EDGE('',*,*,#2844,.T.);
#2056=ORIENTED_EDGE('',*,*,#2615,.T.);
#2057=ORIENTED_EDGE('',*,*,#2847,.T.);
#2058=ORIENTED_EDGE('',*,*,#2777,.T.);
#2059=ORIENTED_EDGE('',*,*,#2851,.F.);
#2060=ORIENTED_EDGE('',*,*,#2849,.F.);
#2061=ORIENTED_EDGE('',*,*,#2781,.F.);
#2062=ORIENTED_EDGE('',*,*,#2855,.F.);
#2063=ORIENTED_EDGE('',*,*,#2856,.F.);
#2064=ORIENTED_EDGE('',*,*,#2857,.F.);
#2065=ORIENTED_EDGE('',*,*,#2858,.T.);
#2066=ORIENTED_EDGE('',*,*,#2859,.F.);
#2067=ORIENTED_EDGE('',*,*,#2860,.F.);
#2068=ORIENTED_EDGE('',*,*,#2861,.F.);
#2069=ORIENTED_EDGE('',*,*,#2862,.T.);
#2070=ORIENTED_EDGE('',*,*,#2863,.F.);
#2071=ORIENTED_EDGE('',*,*,#2864,.F.);
#2072=ORIENTED_EDGE('',*,*,#2865,.F.);
#2073=ORIENTED_EDGE('',*,*,#2866,.T.);
#2074=ORIENTED_EDGE('',*,*,#2867,.T.);
#2075=ORIENTED_EDGE('',*,*,#2868,.T.);
#2076=ORIENTED_EDGE('',*,*,#2869,.F.);
#2077=ORIENTED_EDGE('',*,*,#2870,.F.);
#2078=ORIENTED_EDGE('',*,*,#2871,.F.);
#2079=ORIENTED_EDGE('',*,*,#2872,.T.);
#2080=ORIENTED_EDGE('',*,*,#2873,.F.);
#2081=ORIENTED_EDGE('',*,*,#2874,.F.);
#2082=ORIENTED_EDGE('',*,*,#2875,.F.);
#2083=ORIENTED_EDGE('',*,*,#2876,.T.);
#2084=ORIENTED_EDGE('',*,*,#2877,.F.);
#2085=ORIENTED_EDGE('',*,*,#2878,.F.);
#2086=ORIENTED_EDGE('',*,*,#2879,.F.);
#2087=ORIENTED_EDGE('',*,*,#2880,.T.);
#2088=ORIENTED_EDGE('',*,*,#2881,.F.);
#2089=ORIENTED_EDGE('',*,*,#2882,.F.);
#2090=ORIENTED_EDGE('',*,*,#2883,.F.);
#2091=ORIENTED_EDGE('',*,*,#2884,.T.);
#2092=ORIENTED_EDGE('',*,*,#2885,.F.);
#2093=ORIENTED_EDGE('',*,*,#2886,.T.);
#2094=ORIENTED_EDGE('',*,*,#2887,.F.);
#2095=ORIENTED_EDGE('',*,*,#2886,.F.);
#2096=ORIENTED_EDGE('',*,*,#2888,.F.);
#2097=ORIENTED_EDGE('',*,*,#2889,.T.);
#2098=ORIENTED_EDGE('',*,*,#2890,.F.);
#2099=ORIENTED_EDGE('',*,*,#2891,.T.);
#2100=ORIENTED_EDGE('',*,*,#2892,.F.);
#2101=ORIENTED_EDGE('',*,*,#2858,.F.);
#2102=ORIENTED_EDGE('',*,*,#2893,.F.);
#2103=ORIENTED_EDGE('',*,*,#2894,.T.);
#2104=ORIENTED_EDGE('',*,*,#2895,.F.);
#2105=ORIENTED_EDGE('',*,*,#2862,.F.);
#2106=ORIENTED_EDGE('',*,*,#2896,.F.);
#2107=ORIENTED_EDGE('',*,*,#2897,.T.);
#2108=ORIENTED_EDGE('',*,*,#2898,.T.);
#2109=ORIENTED_EDGE('',*,*,#2866,.F.);
#2110=ORIENTED_EDGE('',*,*,#2899,.F.);
#2111=ORIENTED_EDGE('',*,*,#2900,.F.);
#2112=ORIENTED_EDGE('',*,*,#2901,.F.);
#2113=ORIENTED_EDGE('',*,*,#2902,.T.);
#2114=ORIENTED_EDGE('',*,*,#2903,.T.);
#2115=ORIENTED_EDGE('',*,*,#2904,.F.);
#2116=ORIENTED_EDGE('',*,*,#2905,.F.);
#2117=ORIENTED_EDGE('',*,*,#2906,.F.);
#2118=ORIENTED_EDGE('',*,*,#2907,.F.);
#2119=ORIENTED_EDGE('',*,*,#2908,.F.);
#2120=ORIENTED_EDGE('',*,*,#2909,.F.);
#2121=ORIENTED_EDGE('',*,*,#2910,.F.);
#2122=ORIENTED_EDGE('',*,*,#2911,.F.);
#2123=ORIENTED_EDGE('',*,*,#2912,.F.);
#2124=ORIENTED_EDGE('',*,*,#2913,.F.);
#2125=ORIENTED_EDGE('',*,*,#2914,.F.);
#2126=ORIENTED_EDGE('',*,*,#2915,.F.);
#2127=ORIENTED_EDGE('',*,*,#2916,.F.);
#2128=ORIENTED_EDGE('',*,*,#2917,.F.);
#2129=ORIENTED_EDGE('',*,*,#2900,.T.);
#2130=ORIENTED_EDGE('',*,*,#2918,.F.);
#2131=ORIENTED_EDGE('',*,*,#2912,.T.);
#2132=ORIENTED_EDGE('',*,*,#2919,.F.);
#2133=ORIENTED_EDGE('',*,*,#2920,.F.);
#2134=ORIENTED_EDGE('',*,*,#2921,.F.);
#2135=ORIENTED_EDGE('',*,*,#2908,.T.);
#2136=ORIENTED_EDGE('',*,*,#2922,.F.);
#2137=ORIENTED_EDGE('',*,*,#2923,.F.);
#2138=ORIENTED_EDGE('',*,*,#2924,.F.);
#2139=ORIENTED_EDGE('',*,*,#2904,.T.);
#2140=ORIENTED_EDGE('',*,*,#2925,.T.);
#2141=ORIENTED_EDGE('',*,*,#2926,.F.);
#2142=ORIENTED_EDGE('',*,*,#2927,.F.);
#2143=ORIENTED_EDGE('',*,*,#2889,.F.);
#2144=ORIENTED_EDGE('',*,*,#2928,.F.);
#2145=ORIENTED_EDGE('',*,*,#2916,.T.);
#2146=ORIENTED_EDGE('',*,*,#2929,.F.);
#2147=ORIENTED_EDGE('',*,*,#2920,.T.);
#2148=ORIENTED_EDGE('',*,*,#2930,.F.);
#2149=ORIENTED_EDGE('',*,*,#2891,.F.);
#2150=ORIENTED_EDGE('',*,*,#2931,.F.);
#2151=ORIENTED_EDGE('',*,*,#2923,.T.);
#2152=ORIENTED_EDGE('',*,*,#2932,.F.);
#2153=ORIENTED_EDGE('',*,*,#2894,.F.);
#2154=ORIENTED_EDGE('',*,*,#2933,.F.);
#2155=ORIENTED_EDGE('',*,*,#2926,.T.);
#2156=ORIENTED_EDGE('',*,*,#2934,.T.);
#2157=ORIENTED_EDGE('',*,*,#2897,.F.);
#2158=ORIENTED_EDGE('',*,*,#2935,.F.);
#2159=ORIENTED_EDGE('',*,*,#2936,.T.);
#2160=ORIENTED_EDGE('',*,*,#2882,.T.);
#2161=ORIENTED_EDGE('',*,*,#2937,.T.);
#2162=ORIENTED_EDGE('',*,*,#2938,.F.);
#2163=ORIENTED_EDGE('',*,*,#2939,.T.);
#2164=ORIENTED_EDGE('',*,*,#2878,.T.);
#2165=ORIENTED_EDGE('',*,*,#2940,.T.);
#2166=ORIENTED_EDGE('',*,*,#2941,.F.);
#2167=ORIENTED_EDGE('',*,*,#2942,.T.);
#2168=ORIENTED_EDGE('',*,*,#2874,.T.);
#2169=ORIENTED_EDGE('',*,*,#2943,.T.);
#2170=ORIENTED_EDGE('',*,*,#2944,.F.);
#2171=ORIENTED_EDGE('',*,*,#2945,.T.);
#2172=ORIENTED_EDGE('',*,*,#2870,.T.);
#2173=ORIENTED_EDGE('',*,*,#2946,.T.);
#2174=ORIENTED_EDGE('',*,*,#2947,.F.);
#2175=ORIENTED_EDGE('',*,*,#2935,.T.);
#2176=ORIENTED_EDGE('',*,*,#2948,.F.);
#2177=ORIENTED_EDGE('',*,*,#2949,.F.);
#2178=ORIENTED_EDGE('',*,*,#2950,.F.);
#2179=ORIENTED_EDGE('',*,*,#2938,.T.);
#2180=ORIENTED_EDGE('',*,*,#2951,.F.);
#2181=ORIENTED_EDGE('',*,*,#2952,.F.);
#2182=ORIENTED_EDGE('',*,*,#2953,.F.);
#2183=ORIENTED_EDGE('',*,*,#2941,.T.);
#2184=ORIENTED_EDGE('',*,*,#2954,.F.);
#2185=ORIENTED_EDGE('',*,*,#2955,.F.);
#2186=ORIENTED_EDGE('',*,*,#2956,.F.);
#2187=ORIENTED_EDGE('',*,*,#2944,.T.);
#2188=ORIENTED_EDGE('',*,*,#2957,.F.);
#2189=ORIENTED_EDGE('',*,*,#2958,.F.);
#2190=ORIENTED_EDGE('',*,*,#2959,.F.);
#2191=ORIENTED_EDGE('',*,*,#2949,.T.);
#2192=ORIENTED_EDGE('',*,*,#2960,.T.);
#2193=ORIENTED_EDGE('',*,*,#2961,.F.);
#2194=ORIENTED_EDGE('',*,*,#2962,.F.);
#2195=ORIENTED_EDGE('',*,*,#2952,.T.);
#2196=ORIENTED_EDGE('',*,*,#2963,.T.);
#2197=ORIENTED_EDGE('',*,*,#2964,.F.);
#2198=ORIENTED_EDGE('',*,*,#2965,.F.);
#2199=ORIENTED_EDGE('',*,*,#2955,.T.);
#2200=ORIENTED_EDGE('',*,*,#2966,.T.);
#2201=ORIENTED_EDGE('',*,*,#2967,.F.);
#2202=ORIENTED_EDGE('',*,*,#2968,.F.);
#2203=ORIENTED_EDGE('',*,*,#2958,.T.);
#2204=ORIENTED_EDGE('',*,*,#2969,.T.);
#2205=ORIENTED_EDGE('',*,*,#2970,.F.);
#2206=ORIENTED_EDGE('',*,*,#2971,.T.);
#2207=ORIENTED_EDGE('',*,*,#2961,.T.);
#2208=ORIENTED_EDGE('',*,*,#2972,.T.);
#2209=ORIENTED_EDGE('',*,*,#2973,.F.);
#2210=ORIENTED_EDGE('',*,*,#2974,.T.);
#2211=ORIENTED_EDGE('',*,*,#2964,.T.);
#2212=ORIENTED_EDGE('',*,*,#2975,.T.);
#2213=ORIENTED_EDGE('',*,*,#2976,.F.);
#2214=ORIENTED_EDGE('',*,*,#2977,.T.);
#2215=ORIENTED_EDGE('',*,*,#2967,.T.);
#2216=ORIENTED_EDGE('',*,*,#2978,.T.);
#2217=ORIENTED_EDGE('',*,*,#2979,.F.);
#2218=ORIENTED_EDGE('',*,*,#2980,.T.);
#2219=ORIENTED_EDGE('',*,*,#2970,.T.);
#2220=ORIENTED_EDGE('',*,*,#2981,.T.);
#2221=ORIENTED_EDGE('',*,*,#2982,.F.);
#2222=ORIENTED_EDGE('',*,*,#2983,.F.);
#2223=ORIENTED_EDGE('',*,*,#2973,.T.);
#2224=ORIENTED_EDGE('',*,*,#2984,.F.);
#2225=ORIENTED_EDGE('',*,*,#2985,.F.);
#2226=ORIENTED_EDGE('',*,*,#2986,.F.);
#2227=ORIENTED_EDGE('',*,*,#2976,.T.);
#2228=ORIENTED_EDGE('',*,*,#2987,.F.);
#2229=ORIENTED_EDGE('',*,*,#2988,.F.);
#2230=ORIENTED_EDGE('',*,*,#2989,.F.);
#2231=ORIENTED_EDGE('',*,*,#2979,.T.);
#2232=ORIENTED_EDGE('',*,*,#2990,.F.);
#2233=ORIENTED_EDGE('',*,*,#2991,.F.);
#2234=ORIENTED_EDGE('',*,*,#2992,.F.);
#2235=ORIENTED_EDGE('',*,*,#2982,.T.);
#2236=ORIENTED_EDGE('',*,*,#2993,.F.);
#2237=ORIENTED_EDGE('',*,*,#2994,.F.);
#2238=ORIENTED_EDGE('',*,*,#2995,.T.);
#2239=ORIENTED_EDGE('',*,*,#2985,.T.);
#2240=ORIENTED_EDGE('',*,*,#2996,.F.);
#2241=ORIENTED_EDGE('',*,*,#2997,.T.);
#2242=ORIENTED_EDGE('',*,*,#2998,.T.);
#2243=ORIENTED_EDGE('',*,*,#2988,.T.);
#2244=ORIENTED_EDGE('',*,*,#2999,.F.);
#2245=ORIENTED_EDGE('',*,*,#3000,.T.);
#2246=ORIENTED_EDGE('',*,*,#3001,.T.);
#2247=ORIENTED_EDGE('',*,*,#2991,.T.);
#2248=ORIENTED_EDGE('',*,*,#3002,.F.);
#2249=ORIENTED_EDGE('',*,*,#3003,.T.);
#2250=ORIENTED_EDGE('',*,*,#3004,.T.);
#2251=ORIENTED_EDGE('',*,*,#2994,.T.);
#2252=ORIENTED_EDGE('',*,*,#3005,.F.);
#2253=ORIENTED_EDGE('',*,*,#3006,.T.);
#2254=ORIENTED_EDGE('',*,*,#3007,.T.);
#2255=ORIENTED_EDGE('',*,*,#3008,.F.);
#2256=ORIENTED_EDGE('',*,*,#3009,.F.);
#2257=ORIENTED_EDGE('',*,*,#3010,.T.);
#2258=ORIENTED_EDGE('',*,*,#3011,.T.);
#2259=ORIENTED_EDGE('',*,*,#2902,.F.);
#2260=ORIENTED_EDGE('',*,*,#3012,.F.);
#2261=ORIENTED_EDGE('',*,*,#3008,.T.);
#2262=ORIENTED_EDGE('',*,*,#2885,.T.);
#2263=ORIENTED_EDGE('',*,*,#3013,.F.);
#2264=ORIENTED_EDGE('',*,*,#3009,.T.);
#2265=ORIENTED_EDGE('',*,*,#3012,.T.);
#2266=ORIENTED_EDGE('',*,*,#2901,.T.);
#2267=ORIENTED_EDGE('',*,*,#2917,.T.);
#2268=ORIENTED_EDGE('',*,*,#2928,.T.);
#2269=ORIENTED_EDGE('',*,*,#2888,.T.);
#2270=ORIENTED_EDGE('',*,*,#2925,.F.);
#2271=ORIENTED_EDGE('',*,*,#2903,.F.);
#2272=ORIENTED_EDGE('',*,*,#3011,.F.);
#2273=ORIENTED_EDGE('',*,*,#3007,.F.);
#2274=ORIENTED_EDGE('',*,*,#3014,.T.);
#2275=ORIENTED_EDGE('',*,*,#2867,.F.);
#2276=ORIENTED_EDGE('',*,*,#2898,.F.);
#2277=ORIENTED_EDGE('',*,*,#2934,.F.);
#2278=ORIENTED_EDGE('',*,*,#3014,.F.);
#2279=ORIENTED_EDGE('',*,*,#3006,.F.);
#2280=ORIENTED_EDGE('',*,*,#3015,.F.);
#2281=ORIENTED_EDGE('',*,*,#2868,.F.);
#2282=ORIENTED_EDGE('',*,*,#2869,.T.);
#2283=ORIENTED_EDGE('',*,*,#3015,.T.);
#2284=ORIENTED_EDGE('',*,*,#3005,.T.);
#2285=ORIENTED_EDGE('',*,*,#2993,.T.);
#2286=ORIENTED_EDGE('',*,*,#2981,.F.);
#2287=ORIENTED_EDGE('',*,*,#2969,.F.);
#2288=ORIENTED_EDGE('',*,*,#2957,.T.);
#2289=ORIENTED_EDGE('',*,*,#2946,.F.);
#2290=ORIENTED_EDGE('',*,*,#3016,.F.);
#2291=ORIENTED_EDGE('',*,*,#3010,.F.);
#2292=ORIENTED_EDGE('',*,*,#3013,.T.);
#2293=ORIENTED_EDGE('',*,*,#2884,.F.);
#2294=ORIENTED_EDGE('',*,*,#2883,.T.);
#2295=ORIENTED_EDGE('',*,*,#2936,.F.);
#2296=ORIENTED_EDGE('',*,*,#2947,.T.);
#2297=ORIENTED_EDGE('',*,*,#2959,.T.);
#2298=ORIENTED_EDGE('',*,*,#2971,.F.);
#2299=ORIENTED_EDGE('',*,*,#2983,.T.);
#2300=ORIENTED_EDGE('',*,*,#2995,.F.);
#2301=ORIENTED_EDGE('',*,*,#3016,.T.);
#2302=ORIENTED_EDGE('',*,*,#3017,.F.);
#2303=ORIENTED_EDGE('',*,*,#3003,.F.);
#2304=ORIENTED_EDGE('',*,*,#3018,.F.);
#2305=ORIENTED_EDGE('',*,*,#2872,.F.);
#2306=ORIENTED_EDGE('',*,*,#2871,.T.);
#2307=ORIENTED_EDGE('',*,*,#2945,.F.);
#2308=ORIENTED_EDGE('',*,*,#2956,.T.);
#2309=ORIENTED_EDGE('',*,*,#2968,.T.);
#2310=ORIENTED_EDGE('',*,*,#2980,.F.);
#2311=ORIENTED_EDGE('',*,*,#2992,.T.);
#2312=ORIENTED_EDGE('',*,*,#3004,.F.);
#2313=ORIENTED_EDGE('',*,*,#3017,.T.);
#2314=ORIENTED_EDGE('',*,*,#2873,.T.);
#2315=ORIENTED_EDGE('',*,*,#3018,.T.);
#2316=ORIENTED_EDGE('',*,*,#3002,.T.);
#2317=ORIENTED_EDGE('',*,*,#2990,.T.);
#2318=ORIENTED_EDGE('',*,*,#2978,.F.);
#2319=ORIENTED_EDGE('',*,*,#2966,.F.);
#2320=ORIENTED_EDGE('',*,*,#2954,.T.);
#2321=ORIENTED_EDGE('',*,*,#2943,.F.);
#2322=ORIENTED_EDGE('',*,*,#3019,.F.);
#2323=ORIENTED_EDGE('',*,*,#3000,.F.);
#2324=ORIENTED_EDGE('',*,*,#3020,.F.);
#2325=ORIENTED_EDGE('',*,*,#2876,.F.);
#2326=ORIENTED_EDGE('',*,*,#2875,.T.);
#2327=ORIENTED_EDGE('',*,*,#2942,.F.);
#2328=ORIENTED_EDGE('',*,*,#2953,.T.);
#2329=ORIENTED_EDGE('',*,*,#2965,.T.);
#2330=ORIENTED_EDGE('',*,*,#2977,.F.);
#2331=ORIENTED_EDGE('',*,*,#2989,.T.);
#2332=ORIENTED_EDGE('',*,*,#3001,.F.);
#2333=ORIENTED_EDGE('',*,*,#3019,.T.);
#2334=ORIENTED_EDGE('',*,*,#2877,.T.);
#2335=ORIENTED_EDGE('',*,*,#3020,.T.);
#2336=ORIENTED_EDGE('',*,*,#2999,.T.);
#2337=ORIENTED_EDGE('',*,*,#2987,.T.);
#2338=ORIENTED_EDGE('',*,*,#2975,.F.);
#2339=ORIENTED_EDGE('',*,*,#2963,.F.);
#2340=ORIENTED_EDGE('',*,*,#2951,.T.);
#2341=ORIENTED_EDGE('',*,*,#2940,.F.);
#2342=ORIENTED_EDGE('',*,*,#2881,.T.);
#2343=ORIENTED_EDGE('',*,*,#3021,.T.);
#2344=ORIENTED_EDGE('',*,*,#2996,.T.);
#2345=ORIENTED_EDGE('',*,*,#2984,.T.);
#2346=ORIENTED_EDGE('',*,*,#2972,.F.);
#2347=ORIENTED_EDGE('',*,*,#2960,.F.);
#2348=ORIENTED_EDGE('',*,*,#2948,.T.);
#2349=ORIENTED_EDGE('',*,*,#2937,.F.);
#2350=ORIENTED_EDGE('',*,*,#2879,.T.);
#2351=ORIENTED_EDGE('',*,*,#2939,.F.);
#2352=ORIENTED_EDGE('',*,*,#2950,.T.);
#2353=ORIENTED_EDGE('',*,*,#2962,.T.);
#2354=ORIENTED_EDGE('',*,*,#2974,.F.);
#2355=ORIENTED_EDGE('',*,*,#2986,.T.);
#2356=ORIENTED_EDGE('',*,*,#2998,.F.);
#2357=ORIENTED_EDGE('',*,*,#3022,.T.);
#2358=ORIENTED_EDGE('',*,*,#3022,.F.);
#2359=ORIENTED_EDGE('',*,*,#2997,.F.);
#2360=ORIENTED_EDGE('',*,*,#3021,.F.);
#2361=ORIENTED_EDGE('',*,*,#2880,.F.);
#2362=ORIENTED_EDGE('',*,*,#2863,.T.);
#2363=ORIENTED_EDGE('',*,*,#2895,.T.);
#2364=ORIENTED_EDGE('',*,*,#2932,.T.);
#2365=ORIENTED_EDGE('',*,*,#2922,.T.);
#2366=ORIENTED_EDGE('',*,*,#2907,.T.);
#2367=ORIENTED_EDGE('',*,*,#3023,.T.);
#2368=ORIENTED_EDGE('',*,*,#2865,.T.);
#2369=ORIENTED_EDGE('',*,*,#3024,.F.);
#2370=ORIENTED_EDGE('',*,*,#2905,.T.);
#2371=ORIENTED_EDGE('',*,*,#2924,.T.);
#2372=ORIENTED_EDGE('',*,*,#2933,.T.);
#2373=ORIENTED_EDGE('',*,*,#2896,.T.);
#2374=ORIENTED_EDGE('',*,*,#2864,.T.);
#2375=ORIENTED_EDGE('',*,*,#3023,.F.);
#2376=ORIENTED_EDGE('',*,*,#2906,.T.);
#2377=ORIENTED_EDGE('',*,*,#3024,.T.);
#2378=ORIENTED_EDGE('',*,*,#2859,.T.);
#2379=ORIENTED_EDGE('',*,*,#2892,.T.);
#2380=ORIENTED_EDGE('',*,*,#2930,.T.);
#2381=ORIENTED_EDGE('',*,*,#2919,.T.);
#2382=ORIENTED_EDGE('',*,*,#2911,.T.);
#2383=ORIENTED_EDGE('',*,*,#3025,.T.);
#2384=ORIENTED_EDGE('',*,*,#2861,.T.);
#2385=ORIENTED_EDGE('',*,*,#3026,.F.);
#2386=ORIENTED_EDGE('',*,*,#2909,.T.);
#2387=ORIENTED_EDGE('',*,*,#2921,.T.);
#2388=ORIENTED_EDGE('',*,*,#2931,.T.);
#2389=ORIENTED_EDGE('',*,*,#2893,.T.);
#2390=ORIENTED_EDGE('',*,*,#2860,.T.);
#2391=ORIENTED_EDGE('',*,*,#3025,.F.);
#2392=ORIENTED_EDGE('',*,*,#2910,.T.);
#2393=ORIENTED_EDGE('',*,*,#3026,.T.);
#2394=ORIENTED_EDGE('',*,*,#2856,.T.);
#2395=ORIENTED_EDGE('',*,*,#3027,.F.);
#2396=ORIENTED_EDGE('',*,*,#2914,.T.);
#2397=ORIENTED_EDGE('',*,*,#3028,.T.);
#2398=ORIENTED_EDGE('',*,*,#2855,.T.);
#2399=ORIENTED_EDGE('',*,*,#2887,.T.);
#2400=ORIENTED_EDGE('',*,*,#2927,.T.);
#2401=ORIENTED_EDGE('',*,*,#2915,.T.);
#2402=ORIENTED_EDGE('',*,*,#2899,.T.);
#2403=ORIENTED_EDGE('',*,*,#3027,.T.);
#2404=ORIENTED_EDGE('',*,*,#2857,.T.);
#2405=ORIENTED_EDGE('',*,*,#3028,.F.);
#2406=ORIENTED_EDGE('',*,*,#2913,.T.);
#2407=ORIENTED_EDGE('',*,*,#2918,.T.);
#2408=ORIENTED_EDGE('',*,*,#2929,.T.);
#2409=ORIENTED_EDGE('',*,*,#2890,.T.);
#2410=EDGE_CURVE('',#3029,#3029,#3441,.T.);
#2411=EDGE_CURVE('',#3030,#3030,#3442,.T.);
#2412=EDGE_CURVE('',#3031,#3032,#74,.T.);
#2413=EDGE_CURVE('',#3032,#3033,#75,.T.);
#2414=EDGE_CURVE('',#3034,#3033,#76,.T.);
#2415=EDGE_CURVE('',#3035,#3034,#77,.T.);
#2416=EDGE_CURVE('',#3035,#3036,#78,.T.);
#2417=EDGE_CURVE('',#3036,#3037,#79,.T.);
#2418=EDGE_CURVE('',#3038,#3037,#80,.T.);
#2419=EDGE_CURVE('',#3031,#3038,#81,.T.);
#2420=EDGE_CURVE('',#3037,#3039,#3443,.T.);
#2421=EDGE_CURVE('',#3040,#3039,#82,.T.);
#2422=EDGE_CURVE('',#3038,#3040,#3444,.T.);
#2423=EDGE_CURVE('',#3041,#3042,#83,.T.);
#2424=EDGE_CURVE('',#3041,#3043,#84,.T.);
#2425=EDGE_CURVE('',#3043,#3044,#85,.T.);
#2426=EDGE_CURVE('',#3042,#3044,#86,.T.);
#2427=EDGE_CURVE('',#3045,#3046,#87,.T.);
#2428=EDGE_CURVE('',#3045,#3047,#88,.T.);
#2429=EDGE_CURVE('',#3047,#3048,#89,.T.);
#2430=EDGE_CURVE('',#3046,#3048,#90,.T.);
#2431=EDGE_CURVE('',#3039,#3049,#91,.T.);
#2432=EDGE_CURVE('',#3050,#3049,#92,.T.);
#2433=EDGE_CURVE('',#3040,#3050,#93,.T.);
#2434=EDGE_CURVE('',#3049,#3051,#3445,.T.);
#2435=EDGE_CURVE('',#3052,#3051,#94,.T.);
#2436=EDGE_CURVE('',#3050,#3052,#3446,.T.);
#2437=EDGE_CURVE('',#3053,#3053,#3447,.T.);
#2438=EDGE_CURVE('',#3054,#3054,#3448,.T.);
#2439=EDGE_CURVE('',#3055,#3056,#95,.T.);
#2440=EDGE_CURVE('',#3057,#3055,#96,.T.);
#2441=EDGE_CURVE('',#3057,#3058,#97,.T.);
#2442=EDGE_CURVE('',#3058,#3059,#98,.T.);
#2443=EDGE_CURVE('',#3060,#3059,#99,.T.);
#2444=EDGE_CURVE('',#3052,#3060,#100,.T.);
#2445=EDGE_CURVE('',#3051,#3056,#101,.T.);
#2446=EDGE_CURVE('',#3059,#3061,#3449,.T.);
#2447=EDGE_CURVE('',#3062,#3061,#102,.T.);
#2448=EDGE_CURVE('',#3060,#3062,#3450,.T.);
#2449=EDGE_CURVE('',#3063,#3064,#103,.T.);
#2450=EDGE_CURVE('',#3063,#3065,#104,.T.);
#2451=EDGE_CURVE('',#3065,#3066,#105,.T.);
#2452=EDGE_CURVE('',#3064,#3066,#106,.T.);
#2453=EDGE_CURVE('',#3067,#3068,#107,.T.);
#2454=EDGE_CURVE('',#3067,#3069,#108,.T.);
#2455=EDGE_CURVE('',#3069,#3070,#109,.T.);
#2456=EDGE_CURVE('',#3068,#3070,#110,.T.);
#2457=EDGE_CURVE('',#3061,#3071,#111,.T.);
#2458=EDGE_CURVE('',#3072,#3071,#112,.T.);
#2459=EDGE_CURVE('',#3062,#3072,#113,.T.);
#2460=EDGE_CURVE('',#3073,#3073,#3451,.F.);
#2461=EDGE_CURVE('',#3074,#3074,#3452,.F.);
#2462=EDGE_CURVE('',#3075,#3076,#114,.T.);
#2463=EDGE_CURVE('',#3077,#3075,#115,.T.);
#2464=EDGE_CURVE('',#3077,#3078,#116,.T.);
#2465=EDGE_CURVE('',#3078,#3079,#117,.T.);
#2466=EDGE_CURVE('',#3080,#3079,#118,.T.);
#2467=EDGE_CURVE('',#3080,#3081,#119,.T.);
#2468=EDGE_CURVE('',#3081,#3082,#120,.T.);
#2469=EDGE_CURVE('',#3076,#3082,#121,.T.);
#2470=EDGE_CURVE('',#3083,#3079,#3453,.T.);
#2471=EDGE_CURVE('',#3084,#3083,#122,.T.);
#2472=EDGE_CURVE('',#3084,#3080,#3454,.T.);
#2473=EDGE_CURVE('',#3085,#3086,#123,.T.);
#2474=EDGE_CURVE('',#3085,#3087,#124,.T.);
#2475=EDGE_CURVE('',#3087,#3088,#125,.T.);
#2476=EDGE_CURVE('',#3088,#3086,#126,.T.);
#2477=EDGE_CURVE('',#3089,#3090,#127,.T.);
#2478=EDGE_CURVE('',#3089,#3091,#128,.T.);
#2479=EDGE_CURVE('',#3091,#3092,#129,.T.);
#2480=EDGE_CURVE('',#3092,#3090,#130,.T.);
#2481=EDGE_CURVE('',#3083,#3093,#131,.T.);
#2482=EDGE_CURVE('',#3094,#3093,#132,.T.);
#2483=EDGE_CURVE('',#3094,#3084,#133,.T.);
#2484=EDGE_CURVE('',#3095,#3093,#3455,.T.);
#2485=EDGE_CURVE('',#3096,#3095,#134,.T.);
#2486=EDGE_CURVE('',#3096,#3094,#3456,.T.);
#2487=EDGE_CURVE('',#3097,#3097,#3457,.F.);
#2488=EDGE_CURVE('',#3098,#3098,#3458,.F.);
#2489=EDGE_CURVE('',#3095,#3099,#135,.T.);
#2490=EDGE_CURVE('',#3100,#3099,#136,.T.);
#2491=EDGE_CURVE('',#3101,#3100,#137,.T.);
#2492=EDGE_CURVE('',#3101,#3102,#138,.T.);
#2493=EDGE_CURVE('',#3103,#3102,#139,.T.);
#2494=EDGE_CURVE('',#3104,#3103,#140,.T.);
#2495=EDGE_CURVE('',#3104,#3096,#141,.T.);
#2496=EDGE_CURVE('',#3105,#3103,#3459,.T.);
#2497=EDGE_CURVE('',#3106,#3105,#142,.T.);
#2498=EDGE_CURVE('',#3106,#3104,#3460,.T.);
#2499=EDGE_CURVE('',#3107,#3108,#143,.T.);
#2500=EDGE_CURVE('',#3107,#3109,#144,.T.);
#2501=EDGE_CURVE('',#3109,#3110,#145,.T.);
#2502=EDGE_CURVE('',#3110,#3108,#146,.T.);
#2503=EDGE_CURVE('',#3111,#3112,#147,.T.);
#2504=EDGE_CURVE('',#3111,#3113,#148,.T.);
#2505=EDGE_CURVE('',#3113,#3114,#149,.T.);
#2506=EDGE_CURVE('',#3114,#3112,#150,.T.);
#2507=EDGE_CURVE('',#3115,#3105,#151,.T.);
#2508=EDGE_CURVE('',#3116,#3115,#152,.T.);
#2509=EDGE_CURVE('',#3116,#3106,#153,.T.);
#2510=EDGE_CURVE('',#3082,#3115,#3461,.T.);
#2511=EDGE_CURVE('',#3081,#3116,#3462,.T.);
#2512=EDGE_CURVE('',#3071,#3032,#3463,.T.);
#2513=EDGE_CURVE('',#3072,#3031,#3464,.T.);
#2514=EDGE_CURVE('',#3036,#3076,#154,.T.);
#2515=EDGE_CURVE('',#3102,#3056,#155,.T.);
#2516=EDGE_CURVE('',#3075,#3035,#156,.T.);
#2517=EDGE_CURVE('',#3055,#3101,#157,.T.);
#2518=EDGE_CURVE('',#3117,#3034,#3465,.T.);
#2519=EDGE_CURVE('',#3117,#3118,#158,.T.);
#2520=EDGE_CURVE('',#3118,#3119,#3466,.T.);
#2521=EDGE_CURVE('',#3119,#3120,#159,.T.);
#2522=EDGE_CURVE('',#3121,#3120,#3467,.T.);
#2523=EDGE_CURVE('',#3121,#3122,#160,.T.);
#2524=EDGE_CURVE('',#3122,#3123,#161,.T.);
#2525=EDGE_CURVE('',#3123,#3124,#162,.T.);
#2526=EDGE_CURVE('',#3124,#3125,#3468,.T.);
#2527=EDGE_CURVE('',#3125,#3126,#163,.T.);
#2528=EDGE_CURVE('',#3127,#3126,#3469,.T.);
#2529=EDGE_CURVE('',#3127,#3128,#164,.T.);
#2530=EDGE_CURVE('',#3128,#3077,#3470,.T.);
#2531=EDGE_CURVE('',#3129,#3130,#165,.T.);
#2532=EDGE_CURVE('',#3118,#3130,#166,.T.);
#2533=EDGE_CURVE('',#3117,#3129,#167,.T.);
#2534=EDGE_CURVE('',#3130,#3131,#3471,.T.);
#2535=EDGE_CURVE('',#3119,#3131,#168,.T.);
#2536=EDGE_CURVE('',#3131,#3132,#169,.T.);
#2537=EDGE_CURVE('',#3120,#3132,#170,.T.);
#2538=EDGE_CURVE('',#3133,#3132,#3472,.T.);
#2539=EDGE_CURVE('',#3121,#3133,#171,.T.);
#2540=EDGE_CURVE('',#3133,#3134,#172,.T.);
#2541=EDGE_CURVE('',#3122,#3134,#173,.T.);
#2542=EDGE_CURVE('',#3134,#3135,#174,.T.);
#2543=EDGE_CURVE('',#3123,#3135,#175,.T.);
#2544=EDGE_CURVE('',#3135,#3136,#176,.T.);
#2545=EDGE_CURVE('',#3124,#3136,#177,.T.);
#2546=EDGE_CURVE('',#3136,#3137,#3473,.T.);
#2547=EDGE_CURVE('',#3125,#3137,#178,.T.);
#2548=EDGE_CURVE('',#3137,#3138,#179,.T.);
#2549=EDGE_CURVE('',#3126,#3138,#180,.T.);
#2550=EDGE_CURVE('',#3139,#3138,#3474,.T.);
#2551=EDGE_CURVE('',#3127,#3139,#181,.T.);
#2552=EDGE_CURVE('',#3139,#3140,#182,.T.);
#2553=EDGE_CURVE('',#3128,#3140,#183,.T.);
#2554=EDGE_CURVE('',#3140,#3078,#3475,.T.);
#2555=EDGE_CURVE('',#3099,#3141,#3476,.T.);
#2556=EDGE_CURVE('',#3142,#3141,#184,.T.);
#2557=EDGE_CURVE('',#3100,#3142,#3477,.T.);
#2558=EDGE_CURVE('',#3141,#3143,#185,.T.);
#2559=EDGE_CURVE('',#3144,#3143,#186,.T.);
#2560=EDGE_CURVE('',#3142,#3144,#187,.T.);
#2561=EDGE_CURVE('',#3145,#3143,#3478,.T.);
#2562=EDGE_CURVE('',#3146,#3145,#188,.T.);
#2563=EDGE_CURVE('',#3146,#3144,#3479,.T.);
#2564=EDGE_CURVE('',#3145,#3147,#189,.T.);
#2565=EDGE_CURVE('',#3148,#3147,#190,.T.);
#2566=EDGE_CURVE('',#3146,#3148,#191,.T.);
#2567=EDGE_CURVE('',#3147,#3149,#3480,.T.);
#2568=EDGE_CURVE('',#3150,#3149,#192,.T.);
#2569=EDGE_CURVE('',#3148,#3150,#3481,.T.);
#2570=EDGE_CURVE('',#3149,#3151,#193,.T.);
#2571=EDGE_CURVE('',#3152,#3151,#194,.T.);
#2572=EDGE_CURVE('',#3150,#3152,#195,.T.);
#2573=EDGE_CURVE('',#3151,#3153,#196,.T.);
#2574=EDGE_CURVE('',#3154,#3153,#197,.T.);
#2575=EDGE_CURVE('',#3152,#3154,#198,.T.);
#2576=EDGE_CURVE('',#3153,#3155,#199,.T.);
#2577=EDGE_CURVE('',#3156,#3155,#200,.T.);
#2578=EDGE_CURVE('',#3154,#3156,#201,.T.);
#2579=EDGE_CURVE('',#3157,#3155,#3482,.T.);
#2580=EDGE_CURVE('',#3158,#3157,#202,.T.);
#2581=EDGE_CURVE('',#3158,#3156,#3483,.T.);
#2582=EDGE_CURVE('',#3157,#3159,#203,.T.);
#2583=EDGE_CURVE('',#3160,#3159,#204,.T.);
#2584=EDGE_CURVE('',#3158,#3160,#205,.T.);
#2585=EDGE_CURVE('',#3159,#3161,#3484,.T.);
#2586=EDGE_CURVE('',#3162,#3161,#206,.T.);
#2587=EDGE_CURVE('',#3160,#3162,#3485,.T.);
#2588=EDGE_CURVE('',#3161,#3163,#207,.T.);
#2589=EDGE_CURVE('',#3164,#3163,#208,.T.);
#2590=EDGE_CURVE('',#3162,#3164,#209,.T.);
#2591=EDGE_CURVE('',#3058,#3163,#3486,.T.);
#2592=EDGE_CURVE('',#3057,#3164,#3487,.T.);
#2593=EDGE_CURVE('',#3129,#3033,#3488,.T.);
#2594=EDGE_CURVE('',#3047,#3112,#210,.T.);
#2595=EDGE_CURVE('',#3111,#3045,#211,.T.);
#2596=EDGE_CURVE('',#3113,#3046,#212,.T.);
#2597=EDGE_CURVE('',#3048,#3114,#213,.T.);
#2598=EDGE_CURVE('',#3070,#3092,#214,.T.);
#2599=EDGE_CURVE('',#3069,#3090,#215,.T.);
#2600=EDGE_CURVE('',#3089,#3067,#216,.T.);
#2601=EDGE_CURVE('',#3091,#3068,#217,.T.);
#2602=EDGE_CURVE('',#3043,#3108,#218,.T.);
#2603=EDGE_CURVE('',#3107,#3041,#219,.T.);
#2604=EDGE_CURVE('',#3109,#3042,#220,.T.);
#2605=EDGE_CURVE('',#3044,#3110,#221,.T.);
#2606=EDGE_CURVE('',#3066,#3088,#222,.T.);
#2607=EDGE_CURVE('',#3065,#3086,#223,.T.);
#2608=EDGE_CURVE('',#3085,#3063,#224,.T.);
#2609=EDGE_CURVE('',#3087,#3064,#225,.T.);
#2610=EDGE_CURVE('',#3165,#3166,#226,.T.);
#2611=EDGE_CURVE('',#3165,#3167,#227,.T.);
#2612=EDGE_CURVE('',#3167,#3168,#228,.T.);
#2613=EDGE_CURVE('',#3166,#3168,#229,.T.);
#2614=EDGE_CURVE('',#3169,#3170,#230,.T.);
#2615=EDGE_CURVE('',#3171,#3169,#231,.T.);
#2616=EDGE_CURVE('',#3171,#3172,#232,.T.);
#2617=EDGE_CURVE('',#3170,#3172,#233,.T.);
#2618=EDGE_CURVE('',#3173,#3174,#234,.T.);
#2619=EDGE_CURVE('',#3175,#3173,#235,.T.);
#2620=EDGE_CURVE('',#3176,#3175,#236,.T.);
#2621=EDGE_CURVE('',#3177,#3176,#237,.T.);
#2622=EDGE_CURVE('',#3178,#3177,#238,.T.);
#2623=EDGE_CURVE('',#3179,#3178,#239,.T.);
#2624=EDGE_CURVE('',#3180,#3179,#240,.T.);
#2625=EDGE_CURVE('',#3174,#3180,#241,.T.);
#2626=EDGE_CURVE('',#3181,#3182,#242,.T.);
#2627=EDGE_CURVE('',#3183,#3181,#243,.T.);
#2628=EDGE_CURVE('',#3184,#3183,#244,.T.);
#2629=EDGE_CURVE('',#3185,#3184,#245,.T.);
#2630=EDGE_CURVE('',#3186,#3185,#246,.T.);
#2631=EDGE_CURVE('',#3187,#3186,#247,.T.);
#2632=EDGE_CURVE('',#3188,#3187,#248,.T.);
#2633=EDGE_CURVE('',#3182,#3188,#249,.T.);
#2634=EDGE_CURVE('',#3189,#3190,#250,.T.);
#2635=EDGE_CURVE('',#3191,#3190,#251,.T.);
#2636=EDGE_CURVE('',#3192,#3191,#252,.T.);
#2637=EDGE_CURVE('',#3192,#3189,#253,.T.);
#2638=EDGE_CURVE('',#3193,#3194,#254,.T.);
#2639=EDGE_CURVE('',#3195,#3193,#255,.T.);
#2640=EDGE_CURVE('',#3196,#3195,#256,.T.);
#2641=EDGE_CURVE('',#3197,#3196,#257,.T.);
#2642=EDGE_CURVE('',#3198,#3197,#258,.T.);
#2643=EDGE_CURVE('',#3199,#3198,#259,.T.);
#2644=EDGE_CURVE('',#3200,#3199,#260,.T.);
#2645=EDGE_CURVE('',#3194,#3200,#261,.T.);
#2646=EDGE_CURVE('',#3201,#3202,#262,.T.);
#2647=EDGE_CURVE('',#3203,#3201,#263,.T.);
#2648=EDGE_CURVE('',#3204,#3203,#264,.T.);
#2649=EDGE_CURVE('',#3205,#3204,#265,.T.);
#2650=EDGE_CURVE('',#3206,#3205,#266,.T.);
#2651=EDGE_CURVE('',#3207,#3206,#267,.T.);
#2652=EDGE_CURVE('',#3208,#3207,#268,.T.);
#2653=EDGE_CURVE('',#3202,#3208,#269,.T.);
#2654=EDGE_CURVE('',#3209,#3210,#270,.T.);
#2655=EDGE_CURVE('',#3209,#3211,#271,.T.);
#2656=EDGE_CURVE('',#3211,#3212,#272,.T.);
#2657=EDGE_CURVE('',#3210,#3212,#273,.T.);
#2658=EDGE_CURVE('',#3213,#3214,#274,.T.);
#2659=EDGE_CURVE('',#3215,#3213,#275,.T.);
#2660=EDGE_CURVE('',#3215,#3216,#276,.T.);
#2661=EDGE_CURVE('',#3214,#3216,#277,.T.);
#2662=EDGE_CURVE('',#3217,#3218,#278,.T.);
#2663=EDGE_CURVE('',#3217,#3219,#279,.T.);
#2664=EDGE_CURVE('',#3219,#3220,#280,.T.);
#2665=EDGE_CURVE('',#3218,#3220,#281,.T.);
#2666=EDGE_CURVE('',#3221,#3222,#282,.T.);
#2667=EDGE_CURVE('',#3223,#3221,#283,.T.);
#2668=EDGE_CURVE('',#3223,#3224,#284,.T.);
#2669=EDGE_CURVE('',#3222,#3224,#285,.T.);
#2670=EDGE_CURVE('',#3225,#3226,#286,.T.);
#2671=EDGE_CURVE('',#3225,#3227,#287,.T.);
#2672=EDGE_CURVE('',#3227,#3228,#288,.T.);
#2673=EDGE_CURVE('',#3226,#3228,#289,.T.);
#2674=EDGE_CURVE('',#3229,#3230,#290,.T.);
#2675=EDGE_CURVE('',#3231,#3229,#291,.T.);
#2676=EDGE_CURVE('',#3231,#3232,#292,.T.);
#2677=EDGE_CURVE('',#3230,#3232,#293,.T.);
#2678=EDGE_CURVE('',#3233,#3234,#294,.T.);
#2679=EDGE_CURVE('',#3235,#3233,#295,.T.);
#2680=EDGE_CURVE('',#3235,#3236,#296,.T.);
#2681=EDGE_CURVE('',#3236,#3234,#297,.T.);
#2682=EDGE_CURVE('',#3237,#3238,#298,.T.);
#2683=EDGE_CURVE('',#3237,#3233,#299,.T.);
#2684=EDGE_CURVE('',#3234,#3239,#300,.T.);
#2685=EDGE_CURVE('',#3240,#3239,#301,.T.);
#2686=EDGE_CURVE('',#3241,#3240,#302,.T.);
#2687=EDGE_CURVE('',#3241,#3242,#303,.T.);
#2688=EDGE_CURVE('',#3242,#3238,#304,.T.);
#2689=EDGE_CURVE('',#3239,#3243,#305,.T.);
#2690=EDGE_CURVE('',#3244,#3243,#306,.T.);
#2691=EDGE_CURVE('',#3240,#3244,#307,.T.);
#2692=EDGE_CURVE('',#3243,#3245,#308,.T.);
#2693=EDGE_CURVE('',#3246,#3245,#309,.T.);
#2694=EDGE_CURVE('',#3244,#3246,#310,.T.);
#2695=EDGE_CURVE('',#3245,#3247,#311,.T.);
#2696=EDGE_CURVE('',#3248,#3247,#312,.T.);
#2697=EDGE_CURVE('',#3246,#3248,#313,.T.);
#2698=EDGE_CURVE('',#3249,#3249,#3489,.F.);
#2699=EDGE_CURVE('',#3250,#3250,#3490,.F.);
#2700=EDGE_CURVE('',#3247,#3189,#314,.T.);
#2701=EDGE_CURVE('',#3248,#3192,#315,.T.);
#2702=EDGE_CURVE('',#3190,#3251,#316,.T.);
#2703=EDGE_CURVE('',#3252,#3251,#317,.T.);
#2704=EDGE_CURVE('',#3191,#3252,#318,.T.);
#2705=EDGE_CURVE('',#3253,#3254,#319,.T.);
#2706=EDGE_CURVE('',#3253,#3255,#320,.T.);
#2707=EDGE_CURVE('',#3255,#3256,#321,.T.);
#2708=EDGE_CURVE('',#3256,#3257,#322,.T.);
#2709=EDGE_CURVE('',#3258,#3257,#323,.T.);
#2710=EDGE_CURVE('',#3258,#3259,#324,.T.);
#2711=EDGE_CURVE('',#3259,#3260,#325,.T.);
#2712=EDGE_CURVE('',#3260,#3261,#326,.T.);
#2713=EDGE_CURVE('',#3262,#3261,#327,.T.);
#2714=EDGE_CURVE('',#3262,#3263,#328,.T.);
#2715=EDGE_CURVE('',#3263,#3264,#329,.T.);
#2716=EDGE_CURVE('',#3264,#3265,#330,.T.);
#2717=EDGE_CURVE('',#3266,#3265,#331,.T.);
#2718=EDGE_CURVE('',#3266,#3267,#332,.T.);
#2719=EDGE_CURVE('',#3267,#3268,#333,.T.);
#2720=EDGE_CURVE('',#3268,#3269,#334,.T.);
#2721=EDGE_CURVE('',#3270,#3269,#335,.T.);
#2722=EDGE_CURVE('',#3270,#3271,#336,.T.);
#2723=EDGE_CURVE('',#3272,#3271,#337,.T.);
#2724=EDGE_CURVE('',#3252,#3272,#338,.T.);
#2725=EDGE_CURVE('',#3251,#3236,#339,.T.);
#2726=EDGE_CURVE('',#3254,#3235,#340,.T.);
#2727=EDGE_CURVE('',#3271,#3242,#341,.T.);
#2728=EDGE_CURVE('',#3272,#3241,#342,.T.);
#2729=EDGE_CURVE('',#3253,#3273,#343,.T.);
#2730=EDGE_CURVE('',#3254,#3237,#344,.T.);
#2731=EDGE_CURVE('',#3238,#3270,#345,.T.);
#2732=EDGE_CURVE('',#3274,#3269,#346,.T.);
#2733=EDGE_CURVE('',#3275,#3274,#347,.T.);
#2734=EDGE_CURVE('',#3266,#3275,#348,.T.);
#2735=EDGE_CURVE('',#3276,#3265,#349,.T.);
#2736=EDGE_CURVE('',#3277,#3276,#350,.T.);
#2737=EDGE_CURVE('',#3262,#3277,#351,.T.);
#2738=EDGE_CURVE('',#3278,#3261,#352,.T.);
#2739=EDGE_CURVE('',#3279,#3278,#353,.T.);
#2740=EDGE_CURVE('',#3258,#3279,#354,.T.);
#2741=EDGE_CURVE('',#3280,#3257,#355,.T.);
#2742=EDGE_CURVE('',#3273,#3280,#356,.T.);
#2743=EDGE_CURVE('',#3216,#3263,#357,.T.);
#2744=EDGE_CURVE('',#3212,#3215,#358,.T.);
#2745=EDGE_CURVE('',#3264,#3211,#359,.T.);
#2746=EDGE_CURVE('',#3281,#3277,#360,.T.);
#2747=EDGE_CURVE('',#3282,#3281,#361,.T.);
#2748=EDGE_CURVE('',#3282,#3214,#362,.T.);
#2749=EDGE_CURVE('',#3283,#3209,#363,.T.);
#2750=EDGE_CURVE('',#3284,#3283,#364,.T.);
#2751=EDGE_CURVE('',#3284,#3276,#365,.T.);
#2752=EDGE_CURVE('',#3281,#3284,#366,.T.);
#2753=EDGE_CURVE('',#3283,#3285,#367,.T.);
#2754=EDGE_CURVE('',#3285,#3176,#368,.T.);
#2755=EDGE_CURVE('',#3286,#3175,#369,.T.);
#2756=EDGE_CURVE('',#3286,#3282,#370,.T.);
#2757=EDGE_CURVE('',#3224,#3259,#371,.T.);
#2758=EDGE_CURVE('',#3220,#3223,#372,.T.);
#2759=EDGE_CURVE('',#3260,#3219,#373,.T.);
#2760=EDGE_CURVE('',#3287,#3279,#374,.T.);
#2761=EDGE_CURVE('',#3288,#3287,#375,.T.);
#2762=EDGE_CURVE('',#3288,#3222,#376,.T.);
#2763=EDGE_CURVE('',#3289,#3217,#377,.T.);
#2764=EDGE_CURVE('',#3290,#3289,#378,.T.);
#2765=EDGE_CURVE('',#3290,#3278,#379,.T.);
#2766=EDGE_CURVE('',#3287,#3290,#380,.T.);
#2767=EDGE_CURVE('',#3289,#3291,#381,.T.);
#2768=EDGE_CURVE('',#3291,#3196,#382,.T.);
#2769=EDGE_CURVE('',#3292,#3195,#383,.T.);
#2770=EDGE_CURVE('',#3292,#3288,#384,.T.);
#2771=EDGE_CURVE('',#3172,#3267,#385,.T.);
#2772=EDGE_CURVE('',#3168,#3171,#386,.T.);
#2773=EDGE_CURVE('',#3268,#3167,#387,.T.);
#2774=EDGE_CURVE('',#3293,#3275,#388,.T.);
#2775=EDGE_CURVE('',#3294,#3293,#389,.T.);
#2776=EDGE_CURVE('',#3294,#3170,#390,.T.);
#2777=EDGE_CURVE('',#3295,#3165,#391,.T.);
#2778=EDGE_CURVE('',#3296,#3295,#392,.T.);
#2779=EDGE_CURVE('',#3296,#3274,#393,.T.);
#2780=EDGE_CURVE('',#3293,#3296,#394,.T.);
#2781=EDGE_CURVE('',#3295,#3297,#395,.T.);
#2782=EDGE_CURVE('',#3297,#3204,#396,.T.);
#2783=EDGE_CURVE('',#3298,#3203,#397,.T.);
#2784=EDGE_CURVE('',#3298,#3294,#398,.T.);
#2785=EDGE_CURVE('',#3232,#3255,#399,.T.);
#2786=EDGE_CURVE('',#3228,#3231,#400,.T.);
#2787=EDGE_CURVE('',#3256,#3227,#401,.T.);
#2788=EDGE_CURVE('',#3299,#3273,#402,.T.);
#2789=EDGE_CURVE('',#3300,#3299,#403,.T.);
#2790=EDGE_CURVE('',#3300,#3230,#404,.T.);
#2791=EDGE_CURVE('',#3301,#3225,#405,.T.);
#2792=EDGE_CURVE('',#3302,#3301,#406,.T.);
#2793=EDGE_CURVE('',#3302,#3280,#407,.T.);
#2794=EDGE_CURVE('',#3299,#3302,#408,.T.);
#2795=EDGE_CURVE('',#3301,#3303,#409,.T.);
#2796=EDGE_CURVE('',#3303,#3184,#410,.T.);
#2797=EDGE_CURVE('',#3304,#3183,#411,.T.);
#2798=EDGE_CURVE('',#3304,#3300,#412,.T.);
#2799=EDGE_CURVE('',#3305,#3305,#3491,.T.);
#2800=EDGE_CURVE('',#3306,#3306,#3492,.T.);
#2801=EDGE_CURVE('',#3307,#3307,#3493,.T.);
#2802=EDGE_CURVE('',#3308,#3308,#3494,.T.);
#2803=EDGE_CURVE('',#3309,#3304,#413,.T.);
#2804=EDGE_CURVE('',#3230,#3309,#414,.T.);
#2805=EDGE_CURVE('',#3310,#3231,#415,.T.);
#2806=EDGE_CURVE('',#3311,#3310,#416,.T.);
#2807=EDGE_CURVE('',#3228,#3311,#417,.T.);
#2808=EDGE_CURVE('',#3229,#3182,#418,.T.);
#2809=EDGE_CURVE('',#3309,#3181,#419,.T.);
#2810=EDGE_CURVE('',#3303,#3312,#420,.T.);
#2811=EDGE_CURVE('',#3312,#3185,#421,.T.);
#2812=EDGE_CURVE('',#3312,#3225,#422,.T.);
#2813=EDGE_CURVE('',#3226,#3186,#423,.T.);
#2814=EDGE_CURVE('',#3311,#3187,#424,.T.);
#2815=EDGE_CURVE('',#3310,#3188,#425,.T.);
#2816=EDGE_CURVE('',#3313,#3292,#426,.T.);
#2817=EDGE_CURVE('',#3222,#3313,#427,.T.);
#2818=EDGE_CURVE('',#3314,#3223,#428,.T.);
#2819=EDGE_CURVE('',#3315,#3314,#429,.T.);
#2820=EDGE_CURVE('',#3220,#3315,#430,.T.);
#2821=EDGE_CURVE('',#3221,#3194,#431,.T.);
#2822=EDGE_CURVE('',#3313,#3193,#432,.T.);
#2823=EDGE_CURVE('',#3291,#3316,#433,.T.);
#2824=EDGE_CURVE('',#3316,#3197,#434,.T.);
#2825=EDGE_CURVE('',#3316,#3217,#435,.T.);
#2826=EDGE_CURVE('',#3218,#3198,#436,.T.);
#2827=EDGE_CURVE('',#3315,#3199,#437,.T.);
#2828=EDGE_CURVE('',#3314,#3200,#438,.T.);
#2829=EDGE_CURVE('',#3317,#3286,#439,.T.);
#2830=EDGE_CURVE('',#3214,#3317,#440,.T.);
#2831=EDGE_CURVE('',#3318,#3215,#441,.T.);
#2832=EDGE_CURVE('',#3319,#3318,#442,.T.);
#2833=EDGE_CURVE('',#3212,#3319,#443,.T.);
#2834=EDGE_CURVE('',#3213,#3174,#444,.T.);
#2835=EDGE_CURVE('',#3317,#3173,#445,.T.);
#2836=EDGE_CURVE('',#3285,#3320,#446,.T.);
#2837=EDGE_CURVE('',#3320,#3177,#447,.T.);
#2838=EDGE_CURVE('',#3320,#3209,#448,.T.);
#2839=EDGE_CURVE('',#3210,#3178,#449,.T.);
#2840=EDGE_CURVE('',#3319,#3179,#450,.T.);
#2841=EDGE_CURVE('',#3318,#3180,#451,.T.);
#2842=EDGE_CURVE('',#3321,#3298,#452,.T.);
#2843=EDGE_CURVE('',#3170,#3321,#453,.T.);
#2844=EDGE_CURVE('',#3322,#3171,#454,.T.);
#2845=EDGE_CURVE('',#3323,#3322,#455,.T.);
#2846=EDGE_CURVE('',#3168,#3323,#456,.T.);
#2847=EDGE_CURVE('',#3169,#3202,#457,.T.);
#2848=EDGE_CURVE('',#3321,#3201,#458,.T.);
#2849=EDGE_CURVE('',#3297,#3324,#459,.T.);
#2850=EDGE_CURVE('',#3324,#3205,#460,.T.);
#2851=EDGE_CURVE('',#3324,#3165,#461,.T.);
#2852=EDGE_CURVE('',#3166,#3206,#462,.T.);
#2853=EDGE_CURVE('',#3323,#3207,#463,.T.);
#2854=EDGE_CURVE('',#3322,#3208,#464,.T.);
#2855=EDGE_CURVE('',#3325,#3326,#465,.T.);
#2856=EDGE_CURVE('',#3327,#3325,#466,.T.);
#2857=EDGE_CURVE('',#3328,#3327,#467,.T.);
#2858=EDGE_CURVE('',#3328,#3329,#468,.T.);
#2859=EDGE_CURVE('',#3330,#3329,#469,.T.);
#2860=EDGE_CURVE('',#3331,#3330,#470,.T.);
#2861=EDGE_CURVE('',#3332,#3331,#471,.T.);
#2862=EDGE_CURVE('',#3332,#3333,#472,.T.);
#2863=EDGE_CURVE('',#3334,#3333,#473,.T.);
#2864=EDGE_CURVE('',#3335,#3334,#474,.T.);
#2865=EDGE_CURVE('',#3336,#3335,#475,.T.);
#2866=EDGE_CURVE('',#3336,#3337,#476,.T.);
#2867=EDGE_CURVE('',#3337,#3338,#477,.T.);
#2868=EDGE_CURVE('',#3338,#3339,#478,.T.);
#2869=EDGE_CURVE('',#3340,#3339,#479,.T.);
#2870=EDGE_CURVE('',#3341,#3340,#480,.T.);
#2871=EDGE_CURVE('',#3342,#3341,#481,.T.);
#2872=EDGE_CURVE('',#3342,#3343,#482,.T.);
#2873=EDGE_CURVE('',#3344,#3343,#483,.T.);
#2874=EDGE_CURVE('',#3345,#3344,#484,.T.);
#2875=EDGE_CURVE('',#3346,#3345,#485,.T.);
#2876=EDGE_CURVE('',#3346,#3347,#486,.T.);
#2877=EDGE_CURVE('',#3348,#3347,#487,.T.);
#2878=EDGE_CURVE('',#3349,#3348,#488,.T.);
#2879=EDGE_CURVE('',#3350,#3349,#489,.T.);
#2880=EDGE_CURVE('',#3350,#3351,#490,.T.);
#2881=EDGE_CURVE('',#3352,#3351,#491,.T.);
#2882=EDGE_CURVE('',#3353,#3352,#492,.T.);
#2883=EDGE_CURVE('',#3354,#3353,#493,.T.);
#2884=EDGE_CURVE('',#3354,#3355,#494,.T.);
#2885=EDGE_CURVE('',#3356,#3355,#495,.T.);
#2886=EDGE_CURVE('',#3356,#3326,#496,.T.);
#2887=EDGE_CURVE('',#3326,#3357,#497,.T.);
#2888=EDGE_CURVE('',#3358,#3356,#498,.T.);
#2889=EDGE_CURVE('',#3358,#3357,#499,.T.);
#2890=EDGE_CURVE('',#3359,#3328,#500,.T.);
#2891=EDGE_CURVE('',#3359,#3360,#501,.T.);
#2892=EDGE_CURVE('',#3329,#3360,#502,.T.);
#2893=EDGE_CURVE('',#3361,#3332,#503,.T.);
#2894=EDGE_CURVE('',#3361,#3362,#504,.T.);
#2895=EDGE_CURVE('',#3333,#3362,#505,.T.);
#2896=EDGE_CURVE('',#3363,#3336,#506,.T.);
#2897=EDGE_CURVE('',#3363,#3364,#507,.T.);
#2898=EDGE_CURVE('',#3364,#3337,#508,.T.);
#2899=EDGE_CURVE('',#3365,#3366,#509,.T.);
#2900=EDGE_CURVE('',#3367,#3365,#510,.T.);
#2901=EDGE_CURVE('',#3368,#3367,#511,.T.);
#2902=EDGE_CURVE('',#3368,#3369,#512,.T.);
#2903=EDGE_CURVE('',#3369,#3370,#513,.T.);
#2904=EDGE_CURVE('',#3371,#3370,#514,.T.);
#2905=EDGE_CURVE('',#3372,#3371,#515,.T.);
#2906=EDGE_CURVE('',#3373,#3372,#516,.T.);
#2907=EDGE_CURVE('',#3374,#3373,#517,.T.);
#2908=EDGE_CURVE('',#3375,#3374,#518,.T.);
#2909=EDGE_CURVE('',#3376,#3375,#519,.T.);
#2910=EDGE_CURVE('',#3377,#3376,#520,.T.);
#2911=EDGE_CURVE('',#3378,#3377,#521,.T.);
#2912=EDGE_CURVE('',#3379,#3378,#522,.T.);
#2913=EDGE_CURVE('',#3380,#3379,#523,.T.);
#2914=EDGE_CURVE('',#3366,#3380,#524,.T.);
#2915=EDGE_CURVE('',#3381,#3365,#525,.T.);
#2916=EDGE_CURVE('',#3382,#3381,#526,.T.);
#2917=EDGE_CURVE('',#3367,#3382,#527,.T.);
#2918=EDGE_CURVE('',#3379,#3383,#528,.T.);
#2919=EDGE_CURVE('',#3384,#3378,#529,.T.);
#2920=EDGE_CURVE('',#3383,#3384,#530,.T.);
#2921=EDGE_CURVE('',#3375,#3385,#531,.T.);
#2922=EDGE_CURVE('',#3386,#3374,#532,.T.);
#2923=EDGE_CURVE('',#3385,#3386,#533,.T.);
#2924=EDGE_CURVE('',#3371,#3387,#534,.T.);
#2925=EDGE_CURVE('',#3370,#3388,#535,.T.);
#2926=EDGE_CURVE('',#3387,#3388,#536,.T.);
#2927=EDGE_CURVE('',#3357,#3381,#537,.T.);
#2928=EDGE_CURVE('',#3382,#3358,#538,.T.);
#2929=EDGE_CURVE('',#3383,#3359,#539,.T.);
#2930=EDGE_CURVE('',#3360,#3384,#540,.T.);
#2931=EDGE_CURVE('',#3385,#3361,#541,.T.);
#2932=EDGE_CURVE('',#3362,#3386,#542,.T.);
#2933=EDGE_CURVE('',#3387,#3363,#543,.T.);
#2934=EDGE_CURVE('',#3388,#3364,#544,.T.);
#2935=EDGE_CURVE('',#3389,#3390,#545,.T.);
#2936=EDGE_CURVE('',#3389,#3353,#3495,.T.);
#2937=EDGE_CURVE('',#3352,#3390,#3496,.T.);
#2938=EDGE_CURVE('',#3391,#3392,#546,.T.);
#2939=EDGE_CURVE('',#3391,#3349,#3497,.T.);
#2940=EDGE_CURVE('',#3348,#3392,#3498,.T.);
#2941=EDGE_CURVE('',#3393,#3394,#547,.T.);
#2942=EDGE_CURVE('',#3393,#3345,#3499,.T.);
#2943=EDGE_CURVE('',#3344,#3394,#3500,.T.);
#2944=EDGE_CURVE('',#3395,#3396,#548,.T.);
#2945=EDGE_CURVE('',#3395,#3341,#3501,.T.);
#2946=EDGE_CURVE('',#3340,#3396,#3502,.T.);
#2947=EDGE_CURVE('',#3389,#3397,#549,.T.);
#2948=EDGE_CURVE('',#3398,#3390,#550,.T.);
#2949=EDGE_CURVE('',#3397,#3398,#551,.T.);
#2950=EDGE_CURVE('',#3391,#3399,#552,.T.);
#2951=EDGE_CURVE('',#3400,#3392,#553,.T.);
#2952=EDGE_CURVE('',#3399,#3400,#554,.T.);
#2953=EDGE_CURVE('',#3393,#3401,#555,.T.);
#2954=EDGE_CURVE('',#3402,#3394,#556,.T.);
#2955=EDGE_CURVE('',#3401,#3402,#557,.T.);
#2956=EDGE_CURVE('',#3395,#3403,#558,.T.);
#2957=EDGE_CURVE('',#3404,#3396,#559,.T.);
#2958=EDGE_CURVE('',#3403,#3404,#560,.T.);
#2959=EDGE_CURVE('',#3397,#3405,#561,.T.);
#2960=EDGE_CURVE('',#3398,#3406,#562,.T.);
#2961=EDGE_CURVE('',#3405,#3406,#563,.T.);
#2962=EDGE_CURVE('',#3399,#3407,#564,.T.);
#2963=EDGE_CURVE('',#3400,#3408,#565,.T.);
#2964=EDGE_CURVE('',#3407,#3408,#566,.T.);
#2965=EDGE_CURVE('',#3401,#3409,#567,.T.);
#2966=EDGE_CURVE('',#3402,#3410,#568,.T.);
#2967=EDGE_CURVE('',#3409,#3410,#569,.T.);
#2968=EDGE_CURVE('',#3403,#3411,#570,.T.);
#2969=EDGE_CURVE('',#3404,#3412,#571,.T.);
#2970=EDGE_CURVE('',#3411,#3412,#572,.T.);
#2971=EDGE_CURVE('',#3413,#3405,#573,.T.);
#2972=EDGE_CURVE('',#3406,#3414,#574,.T.);
#2973=EDGE_CURVE('',#3413,#3414,#575,.T.);
#2974=EDGE_CURVE('',#3415,#3407,#576,.T.);
#2975=EDGE_CURVE('',#3408,#3416,#577,.T.);
#2976=EDGE_CURVE('',#3415,#3416,#578,.T.);
#2977=EDGE_CURVE('',#3417,#3409,#579,.T.);
#2978=EDGE_CURVE('',#3410,#3418,#580,.T.);
#2979=EDGE_CURVE('',#3417,#3418,#581,.T.);
#2980=EDGE_CURVE('',#3419,#3411,#582,.T.);
#2981=EDGE_CURVE('',#3412,#3420,#583,.T.);
#2982=EDGE_CURVE('',#3419,#3420,#584,.T.);
#2983=EDGE_CURVE('',#3413,#3421,#3503,.T.);
#2984=EDGE_CURVE('',#3422,#3414,#3504,.T.);
#2985=EDGE_CURVE('',#3421,#3422,#585,.T.);
#2986=EDGE_CURVE('',#3415,#3423,#3505,.T.);
#2987=EDGE_CURVE('',#3424,#3416,#3506,.T.);
#2988=EDGE_CURVE('',#3423,#3424,#586,.T.);
#2989=EDGE_CURVE('',#3417,#3425,#3507,.T.);
#2990=EDGE_CURVE('',#3426,#3418,#3508,.T.);
#2991=EDGE_CURVE('',#3425,#3426,#587,.T.);
#2992=EDGE_CURVE('',#3419,#3427,#3509,.T.);
#2993=EDGE_CURVE('',#3428,#3420,#3510,.T.);
#2994=EDGE_CURVE('',#3427,#3428,#588,.T.);
#2995=EDGE_CURVE('',#3429,#3421,#589,.T.);
#2996=EDGE_CURVE('',#3430,#3422,#590,.T.);
#2997=EDGE_CURVE('',#3430,#3431,#591,.T.);
#2998=EDGE_CURVE('',#3431,#3423,#592,.T.);
#2999=EDGE_CURVE('',#3432,#3424,#593,.T.);
#3000=EDGE_CURVE('',#3432,#3433,#594,.T.);
#3001=EDGE_CURVE('',#3433,#3425,#595,.T.);
#3002=EDGE_CURVE('',#3434,#3426,#596,.T.);
#3003=EDGE_CURVE('',#3434,#3435,#597,.T.);
#3004=EDGE_CURVE('',#3435,#3427,#598,.T.);
#3005=EDGE_CURVE('',#3436,#3428,#599,.T.);
#3006=EDGE_CURVE('',#3436,#3437,#600,.T.);
#3007=EDGE_CURVE('',#3437,#3438,#601,.T.);
#3008=EDGE_CURVE('',#3439,#3438,#602,.T.);
#3009=EDGE_CURVE('',#3440,#3439,#603,.T.);
#3010=EDGE_CURVE('',#3440,#3429,#604,.T.);
#3011=EDGE_CURVE('',#3438,#3369,#605,.T.);
#3012=EDGE_CURVE('',#3439,#3368,#606,.T.);
#3013=EDGE_CURVE('',#3440,#3355,#607,.T.);
#3014=EDGE_CURVE('',#3437,#3338,#608,.T.);
#3015=EDGE_CURVE('',#3339,#3436,#609,.T.);
#3016=EDGE_CURVE('',#3429,#3354,#610,.T.);
#3017=EDGE_CURVE('',#3435,#3342,#611,.T.);
#3018=EDGE_CURVE('',#3343,#3434,#612,.T.);
#3019=EDGE_CURVE('',#3433,#3346,#613,.T.);
#3020=EDGE_CURVE('',#3347,#3432,#614,.T.);
#3021=EDGE_CURVE('',#3351,#3430,#615,.T.);
#3022=EDGE_CURVE('',#3431,#3350,#616,.T.);
#3023=EDGE_CURVE('',#3373,#3334,#617,.T.);
#3024=EDGE_CURVE('',#3372,#3335,#618,.T.);
#3025=EDGE_CURVE('',#3377,#3330,#619,.T.);
#3026=EDGE_CURVE('',#3376,#3331,#620,.T.);
#3027=EDGE_CURVE('',#3366,#3325,#621,.T.);
#3028=EDGE_CURVE('',#3380,#3327,#622,.T.);
#3029=VERTEX_POINT('',#5873);
#3030=VERTEX_POINT('',#5875);
#3031=VERTEX_POINT('',#5877);
#3032=VERTEX_POINT('',#5878);
#3033=VERTEX_POINT('',#5880);
#3034=VERTEX_POINT('',#5882);
#3035=VERTEX_POINT('',#5884);
#3036=VERTEX_POINT('',#5886);
#3037=VERTEX_POINT('',#5888);
#3038=VERTEX_POINT('',#5890);
#3039=VERTEX_POINT('',#5894);
#3040=VERTEX_POINT('',#5896);
#3041=VERTEX_POINT('',#5900);
#3042=VERTEX_POINT('',#5901);
#3043=VERTEX_POINT('',#5903);
#3044=VERTEX_POINT('',#5905);
#3045=VERTEX_POINT('',#5908);
#3046=VERTEX_POINT('',#5909);
#3047=VERTEX_POINT('',#5911);
#3048=VERTEX_POINT('',#5913);
#3049=VERTEX_POINT('',#5916);
#3050=VERTEX_POINT('',#5918);
#3051=VERTEX_POINT('',#5922);
#3052=VERTEX_POINT('',#5924);
#3053=VERTEX_POINT('',#5928);
#3054=VERTEX_POINT('',#5930);
#3055=VERTEX_POINT('',#5932);
#3056=VERTEX_POINT('',#5933);
#3057=VERTEX_POINT('',#5935);
#3058=VERTEX_POINT('',#5937);
#3059=VERTEX_POINT('',#5939);
#3060=VERTEX_POINT('',#5941);
#3061=VERTEX_POINT('',#5946);
#3062=VERTEX_POINT('',#5948);
#3063=VERTEX_POINT('',#5952);
#3064=VERTEX_POINT('',#5953);
#3065=VERTEX_POINT('',#5955);
#3066=VERTEX_POINT('',#5957);
#3067=VERTEX_POINT('',#5960);
#3068=VERTEX_POINT('',#5961);
#3069=VERTEX_POINT('',#5963);
#3070=VERTEX_POINT('',#5965);
#3071=VERTEX_POINT('',#5968);
#3072=VERTEX_POINT('',#5970);
#3073=VERTEX_POINT('',#5974);
#3074=VERTEX_POINT('',#5976);
#3075=VERTEX_POINT('',#5978);
#3076=VERTEX_POINT('',#5979);
#3077=VERTEX_POINT('',#5981);
#3078=VERTEX_POINT('',#5983);
#3079=VERTEX_POINT('',#5985);
#3080=VERTEX_POINT('',#5987);
#3081=VERTEX_POINT('',#5989);
#3082=VERTEX_POINT('',#5991);
#3083=VERTEX_POINT('',#5995);
#3084=VERTEX_POINT('',#5997);
#3085=VERTEX_POINT('',#6001);
#3086=VERTEX_POINT('',#6002);
#3087=VERTEX_POINT('',#6004);
#3088=VERTEX_POINT('',#6006);
#3089=VERTEX_POINT('',#6009);
#3090=VERTEX_POINT('',#6010);
#3091=VERTEX_POINT('',#6012);
#3092=VERTEX_POINT('',#6014);
#3093=VERTEX_POINT('',#6017);
#3094=VERTEX_POINT('',#6019);
#3095=VERTEX_POINT('',#6023);
#3096=VERTEX_POINT('',#6025);
#3097=VERTEX_POINT('',#6029);
#3098=VERTEX_POINT('',#6031);
#3099=VERTEX_POINT('',#6033);
#3100=VERTEX_POINT('',#6035);
#3101=VERTEX_POINT('',#6037);
#3102=VERTEX_POINT('',#6039);
#3103=VERTEX_POINT('',#6041);
#3104=VERTEX_POINT('',#6043);
#3105=VERTEX_POINT('',#6047);
#3106=VERTEX_POINT('',#6049);
#3107=VERTEX_POINT('',#6053);
#3108=VERTEX_POINT('',#6054);
#3109=VERTEX_POINT('',#6056);
#3110=VERTEX_POINT('',#6058);
#3111=VERTEX_POINT('',#6061);
#3112=VERTEX_POINT('',#6062);
#3113=VERTEX_POINT('',#6064);
#3114=VERTEX_POINT('',#6066);
#3115=VERTEX_POINT('',#6069);
#3116=VERTEX_POINT('',#6071);
#3117=VERTEX_POINT('',#6089);
#3118=VERTEX_POINT('',#6091);
#3119=VERTEX_POINT('',#6093);
#3120=VERTEX_POINT('',#6095);
#3121=VERTEX_POINT('',#6097);
#3122=VERTEX_POINT('',#6099);
#3123=VERTEX_POINT('',#6101);
#3124=VERTEX_POINT('',#6103);
#3125=VERTEX_POINT('',#6105);
#3126=VERTEX_POINT('',#6107);
#3127=VERTEX_POINT('',#6109);
#3128=VERTEX_POINT('',#6111);
#3129=VERTEX_POINT('',#6115);
#3130=VERTEX_POINT('',#6116);
#3131=VERTEX_POINT('',#6121);
#3132=VERTEX_POINT('',#6125);
#3133=VERTEX_POINT('',#6129);
#3134=VERTEX_POINT('',#6133);
#3135=VERTEX_POINT('',#6137);
#3136=VERTEX_POINT('',#6141);
#3137=VERTEX_POINT('',#6145);
#3138=VERTEX_POINT('',#6149);
#3139=VERTEX_POINT('',#6153);
#3140=VERTEX_POINT('',#6157);
#3141=VERTEX_POINT('',#6163);
#3142=VERTEX_POINT('',#6165);
#3143=VERTEX_POINT('',#6169);
#3144=VERTEX_POINT('',#6171);
#3145=VERTEX_POINT('',#6175);
#3146=VERTEX_POINT('',#6177);
#3147=VERTEX_POINT('',#6181);
#3148=VERTEX_POINT('',#6183);
#3149=VERTEX_POINT('',#6187);
#3150=VERTEX_POINT('',#6189);
#3151=VERTEX_POINT('',#6193);
#3152=VERTEX_POINT('',#6195);
#3153=VERTEX_POINT('',#6199);
#3154=VERTEX_POINT('',#6201);
#3155=VERTEX_POINT('',#6205);
#3156=VERTEX_POINT('',#6207);
#3157=VERTEX_POINT('',#6211);
#3158=VERTEX_POINT('',#6213);
#3159=VERTEX_POINT('',#6217);
#3160=VERTEX_POINT('',#6219);
#3161=VERTEX_POINT('',#6223);
#3162=VERTEX_POINT('',#6225);
#3163=VERTEX_POINT('',#6229);
#3164=VERTEX_POINT('',#6231);
#3165=VERTEX_POINT('',#6279);
#3166=VERTEX_POINT('',#6280);
#3167=VERTEX_POINT('',#6282);
#3168=VERTEX_POINT('',#6284);
#3169=VERTEX_POINT('',#6288);
#3170=VERTEX_POINT('',#6289);
#3171=VERTEX_POINT('',#6291);
#3172=VERTEX_POINT('',#6293);
#3173=VERTEX_POINT('',#6297);
#3174=VERTEX_POINT('',#6298);
#3175=VERTEX_POINT('',#6300);
#3176=VERTEX_POINT('',#6302);
#3177=VERTEX_POINT('',#6304);
#3178=VERTEX_POINT('',#6306);
#3179=VERTEX_POINT('',#6308);
#3180=VERTEX_POINT('',#6310);
#3181=VERTEX_POINT('',#6313);
#3182=VERTEX_POINT('',#6314);
#3183=VERTEX_POINT('',#6316);
#3184=VERTEX_POINT('',#6318);
#3185=VERTEX_POINT('',#6320);
#3186=VERTEX_POINT('',#6322);
#3187=VERTEX_POINT('',#6324);
#3188=VERTEX_POINT('',#6326);
#3189=VERTEX_POINT('',#6329);
#3190=VERTEX_POINT('',#6330);
#3191=VERTEX_POINT('',#6332);
#3192=VERTEX_POINT('',#6334);
#3193=VERTEX_POINT('',#6337);
#3194=VERTEX_POINT('',#6338);
#3195=VERTEX_POINT('',#6340);
#3196=VERTEX_POINT('',#6342);
#3197=VERTEX_POINT('',#6344);
#3198=VERTEX_POINT('',#6346);
#3199=VERTEX_POINT('',#6348);
#3200=VERTEX_POINT('',#6350);
#3201=VERTEX_POINT('',#6353);
#3202=VERTEX_POINT('',#6354);
#3203=VERTEX_POINT('',#6356);
#3204=VERTEX_POINT('',#6358);
#3205=VERTEX_POINT('',#6360);
#3206=VERTEX_POINT('',#6362);
#3207=VERTEX_POINT('',#6364);
#3208=VERTEX_POINT('',#6366);
#3209=VERTEX_POINT('',#6370);
#3210=VERTEX_POINT('',#6371);
#3211=VERTEX_POINT('',#6373);
#3212=VERTEX_POINT('',#6375);
#3213=VERTEX_POINT('',#6379);
#3214=VERTEX_POINT('',#6380);
#3215=VERTEX_POINT('',#6382);
#3216=VERTEX_POINT('',#6384);
#3217=VERTEX_POINT('',#6388);
#3218=VERTEX_POINT('',#6389);
#3219=VERTEX_POINT('',#6391);
#3220=VERTEX_POINT('',#6393);
#3221=VERTEX_POINT('',#6397);
#3222=VERTEX_POINT('',#6398);
#3223=VERTEX_POINT('',#6400);
#3224=VERTEX_POINT('',#6402);
#3225=VERTEX_POINT('',#6406);
#3226=VERTEX_POINT('',#6407);
#3227=VERTEX_POINT('',#6409);
#3228=VERTEX_POINT('',#6411);
#3229=VERTEX_POINT('',#6415);
#3230=VERTEX_POINT('',#6416);
#3231=VERTEX_POINT('',#6418);
#3232=VERTEX_POINT('',#6420);
#3233=VERTEX_POINT('',#6424);
#3234=VERTEX_POINT('',#6425);
#3235=VERTEX_POINT('',#6427);
#3236=VERTEX_POINT('',#6429);
#3237=VERTEX_POINT('',#6433);
#3238=VERTEX_POINT('',#6434);
#3239=VERTEX_POINT('',#6437);
#3240=VERTEX_POINT('',#6439);
#3241=VERTEX_POINT('',#6441);
#3242=VERTEX_POINT('',#6443);
#3243=VERTEX_POINT('',#6447);
#3244=VERTEX_POINT('',#6449);
#3245=VERTEX_POINT('',#6453);
#3246=VERTEX_POINT('',#6455);
#3247=VERTEX_POINT('',#6459);
#3248=VERTEX_POINT('',#6461);
#3249=VERTEX_POINT('',#6465);
#3250=VERTEX_POINT('',#6467);
#3251=VERTEX_POINT('',#6472);
#3252=VERTEX_POINT('',#6474);
#3253=VERTEX_POINT('',#6478);
#3254=VERTEX_POINT('',#6479);
#3255=VERTEX_POINT('',#6481);
#3256=VERTEX_POINT('',#6483);
#3257=VERTEX_POINT('',#6485);
#3258=VERTEX_POINT('',#6487);
#3259=VERTEX_POINT('',#6489);
#3260=VERTEX_POINT('',#6491);
#3261=VERTEX_POINT('',#6493);
#3262=VERTEX_POINT('',#6495);
#3263=VERTEX_POINT('',#6497);
#3264=VERTEX_POINT('',#6499);
#3265=VERTEX_POINT('',#6501);
#3266=VERTEX_POINT('',#6503);
#3267=VERTEX_POINT('',#6505);
#3268=VERTEX_POINT('',#6507);
#3269=VERTEX_POINT('',#6509);
#3270=VERTEX_POINT('',#6511);
#3271=VERTEX_POINT('',#6513);
#3272=VERTEX_POINT('',#6515);
#3273=VERTEX_POINT('',#6526);
#3274=VERTEX_POINT('',#6530);
#3275=VERTEX_POINT('',#6532);
#3276=VERTEX_POINT('',#6535);
#3277=VERTEX_POINT('',#6537);
#3278=VERTEX_POINT('',#6540);
#3279=VERTEX_POINT('',#6542);
#3280=VERTEX_POINT('',#6545);
#3281=VERTEX_POINT('',#6555);
#3282=VERTEX_POINT('',#6557);
#3283=VERTEX_POINT('',#6561);
#3284=VERTEX_POINT('',#6563);
#3285=VERTEX_POINT('',#6569);
#3286=VERTEX_POINT('',#6572);
#3287=VERTEX_POINT('',#6580);
#3288=VERTEX_POINT('',#6582);
#3289=VERTEX_POINT('',#6586);
#3290=VERTEX_POINT('',#6588);
#3291=VERTEX_POINT('',#6594);
#3292=VERTEX_POINT('',#6597);
#3293=VERTEX_POINT('',#6605);
#3294=VERTEX_POINT('',#6607);
#3295=VERTEX_POINT('',#6611);
#3296=VERTEX_POINT('',#6613);
#3297=VERTEX_POINT('',#6619);
#3298=VERTEX_POINT('',#6622);
#3299=VERTEX_POINT('',#6630);
#3300=VERTEX_POINT('',#6632);
#3301=VERTEX_POINT('',#6636);
#3302=VERTEX_POINT('',#6638);
#3303=VERTEX_POINT('',#6644);
#3304=VERTEX_POINT('',#6647);
#3305=VERTEX_POINT('',#6651);
#3306=VERTEX_POINT('',#6654);
#3307=VERTEX_POINT('',#6658);
#3308=VERTEX_POINT('',#6661);
#3309=VERTEX_POINT('',#6665);
#3310=VERTEX_POINT('',#6669);
#3311=VERTEX_POINT('',#6671);
#3312=VERTEX_POINT('',#6679);
#3313=VERTEX_POINT('',#6692);
#3314=VERTEX_POINT('',#6696);
#3315=VERTEX_POINT('',#6698);
#3316=VERTEX_POINT('',#6706);
#3317=VERTEX_POINT('',#6719);
#3318=VERTEX_POINT('',#6723);
#3319=VERTEX_POINT('',#6725);
#3320=VERTEX_POINT('',#6733);
#3321=VERTEX_POINT('',#6746);
#3322=VERTEX_POINT('',#6750);
#3323=VERTEX_POINT('',#6752);
#3324=VERTEX_POINT('',#6760);
#3325=VERTEX_POINT('',#6774);
#3326=VERTEX_POINT('',#6775);
#3327=VERTEX_POINT('',#6777);
#3328=VERTEX_POINT('',#6779);
#3329=VERTEX_POINT('',#6781);
#3330=VERTEX_POINT('',#6783);
#3331=VERTEX_POINT('',#6785);
#3332=VERTEX_POINT('',#6787);
#3333=VERTEX_POINT('',#6789);
#3334=VERTEX_POINT('',#6791);
#3335=VERTEX_POINT('',#6793);
#3336=VERTEX_POINT('',#6795);
#3337=VERTEX_POINT('',#6797);
#3338=VERTEX_POINT('',#6799);
#3339=VERTEX_POINT('',#6801);
#3340=VERTEX_POINT('',#6803);
#3341=VERTEX_POINT('',#6805);
#3342=VERTEX_POINT('',#6807);
#3343=VERTEX_POINT('',#6809);
#3344=VERTEX_POINT('',#6811);
#3345=VERTEX_POINT('',#6813);
#3346=VERTEX_POINT('',#6815);
#3347=VERTEX_POINT('',#6817);
#3348=VERTEX_POINT('',#6819);
#3349=VERTEX_POINT('',#6821);
#3350=VERTEX_POINT('',#6823);
#3351=VERTEX_POINT('',#6825);
#3352=VERTEX_POINT('',#6827);
#3353=VERTEX_POINT('',#6829);
#3354=VERTEX_POINT('',#6831);
#3355=VERTEX_POINT('',#6833);
#3356=VERTEX_POINT('',#6835);
#3357=VERTEX_POINT('',#6839);
#3358=VERTEX_POINT('',#6841);
#3359=VERTEX_POINT('',#6845);
#3360=VERTEX_POINT('',#6847);
#3361=VERTEX_POINT('',#6851);
#3362=VERTEX_POINT('',#6853);
#3363=VERTEX_POINT('',#6857);
#3364=VERTEX_POINT('',#6859);
#3365=VERTEX_POINT('',#6863);
#3366=VERTEX_POINT('',#6864);
#3367=VERTEX_POINT('',#6866);
#3368=VERTEX_POINT('',#6868);
#3369=VERTEX_POINT('',#6870);
#3370=VERTEX_POINT('',#6872);
#3371=VERTEX_POINT('',#6874);
#3372=VERTEX_POINT('',#6876);
#3373=VERTEX_POINT('',#6878);
#3374=VERTEX_POINT('',#6880);
#3375=VERTEX_POINT('',#6882);
#3376=VERTEX_POINT('',#6884);
#3377=VERTEX_POINT('',#6886);
#3378=VERTEX_POINT('',#6888);
#3379=VERTEX_POINT('',#6890);
#3380=VERTEX_POINT('',#6892);
#3381=VERTEX_POINT('',#6896);
#3382=VERTEX_POINT('',#6898);
#3383=VERTEX_POINT('',#6902);
#3384=VERTEX_POINT('',#6904);
#3385=VERTEX_POINT('',#6908);
#3386=VERTEX_POINT('',#6910);
#3387=VERTEX_POINT('',#6914);
#3388=VERTEX_POINT('',#6916);
#3389=VERTEX_POINT('',#6932);
#3390=VERTEX_POINT('',#6933);
#3391=VERTEX_POINT('',#6938);
#3392=VERTEX_POINT('',#6939);
#3393=VERTEX_POINT('',#6944);
#3394=VERTEX_POINT('',#6945);
#3395=VERTEX_POINT('',#6950);
#3396=VERTEX_POINT('',#6951);
#3397=VERTEX_POINT('',#6956);
#3398=VERTEX_POINT('',#6958);
#3399=VERTEX_POINT('',#6962);
#3400=VERTEX_POINT('',#6964);
#3401=VERTEX_POINT('',#6968);
#3402=VERTEX_POINT('',#6970);
#3403=VERTEX_POINT('',#6974);
#3404=VERTEX_POINT('',#6976);
#3405=VERTEX_POINT('',#6980);
#3406=VERTEX_POINT('',#6982);
#3407=VERTEX_POINT('',#6986);
#3408=VERTEX_POINT('',#6988);
#3409=VERTEX_POINT('',#6992);
#3410=VERTEX_POINT('',#6994);
#3411=VERTEX_POINT('',#6998);
#3412=VERTEX_POINT('',#7000);
#3413=VERTEX_POINT('',#7004);
#3414=VERTEX_POINT('',#7006);
#3415=VERTEX_POINT('',#7010);
#3416=VERTEX_POINT('',#7012);
#3417=VERTEX_POINT('',#7016);
#3418=VERTEX_POINT('',#7018);
#3419=VERTEX_POINT('',#7022);
#3420=VERTEX_POINT('',#7024);
#3421=VERTEX_POINT('',#7028);
#3422=VERTEX_POINT('',#7030);
#3423=VERTEX_POINT('',#7034);
#3424=VERTEX_POINT('',#7036);
#3425=VERTEX_POINT('',#7040);
#3426=VERTEX_POINT('',#7042);
#3427=VERTEX_POINT('',#7046);
#3428=VERTEX_POINT('',#7048);
#3429=VERTEX_POINT('',#7052);
#3430=VERTEX_POINT('',#7054);
#3431=VERTEX_POINT('',#7056);
#3432=VERTEX_POINT('',#7059);
#3433=VERTEX_POINT('',#7061);
#3434=VERTEX_POINT('',#7064);
#3435=VERTEX_POINT('',#7066);
#3436=VERTEX_POINT('',#7069);
#3437=VERTEX_POINT('',#7071);
#3438=VERTEX_POINT('',#7073);
#3439=VERTEX_POINT('',#7075);
#3440=VERTEX_POINT('',#7077);
#3441=CIRCLE('',#4447,0.275);
#3442=CIRCLE('',#4448,0.445);
#3443=CIRCLE('',#4450,0.399999999999999);
#3444=CIRCLE('',#4451,0.399999999999999);
#3445=CIRCLE('',#4454,0.399999999999999);
#3446=CIRCLE('',#4455,0.399999999999999);
#3447=CIRCLE('',#4457,0.275);
#3448=CIRCLE('',#4458,0.445);
#3449=CIRCLE('',#4460,0.400000000000001);
#3450=CIRCLE('',#4461,0.400000000000001);
#3451=CIRCLE('',#4464,0.275);
#3452=CIRCLE('',#4465,0.445);
#3453=CIRCLE('',#4467,0.0999999999999994);
#3454=CIRCLE('',#4468,0.0999999999999985);
#3455=CIRCLE('',#4471,0.0999999999999994);
#3456=CIRCLE('',#4472,0.0999999999999985);
#3457=CIRCLE('',#4474,0.275);
#3458=CIRCLE('',#4475,0.445);
#3459=CIRCLE('',#4477,0.0999999999999989);
#3460=CIRCLE('',#4478,0.0999999999999989);
#3461=CIRCLE('',#4481,0.0999999999999994);
#3462=CIRCLE('',#4482,0.0999999999999994);
#3463=CIRCLE('',#4484,0.400000000000001);
#3464=CIRCLE('',#4485,0.400000000000001);
#3465=CIRCLE('',#4491,0.600000000000007);
#3466=CIRCLE('',#4492,0.400000000000001);
#3467=CIRCLE('',#4493,0.599999999999999);
#3468=CIRCLE('',#4494,0.899999999999963);
#3469=CIRCLE('',#4495,0.100000000000001);
#3470=CIRCLE('',#4496,0.899999999999993);
#3471=CIRCLE('',#4499,0.400000000000001);
#3472=CIRCLE('',#4502,0.599999999999999);
#3473=CIRCLE('',#4507,0.899999999999963);
#3474=CIRCLE('',#4510,0.100000000000001);
#3475=CIRCLE('',#4513,0.899999999999993);
#3476=CIRCLE('',#4515,0.900000000000031);
#3477=CIRCLE('',#4516,0.900000000000031);
#3478=CIRCLE('',#4519,0.100000000000004);
#3479=CIRCLE('',#4520,0.100000000000004);
#3480=CIRCLE('',#4523,0.899999999999988);
#3481=CIRCLE('',#4524,0.899999999999988);
#3482=CIRCLE('',#4529,0.599999999999988);
#3483=CIRCLE('',#4530,0.599999999999988);
#3484=CIRCLE('',#4533,0.400000000000001);
#3485=CIRCLE('',#4534,0.400000000000001);
#3486=CIRCLE('',#4537,0.600000000000001);
#3487=CIRCLE('',#4538,0.600000000000001);
#3488=CIRCLE('',#4540,0.600000000000007);
#3489=CIRCLE('',#4579,0.5);
#3490=CIRCLE('',#4580,0.5);
#3491=CIRCLE('',#4610,0.5);
#3492=CIRCLE('',#4612,0.2);
#3493=CIRCLE('',#4615,0.5);
#3494=CIRCLE('',#4617,0.2);
#3495=CIRCLE('',#4675,0.199999999999998);
#3496=CIRCLE('',#4676,0.199999999999998);
#3497=CIRCLE('',#4678,0.199999999999998);
#3498=CIRCLE('',#4679,0.199999999999998);
#3499=CIRCLE('',#4681,0.199999999999998);
#3500=CIRCLE('',#4682,0.199999999999998);
#3501=CIRCLE('',#4684,0.199999999999998);
#3502=CIRCLE('',#4685,0.199999999999998);
#3503=CIRCLE('',#4699,0.449999999999997);
#3504=CIRCLE('',#4700,0.449999999999997);
#3505=CIRCLE('',#4702,0.449999999999997);
#3506=CIRCLE('',#4703,0.449999999999997);
#3507=CIRCLE('',#4705,0.449999999999997);
#3508=CIRCLE('',#4706,0.449999999999997);
#3509=CIRCLE('',#4708,0.449999999999997);
#3510=CIRCLE('',#4709,0.449999999999997);
#3511=EDGE_LOOP('',(#1172));
#3512=EDGE_LOOP('',(#1173));
#3513=EDGE_LOOP('',(#1174,#1175,#1176,#1177,#1178,#1179,#1180,#1181));
#3514=EDGE_LOOP('',(#1182,#1183,#1184,#1185));
#3515=EDGE_LOOP('',(#1186,#1187,#1188,#1189));
#3516=EDGE_LOOP('',(#1190,#1191,#1192,#1193));
#3517=EDGE_LOOP('',(#1194,#1195,#1196,#1197));
#3518=EDGE_LOOP('',(#1198,#1199,#1200,#1201));
#3519=EDGE_LOOP('',(#1202));
#3520=EDGE_LOOP('',(#1203));
#3521=EDGE_LOOP('',(#1204,#1205,#1206,#1207,#1208,#1209,#1210,#1211));
#3522=EDGE_LOOP('',(#1212,#1213,#1214,#1215));
#3523=EDGE_LOOP('',(#1216,#1217,#1218,#1219));
#3524=EDGE_LOOP('',(#1220,#1221,#1222,#1223));
#3525=EDGE_LOOP('',(#1224,#1225,#1226,#1227));
#3526=EDGE_LOOP('',(#1228));
#3527=EDGE_LOOP('',(#1229));
#3528=EDGE_LOOP('',(#1230,#1231,#1232,#1233,#1234,#1235,#1236,#1237));
#3529=EDGE_LOOP('',(#1238,#1239,#1240,#1241));
#3530=EDGE_LOOP('',(#1242,#1243,#1244,#1245));
#3531=EDGE_LOOP('',(#1246,#1247,#1248,#1249));
#3532=EDGE_LOOP('',(#1250,#1251,#1252,#1253));
#3533=EDGE_LOOP('',(#1254,#1255,#1256,#1257));
#3534=EDGE_LOOP('',(#1258));
#3535=EDGE_LOOP('',(#1259));
#3536=EDGE_LOOP('',(#1260,#1261,#1262,#1263,#1264,#1265,#1266,#1267));
#3537=EDGE_LOOP('',(#1268,#1269,#1270,#1271));
#3538=EDGE_LOOP('',(#1272,#1273,#1274,#1275));
#3539=EDGE_LOOP('',(#1276,#1277,#1278,#1279));
#3540=EDGE_LOOP('',(#1280,#1281,#1282,#1283));
#3541=EDGE_LOOP('',(#1284,#1285,#1286,#1287));
#3542=EDGE_LOOP('',(#1288,#1289,#1290,#1291));
#3543=EDGE_LOOP('',(#1292,#1293,#1294,#1295,#1296,#1297,#1298,#1299));
#3544=EDGE_LOOP('',(#1300,#1301,#1302,#1303,#1304,#1305,#1306,#1307));
#3545=EDGE_LOOP('',(#1308,#1309,#1310,#1311,#1312,#1313,#1314,#1315,#1316,
#1317,#1318,#1319));
#3546=EDGE_LOOP('',(#1320,#1321,#1322,#1323));
#3547=EDGE_LOOP('',(#1324,#1325,#1326,#1327));
#3548=EDGE_LOOP('',(#1328,#1329,#1330,#1331,#1332,#1333,#1334,#1335,#1336,
#1337,#1338,#1339,#1340,#1341,#1342,#1343));
#3549=EDGE_LOOP('',(#1344,#1345,#1346,#1347));
#3550=EDGE_LOOP('',(#1348,#1349,#1350,#1351));
#3551=EDGE_LOOP('',(#1352,#1353,#1354,#1355));
#3552=EDGE_LOOP('',(#1356,#1357,#1358,#1359));
#3553=EDGE_LOOP('',(#1360,#1361,#1362,#1363));
#3554=EDGE_LOOP('',(#1364,#1365,#1366,#1367));
#3555=EDGE_LOOP('',(#1368,#1369,#1370,#1371));
#3556=EDGE_LOOP('',(#1372,#1373,#1374,#1375));
#3557=EDGE_LOOP('',(#1376,#1377,#1378,#1379));
#3558=EDGE_LOOP('',(#1380,#1381,#1382,#1383));
#3559=EDGE_LOOP('',(#1384,#1385,#1386,#1387));
#3560=EDGE_LOOP('',(#1388,#1389,#1390,#1391));
#3561=EDGE_LOOP('',(#1392,#1393,#1394,#1395));
#3562=EDGE_LOOP('',(#1396,#1397,#1398,#1399));
#3563=EDGE_LOOP('',(#1400,#1401,#1402,#1403));
#3564=EDGE_LOOP('',(#1404,#1405,#1406,#1407));
#3565=EDGE_LOOP('',(#1408,#1409,#1410,#1411));
#3566=EDGE_LOOP('',(#1412,#1413,#1414,#1415));
#3567=EDGE_LOOP('',(#1416,#1417,#1418,#1419));
#3568=EDGE_LOOP('',(#1420,#1421,#1422,#1423));
#3569=EDGE_LOOP('',(#1424,#1425,#1426,#1427));
#3570=EDGE_LOOP('',(#1428,#1429,#1430,#1431));
#3571=EDGE_LOOP('',(#1432,#1433,#1434,#1435));
#3572=EDGE_LOOP('',(#1436,#1437,#1438,#1439));
#3573=EDGE_LOOP('',(#1440,#1441,#1442,#1443));
#3574=EDGE_LOOP('',(#1444,#1445,#1446,#1447));
#3575=EDGE_LOOP('',(#1448,#1449,#1450,#1451,#1452,#1453,#1454,#1455,#1456,
#1457,#1458,#1459,#1460,#1461,#1462,#1463));
#3576=EDGE_LOOP('',(#1464,#1465,#1466,#1467,#1468,#1469,#1470,#1471,#1472,
#1473,#1474,#1475,#1476,#1477,#1478,#1479,#1480,#1481,#1482,#1483,#1484,
#1485,#1486,#1487,#1488,#1489,#1490,#1491,#1492,#1493,#1494,#1495,#1496,
#1497,#1498,#1499));
#3577=EDGE_LOOP('',(#1500,#1501,#1502,#1503));
#3578=EDGE_LOOP('',(#1504,#1505,#1506,#1507));
#3579=EDGE_LOOP('',(#1508,#1509,#1510,#1511));
#3580=EDGE_LOOP('',(#1512,#1513,#1514,#1515));
#3581=EDGE_LOOP('',(#1516,#1517,#1518,#1519));
#3582=EDGE_LOOP('',(#1520,#1521,#1522,#1523));
#3583=EDGE_LOOP('',(#1524,#1525,#1526,#1527));
#3584=EDGE_LOOP('',(#1528,#1529,#1530,#1531));
#3585=EDGE_LOOP('',(#1532,#1533,#1534,#1535));
#3586=EDGE_LOOP('',(#1536,#1537,#1538,#1539));
#3587=EDGE_LOOP('',(#1540,#1541,#1542,#1543));
#3588=EDGE_LOOP('',(#1544,#1545,#1546,#1547));
#3589=EDGE_LOOP('',(#1548,#1549,#1550,#1551));
#3590=EDGE_LOOP('',(#1552,#1553,#1554,#1555));
#3591=EDGE_LOOP('',(#1556,#1557,#1558,#1559));
#3592=EDGE_LOOP('',(#1560,#1561,#1562,#1563));
#3593=EDGE_LOOP('',(#1564));
#3594=EDGE_LOOP('',(#1565));
#3595=EDGE_LOOP('',(#1566));
#3596=EDGE_LOOP('',(#1567));
#3597=EDGE_LOOP('',(#1568));
#3598=EDGE_LOOP('',(#1569));
#3599=EDGE_LOOP('',(#1570));
#3600=EDGE_LOOP('',(#1571));
#3601=EDGE_LOOP('',(#1572,#1573,#1574,#1575));
#3602=EDGE_LOOP('',(#1576,#1577,#1578,#1579));
#3603=EDGE_LOOP('',(#1580,#1581,#1582,#1583,#1584,#1585,#1586,#1587));
#3604=EDGE_LOOP('',(#1588,#1589,#1590,#1591,#1592,#1593,#1594,#1595));
#3605=EDGE_LOOP('',(#1596,#1597,#1598,#1599));
#3606=EDGE_LOOP('',(#1600,#1601,#1602,#1603,#1604,#1605,#1606,#1607));
#3607=EDGE_LOOP('',(#1608,#1609,#1610,#1611,#1612,#1613,#1614,#1615));
#3608=EDGE_LOOP('',(#1616,#1617,#1618,#1619));
#3609=EDGE_LOOP('',(#1620,#1621,#1622,#1623));
#3610=EDGE_LOOP('',(#1624,#1625,#1626,#1627));
#3611=EDGE_LOOP('',(#1628,#1629,#1630,#1631));
#3612=EDGE_LOOP('',(#1632,#1633,#1634,#1635));
#3613=EDGE_LOOP('',(#1636,#1637,#1638,#1639));
#3614=EDGE_LOOP('',(#1640,#1641,#1642,#1643));
#3615=EDGE_LOOP('',(#1644,#1645,#1646,#1647,#1648,#1649,#1650,#1651));
#3616=EDGE_LOOP('',(#1652,#1653,#1654,#1655));
#3617=EDGE_LOOP('',(#1656,#1657,#1658,#1659));
#3618=EDGE_LOOP('',(#1660,#1661,#1662,#1663));
#3619=EDGE_LOOP('',(#1664));
#3620=EDGE_LOOP('',(#1665));
#3621=EDGE_LOOP('',(#1666,#1667,#1668,#1669));
#3622=EDGE_LOOP('',(#1670,#1671,#1672,#1673));
#3623=EDGE_LOOP('',(#1674,#1675,#1676,#1677,#1678,#1679,#1680,#1681,#1682,
#1683,#1684,#1685,#1686,#1687,#1688,#1689,#1690,#1691,#1692,#1693,#1694,
#1695,#1696,#1697));
#3624=EDGE_LOOP('',(#1698,#1699,#1700,#1701));
#3625=EDGE_LOOP('',(#1702,#1703,#1704,#1705,#1706,#1707,#1708,#1709,#1710));
#3626=EDGE_LOOP('',(#1711,#1712,#1713,#1714,#1715,#1716,#1717,#1718,#1719));
#3627=EDGE_LOOP('',(#1720,#1721,#1722,#1723,#1724,#1725,#1726,#1727,#1728,
#1729,#1730,#1731,#1732,#1733,#1734,#1735,#1736,#1737,#1738,#1739));
#3628=EDGE_LOOP('',(#1740,#1741,#1742,#1743));
#3629=EDGE_LOOP('',(#1744,#1745,#1746,#1747));
#3630=EDGE_LOOP('',(#1748,#1749,#1750,#1751,#1752,#1753));
#3631=EDGE_LOOP('',(#1754,#1755,#1756,#1757,#1758,#1759,#1760));
#3632=EDGE_LOOP('',(#1761,#1762,#1763,#1764,#1765,#1766,#1767));
#3633=EDGE_LOOP('',(#1768,#1769,#1770,#1771));
#3634=EDGE_LOOP('',(#1772,#1773,#1774,#1775,#1776,#1777,#1778,#1779));
#3635=EDGE_LOOP('',(#1780,#1781,#1782,#1783,#1784,#1785));
#3636=EDGE_LOOP('',(#1786,#1787,#1788,#1789,#1790,#1791,#1792));
#3637=EDGE_LOOP('',(#1793,#1794,#1795,#1796,#1797,#1798,#1799));
#3638=EDGE_LOOP('',(#1800,#1801,#1802,#1803));
#3639=EDGE_LOOP('',(#1804,#1805,#1806,#1807,#1808,#1809,#1810,#1811));
#3640=EDGE_LOOP('',(#1812,#1813,#1814,#1815,#1816,#1817));
#3641=EDGE_LOOP('',(#1818,#1819,#1820,#1821,#1822,#1823,#1824));
#3642=EDGE_LOOP('',(#1825,#1826,#1827,#1828,#1829,#1830,#1831));
#3643=EDGE_LOOP('',(#1832,#1833,#1834,#1835));
#3644=EDGE_LOOP('',(#1836,#1837,#1838,#1839,#1840,#1841,#1842,#1843));
#3645=EDGE_LOOP('',(#1844,#1845,#1846,#1847,#1848,#1849));
#3646=EDGE_LOOP('',(#1850,#1851,#1852,#1853,#1854,#1855,#1856));
#3647=EDGE_LOOP('',(#1857,#1858,#1859,#1860,#1861,#1862,#1863));
#3648=EDGE_LOOP('',(#1864,#1865,#1866,#1867));
#3649=EDGE_LOOP('',(#1868,#1869,#1870,#1871,#1872,#1873,#1874,#1875));
#3650=EDGE_LOOP('',(#1876));
#3651=EDGE_LOOP('',(#1877));
#3652=EDGE_LOOP('',(#1878));
#3653=EDGE_LOOP('',(#1879));
#3654=EDGE_LOOP('',(#1880));
#3655=EDGE_LOOP('',(#1881));
#3656=EDGE_LOOP('',(#1882));
#3657=EDGE_LOOP('',(#1883));
#3658=EDGE_LOOP('',(#1884));
#3659=EDGE_LOOP('',(#1885));
#3660=EDGE_LOOP('',(#1886,#1887,#1888,#1889));
#3661=EDGE_LOOP('',(#1890,#1891,#1892,#1893));
#3662=EDGE_LOOP('',(#1894,#1895,#1896,#1897,#1898));
#3663=EDGE_LOOP('',(#1899,#1900,#1901,#1902));
#3664=EDGE_LOOP('',(#1903,#1904,#1905,#1906));
#3665=EDGE_LOOP('',(#1907,#1908,#1909,#1910,#1911));
#3666=EDGE_LOOP('',(#1912,#1913,#1914,#1915,#1916));
#3667=EDGE_LOOP('',(#1917,#1918,#1919,#1920));
#3668=EDGE_LOOP('',(#1921,#1922,#1923,#1924,#1925));
#3669=EDGE_LOOP('',(#1926,#1927,#1928,#1929));
#3670=EDGE_LOOP('',(#1930,#1931,#1932,#1933));
#3671=EDGE_LOOP('',(#1934,#1935,#1936,#1937));
#3672=EDGE_LOOP('',(#1938,#1939,#1940,#1941,#1942));
#3673=EDGE_LOOP('',(#1943,#1944,#1945,#1946));
#3674=EDGE_LOOP('',(#1947,#1948,#1949,#1950));
#3675=EDGE_LOOP('',(#1951,#1952,#1953,#1954,#1955));
#3676=EDGE_LOOP('',(#1956,#1957,#1958,#1959,#1960));
#3677=EDGE_LOOP('',(#1961,#1962,#1963,#1964));
#3678=EDGE_LOOP('',(#1965,#1966,#1967,#1968,#1969));
#3679=EDGE_LOOP('',(#1970,#1971,#1972,#1973));
#3680=EDGE_LOOP('',(#1974,#1975,#1976,#1977));
#3681=EDGE_LOOP('',(#1978,#1979,#1980,#1981));
#3682=EDGE_LOOP('',(#1982,#1983,#1984,#1985,#1986));
#3683=EDGE_LOOP('',(#1987,#1988,#1989,#1990));
#3684=EDGE_LOOP('',(#1991,#1992,#1993,#1994));
#3685=EDGE_LOOP('',(#1995,#1996,#1997,#1998,#1999));
#3686=EDGE_LOOP('',(#2000,#2001,#2002,#2003,#2004));
#3687=EDGE_LOOP('',(#2005,#2006,#2007,#2008));
#3688=EDGE_LOOP('',(#2009,#2010,#2011,#2012,#2013));
#3689=EDGE_LOOP('',(#2014,#2015,#2016,#2017));
#3690=EDGE_LOOP('',(#2018,#2019,#2020,#2021));
#3691=EDGE_LOOP('',(#2022,#2023,#2024,#2025));
#3692=EDGE_LOOP('',(#2026,#2027,#2028,#2029,#2030));
#3693=EDGE_LOOP('',(#2031,#2032,#2033,#2034));
#3694=EDGE_LOOP('',(#2035,#2036,#2037,#2038));
#3695=EDGE_LOOP('',(#2039,#2040,#2041,#2042,#2043));
#3696=EDGE_LOOP('',(#2044,#2045,#2046,#2047,#2048));
#3697=EDGE_LOOP('',(#2049,#2050,#2051,#2052));
#3698=EDGE_LOOP('',(#2053,#2054,#2055,#2056,#2057));
#3699=EDGE_LOOP('',(#2058,#2059,#2060,#2061));
#3700=EDGE_LOOP('',(#2062,#2063,#2064,#2065,#2066,#2067,#2068,#2069,#2070,
#2071,#2072,#2073,#2074,#2075,#2076,#2077,#2078,#2079,#2080,#2081,#2082,
#2083,#2084,#2085,#2086,#2087,#2088,#2089,#2090,#2091,#2092,#2093));
#3701=EDGE_LOOP('',(#2094,#2095,#2096,#2097));
#3702=EDGE_LOOP('',(#2098,#2099,#2100,#2101));
#3703=EDGE_LOOP('',(#2102,#2103,#2104,#2105));
#3704=EDGE_LOOP('',(#2106,#2107,#2108,#2109));
#3705=EDGE_LOOP('',(#2110,#2111,#2112,#2113,#2114,#2115,#2116,#2117,#2118,
#2119,#2120,#2121,#2122,#2123,#2124,#2125));
#3706=EDGE_LOOP('',(#2126,#2127,#2128,#2129));
#3707=EDGE_LOOP('',(#2130,#2131,#2132,#2133));
#3708=EDGE_LOOP('',(#2134,#2135,#2136,#2137));
#3709=EDGE_LOOP('',(#2138,#2139,#2140,#2141));
#3710=EDGE_LOOP('',(#2142,#2143,#2144,#2145));
#3711=EDGE_LOOP('',(#2146,#2147,#2148,#2149));
#3712=EDGE_LOOP('',(#2150,#2151,#2152,#2153));
#3713=EDGE_LOOP('',(#2154,#2155,#2156,#2157));
#3714=EDGE_LOOP('',(#2158,#2159,#2160,#2161));
#3715=EDGE_LOOP('',(#2162,#2163,#2164,#2165));
#3716=EDGE_LOOP('',(#2166,#2167,#2168,#2169));
#3717=EDGE_LOOP('',(#2170,#2171,#2172,#2173));
#3718=EDGE_LOOP('',(#2174,#2175,#2176,#2177));
#3719=EDGE_LOOP('',(#2178,#2179,#2180,#2181));
#3720=EDGE_LOOP('',(#2182,#2183,#2184,#2185));
#3721=EDGE_LOOP('',(#2186,#2187,#2188,#2189));
#3722=EDGE_LOOP('',(#2190,#2191,#2192,#2193));
#3723=EDGE_LOOP('',(#2194,#2195,#2196,#2197));
#3724=EDGE_LOOP('',(#2198,#2199,#2200,#2201));
#3725=EDGE_LOOP('',(#2202,#2203,#2204,#2205));
#3726=EDGE_LOOP('',(#2206,#2207,#2208,#2209));
#3727=EDGE_LOOP('',(#2210,#2211,#2212,#2213));
#3728=EDGE_LOOP('',(#2214,#2215,#2216,#2217));
#3729=EDGE_LOOP('',(#2218,#2219,#2220,#2221));
#3730=EDGE_LOOP('',(#2222,#2223,#2224,#2225));
#3731=EDGE_LOOP('',(#2226,#2227,#2228,#2229));
#3732=EDGE_LOOP('',(#2230,#2231,#2232,#2233));
#3733=EDGE_LOOP('',(#2234,#2235,#2236,#2237));
#3734=EDGE_LOOP('',(#2238,#2239,#2240,#2241,#2242,#2243,#2244,#2245,#2246,
#2247,#2248,#2249,#2250,#2251,#2252,#2253,#2254,#2255,#2256,#2257));
#3735=EDGE_LOOP('',(#2258,#2259,#2260,#2261));
#3736=EDGE_LOOP('',(#2262,#2263,#2264,#2265,#2266,#2267,#2268,#2269));
#3737=EDGE_LOOP('',(#2270,#2271,#2272,#2273,#2274,#2275,#2276,#2277));
#3738=EDGE_LOOP('',(#2278,#2279,#2280,#2281));
#3739=EDGE_LOOP('',(#2282,#2283,#2284,#2285,#2286,#2287,#2288,#2289));
#3740=EDGE_LOOP('',(#2290,#2291,#2292,#2293));
#3741=EDGE_LOOP('',(#2294,#2295,#2296,#2297,#2298,#2299,#2300,#2301));
#3742=EDGE_LOOP('',(#2302,#2303,#2304,#2305));
#3743=EDGE_LOOP('',(#2306,#2307,#2308,#2309,#2310,#2311,#2312,#2313));
#3744=EDGE_LOOP('',(#2314,#2315,#2316,#2317,#2318,#2319,#2320,#2321));
#3745=EDGE_LOOP('',(#2322,#2323,#2324,#2325));
#3746=EDGE_LOOP('',(#2326,#2327,#2328,#2329,#2330,#2331,#2332,#2333));
#3747=EDGE_LOOP('',(#2334,#2335,#2336,#2337,#2338,#2339,#2340,#2341));
#3748=EDGE_LOOP('',(#2342,#2343,#2344,#2345,#2346,#2347,#2348,#2349));
#3749=EDGE_LOOP('',(#2350,#2351,#2352,#2353,#2354,#2355,#2356,#2357));
#3750=EDGE_LOOP('',(#2358,#2359,#2360,#2361));
#3751=EDGE_LOOP('',(#2362,#2363,#2364,#2365,#2366,#2367));
#3752=EDGE_LOOP('',(#2368,#2369,#2370,#2371,#2372,#2373));
#3753=EDGE_LOOP('',(#2374,#2375,#2376,#2377));
#3754=EDGE_LOOP('',(#2378,#2379,#2380,#2381,#2382,#2383));
#3755=EDGE_LOOP('',(#2384,#2385,#2386,#2387,#2388,#2389));
#3756=EDGE_LOOP('',(#2390,#2391,#2392,#2393));
#3757=EDGE_LOOP('',(#2394,#2395,#2396,#2397));
#3758=EDGE_LOOP('',(#2398,#2399,#2400,#2401,#2402,#2403));
#3759=EDGE_LOOP('',(#2404,#2405,#2406,#2407,#2408,#2409));
#3760=FACE_BOUND('',#3511,.T.);
#3761=FACE_BOUND('',#3512,.T.);
#3762=FACE_BOUND('',#3513,.T.);
#3763=FACE_BOUND('',#3514,.T.);
#3764=FACE_BOUND('',#3515,.T.);
#3765=FACE_BOUND('',#3516,.T.);
#3766=FACE_BOUND('',#3517,.T.);
#3767=FACE_BOUND('',#3518,.T.);
#3768=FACE_BOUND('',#3519,.T.);
#3769=FACE_BOUND('',#3520,.T.);
#3770=FACE_BOUND('',#3521,.T.);
#3771=FACE_BOUND('',#3522,.T.);
#3772=FACE_BOUND('',#3523,.T.);
#3773=FACE_BOUND('',#3524,.T.);
#3774=FACE_BOUND('',#3525,.T.);
#3775=FACE_BOUND('',#3526,.T.);
#3776=FACE_BOUND('',#3527,.T.);
#3777=FACE_BOUND('',#3528,.T.);
#3778=FACE_BOUND('',#3529,.T.);
#3779=FACE_BOUND('',#3530,.T.);
#3780=FACE_BOUND('',#3531,.T.);
#3781=FACE_BOUND('',#3532,.T.);
#3782=FACE_BOUND('',#3533,.T.);
#3783=FACE_BOUND('',#3534,.T.);
#3784=FACE_BOUND('',#3535,.T.);
#3785=FACE_BOUND('',#3536,.T.);
#3786=FACE_BOUND('',#3537,.T.);
#3787=FACE_BOUND('',#3538,.T.);
#3788=FACE_BOUND('',#3539,.T.);
#3789=FACE_BOUND('',#3540,.T.);
#3790=FACE_BOUND('',#3541,.T.);
#3791=FACE_BOUND('',#3542,.T.);
#3792=FACE_BOUND('',#3543,.T.);
#3793=FACE_BOUND('',#3544,.T.);
#3794=FACE_BOUND('',#3545,.T.);
#3795=FACE_BOUND('',#3546,.T.);
#3796=FACE_BOUND('',#3547,.T.);
#3797=FACE_BOUND('',#3548,.T.);
#3798=FACE_BOUND('',#3549,.T.);
#3799=FACE_BOUND('',#3550,.T.);
#3800=FACE_BOUND('',#3551,.T.);
#3801=FACE_BOUND('',#3552,.T.);
#3802=FACE_BOUND('',#3553,.T.);
#3803=FACE_BOUND('',#3554,.T.);
#3804=FACE_BOUND('',#3555,.T.);
#3805=FACE_BOUND('',#3556,.T.);
#3806=FACE_BOUND('',#3557,.T.);
#3807=FACE_BOUND('',#3558,.T.);
#3808=FACE_BOUND('',#3559,.T.);
#3809=FACE_BOUND('',#3560,.T.);
#3810=FACE_BOUND('',#3561,.T.);
#3811=FACE_BOUND('',#3562,.T.);
#3812=FACE_BOUND('',#3563,.T.);
#3813=FACE_BOUND('',#3564,.T.);
#3814=FACE_BOUND('',#3565,.T.);
#3815=FACE_BOUND('',#3566,.T.);
#3816=FACE_BOUND('',#3567,.T.);
#3817=FACE_BOUND('',#3568,.T.);
#3818=FACE_BOUND('',#3569,.T.);
#3819=FACE_BOUND('',#3570,.T.);
#3820=FACE_BOUND('',#3571,.T.);
#3821=FACE_BOUND('',#3572,.T.);
#3822=FACE_BOUND('',#3573,.T.);
#3823=FACE_BOUND('',#3574,.T.);
#3824=FACE_BOUND('',#3575,.T.);
#3825=FACE_BOUND('',#3576,.T.);
#3826=FACE_BOUND('',#3577,.T.);
#3827=FACE_BOUND('',#3578,.T.);
#3828=FACE_BOUND('',#3579,.T.);
#3829=FACE_BOUND('',#3580,.T.);
#3830=FACE_BOUND('',#3581,.T.);
#3831=FACE_BOUND('',#3582,.T.);
#3832=FACE_BOUND('',#3583,.T.);
#3833=FACE_BOUND('',#3584,.T.);
#3834=FACE_BOUND('',#3585,.T.);
#3835=FACE_BOUND('',#3586,.T.);
#3836=FACE_BOUND('',#3587,.T.);
#3837=FACE_BOUND('',#3588,.T.);
#3838=FACE_BOUND('',#3589,.T.);
#3839=FACE_BOUND('',#3590,.T.);
#3840=FACE_BOUND('',#3591,.T.);
#3841=FACE_BOUND('',#3592,.T.);
#3842=FACE_BOUND('',#3593,.T.);
#3843=FACE_BOUND('',#3594,.T.);
#3844=FACE_BOUND('',#3595,.T.);
#3845=FACE_BOUND('',#3596,.T.);
#3846=FACE_BOUND('',#3597,.T.);
#3847=FACE_BOUND('',#3598,.T.);
#3848=FACE_BOUND('',#3599,.T.);
#3849=FACE_BOUND('',#3600,.T.);
#3850=FACE_BOUND('',#3601,.T.);
#3851=FACE_BOUND('',#3602,.T.);
#3852=FACE_BOUND('',#3603,.T.);
#3853=FACE_BOUND('',#3604,.T.);
#3854=FACE_BOUND('',#3605,.T.);
#3855=FACE_BOUND('',#3606,.T.);
#3856=FACE_BOUND('',#3607,.T.);
#3857=FACE_BOUND('',#3608,.T.);
#3858=FACE_BOUND('',#3609,.T.);
#3859=FACE_BOUND('',#3610,.T.);
#3860=FACE_BOUND('',#3611,.T.);
#3861=FACE_BOUND('',#3612,.T.);
#3862=FACE_BOUND('',#3613,.T.);
#3863=FACE_BOUND('',#3614,.T.);
#3864=FACE_BOUND('',#3615,.T.);
#3865=FACE_BOUND('',#3616,.T.);
#3866=FACE_BOUND('',#3617,.T.);
#3867=FACE_BOUND('',#3618,.T.);
#3868=FACE_BOUND('',#3619,.T.);
#3869=FACE_BOUND('',#3620,.T.);
#3870=FACE_BOUND('',#3621,.T.);
#3871=FACE_BOUND('',#3622,.T.);
#3872=FACE_BOUND('',#3623,.T.);
#3873=FACE_BOUND('',#3624,.T.);
#3874=FACE_BOUND('',#3625,.T.);
#3875=FACE_BOUND('',#3626,.T.);
#3876=FACE_BOUND('',#3627,.T.);
#3877=FACE_BOUND('',#3628,.T.);
#3878=FACE_BOUND('',#3629,.T.);
#3879=FACE_BOUND('',#3630,.T.);
#3880=FACE_BOUND('',#3631,.T.);
#3881=FACE_BOUND('',#3632,.T.);
#3882=FACE_BOUND('',#3633,.T.);
#3883=FACE_BOUND('',#3634,.T.);
#3884=FACE_BOUND('',#3635,.T.);
#3885=FACE_BOUND('',#3636,.T.);
#3886=FACE_BOUND('',#3637,.T.);
#3887=FACE_BOUND('',#3638,.T.);
#3888=FACE_BOUND('',#3639,.T.);
#3889=FACE_BOUND('',#3640,.T.);
#3890=FACE_BOUND('',#3641,.T.);
#3891=FACE_BOUND('',#3642,.T.);
#3892=FACE_BOUND('',#3643,.T.);
#3893=FACE_BOUND('',#3644,.T.);
#3894=FACE_BOUND('',#3645,.T.);
#3895=FACE_BOUND('',#3646,.T.);
#3896=FACE_BOUND('',#3647,.T.);
#3897=FACE_BOUND('',#3648,.T.);
#3898=FACE_BOUND('',#3649,.T.);
#3899=FACE_BOUND('',#3650,.T.);
#3900=FACE_BOUND('',#3651,.T.);
#3901=FACE_BOUND('',#3652,.T.);
#3902=FACE_BOUND('',#3653,.T.);
#3903=FACE_BOUND('',#3654,.T.);
#3904=FACE_BOUND('',#3655,.T.);
#3905=FACE_BOUND('',#3656,.T.);
#3906=FACE_BOUND('',#3657,.T.);
#3907=FACE_BOUND('',#3658,.T.);
#3908=FACE_BOUND('',#3659,.T.);
#3909=FACE_BOUND('',#3660,.T.);
#3910=FACE_BOUND('',#3661,.T.);
#3911=FACE_BOUND('',#3662,.T.);
#3912=FACE_BOUND('',#3663,.T.);
#3913=FACE_BOUND('',#3664,.T.);
#3914=FACE_BOUND('',#3665,.T.);
#3915=FACE_BOUND('',#3666,.T.);
#3916=FACE_BOUND('',#3667,.T.);
#3917=FACE_BOUND('',#3668,.T.);
#3918=FACE_BOUND('',#3669,.T.);
#3919=FACE_BOUND('',#3670,.T.);
#3920=FACE_BOUND('',#3671,.T.);
#3921=FACE_BOUND('',#3672,.T.);
#3922=FACE_BOUND('',#3673,.T.);
#3923=FACE_BOUND('',#3674,.T.);
#3924=FACE_BOUND('',#3675,.T.);
#3925=FACE_BOUND('',#3676,.T.);
#3926=FACE_BOUND('',#3677,.T.);
#3927=FACE_BOUND('',#3678,.T.);
#3928=FACE_BOUND('',#3679,.T.);
#3929=FACE_BOUND('',#3680,.T.);
#3930=FACE_BOUND('',#3681,.T.);
#3931=FACE_BOUND('',#3682,.T.);
#3932=FACE_BOUND('',#3683,.T.);
#3933=FACE_BOUND('',#3684,.T.);
#3934=FACE_BOUND('',#3685,.T.);
#3935=FACE_BOUND('',#3686,.T.);
#3936=FACE_BOUND('',#3687,.T.);
#3937=FACE_BOUND('',#3688,.T.);
#3938=FACE_BOUND('',#3689,.T.);
#3939=FACE_BOUND('',#3690,.T.);
#3940=FACE_BOUND('',#3691,.T.);
#3941=FACE_BOUND('',#3692,.T.);
#3942=FACE_BOUND('',#3693,.T.);
#3943=FACE_BOUND('',#3694,.T.);
#3944=FACE_BOUND('',#3695,.T.);
#3945=FACE_BOUND('',#3696,.T.);
#3946=FACE_BOUND('',#3697,.T.);
#3947=FACE_BOUND('',#3698,.T.);
#3948=FACE_BOUND('',#3699,.T.);
#3949=FACE_BOUND('',#3700,.T.);
#3950=FACE_BOUND('',#3701,.T.);
#3951=FACE_BOUND('',#3702,.T.);
#3952=FACE_BOUND('',#3703,.T.);
#3953=FACE_BOUND('',#3704,.T.);
#3954=FACE_BOUND('',#3705,.T.);
#3955=FACE_BOUND('',#3706,.T.);
#3956=FACE_BOUND('',#3707,.T.);
#3957=FACE_BOUND('',#3708,.T.);
#3958=FACE_BOUND('',#3709,.T.);
#3959=FACE_BOUND('',#3710,.T.);
#3960=FACE_BOUND('',#3711,.T.);
#3961=FACE_BOUND('',#3712,.T.);
#3962=FACE_BOUND('',#3713,.T.);
#3963=FACE_BOUND('',#3714,.T.);
#3964=FACE_BOUND('',#3715,.T.);
#3965=FACE_BOUND('',#3716,.T.);
#3966=FACE_BOUND('',#3717,.T.);
#3967=FACE_BOUND('',#3718,.T.);
#3968=FACE_BOUND('',#3719,.T.);
#3969=FACE_BOUND('',#3720,.T.);
#3970=FACE_BOUND('',#3721,.T.);
#3971=FACE_BOUND('',#3722,.T.);
#3972=FACE_BOUND('',#3723,.T.);
#3973=FACE_BOUND('',#3724,.T.);
#3974=FACE_BOUND('',#3725,.T.);
#3975=FACE_BOUND('',#3726,.T.);
#3976=FACE_BOUND('',#3727,.T.);
#3977=FACE_BOUND('',#3728,.T.);
#3978=FACE_BOUND('',#3729,.T.);
#3979=FACE_BOUND('',#3730,.T.);
#3980=FACE_BOUND('',#3731,.T.);
#3981=FACE_BOUND('',#3732,.T.);
#3982=FACE_BOUND('',#3733,.T.);
#3983=FACE_BOUND('',#3734,.T.);
#3984=FACE_BOUND('',#3735,.T.);
#3985=FACE_BOUND('',#3736,.T.);
#3986=FACE_BOUND('',#3737,.T.);
#3987=FACE_BOUND('',#3738,.T.);
#3988=FACE_BOUND('',#3739,.T.);
#3989=FACE_BOUND('',#3740,.T.);
#3990=FACE_BOUND('',#3741,.T.);
#3991=FACE_BOUND('',#3742,.T.);
#3992=FACE_BOUND('',#3743,.T.);
#3993=FACE_BOUND('',#3744,.T.);
#3994=FACE_BOUND('',#3745,.T.);
#3995=FACE_BOUND('',#3746,.T.);
#3996=FACE_BOUND('',#3747,.T.);
#3997=FACE_BOUND('',#3748,.T.);
#3998=FACE_BOUND('',#3749,.T.);
#3999=FACE_BOUND('',#3750,.T.);
#4000=FACE_BOUND('',#3751,.T.);
#4001=FACE_BOUND('',#3752,.T.);
#4002=FACE_BOUND('',#3753,.T.);
#4003=FACE_BOUND('',#3754,.T.);
#4004=FACE_BOUND('',#3755,.T.);
#4005=FACE_BOUND('',#3756,.T.);
#4006=FACE_BOUND('',#3757,.T.);
#4007=FACE_BOUND('',#3758,.T.);
#4008=FACE_BOUND('',#3759,.T.);
#4009=PLANE('',#4446);
#4010=PLANE('',#4452);
#4011=PLANE('',#4456);
#4012=PLANE('',#4462);
#4013=PLANE('',#4463);
#4014=PLANE('',#4469);
#4015=PLANE('',#4473);
#4016=PLANE('',#4479);
#4017=PLANE('',#4486);
#4018=PLANE('',#4487);
#4019=PLANE('',#4488);
#4020=PLANE('',#4489);
#4021=PLANE('',#4490);
#4022=PLANE('',#4497);
#4023=PLANE('',#4500);
#4024=PLANE('',#4503);
#4025=PLANE('',#4504);
#4026=PLANE('',#4505);
#4027=PLANE('',#4508);
#4028=PLANE('',#4511);
#4029=PLANE('',#4517);
#4030=PLANE('',#4521);
#4031=PLANE('',#4525);
#4032=PLANE('',#4526);
#4033=PLANE('',#4527);
#4034=PLANE('',#4531);
#4035=PLANE('',#4535);
#4036=PLANE('',#4541);
#4037=PLANE('',#4542);
#4038=PLANE('',#4543);
#4039=PLANE('',#4544);
#4040=PLANE('',#4545);
#4041=PLANE('',#4546);
#4042=PLANE('',#4547);
#4043=PLANE('',#4548);
#4044=PLANE('',#4549);
#4045=PLANE('',#4550);
#4046=PLANE('',#4551);
#4047=PLANE('',#4552);
#4048=PLANE('',#4553);
#4049=PLANE('',#4554);
#4050=PLANE('',#4555);
#4051=PLANE('',#4556);
#4052=PLANE('',#4557);
#4053=PLANE('',#4558);
#4054=PLANE('',#4564);
#4055=PLANE('',#4565);
#4056=PLANE('',#4566);
#4057=PLANE('',#4567);
#4058=PLANE('',#4568);
#4059=PLANE('',#4569);
#4060=PLANE('',#4570);
#4061=PLANE('',#4571);
#4062=PLANE('',#4572);
#4063=PLANE('',#4573);
#4064=PLANE('',#4574);
#4065=PLANE('',#4575);
#4066=PLANE('',#4576);
#4067=PLANE('',#4577);
#4068=PLANE('',#4578);
#4069=PLANE('',#4581);
#4070=PLANE('',#4582);
#4071=PLANE('',#4583);
#4072=PLANE('',#4584);
#4073=PLANE('',#4585);
#4074=PLANE('',#4586);
#4075=PLANE('',#4587);
#4076=PLANE('',#4588);
#4077=PLANE('',#4589);
#4078=PLANE('',#4590);
#4079=PLANE('',#4591);
#4080=PLANE('',#4592);
#4081=PLANE('',#4593);
#4082=PLANE('',#4594);
#4083=PLANE('',#4595);
#4084=PLANE('',#4596);
#4085=PLANE('',#4597);
#4086=PLANE('',#4598);
#4087=PLANE('',#4599);
#4088=PLANE('',#4600);
#4089=PLANE('',#4601);
#4090=PLANE('',#4602);
#4091=PLANE('',#4603);
#4092=PLANE('',#4604);
#4093=PLANE('',#4605);
#4094=PLANE('',#4606);
#4095=PLANE('',#4607);
#4096=PLANE('',#4608);
#4097=PLANE('',#4613);
#4098=PLANE('',#4618);
#4099=PLANE('',#4619);
#4100=PLANE('',#4620);
#4101=PLANE('',#4621);
#4102=PLANE('',#4622);
#4103=PLANE('',#4623);
#4104=PLANE('',#4624);
#4105=PLANE('',#4625);
#4106=PLANE('',#4626);
#4107=PLANE('',#4627);
#4108=PLANE('',#4628);
#4109=PLANE('',#4629);
#4110=PLANE('',#4630);
#4111=PLANE('',#4631);
#4112=PLANE('',#4632);
#4113=PLANE('',#4633);
#4114=PLANE('',#4634);
#4115=PLANE('',#4635);
#4116=PLANE('',#4636);
#4117=PLANE('',#4637);
#4118=PLANE('',#4638);
#4119=PLANE('',#4639);
#4120=PLANE('',#4640);
#4121=PLANE('',#4641);
#4122=PLANE('',#4642);
#4123=PLANE('',#4643);
#4124=PLANE('',#4644);
#4125=PLANE('',#4645);
#4126=PLANE('',#4646);
#4127=PLANE('',#4647);
#4128=PLANE('',#4648);
#4129=PLANE('',#4649);
#4130=PLANE('',#4650);
#4131=PLANE('',#4651);
#4132=PLANE('',#4652);
#4133=PLANE('',#4653);
#4134=PLANE('',#4654);
#4135=PLANE('',#4655);
#4136=PLANE('',#4656);
#4137=PLANE('',#4657);
#4138=PLANE('',#4658);
#4139=PLANE('',#4660);
#4140=PLANE('',#4661);
#4141=PLANE('',#4662);
#4142=PLANE('',#4663);
#4143=PLANE('',#4664);
#4144=PLANE('',#4665);
#4145=PLANE('',#4666);
#4146=PLANE('',#4667);
#4147=PLANE('',#4668);
#4148=PLANE('',#4669);
#4149=PLANE('',#4670);
#4150=PLANE('',#4671);
#4151=PLANE('',#4672);
#4152=PLANE('',#4673);
#4153=PLANE('',#4686);
#4154=PLANE('',#4687);
#4155=PLANE('',#4688);
#4156=PLANE('',#4689);
#4157=PLANE('',#4690);
#4158=PLANE('',#4691);
#4159=PLANE('',#4692);
#4160=PLANE('',#4693);
#4161=PLANE('',#4694);
#4162=PLANE('',#4695);
#4163=PLANE('',#4696);
#4164=PLANE('',#4697);
#4165=PLANE('',#4710);
#4166=PLANE('',#4711);
#4167=PLANE('',#4712);
#4168=PLANE('',#4713);
#4169=PLANE('',#4714);
#4170=PLANE('',#4715);
#4171=PLANE('',#4716);
#4172=PLANE('',#4717);
#4173=PLANE('',#4718);
#4174=PLANE('',#4719);
#4175=PLANE('',#4720);
#4176=PLANE('',#4721);
#4177=PLANE('',#4722);
#4178=PLANE('',#4723);
#4179=PLANE('',#4724);
#4180=PLANE('',#4725);
#4181=PLANE('',#4726);
#4182=PLANE('',#4727);
#4183=PLANE('',#4728);
#4184=PLANE('',#4729);
#4185=PLANE('',#4730);
#4186=PLANE('',#4731);
#4187=PLANE('',#4732);
#4188=PLANE('',#4733);
#4189=PLANE('',#4734);
#4190=PLANE('',#4735);
#4191=ADVANCED_FACE('',(#3760,#3761,#3762),#4009,.F.);
#4192=ADVANCED_FACE('',(#3763),#40,.T.);
#4193=ADVANCED_FACE('',(#3764,#3765,#3766),#4010,.F.);
#4194=ADVANCED_FACE('',(#3767),#41,.T.);
#4195=ADVANCED_FACE('',(#3768,#3769,#3770),#4011,.F.);
#4196=ADVANCED_FACE('',(#3771),#42,.T.);
#4197=ADVANCED_FACE('',(#3772,#3773,#3774),#4012,.F.);
#4198=ADVANCED_FACE('',(#3775,#3776,#3777),#4013,.T.);
#4199=ADVANCED_FACE('',(#3778),#43,.F.);
#4200=ADVANCED_FACE('',(#3779,#3780,#3781),#4014,.T.);
#4201=ADVANCED_FACE('',(#3782),#44,.F.);
#4202=ADVANCED_FACE('',(#3783,#3784,#3785),#4015,.T.);
#4203=ADVANCED_FACE('',(#3786),#45,.F.);
#4204=ADVANCED_FACE('',(#3787,#3788,#3789),#4016,.T.);
#4205=ADVANCED_FACE('',(#3790),#46,.F.);
#4206=ADVANCED_FACE('',(#3791),#47,.T.);
#4207=ADVANCED_FACE('',(#3792,#3793),#4017,.T.);
#4208=ADVANCED_FACE('',(#3794),#4018,.F.);
#4209=ADVANCED_FACE('',(#3795),#4019,.T.);
#4210=ADVANCED_FACE('',(#3796),#4020,.T.);
#4211=ADVANCED_FACE('',(#3797),#4021,.T.);
#4212=ADVANCED_FACE('',(#3798),#4022,.F.);
#4213=ADVANCED_FACE('',(#3799),#48,.T.);
#4214=ADVANCED_FACE('',(#3800),#4023,.F.);
#4215=ADVANCED_FACE('',(#3801),#49,.F.);
#4216=ADVANCED_FACE('',(#3802),#4024,.F.);
#4217=ADVANCED_FACE('',(#3803),#4025,.F.);
#4218=ADVANCED_FACE('',(#3804),#4026,.F.);
#4219=ADVANCED_FACE('',(#3805),#50,.T.);
#4220=ADVANCED_FACE('',(#3806),#4027,.F.);
#4221=ADVANCED_FACE('',(#3807),#51,.F.);
#4222=ADVANCED_FACE('',(#3808),#4028,.F.);
#4223=ADVANCED_FACE('',(#3809),#52,.T.);
#4224=ADVANCED_FACE('',(#3810),#53,.T.);
#4225=ADVANCED_FACE('',(#3811),#4029,.F.);
#4226=ADVANCED_FACE('',(#3812),#54,.F.);
#4227=ADVANCED_FACE('',(#3813),#4030,.F.);
#4228=ADVANCED_FACE('',(#3814),#55,.T.);
#4229=ADVANCED_FACE('',(#3815),#4031,.F.);
#4230=ADVANCED_FACE('',(#3816),#4032,.F.);
#4231=ADVANCED_FACE('',(#3817),#4033,.F.);
#4232=ADVANCED_FACE('',(#3818),#56,.F.);
#4233=ADVANCED_FACE('',(#3819),#4034,.F.);
#4234=ADVANCED_FACE('',(#3820),#57,.T.);
#4235=ADVANCED_FACE('',(#3821),#4035,.F.);
#4236=ADVANCED_FACE('',(#3822),#58,.F.);
#4237=ADVANCED_FACE('',(#3823),#59,.F.);
#4238=ADVANCED_FACE('',(#3824),#4036,.T.);
#4239=ADVANCED_FACE('',(#3825),#4037,.F.);
#4240=ADVANCED_FACE('',(#3826),#4038,.F.);
#4241=ADVANCED_FACE('',(#3827),#4039,.T.);
#4242=ADVANCED_FACE('',(#3828),#4040,.T.);
#4243=ADVANCED_FACE('',(#3829),#4041,.T.);
#4244=ADVANCED_FACE('',(#3830),#4042,.T.);
#4245=ADVANCED_FACE('',(#3831),#4043,.T.);
#4246=ADVANCED_FACE('',(#3832),#4044,.F.);
#4247=ADVANCED_FACE('',(#3833),#4045,.T.);
#4248=ADVANCED_FACE('',(#3834),#4046,.F.);
#4249=ADVANCED_FACE('',(#3835),#4047,.T.);
#4250=ADVANCED_FACE('',(#3836),#4048,.T.);
#4251=ADVANCED_FACE('',(#3837),#4049,.T.);
#4252=ADVANCED_FACE('',(#3838),#4050,.T.);
#4253=ADVANCED_FACE('',(#3839),#4051,.T.);
#4254=ADVANCED_FACE('',(#3840),#4052,.F.);
#4255=ADVANCED_FACE('',(#3841),#4053,.T.);
#4256=ADVANCED_FACE('',(#3842,#3843),#60,.F.);
#4257=ADVANCED_FACE('',(#3844,#3845),#61,.F.);
#4258=ADVANCED_FACE('',(#3846,#3847),#62,.F.);
#4259=ADVANCED_FACE('',(#3848,#3849),#63,.F.);
#4260=ADVANCED_FACE('',(#3850),#4054,.F.);
#4261=ADVANCED_FACE('',(#3851),#4055,.F.);
#4262=ADVANCED_FACE('',(#3852,#3853,#3854,#3855,#3856),#4056,.F.);
#4263=ADVANCED_FACE('',(#3857),#4057,.F.);
#4264=ADVANCED_FACE('',(#3858),#4058,.F.);
#4265=ADVANCED_FACE('',(#3859),#4059,.F.);
#4266=ADVANCED_FACE('',(#3860),#4060,.F.);
#4267=ADVANCED_FACE('',(#3861),#4061,.F.);
#4268=ADVANCED_FACE('',(#3862),#4062,.F.);
#4269=ADVANCED_FACE('',(#3863),#4063,.F.);
#4270=ADVANCED_FACE('',(#3864),#4064,.F.);
#4271=ADVANCED_FACE('',(#3865),#4065,.F.);
#4272=ADVANCED_FACE('',(#3866),#4066,.F.);
#4273=ADVANCED_FACE('',(#3867),#4067,.F.);
#4274=ADVANCED_FACE('',(#3868,#3869,#3870),#4068,.F.);
#4275=ADVANCED_FACE('',(#3871),#4069,.F.);
#4276=ADVANCED_FACE('',(#3872),#4070,.F.);
#4277=ADVANCED_FACE('',(#3873),#4071,.F.);
#4278=ADVANCED_FACE('',(#3874),#4072,.T.);
#4279=ADVANCED_FACE('',(#3875),#4073,.F.);
#4280=ADVANCED_FACE('',(#3876),#4074,.T.);
#4281=ADVANCED_FACE('',(#3877),#4075,.F.);
#4282=ADVANCED_FACE('',(#3878),#4076,.F.);
#4283=ADVANCED_FACE('',(#3879),#4077,.F.);
#4284=ADVANCED_FACE('',(#3880),#4078,.F.);
#4285=ADVANCED_FACE('',(#3881),#4079,.F.);
#4286=ADVANCED_FACE('',(#3882),#4080,.F.);
#4287=ADVANCED_FACE('',(#3883),#4081,.T.);
#4288=ADVANCED_FACE('',(#3884),#4082,.F.);
#4289=ADVANCED_FACE('',(#3885),#4083,.F.);
#4290=ADVANCED_FACE('',(#3886),#4084,.F.);
#4291=ADVANCED_FACE('',(#3887),#4085,.F.);
#4292=ADVANCED_FACE('',(#3888),#4086,.T.);
#4293=ADVANCED_FACE('',(#3889),#4087,.F.);
#4294=ADVANCED_FACE('',(#3890),#4088,.F.);
#4295=ADVANCED_FACE('',(#3891),#4089,.F.);
#4296=ADVANCED_FACE('',(#3892),#4090,.F.);
#4297=ADVANCED_FACE('',(#3893),#4091,.T.);
#4298=ADVANCED_FACE('',(#3894),#4092,.F.);
#4299=ADVANCED_FACE('',(#3895),#4093,.F.);
#4300=ADVANCED_FACE('',(#3896),#4094,.F.);
#4301=ADVANCED_FACE('',(#3897),#4095,.F.);
#4302=ADVANCED_FACE('',(#3898),#4096,.T.);
#4303=ADVANCED_FACE('',(#3899,#3900),#64,.T.);
#4304=ADVANCED_FACE('',(#3901,#3902),#18,.T.);
#4305=ADVANCED_FACE('',(#3903),#4097,.F.);
#4306=ADVANCED_FACE('',(#3904,#3905),#65,.T.);
#4307=ADVANCED_FACE('',(#3906,#3907),#19,.T.);
#4308=ADVANCED_FACE('',(#3908),#4098,.F.);
#4309=ADVANCED_FACE('',(#3909),#4099,.F.);
#4310=ADVANCED_FACE('',(#3910),#4100,.F.);
#4311=ADVANCED_FACE('',(#3911),#4101,.T.);
#4312=ADVANCED_FACE('',(#3912),#4102,.T.);
#4313=ADVANCED_FACE('',(#3913),#4103,.T.);
#4314=ADVANCED_FACE('',(#3914),#4104,.T.);
#4315=ADVANCED_FACE('',(#3915),#4105,.T.);
#4316=ADVANCED_FACE('',(#3916),#4106,.T.);
#4317=ADVANCED_FACE('',(#3917),#4107,.T.);
#4318=ADVANCED_FACE('',(#3918),#4108,.F.);
#4319=ADVANCED_FACE('',(#3919),#4109,.F.);
#4320=ADVANCED_FACE('',(#3920),#4110,.F.);
#4321=ADVANCED_FACE('',(#3921),#4111,.T.);
#4322=ADVANCED_FACE('',(#3922),#4112,.T.);
#4323=ADVANCED_FACE('',(#3923),#4113,.T.);
#4324=ADVANCED_FACE('',(#3924),#4114,.T.);
#4325=ADVANCED_FACE('',(#3925),#4115,.T.);
#4326=ADVANCED_FACE('',(#3926),#4116,.T.);
#4327=ADVANCED_FACE('',(#3927),#4117,.T.);
#4328=ADVANCED_FACE('',(#3928),#4118,.F.);
#4329=ADVANCED_FACE('',(#3929),#4119,.F.);
#4330=ADVANCED_FACE('',(#3930),#4120,.F.);
#4331=ADVANCED_FACE('',(#3931),#4121,.T.);
#4332=ADVANCED_FACE('',(#3932),#4122,.T.);
#4333=ADVANCED_FACE('',(#3933),#4123,.T.);
#4334=ADVANCED_FACE('',(#3934),#4124,.T.);
#4335=ADVANCED_FACE('',(#3935),#4125,.T.);
#4336=ADVANCED_FACE('',(#3936),#4126,.T.);
#4337=ADVANCED_FACE('',(#3937),#4127,.T.);
#4338=ADVANCED_FACE('',(#3938),#4128,.F.);
#4339=ADVANCED_FACE('',(#3939),#4129,.F.);
#4340=ADVANCED_FACE('',(#3940),#4130,.F.);
#4341=ADVANCED_FACE('',(#3941),#4131,.T.);
#4342=ADVANCED_FACE('',(#3942),#4132,.T.);
#4343=ADVANCED_FACE('',(#3943),#4133,.T.);
#4344=ADVANCED_FACE('',(#3944),#4134,.T.);
#4345=ADVANCED_FACE('',(#3945),#4135,.T.);
#4346=ADVANCED_FACE('',(#3946),#4136,.T.);
#4347=ADVANCED_FACE('',(#3947),#4137,.T.);
#4348=ADVANCED_FACE('',(#3948),#4138,.F.);
#4349=ADVANCED_FACE('',(#3949),#4139,.F.);
#4350=ADVANCED_FACE('',(#3950),#4140,.F.);
#4351=ADVANCED_FACE('',(#3951),#4141,.F.);
#4352=ADVANCED_FACE('',(#3952),#4142,.F.);
#4353=ADVANCED_FACE('',(#3953),#4143,.F.);
#4354=ADVANCED_FACE('',(#3954),#4144,.F.);
#4355=ADVANCED_FACE('',(#3955),#4145,.F.);
#4356=ADVANCED_FACE('',(#3956),#4146,.F.);
#4357=ADVANCED_FACE('',(#3957),#4147,.F.);
#4358=ADVANCED_FACE('',(#3958),#4148,.F.);
#4359=ADVANCED_FACE('',(#3959),#4149,.F.);
#4360=ADVANCED_FACE('',(#3960),#4150,.F.);
#4361=ADVANCED_FACE('',(#3961),#4151,.F.);
#4362=ADVANCED_FACE('',(#3962),#4152,.F.);
#4363=ADVANCED_FACE('',(#3963),#66,.F.);
#4364=ADVANCED_FACE('',(#3964),#67,.F.);
#4365=ADVANCED_FACE('',(#3965),#68,.F.);
#4366=ADVANCED_FACE('',(#3966),#69,.F.);
#4367=ADVANCED_FACE('',(#3967),#4153,.F.);
#4368=ADVANCED_FACE('',(#3968),#4154,.F.);
#4369=ADVANCED_FACE('',(#3969),#4155,.F.);
#4370=ADVANCED_FACE('',(#3970),#4156,.F.);
#4371=ADVANCED_FACE('',(#3971),#4157,.F.);
#4372=ADVANCED_FACE('',(#3972),#4158,.F.);
#4373=ADVANCED_FACE('',(#3973),#4159,.F.);
#4374=ADVANCED_FACE('',(#3974),#4160,.F.);
#4375=ADVANCED_FACE('',(#3975),#4161,.F.);
#4376=ADVANCED_FACE('',(#3976),#4162,.F.);
#4377=ADVANCED_FACE('',(#3977),#4163,.F.);
#4378=ADVANCED_FACE('',(#3978),#4164,.F.);
#4379=ADVANCED_FACE('',(#3979),#70,.T.);
#4380=ADVANCED_FACE('',(#3980),#71,.T.);
#4381=ADVANCED_FACE('',(#3981),#72,.T.);
#4382=ADVANCED_FACE('',(#3982),#73,.T.);
#4383=ADVANCED_FACE('',(#3983),#4165,.F.);
#4384=ADVANCED_FACE('',(#3984),#4166,.F.);
#4385=ADVANCED_FACE('',(#3985),#4167,.T.);
#4386=ADVANCED_FACE('',(#3986),#4168,.F.);
#4387=ADVANCED_FACE('',(#3987),#4169,.F.);
#4388=ADVANCED_FACE('',(#3988),#4170,.T.);
#4389=ADVANCED_FACE('',(#3989),#4171,.F.);
#4390=ADVANCED_FACE('',(#3990),#4172,.T.);
#4391=ADVANCED_FACE('',(#3991),#4173,.F.);
#4392=ADVANCED_FACE('',(#3992),#4174,.T.);
#4393=ADVANCED_FACE('',(#3993),#4175,.T.);
#4394=ADVANCED_FACE('',(#3994),#4176,.F.);
#4395=ADVANCED_FACE('',(#3995),#4177,.T.);
#4396=ADVANCED_FACE('',(#3996),#4178,.T.);
#4397=ADVANCED_FACE('',(#3997),#4179,.T.);
#4398=ADVANCED_FACE('',(#3998),#4180,.T.);
#4399=ADVANCED_FACE('',(#3999),#4181,.F.);
#4400=ADVANCED_FACE('',(#4000),#4182,.T.);
#4401=ADVANCED_FACE('',(#4001),#4183,.T.);
#4402=ADVANCED_FACE('',(#4002),#4184,.T.);
#4403=ADVANCED_FACE('',(#4003),#4185,.T.);
#4404=ADVANCED_FACE('',(#4004),#4186,.T.);
#4405=ADVANCED_FACE('',(#4005),#4187,.T.);
#4406=ADVANCED_FACE('',(#4006),#4188,.T.);
#4407=ADVANCED_FACE('',(#4007),#4189,.T.);
#4408=ADVANCED_FACE('',(#4008),#4190,.T.);
#4409=CLOSED_SHELL('',(#4191,#4192,#4193,#4194,#4195,#4196,#4197,#4198,
#4199,#4200,#4201,#4202,#4203,#4204,#4205,#4206,#4207,#4208,#4209,#4210,
#4211,#4212,#4213,#4214,#4215,#4216,#4217,#4218,#4219,#4220,#4221,#4222,
#4223,#4224,#4225,#4226,#4227,#4228,#4229,#4230,#4231,#4232,#4233,#4234,
#4235,#4236,#4237,#4238,#4239,#4240,#4241,#4242,#4243,#4244,#4245,#4246,
#4247,#4248,#4249,#4250,#4251,#4252,#4253,#4254,#4255,#4256,#4257,#4258,
#4259));
#4410=CLOSED_SHELL('',(#4260,#4261,#4262,#4263,#4264,#4265,#4266,#4267,
#4268,#4269,#4270,#4271,#4272,#4273,#4274,#4275,#4276,#4277,#4278,#4279,
#4280,#4281,#4282,#4283,#4284,#4285,#4286,#4287,#4288,#4289,#4290,#4291,
#4292,#4293,#4294,#4295,#4296,#4297,#4298,#4299,#4300,#4301,#4302,#4303,
#4304,#4305,#4306,#4307,#4308,#4309,#4310,#4311,#4312,#4313,#4314,#4315,
#4316,#4317,#4318,#4319,#4320,#4321,#4322,#4323,#4324,#4325,#4326,#4327,
#4328,#4329,#4330,#4331,#4332,#4333,#4334,#4335,#4336,#4337,#4338,#4339,
#4340,#4341,#4342,#4343,#4344,#4345,#4346,#4347,#4348));
#4411=CLOSED_SHELL('',(#4349,#4350,#4351,#4352,#4353,#4354,#4355,#4356,
#4357,#4358,#4359,#4360,#4361,#4362,#4363,#4364,#4365,#4366,#4367,#4368,
#4369,#4370,#4371,#4372,#4373,#4374,#4375,#4376,#4377,#4378,#4379,#4380,
#4381,#4382,#4383,#4384,#4385,#4386,#4387,#4388,#4389,#4390,#4391,#4392,
#4393,#4394,#4395,#4396,#4397,#4398,#4399,#4400,#4401,#4402,#4403,#4404,
#4405,#4406,#4407,#4408));
#4412=STYLED_ITEM('',(#4415),#4434);
#4413=STYLED_ITEM('',(#4416),#4435);
#4414=STYLED_ITEM('',(#4417),#4436);
#4415=PRESENTATION_STYLE_ASSIGNMENT((#4418));
#4416=PRESENTATION_STYLE_ASSIGNMENT((#4419));
#4417=PRESENTATION_STYLE_ASSIGNMENT((#4420));
#4418=SURFACE_STYLE_USAGE(.BOTH.,#4421);
#4419=SURFACE_STYLE_USAGE(.BOTH.,#4422);
#4420=SURFACE_STYLE_USAGE(.BOTH.,#4423);
#4421=SURFACE_SIDE_STYLE('',(#4424));
#4422=SURFACE_SIDE_STYLE('',(#4425));
#4423=SURFACE_SIDE_STYLE('',(#4426));
#4424=SURFACE_STYLE_FILL_AREA(#4427);
#4425=SURFACE_STYLE_FILL_AREA(#4428);
#4426=SURFACE_STYLE_FILL_AREA(#4429);
#4427=FILL_AREA_STYLE('',(#4430));
#4428=FILL_AREA_STYLE('',(#4431));
#4429=FILL_AREA_STYLE('',(#4432));
#4430=FILL_AREA_STYLE_COLOUR('',#4433);
#4431=FILL_AREA_STYLE_COLOUR('',#20);
#4432=FILL_AREA_STYLE_COLOUR('',#21);
#4433=COLOUR_RGB('',0.689999997615814,0.689999997615814,0.689999997615814);
#4434=MANIFOLD_SOLID_BREP('USB-AM-S-TH_S',#4409);
#4435=MANIFOLD_SOLID_BREP('USB-AM-S-W-TH_B',#4410);
#4436=MANIFOLD_SOLID_BREP('USB-AM-S-TH_P',#4411);
#4437=SHAPE_DEFINITION_REPRESENTATION(#7135,#4441);
#4438=SHAPE_DEFINITION_REPRESENTATION(#7136,#4442);
#4439=SHAPE_DEFINITION_REPRESENTATION(#7138,#4443);
#4440=SHAPE_DEFINITION_REPRESENTATION(#7140,#4444);
#4441=SHAPE_REPRESENTATION('USB-AM-S-S-W-TH-R',(#4445,#4563,#4659,#4736),
#7124);
#4442=SHAPE_REPRESENTATION('USB-AM-S-TH_S',(#4445),#7125);
#4443=SHAPE_REPRESENTATION('USB-AM-S-W-TH_B',(#4445),#7126);
#4444=SHAPE_REPRESENTATION('USB-AM-S-TH_P',(#4445),#7127);
#4445=AXIS2_PLACEMENT_3D('',#5870,#4737,#4738);
#4446=AXIS2_PLACEMENT_3D('',#5871,#4739,#4740);
#4447=AXIS2_PLACEMENT_3D('',#5872,#4741,#4742);
#4448=AXIS2_PLACEMENT_3D('',#5874,#4743,#4744);
#4449=AXIS2_PLACEMENT_3D('',#5892,#4753,#4754);
#4450=AXIS2_PLACEMENT_3D('',#5893,#4755,#4756);
#4451=AXIS2_PLACEMENT_3D('',#5897,#4758,#4759);
#4452=AXIS2_PLACEMENT_3D('',#5898,#4760,#4761);
#4453=AXIS2_PLACEMENT_3D('',#5920,#4773,#4774);
#4454=AXIS2_PLACEMENT_3D('',#5921,#4775,#4776);
#4455=AXIS2_PLACEMENT_3D('',#5925,#4778,#4779);
#4456=AXIS2_PLACEMENT_3D('',#5926,#4780,#4781);
#4457=AXIS2_PLACEMENT_3D('',#5927,#4782,#4783);
#4458=AXIS2_PLACEMENT_3D('',#5929,#4784,#4785);
#4459=AXIS2_PLACEMENT_3D('',#5944,#4793,#4794);
#4460=AXIS2_PLACEMENT_3D('',#5945,#4795,#4796);
#4461=AXIS2_PLACEMENT_3D('',#5949,#4798,#4799);
#4462=AXIS2_PLACEMENT_3D('',#5950,#4800,#4801);
#4463=AXIS2_PLACEMENT_3D('',#5972,#4813,#4814);
#4464=AXIS2_PLACEMENT_3D('',#5973,#4815,#4816);
#4465=AXIS2_PLACEMENT_3D('',#5975,#4817,#4818);
#4466=AXIS2_PLACEMENT_3D('',#5993,#4827,#4828);
#4467=AXIS2_PLACEMENT_3D('',#5994,#4829,#4830);
#4468=AXIS2_PLACEMENT_3D('',#5998,#4832,#4833);
#4469=AXIS2_PLACEMENT_3D('',#5999,#4834,#4835);
#4470=AXIS2_PLACEMENT_3D('',#6021,#4847,#4848);
#4471=AXIS2_PLACEMENT_3D('',#6022,#4849,#4850);
#4472=AXIS2_PLACEMENT_3D('',#6026,#4852,#4853);
#4473=AXIS2_PLACEMENT_3D('',#6027,#4854,#4855);
#4474=AXIS2_PLACEMENT_3D('',#6028,#4856,#4857);
#4475=AXIS2_PLACEMENT_3D('',#6030,#4858,#4859);
#4476=AXIS2_PLACEMENT_3D('',#6045,#4867,#4868);
#4477=AXIS2_PLACEMENT_3D('',#6046,#4869,#4870);
#4478=AXIS2_PLACEMENT_3D('',#6050,#4872,#4873);
#4479=AXIS2_PLACEMENT_3D('',#6051,#4874,#4875);
#4480=AXIS2_PLACEMENT_3D('',#6073,#4887,#4888);
#4481=AXIS2_PLACEMENT_3D('',#6074,#4889,#4890);
#4482=AXIS2_PLACEMENT_3D('',#6075,#4891,#4892);
#4483=AXIS2_PLACEMENT_3D('',#6076,#4893,#4894);
#4484=AXIS2_PLACEMENT_3D('',#6077,#4895,#4896);
#4485=AXIS2_PLACEMENT_3D('',#6078,#4897,#4898);
#4486=AXIS2_PLACEMENT_3D('',#6079,#4899,#4900);
#4487=AXIS2_PLACEMENT_3D('',#6080,#4901,#4902);
#4488=AXIS2_PLACEMENT_3D('',#6083,#4905,#4906);
#4489=AXIS2_PLACEMENT_3D('',#6085,#4908,#4909);
#4490=AXIS2_PLACEMENT_3D('',#6087,#4911,#4912);
#4491=AXIS2_PLACEMENT_3D('',#6088,#4913,#4914);
#4492=AXIS2_PLACEMENT_3D('',#6092,#4916,#4917);
#4493=AXIS2_PLACEMENT_3D('',#6096,#4919,#4920);
#4494=AXIS2_PLACEMENT_3D('',#6104,#4924,#4925);
#4495=AXIS2_PLACEMENT_3D('',#6108,#4927,#4928);
#4496=AXIS2_PLACEMENT_3D('',#6112,#4930,#4931);
#4497=AXIS2_PLACEMENT_3D('',#6113,#4932,#4933);
#4498=AXIS2_PLACEMENT_3D('',#6119,#4937,#4938);
#4499=AXIS2_PLACEMENT_3D('',#6120,#4939,#4940);
#4500=AXIS2_PLACEMENT_3D('',#6123,#4942,#4943);
#4501=AXIS2_PLACEMENT_3D('',#6127,#4946,#4947);
#4502=AXIS2_PLACEMENT_3D('',#6128,#4948,#4949);
#4503=AXIS2_PLACEMENT_3D('',#6131,#4951,#4952);
#4504=AXIS2_PLACEMENT_3D('',#6135,#4955,#4956);
#4505=AXIS2_PLACEMENT_3D('',#6139,#4959,#4960);
#4506=AXIS2_PLACEMENT_3D('',#6143,#4963,#4964);
#4507=AXIS2_PLACEMENT_3D('',#6144,#4965,#4966);
#4508=AXIS2_PLACEMENT_3D('',#6147,#4968,#4969);
#4509=AXIS2_PLACEMENT_3D('',#6151,#4972,#4973);
#4510=AXIS2_PLACEMENT_3D('',#6152,#4974,#4975);
#4511=AXIS2_PLACEMENT_3D('',#6155,#4977,#4978);
#4512=AXIS2_PLACEMENT_3D('',#6159,#4981,#4982);
#4513=AXIS2_PLACEMENT_3D('',#6160,#4983,#4984);
#4514=AXIS2_PLACEMENT_3D('',#6161,#4985,#4986);
#4515=AXIS2_PLACEMENT_3D('',#6162,#4987,#4988);
#4516=AXIS2_PLACEMENT_3D('',#6166,#4990,#4991);
#4517=AXIS2_PLACEMENT_3D('',#6167,#4992,#4993);
#4518=AXIS2_PLACEMENT_3D('',#6173,#4997,#4998);
#4519=AXIS2_PLACEMENT_3D('',#6174,#4999,#5000);
#4520=AXIS2_PLACEMENT_3D('',#6178,#5002,#5003);
#4521=AXIS2_PLACEMENT_3D('',#6179,#5004,#5005);
#4522=AXIS2_PLACEMENT_3D('',#6185,#5009,#5010);
#4523=AXIS2_PLACEMENT_3D('',#6186,#5011,#5012);
#4524=AXIS2_PLACEMENT_3D('',#6190,#5014,#5015);
#4525=AXIS2_PLACEMENT_3D('',#6191,#5016,#5017);
#4526=AXIS2_PLACEMENT_3D('',#6197,#5021,#5022);
#4527=AXIS2_PLACEMENT_3D('',#6203,#5026,#5027);
#4528=AXIS2_PLACEMENT_3D('',#6209,#5031,#5032);
#4529=AXIS2_PLACEMENT_3D('',#6210,#5033,#5034);
#4530=AXIS2_PLACEMENT_3D('',#6214,#5036,#5037);
#4531=AXIS2_PLACEMENT_3D('',#6215,#5038,#5039);
#4532=AXIS2_PLACEMENT_3D('',#6221,#5043,#5044);
#4533=AXIS2_PLACEMENT_3D('',#6222,#5045,#5046);
#4534=AXIS2_PLACEMENT_3D('',#6226,#5048,#5049);
#4535=AXIS2_PLACEMENT_3D('',#6227,#5050,#5051);
#4536=AXIS2_PLACEMENT_3D('',#6233,#5055,#5056);
#4537=AXIS2_PLACEMENT_3D('',#6234,#5057,#5058);
#4538=AXIS2_PLACEMENT_3D('',#6235,#5059,#5060);
#4539=AXIS2_PLACEMENT_3D('',#6236,#5061,#5062);
#4540=AXIS2_PLACEMENT_3D('',#6237,#5063,#5064);
#4541=AXIS2_PLACEMENT_3D('',#6238,#5065,#5066);
#4542=AXIS2_PLACEMENT_3D('',#6239,#5067,#5068);
#4543=AXIS2_PLACEMENT_3D('',#6240,#5069,#5070);
#4544=AXIS2_PLACEMENT_3D('',#6243,#5073,#5074);
#4545=AXIS2_PLACEMENT_3D('',#6246,#5077,#5078);
#4546=AXIS2_PLACEMENT_3D('',#6247,#5079,#5080);
#4547=AXIS2_PLACEMENT_3D('',#6248,#5081,#5082);
#4548=AXIS2_PLACEMENT_3D('',#6251,#5085,#5086);
#4549=AXIS2_PLACEMENT_3D('',#6254,#5089,#5090);
#4550=AXIS2_PLACEMENT_3D('',#6255,#5091,#5092);
#4551=AXIS2_PLACEMENT_3D('',#6256,#5093,#5094);
#4552=AXIS2_PLACEMENT_3D('',#6259,#5097,#5098);
#4553=AXIS2_PLACEMENT_3D('',#6262,#5101,#5102);
#4554=AXIS2_PLACEMENT_3D('',#6263,#5103,#5104);
#4555=AXIS2_PLACEMENT_3D('',#6264,#5105,#5106);
#4556=AXIS2_PLACEMENT_3D('',#6267,#5109,#5110);
#4557=AXIS2_PLACEMENT_3D('',#6270,#5113,#5114);
#4558=AXIS2_PLACEMENT_3D('',#6271,#5115,#5116);
#4559=AXIS2_PLACEMENT_3D('',#6272,#5117,#5118);
#4560=AXIS2_PLACEMENT_3D('',#6273,#5119,#5120);
#4561=AXIS2_PLACEMENT_3D('',#6274,#5121,#5122);
#4562=AXIS2_PLACEMENT_3D('',#6275,#5123,#5124);
#4563=AXIS2_PLACEMENT_3D('',#6276,#5125,#5126);
#4564=AXIS2_PLACEMENT_3D('',#6277,#5127,#5128);
#4565=AXIS2_PLACEMENT_3D('',#6286,#5133,#5134);
#4566=AXIS2_PLACEMENT_3D('',#6295,#5139,#5140);
#4567=AXIS2_PLACEMENT_3D('',#6368,#5177,#5178);
#4568=AXIS2_PLACEMENT_3D('',#6377,#5183,#5184);
#4569=AXIS2_PLACEMENT_3D('',#6386,#5189,#5190);
#4570=AXIS2_PLACEMENT_3D('',#6395,#5195,#5196);
#4571=AXIS2_PLACEMENT_3D('',#6404,#5201,#5202);
#4572=AXIS2_PLACEMENT_3D('',#6413,#5207,#5208);
#4573=AXIS2_PLACEMENT_3D('',#6422,#5213,#5214);
#4574=AXIS2_PLACEMENT_3D('',#6431,#5219,#5220);
#4575=AXIS2_PLACEMENT_3D('',#6445,#5228,#5229);
#4576=AXIS2_PLACEMENT_3D('',#6451,#5233,#5234);
#4577=AXIS2_PLACEMENT_3D('',#6457,#5238,#5239);
#4578=AXIS2_PLACEMENT_3D('',#6463,#5243,#5244);
#4579=AXIS2_PLACEMENT_3D('',#6464,#5245,#5246);
#4580=AXIS2_PLACEMENT_3D('',#6466,#5247,#5248);
#4581=AXIS2_PLACEMENT_3D('',#6470,#5251,#5252);
#4582=AXIS2_PLACEMENT_3D('',#6476,#5256,#5257);
#4583=AXIS2_PLACEMENT_3D('',#6519,#5280,#5281);
#4584=AXIS2_PLACEMENT_3D('',#6522,#5284,#5285);
#4585=AXIS2_PLACEMENT_3D('',#6523,#5286,#5287);
#4586=AXIS2_PLACEMENT_3D('',#6524,#5288,#5289);
#4587=AXIS2_PLACEMENT_3D('',#6547,#5304,#5305);
#4588=AXIS2_PLACEMENT_3D('',#6548,#5306,#5307);
#4589=AXIS2_PLACEMENT_3D('',#6549,#5308,#5309);
#4590=AXIS2_PLACEMENT_3D('',#6553,#5313,#5314);
#4591=AXIS2_PLACEMENT_3D('',#6559,#5318,#5319);
#4592=AXIS2_PLACEMENT_3D('',#6565,#5323,#5324);
#4593=AXIS2_PLACEMENT_3D('',#6567,#5326,#5327);
#4594=AXIS2_PLACEMENT_3D('',#6574,#5332,#5333);
#4595=AXIS2_PLACEMENT_3D('',#6578,#5337,#5338);
#4596=AXIS2_PLACEMENT_3D('',#6584,#5342,#5343);
#4597=AXIS2_PLACEMENT_3D('',#6590,#5347,#5348);
#4598=AXIS2_PLACEMENT_3D('',#6592,#5350,#5351);
#4599=AXIS2_PLACEMENT_3D('',#6599,#5356,#5357);
#4600=AXIS2_PLACEMENT_3D('',#6603,#5361,#5362);
#4601=AXIS2_PLACEMENT_3D('',#6609,#5366,#5367);
#4602=AXIS2_PLACEMENT_3D('',#6615,#5371,#5372);
#4603=AXIS2_PLACEMENT_3D('',#6617,#5374,#5375);
#4604=AXIS2_PLACEMENT_3D('',#6624,#5380,#5381);
#4605=AXIS2_PLACEMENT_3D('',#6628,#5385,#5386);
#4606=AXIS2_PLACEMENT_3D('',#6634,#5390,#5391);
#4607=AXIS2_PLACEMENT_3D('',#6640,#5395,#5396);
#4608=AXIS2_PLACEMENT_3D('',#6642,#5398,#5399);
#4609=AXIS2_PLACEMENT_3D('',#6649,#5404,#5405);
#4610=AXIS2_PLACEMENT_3D('',#6650,#5406,#5407);
#4611=AXIS2_PLACEMENT_3D('',#6652,#5408,#5409);
#4612=AXIS2_PLACEMENT_3D('',#6653,#5410,#5411);
#4613=AXIS2_PLACEMENT_3D('',#6655,#5412,#5413);
#4614=AXIS2_PLACEMENT_3D('',#6656,#5414,#5415);
#4615=AXIS2_PLACEMENT_3D('',#6657,#5416,#5417);
#4616=AXIS2_PLACEMENT_3D('',#6659,#5418,#5419);
#4617=AXIS2_PLACEMENT_3D('',#6660,#5420,#5421);
#4618=AXIS2_PLACEMENT_3D('',#6662,#5422,#5423);
#4619=AXIS2_PLACEMENT_3D('',#6663,#5424,#5425);
#4620=AXIS2_PLACEMENT_3D('',#6667,#5428,#5429);
#4621=AXIS2_PLACEMENT_3D('',#6673,#5433,#5434);
#4622=AXIS2_PLACEMENT_3D('',#6676,#5437,#5438);
#4623=AXIS2_PLACEMENT_3D('',#6677,#5439,#5440);
#4624=AXIS2_PLACEMENT_3D('',#6681,#5443,#5444);
#4625=AXIS2_PLACEMENT_3D('',#6684,#5447,#5448);
#4626=AXIS2_PLACEMENT_3D('',#6686,#5450,#5451);
#4627=AXIS2_PLACEMENT_3D('',#6688,#5453,#5454);
#4628=AXIS2_PLACEMENT_3D('',#6689,#5455,#5456);
#4629=AXIS2_PLACEMENT_3D('',#6690,#5457,#5458);
#4630=AXIS2_PLACEMENT_3D('',#6694,#5461,#5462);
#4631=AXIS2_PLACEMENT_3D('',#6700,#5466,#5467);
#4632=AXIS2_PLACEMENT_3D('',#6703,#5470,#5471);
#4633=AXIS2_PLACEMENT_3D('',#6704,#5472,#5473);
#4634=AXIS2_PLACEMENT_3D('',#6708,#5476,#5477);
#4635=AXIS2_PLACEMENT_3D('',#6711,#5480,#5481);
#4636=AXIS2_PLACEMENT_3D('',#6713,#5483,#5484);
#4637=AXIS2_PLACEMENT_3D('',#6715,#5486,#5487);
#4638=AXIS2_PLACEMENT_3D('',#6716,#5488,#5489);
#4639=AXIS2_PLACEMENT_3D('',#6717,#5490,#5491);
#4640=AXIS2_PLACEMENT_3D('',#6721,#5494,#5495);
#4641=AXIS2_PLACEMENT_3D('',#6727,#5499,#5500);
#4642=AXIS2_PLACEMENT_3D('',#6730,#5503,#5504);
#4643=AXIS2_PLACEMENT_3D('',#6731,#5505,#5506);
#4644=AXIS2_PLACEMENT_3D('',#6735,#5509,#5510);
#4645=AXIS2_PLACEMENT_3D('',#6738,#5513,#5514);
#4646=AXIS2_PLACEMENT_3D('',#6740,#5516,#5517);
#4647=AXIS2_PLACEMENT_3D('',#6742,#5519,#5520);
#4648=AXIS2_PLACEMENT_3D('',#6743,#5521,#5522);
#4649=AXIS2_PLACEMENT_3D('',#6744,#5523,#5524);
#4650=AXIS2_PLACEMENT_3D('',#6748,#5527,#5528);
#4651=AXIS2_PLACEMENT_3D('',#6754,#5532,#5533);
#4652=AXIS2_PLACEMENT_3D('',#6757,#5536,#5537);
#4653=AXIS2_PLACEMENT_3D('',#6758,#5538,#5539);
#4654=AXIS2_PLACEMENT_3D('',#6762,#5542,#5543);
#4655=AXIS2_PLACEMENT_3D('',#6765,#5546,#5547);
#4656=AXIS2_PLACEMENT_3D('',#6767,#5549,#5550);
#4657=AXIS2_PLACEMENT_3D('',#6769,#5552,#5553);
#4658=AXIS2_PLACEMENT_3D('',#6770,#5554,#5555);
#4659=AXIS2_PLACEMENT_3D('',#6771,#5556,#5557);
#4660=AXIS2_PLACEMENT_3D('',#6772,#5558,#5559);
#4661=AXIS2_PLACEMENT_3D('',#6837,#5592,#5593);
#4662=AXIS2_PLACEMENT_3D('',#6843,#5597,#5598);
#4663=AXIS2_PLACEMENT_3D('',#6849,#5602,#5603);
#4664=AXIS2_PLACEMENT_3D('',#6855,#5607,#5608);
#4665=AXIS2_PLACEMENT_3D('',#6861,#5612,#5613);
#4666=AXIS2_PLACEMENT_3D('',#6894,#5630,#5631);
#4667=AXIS2_PLACEMENT_3D('',#6900,#5635,#5636);
#4668=AXIS2_PLACEMENT_3D('',#6906,#5640,#5641);
#4669=AXIS2_PLACEMENT_3D('',#6912,#5645,#5646);
#4670=AXIS2_PLACEMENT_3D('',#6918,#5650,#5651);
#4671=AXIS2_PLACEMENT_3D('',#6921,#5654,#5655);
#4672=AXIS2_PLACEMENT_3D('',#6924,#5658,#5659);
#4673=AXIS2_PLACEMENT_3D('',#6927,#5662,#5663);
#4674=AXIS2_PLACEMENT_3D('',#6930,#5666,#5667);
#4675=AXIS2_PLACEMENT_3D('',#6934,#5669,#5670);
#4676=AXIS2_PLACEMENT_3D('',#6935,#5671,#5672);
#4677=AXIS2_PLACEMENT_3D('',#6936,#5673,#5674);
#4678=AXIS2_PLACEMENT_3D('',#6940,#5676,#5677);
#4679=AXIS2_PLACEMENT_3D('',#6941,#5678,#5679);
#4680=AXIS2_PLACEMENT_3D('',#6942,#5680,#5681);
#4681=AXIS2_PLACEMENT_3D('',#6946,#5683,#5684);
#4682=AXIS2_PLACEMENT_3D('',#6947,#5685,#5686);
#4683=AXIS2_PLACEMENT_3D('',#6948,#5687,#5688);
#4684=AXIS2_PLACEMENT_3D('',#6952,#5690,#5691);
#4685=AXIS2_PLACEMENT_3D('',#6953,#5692,#5693);
#4686=AXIS2_PLACEMENT_3D('',#6954,#5694,#5695);
#4687=AXIS2_PLACEMENT_3D('',#6960,#5699,#5700);
#4688=AXIS2_PLACEMENT_3D('',#6966,#5704,#5705);
#4689=AXIS2_PLACEMENT_3D('',#6972,#5709,#5710);
#4690=AXIS2_PLACEMENT_3D('',#6978,#5714,#5715);
#4691=AXIS2_PLACEMENT_3D('',#6984,#5719,#5720);
#4692=AXIS2_PLACEMENT_3D('',#6990,#5724,#5725);
#4693=AXIS2_PLACEMENT_3D('',#6996,#5729,#5730);
#4694=AXIS2_PLACEMENT_3D('',#7002,#5734,#5735);
#4695=AXIS2_PLACEMENT_3D('',#7008,#5739,#5740);
#4696=AXIS2_PLACEMENT_3D('',#7014,#5744,#5745);
#4697=AXIS2_PLACEMENT_3D('',#7020,#5749,#5750);
#4698=AXIS2_PLACEMENT_3D('',#7026,#5754,#5755);
#4699=AXIS2_PLACEMENT_3D('',#7027,#5756,#5757);
#4700=AXIS2_PLACEMENT_3D('',#7029,#5758,#5759);
#4701=AXIS2_PLACEMENT_3D('',#7032,#5761,#5762);
#4702=AXIS2_PLACEMENT_3D('',#7033,#5763,#5764);
#4703=AXIS2_PLACEMENT_3D('',#7035,#5765,#5766);
#4704=AXIS2_PLACEMENT_3D('',#7038,#5768,#5769);
#4705=AXIS2_PLACEMENT_3D('',#7039,#5770,#5771);
#4706=AXIS2_PLACEMENT_3D('',#7041,#5772,#5773);
#4707=AXIS2_PLACEMENT_3D('',#7044,#5775,#5776);
#4708=AXIS2_PLACEMENT_3D('',#7045,#5777,#5778);
#4709=AXIS2_PLACEMENT_3D('',#7047,#5779,#5780);
#4710=AXIS2_PLACEMENT_3D('',#7050,#5782,#5783);
#4711=AXIS2_PLACEMENT_3D('',#7079,#5800,#5801);
#4712=AXIS2_PLACEMENT_3D('',#7082,#5804,#5805);
#4713=AXIS2_PLACEMENT_3D('',#7084,#5807,#5808);
#4714=AXIS2_PLACEMENT_3D('',#7086,#5810,#5811);
#4715=AXIS2_PLACEMENT_3D('',#7088,#5813,#5814);
#4716=AXIS2_PLACEMENT_3D('',#7089,#5815,#5816);
#4717=AXIS2_PLACEMENT_3D('',#7091,#5818,#5819);
#4718=AXIS2_PLACEMENT_3D('',#7092,#5820,#5821);
#4719=AXIS2_PLACEMENT_3D('',#7095,#5824,#5825);
#4720=AXIS2_PLACEMENT_3D('',#7096,#5826,#5827);
#4721=AXIS2_PLACEMENT_3D('',#7097,#5828,#5829);
#4722=AXIS2_PLACEMENT_3D('',#7100,#5832,#5833);
#4723=AXIS2_PLACEMENT_3D('',#7101,#5834,#5835);
#4724=AXIS2_PLACEMENT_3D('',#7102,#5836,#5837);
#4725=AXIS2_PLACEMENT_3D('',#7104,#5839,#5840);
#4726=AXIS2_PLACEMENT_3D('',#7106,#5842,#5843);
#4727=AXIS2_PLACEMENT_3D('',#7107,#5844,#5845);
#4728=AXIS2_PLACEMENT_3D('',#7109,#5847,#5848);
#4729=AXIS2_PLACEMENT_3D('',#7111,#5850,#5851);
#4730=AXIS2_PLACEMENT_3D('',#7112,#5852,#5853);
#4731=AXIS2_PLACEMENT_3D('',#7114,#5855,#5856);
#4732=AXIS2_PLACEMENT_3D('',#7116,#5858,#5859);
#4733=AXIS2_PLACEMENT_3D('',#7117,#5860,#5861);
#4734=AXIS2_PLACEMENT_3D('',#7120,#5864,#5865);
#4735=AXIS2_PLACEMENT_3D('',#7121,#5866,#5867);
#4736=AXIS2_PLACEMENT_3D('',#7122,#5868,#5869);
#4737=DIRECTION('',(0.,0.,1.));
#4738=DIRECTION('',(1.,0.,0.));
#4739=DIRECTION('',(1.,0.,0.));
#4740=DIRECTION('',(0.,0.,-1.));
#4741=DIRECTION('',(1.,0.,0.));
#4742=DIRECTION('',(0.,0.,-1.));
#4743=DIRECTION('',(1.,0.,0.));
#4744=DIRECTION('',(0.,0.,-1.));
#4745=DIRECTION('',(0.,0.,-1.));
#4746=DIRECTION('',(0.,-1.,0.));
#4747=DIRECTION('',(0.,0.,-1.));
#4748=DIRECTION('',(0.,-1.,0.));
#4749=DIRECTION('',(0.,0.,1.));
#4750=DIRECTION('',(0.,-1.,0.));
#4751=DIRECTION('',(0.,0.,-1.));
#4752=DIRECTION('',(0.,-1.,0.));
#4753=DIRECTION('',(0.,0.,-1.));
#4754=DIRECTION('',(-1.,0.,0.));
#4755=DIRECTION('',(0.,0.,1.));
#4756=DIRECTION('',(1.,0.,0.));
#4757=DIRECTION('',(0.,0.,-1.));
#4758=DIRECTION('',(0.,0.,1.));
#4759=DIRECTION('',(1.,0.,0.));
#4760=DIRECTION('',(0.,1.,0.));
#4761=DIRECTION('',(0.,0.,1.));
#4762=DIRECTION('',(-1.,0.,0.));
#4763=DIRECTION('',(0.,0.,-1.));
#4764=DIRECTION('',(-1.,0.,0.));
#4765=DIRECTION('',(0.,0.,-1.));
#4766=DIRECTION('',(-1.,0.,0.));
#4767=DIRECTION('',(0.,0.,-1.));
#4768=DIRECTION('',(-1.,0.,0.));
#4769=DIRECTION('',(0.,0.,-1.));
#4770=DIRECTION('',(1.,0.,0.));
#4771=DIRECTION('',(0.,0.,-1.));
#4772=DIRECTION('',(1.,0.,0.));
#4773=DIRECTION('',(0.,0.,-1.));
#4774=DIRECTION('',(-1.,0.,0.));
#4775=DIRECTION('',(0.,0.,1.));
#4776=DIRECTION('',(1.,0.,0.));
#4777=DIRECTION('',(0.,0.,-1.));
#4778=DIRECTION('',(0.,0.,1.));
#4779=DIRECTION('',(1.,0.,0.));
#4780=DIRECTION('',(-1.,0.,0.));
#4781=DIRECTION('',(0.,0.,1.));
#4782=DIRECTION('',(1.,0.,0.));
#4783=DIRECTION('',(0.,0.,-1.));
#4784=DIRECTION('',(1.,0.,0.));
#4785=DIRECTION('',(0.,0.,-1.));
#4786=DIRECTION('',(0.,0.,1.));
#4787=DIRECTION('',(0.,1.,0.));
#4788=DIRECTION('',(0.,0.,-1.));
#4789=DIRECTION('',(0.,1.,0.));
#4790=DIRECTION('',(0.,0.,-1.));
#4791=DIRECTION('',(0.,1.,0.));
#4792=DIRECTION('',(0.,1.,0.));
#4793=DIRECTION('',(0.,0.,-1.));
#4794=DIRECTION('',(-1.,0.,0.));
#4795=DIRECTION('',(0.,0.,1.));
#4796=DIRECTION('',(1.,0.,0.));
#4797=DIRECTION('',(0.,0.,-1.));
#4798=DIRECTION('',(0.,0.,1.));
#4799=DIRECTION('',(1.,0.,0.));
#4800=DIRECTION('',(0.,-1.,0.));
#4801=DIRECTION('',(0.,0.,-1.));
#4802=DIRECTION('',(-1.,0.,0.));
#4803=DIRECTION('',(0.,0.,1.));
#4804=DIRECTION('',(-1.,0.,0.));
#4805=DIRECTION('',(0.,0.,1.));
#4806=DIRECTION('',(-1.,0.,0.));
#4807=DIRECTION('',(0.,0.,1.));
#4808=DIRECTION('',(-1.,0.,0.));
#4809=DIRECTION('',(0.,0.,1.));
#4810=DIRECTION('',(-1.,0.,0.));
#4811=DIRECTION('',(0.,0.,-1.));
#4812=DIRECTION('',(-1.,0.,0.));
#4813=DIRECTION('',(1.,0.,0.));
#4814=DIRECTION('',(0.,0.,-1.));
#4815=DIRECTION('',(1.,0.,0.));
#4816=DIRECTION('',(0.,0.,-1.));
#4817=DIRECTION('',(1.,0.,0.));
#4818=DIRECTION('',(0.,0.,-1.));
#4819=DIRECTION('',(0.,0.,1.));
#4820=DIRECTION('',(0.,1.,0.));
#4821=DIRECTION('',(0.,0.,-1.));
#4822=DIRECTION('',(0.,1.,0.));
#4823=DIRECTION('',(0.,0.,-1.));
#4824=DIRECTION('',(0.,-1.,0.));
#4825=DIRECTION('',(0.,0.,-1.));
#4826=DIRECTION('',(0.,-1.,0.));
#4827=DIRECTION('',(0.,0.,-1.));
#4828=DIRECTION('',(-1.,0.,0.));
#4829=DIRECTION('',(0.,0.,1.));
#4830=DIRECTION('',(1.,0.,0.));
#4831=DIRECTION('',(0.,0.,-1.));
#4832=DIRECTION('',(0.,0.,1.));
#4833=DIRECTION('',(1.,0.,0.));
#4834=DIRECTION('',(0.,-1.,0.));
#4835=DIRECTION('',(0.,0.,-1.));
#4836=DIRECTION('',(0.,0.,1.));
#4837=DIRECTION('',(-1.,0.,0.));
#4838=DIRECTION('',(0.,0.,1.));
#4839=DIRECTION('',(1.,0.,0.));
#4840=DIRECTION('',(0.,0.,1.));
#4841=DIRECTION('',(-1.,0.,0.));
#4842=DIRECTION('',(0.,0.,1.));
#4843=DIRECTION('',(1.,0.,0.));
#4844=DIRECTION('',(1.,0.,0.));
#4845=DIRECTION('',(0.,0.,-1.));
#4846=DIRECTION('',(-1.,0.,0.));
#4847=DIRECTION('',(0.,0.,-1.));
#4848=DIRECTION('',(-1.,0.,0.));
#4849=DIRECTION('',(0.,0.,1.));
#4850=DIRECTION('',(1.,0.,0.));
#4851=DIRECTION('',(0.,0.,-1.));
#4852=DIRECTION('',(0.,0.,1.));
#4853=DIRECTION('',(1.,0.,0.));
#4854=DIRECTION('',(-1.,0.,0.));
#4855=DIRECTION('',(0.,0.,1.));
#4856=DIRECTION('',(-1.,0.,0.));
#4857=DIRECTION('',(0.,0.,1.));
#4858=DIRECTION('',(-1.,0.,0.));
#4859=DIRECTION('',(0.,0.,1.));
#4860=DIRECTION('',(3.32978146077652E-15,-1.,0.));
#4861=DIRECTION('',(0.,0.,-1.));
#4862=DIRECTION('',(3.32978146077652E-15,-1.,0.));
#4863=DIRECTION('',(0.,0.,1.));
#4864=DIRECTION('',(0.,1.,0.));
#4865=DIRECTION('',(0.,0.,-1.));
#4866=DIRECTION('',(0.,1.,0.));
#4867=DIRECTION('',(0.,0.,-1.));
#4868=DIRECTION('',(-1.,0.,0.));
#4869=DIRECTION('',(0.,0.,1.));
#4870=DIRECTION('',(1.,0.,0.));
#4871=DIRECTION('',(0.,0.,-1.));
#4872=DIRECTION('',(0.,0.,1.));
#4873=DIRECTION('',(1.,0.,0.));
#4874=DIRECTION('',(0.,1.,0.));
#4875=DIRECTION('',(0.,0.,1.));
#4876=DIRECTION('',(0.,0.,-1.));
#4877=DIRECTION('',(-1.,0.,0.));
#4878=DIRECTION('',(0.,0.,-1.));
#4879=DIRECTION('',(1.,0.,0.));
#4880=DIRECTION('',(0.,0.,-1.));
#4881=DIRECTION('',(-1.,0.,0.));
#4882=DIRECTION('',(0.,0.,-1.));
#4883=DIRECTION('',(1.,0.,0.));
#4884=DIRECTION('',(1.,0.,0.));
#4885=DIRECTION('',(0.,0.,-1.));
#4886=DIRECTION('',(1.,0.,0.));
#4887=DIRECTION('',(0.,0.,-1.));
#4888=DIRECTION('',(-1.,0.,0.));
#4889=DIRECTION('',(0.,0.,1.));
#4890=DIRECTION('',(1.,0.,0.));
#4891=DIRECTION('',(0.,0.,1.));
#4892=DIRECTION('',(1.,0.,0.));
#4893=DIRECTION('',(0.,0.,-1.));
#4894=DIRECTION('',(-1.,0.,0.));
#4895=DIRECTION('',(0.,0.,1.));
#4896=DIRECTION('',(1.,0.,0.));
#4897=DIRECTION('',(0.,0.,1.));
#4898=DIRECTION('',(1.,0.,0.));
#4899=DIRECTION('',(0.,0.,1.));
#4900=DIRECTION('',(1.,0.,0.));
#4901=DIRECTION('',(0.,0.,1.));
#4902=DIRECTION('',(1.,0.,0.));
#4903=DIRECTION('',(1.,0.,0.));
#4904=DIRECTION('',(1.,7.2280144832367E-16,0.));
#4905=DIRECTION('',(0.,-1.,0.));
#4906=DIRECTION('',(0.,0.,-1.));
#4907=DIRECTION('',(-1.,0.,0.));
#4908=DIRECTION('',(7.2280144832367E-16,-1.,0.));
#4909=DIRECTION('',(1.,7.2280144832367E-16,0.));
#4910=DIRECTION('',(-1.,-7.2280144832367E-16,0.));
#4911=DIRECTION('',(0.,0.,1.));
#4912=DIRECTION('',(1.,0.,0.));
#4913=DIRECTION('',(0.,0.,1.));
#4914=DIRECTION('',(1.,0.,0.));
#4915=DIRECTION('',(-0.5,-0.866025403784438,0.));
#4916=DIRECTION('',(0.,0.,1.));
#4917=DIRECTION('',(1.,0.,0.));
#4918=DIRECTION('',(0.500000000000001,-0.866025403784438,0.));
#4919=DIRECTION('',(0.,0.,1.));
#4920=DIRECTION('',(1.,0.,0.));
#4921=DIRECTION('',(0.,-1.,0.));
#4922=DIRECTION('',(1.,0.,0.));
#4923=DIRECTION('',(0.,1.,0.));
#4924=DIRECTION('',(0.,0.,1.));
#4925=DIRECTION('',(1.,0.,0.));
#4926=DIRECTION('',(-0.5,0.866025403784439,0.));
#4927=DIRECTION('',(0.,0.,1.));
#4928=DIRECTION('',(1.,0.,0.));
#4929=DIRECTION('',(0.5,0.866025403784439,0.));
#4930=DIRECTION('',(0.,0.,1.));
#4931=DIRECTION('',(1.,0.,0.));
#4932=DIRECTION('',(0.866025403784438,-0.5,0.));
#4933=DIRECTION('',(0.5,0.866025403784438,0.));
#4934=DIRECTION('',(-0.5,-0.866025403784438,0.));
#4935=DIRECTION('',(0.,0.,-1.));
#4936=DIRECTION('',(0.,0.,-1.));
#4937=DIRECTION('',(0.,0.,-1.));
#4938=DIRECTION('',(-1.,0.,0.));
#4939=DIRECTION('',(0.,0.,1.));
#4940=DIRECTION('',(1.,0.,0.));
#4941=DIRECTION('',(0.,0.,-1.));
#4942=DIRECTION('',(0.866025403784438,0.500000000000001,0.));
#4943=DIRECTION('',(-0.500000000000001,0.866025403784438,0.));
#4944=DIRECTION('',(0.500000000000001,-0.866025403784438,0.));
#4945=DIRECTION('',(0.,0.,-1.));
#4946=DIRECTION('',(0.,0.,-1.));
#4947=DIRECTION('',(-1.,0.,0.));
#4948=DIRECTION('',(0.,0.,1.));
#4949=DIRECTION('',(1.,0.,0.));
#4950=DIRECTION('',(0.,0.,-1.));
#4951=DIRECTION('',(1.,0.,0.));
#4952=DIRECTION('',(0.,0.,-1.));
#4953=DIRECTION('',(0.,-1.,0.));
#4954=DIRECTION('',(0.,0.,-1.));
#4955=DIRECTION('',(0.,1.,0.));
#4956=DIRECTION('',(0.,0.,1.));
#4957=DIRECTION('',(1.,0.,0.));
#4958=DIRECTION('',(0.,0.,-1.));
#4959=DIRECTION('',(-1.,0.,0.));
#4960=DIRECTION('',(0.,0.,1.));
#4961=DIRECTION('',(0.,1.,0.));
#4962=DIRECTION('',(0.,0.,-1.));
#4963=DIRECTION('',(0.,0.,-1.));
#4964=DIRECTION('',(-1.,0.,0.));
#4965=DIRECTION('',(0.,0.,1.));
#4966=DIRECTION('',(1.,0.,0.));
#4967=DIRECTION('',(0.,0.,-1.));
#4968=DIRECTION('',(-0.866025403784439,-0.5,0.));
#4969=DIRECTION('',(0.5,-0.866025403784439,0.));
#4970=DIRECTION('',(-0.5,0.866025403784439,0.));
#4971=DIRECTION('',(0.,0.,-1.));
#4972=DIRECTION('',(0.,0.,-1.));
#4973=DIRECTION('',(-1.,0.,0.));
#4974=DIRECTION('',(0.,0.,1.));
#4975=DIRECTION('',(1.,0.,0.));
#4976=DIRECTION('',(0.,0.,-1.));
#4977=DIRECTION('',(-0.866025403784439,0.5,0.));
#4978=DIRECTION('',(-0.5,-0.866025403784439,0.));
#4979=DIRECTION('',(0.5,0.866025403784439,0.));
#4980=DIRECTION('',(0.,0.,-1.));
#4981=DIRECTION('',(0.,0.,-1.));
#4982=DIRECTION('',(-1.,0.,0.));
#4983=DIRECTION('',(0.,0.,1.));
#4984=DIRECTION('',(1.,0.,0.));
#4985=DIRECTION('',(0.,0.,-1.));
#4986=DIRECTION('',(-1.,0.,0.));
#4987=DIRECTION('',(0.,0.,1.));
#4988=DIRECTION('',(1.,0.,0.));
#4989=DIRECTION('',(0.,0.,-1.));
#4990=DIRECTION('',(0.,0.,1.));
#4991=DIRECTION('',(1.,0.,0.));
#4992=DIRECTION('',(0.866025403784429,0.500000000000017,0.));
#4993=DIRECTION('',(-0.500000000000017,0.866025403784429,0.));
#4994=DIRECTION('',(0.500000000000017,-0.866025403784429,0.));
#4995=DIRECTION('',(0.,0.,-1.));
#4996=DIRECTION('',(0.500000000000017,-0.866025403784429,0.));
#4997=DIRECTION('',(0.,0.,-1.));
#4998=DIRECTION('',(-1.,0.,0.));
#4999=DIRECTION('',(0.,0.,1.));
#5000=DIRECTION('',(1.,0.,0.));
#5001=DIRECTION('',(0.,0.,-1.));
#5002=DIRECTION('',(0.,0.,1.));
#5003=DIRECTION('',(1.,0.,0.));
#5004=DIRECTION('',(0.866025403784442,-0.499999999999994,0.));
#5005=DIRECTION('',(0.499999999999994,0.866025403784442,0.));
#5006=DIRECTION('',(-0.499999999999994,-0.866025403784442,0.));
#5007=DIRECTION('',(0.,0.,-1.));
#5008=DIRECTION('',(-0.499999999999994,-0.866025403784442,0.));
#5009=DIRECTION('',(0.,0.,-1.));
#5010=DIRECTION('',(-1.,0.,0.));
#5011=DIRECTION('',(0.,0.,1.));
#5012=DIRECTION('',(1.,0.,0.));
#5013=DIRECTION('',(0.,0.,-1.));
#5014=DIRECTION('',(0.,0.,1.));
#5015=DIRECTION('',(1.,0.,0.));
#5016=DIRECTION('',(1.,0.,0.));
#5017=DIRECTION('',(0.,0.,-1.));
#5018=DIRECTION('',(0.,-1.,0.));
#5019=DIRECTION('',(0.,0.,-1.));
#5020=DIRECTION('',(0.,-1.,0.));
#5021=DIRECTION('',(0.,1.,0.));
#5022=DIRECTION('',(0.,0.,1.));
#5023=DIRECTION('',(1.,0.,0.));
#5024=DIRECTION('',(0.,0.,-1.));
#5025=DIRECTION('',(1.,0.,0.));
#5026=DIRECTION('',(-1.,0.,0.));
#5027=DIRECTION('',(0.,0.,1.));
#5028=DIRECTION('',(0.,1.,0.));
#5029=DIRECTION('',(0.,0.,-1.));
#5030=DIRECTION('',(0.,1.,0.));
#5031=DIRECTION('',(0.,0.,-1.));
#5032=DIRECTION('',(-1.,0.,0.));
#5033=DIRECTION('',(0.,0.,1.));
#5034=DIRECTION('',(1.,0.,0.));
#5035=DIRECTION('',(0.,0.,-1.));
#5036=DIRECTION('',(0.,0.,1.));
#5037=DIRECTION('',(1.,0.,0.));
#5038=DIRECTION('',(-0.866025403784434,0.500000000000008,0.));
#5039=DIRECTION('',(-0.500000000000008,-0.866025403784434,0.));
#5040=DIRECTION('',(0.500000000000008,0.866025403784434,0.));
#5041=DIRECTION('',(0.,0.,-1.));
#5042=DIRECTION('',(0.500000000000008,0.866025403784434,0.));
#5043=DIRECTION('',(0.,0.,-1.));
#5044=DIRECTION('',(-1.,0.,0.));
#5045=DIRECTION('',(0.,0.,1.));
#5046=DIRECTION('',(1.,0.,0.));
#5047=DIRECTION('',(0.,0.,-1.));
#5048=DIRECTION('',(0.,0.,1.));
#5049=DIRECTION('',(1.,0.,0.));
#5050=DIRECTION('',(-0.866025403784443,-0.499999999999992,0.));
#5051=DIRECTION('',(0.499999999999992,-0.866025403784444,0.));
#5052=DIRECTION('',(-0.499999999999992,0.866025403784443,0.));
#5053=DIRECTION('',(0.,0.,-1.));
#5054=DIRECTION('',(-0.499999999999992,0.866025403784443,0.));
#5055=DIRECTION('',(0.,0.,-1.));
#5056=DIRECTION('',(-1.,0.,0.));
#5057=DIRECTION('',(0.,0.,1.));
#5058=DIRECTION('',(1.,0.,0.));
#5059=DIRECTION('',(0.,0.,1.));
#5060=DIRECTION('',(1.,0.,0.));
#5061=DIRECTION('',(0.,0.,-1.));
#5062=DIRECTION('',(-1.,0.,0.));
#5063=DIRECTION('',(0.,0.,1.));
#5064=DIRECTION('',(1.,0.,0.));
#5065=DIRECTION('',(0.,0.,1.));
#5066=DIRECTION('',(1.,0.,0.));
#5067=DIRECTION('',(0.,0.,1.));
#5068=DIRECTION('',(1.,0.,0.));
#5069=DIRECTION('',(1.,0.,0.));
#5070=DIRECTION('',(0.,0.,-1.));
#5071=DIRECTION('',(0.,1.,0.));
#5072=DIRECTION('',(0.,-1.,0.));
#5073=DIRECTION('',(1.,0.,0.));
#5074=DIRECTION('',(0.,0.,-1.));
#5075=DIRECTION('',(0.,-1.,0.));
#5076=DIRECTION('',(0.,1.,0.));
#5077=DIRECTION('',(0.,0.,1.));
#5078=DIRECTION('',(1.,0.,0.));
#5079=DIRECTION('',(0.,0.,-1.));
#5080=DIRECTION('',(-1.,0.,0.));
#5081=DIRECTION('',(0.,0.,-1.));
#5082=DIRECTION('',(-1.,0.,0.));
#5083=DIRECTION('',(0.,-1.,0.));
#5084=DIRECTION('',(0.,-1.,0.));
#5085=DIRECTION('',(0.,0.,1.));
#5086=DIRECTION('',(1.,0.,0.));
#5087=DIRECTION('',(0.,1.,0.));
#5088=DIRECTION('',(0.,1.,0.));
#5089=DIRECTION('',(1.,0.,0.));
#5090=DIRECTION('',(0.,0.,-1.));
#5091=DIRECTION('',(1.,0.,0.));
#5092=DIRECTION('',(0.,0.,-1.));
#5093=DIRECTION('',(1.,0.,0.));
#5094=DIRECTION('',(0.,0.,-1.));
#5095=DIRECTION('',(0.,1.,0.));
#5096=DIRECTION('',(0.,-1.,0.));
#5097=DIRECTION('',(1.,0.,0.));
#5098=DIRECTION('',(0.,0.,-1.));
#5099=DIRECTION('',(0.,-1.,0.));
#5100=DIRECTION('',(0.,1.,0.));
#5101=DIRECTION('',(0.,0.,1.));
#5102=DIRECTION('',(1.,0.,0.));
#5103=DIRECTION('',(0.,0.,-1.));
#5104=DIRECTION('',(-1.,0.,0.));
#5105=DIRECTION('',(0.,0.,-1.));
#5106=DIRECTION('',(-1.,0.,0.));
#5107=DIRECTION('',(0.,-1.,0.));
#5108=DIRECTION('',(0.,-1.,0.));
#5109=DIRECTION('',(0.,0.,1.));
#5110=DIRECTION('',(1.,0.,0.));
#5111=DIRECTION('',(0.,1.,0.));
#5112=DIRECTION('',(0.,1.,0.));
#5113=DIRECTION('',(1.,0.,0.));
#5114=DIRECTION('',(0.,0.,-1.));
#5115=DIRECTION('',(1.,0.,0.));
#5116=DIRECTION('',(0.,0.,-1.));
#5117=DIRECTION('',(-1.,0.,0.));
#5118=DIRECTION('',(0.,0.,1.));
#5119=DIRECTION('',(-1.,0.,0.));
#5120=DIRECTION('',(0.,0.,1.));
#5121=DIRECTION('',(-1.,0.,0.));
#5122=DIRECTION('',(0.,0.,1.));
#5123=DIRECTION('',(-1.,0.,0.));
#5124=DIRECTION('',(0.,0.,1.));
#5125=DIRECTION('',(0.,0.,1.));
#5126=DIRECTION('',(1.,0.,0.));
#5127=DIRECTION('',(-3.16555378827884E-16,0.,-1.));
#5128=DIRECTION('',(-1.,0.,3.16555378827884E-16));
#5129=DIRECTION('',(-1.,0.,0.));
#5130=DIRECTION('',(0.,1.,0.));
#5131=DIRECTION('',(-1.,0.,3.16555378827884E-16));
#5132=DIRECTION('',(0.,1.,0.));
#5133=DIRECTION('',(-3.16555378827884E-16,0.,-1.));
#5134=DIRECTION('',(-1.,0.,3.16555378827884E-16));
#5135=DIRECTION('',(-1.,0.,0.));
#5136=DIRECTION('',(0.,-1.,0.));
#5137=DIRECTION('',(-1.,0.,3.16555378827884E-16));
#5138=DIRECTION('',(0.,1.,0.));
#5139=DIRECTION('',(0.,0.,1.));
#5140=DIRECTION('',(1.,0.,0.));
#5141=DIRECTION('',(1.,0.,0.));
#5142=DIRECTION('',(0.,1.,0.));
#5143=DIRECTION('',(-1.,0.,0.));
#5144=DIRECTION('',(0.,-1.,0.));
#5145=DIRECTION('',(1.,0.,0.));
#5146=DIRECTION('',(0.,-1.,0.));
#5147=DIRECTION('',(1.,0.,0.));
#5148=DIRECTION('',(0.,1.,0.));
#5149=DIRECTION('',(1.,0.,0.));
#5150=DIRECTION('',(0.,1.,0.));
#5151=DIRECTION('',(-1.,0.,0.));
#5152=DIRECTION('',(0.,-1.,0.));
#5153=DIRECTION('',(1.,0.,0.));
#5154=DIRECTION('',(0.,-1.,0.));
#5155=DIRECTION('',(1.,0.,0.));
#5156=DIRECTION('',(0.,1.,0.));
#5157=DIRECTION('',(0.,1.,0.));
#5158=DIRECTION('',(-1.,0.,0.));
#5159=DIRECTION('',(0.,1.,0.));
#5160=DIRECTION('',(-1.,0.,0.));
#5161=DIRECTION('',(1.,0.,0.));
#5162=DIRECTION('',(0.,1.,0.));
#5163=DIRECTION('',(-1.,0.,0.));
#5164=DIRECTION('',(0.,-1.,0.));
#5165=DIRECTION('',(1.,0.,0.));
#5166=DIRECTION('',(0.,-1.,0.));
#5167=DIRECTION('',(1.,0.,0.));
#5168=DIRECTION('',(0.,1.,0.));
#5169=DIRECTION('',(1.,0.,0.));
#5170=DIRECTION('',(0.,1.,0.));
#5171=DIRECTION('',(-1.,0.,0.));
#5172=DIRECTION('',(0.,-1.,0.));
#5173=DIRECTION('',(1.,0.,0.));
#5174=DIRECTION('',(0.,-1.,0.));
#5175=DIRECTION('',(1.,0.,0.));
#5176=DIRECTION('',(0.,1.,0.));
#5177=DIRECTION('',(3.16555378827884E-16,0.,-1.));
#5178=DIRECTION('',(-1.,0.,-3.16555378827884E-16));
#5179=DIRECTION('',(-1.,0.,0.));
#5180=DIRECTION('',(0.,1.,0.));
#5181=DIRECTION('',(-1.,0.,-3.16555378827884E-16));
#5182=DIRECTION('',(0.,1.,0.));
#5183=DIRECTION('',(3.16555378827884E-16,0.,-1.));
#5184=DIRECTION('',(-1.,0.,-3.16555378827884E-16));
#5185=DIRECTION('',(-1.,0.,0.));
#5186=DIRECTION('',(0.,-1.,0.));
#5187=DIRECTION('',(-1.,0.,-3.16555378827884E-16));
#5188=DIRECTION('',(0.,1.,0.));
#5189=DIRECTION('',(3.16555378827884E-16,0.,-1.));
#5190=DIRECTION('',(-1.,0.,-3.16555378827884E-16));
#5191=DIRECTION('',(-1.,0.,0.));
#5192=DIRECTION('',(0.,1.,0.));
#5193=DIRECTION('',(-1.,0.,-3.16555378827884E-16));
#5194=DIRECTION('',(0.,1.,0.));
#5195=DIRECTION('',(3.16555378827884E-16,0.,-1.));
#5196=DIRECTION('',(-1.,0.,-3.16555378827884E-16));
#5197=DIRECTION('',(-1.,0.,0.));
#5198=DIRECTION('',(0.,-1.,0.));
#5199=DIRECTION('',(-1.,0.,-3.16555378827884E-16));
#5200=DIRECTION('',(0.,1.,0.));
#5201=DIRECTION('',(-3.16555378827884E-16,0.,-1.));
#5202=DIRECTION('',(-1.,0.,3.16555378827884E-16));
#5203=DIRECTION('',(-1.,0.,0.));
#5204=DIRECTION('',(0.,1.,0.));
#5205=DIRECTION('',(-1.,0.,3.16555378827884E-16));
#5206=DIRECTION('',(0.,1.,0.));
#5207=DIRECTION('',(-3.16555378827884E-16,0.,-1.));
#5208=DIRECTION('',(-1.,0.,3.16555378827884E-16));
#5209=DIRECTION('',(-1.,0.,0.));
#5210=DIRECTION('',(0.,-1.,0.));
#5211=DIRECTION('',(-1.,0.,3.16555378827884E-16));
#5212=DIRECTION('',(0.,1.,0.));
#5213=DIRECTION('',(0.,-1.,0.));
#5214=DIRECTION('',(0.,0.,-1.));
#5215=DIRECTION('',(-1.,0.,0.));
#5216=DIRECTION('',(0.,0.,1.));
#5217=DIRECTION('',(-1.,0.,0.));
#5218=DIRECTION('',(0.,0.,1.));
#5219=DIRECTION('',(0.,-0.707106781186548,-0.707106781186547));
#5220=DIRECTION('',(0.,0.707106781186547,-0.707106781186548));
#5221=DIRECTION('',(1.,0.,0.));
#5222=DIRECTION('',(0.,0.707106781186547,-0.707106781186548));
#5223=DIRECTION('',(0.,-0.707106781186547,0.707106781186548));
#5224=DIRECTION('',(-1.,0.,0.));
#5225=DIRECTION('',(0.,-0.707106781186547,0.707106781186548));
#5226=DIRECTION('',(-1.,0.,0.));
#5227=DIRECTION('',(0.,-0.707106781186547,0.707106781186548));
#5228=DIRECTION('',(0.,0.,-1.));
#5229=DIRECTION('',(-1.,0.,0.));
#5230=DIRECTION('',(0.,-1.,0.));
#5231=DIRECTION('',(-1.,0.,0.));
#5232=DIRECTION('',(0.,-1.,0.));
#5233=DIRECTION('',(0.,1.,-7.45156132292443E-18));
#5234=DIRECTION('',(0.,7.45156132292443E-18,1.));
#5235=DIRECTION('',(0.,-7.45156132292443E-18,-1.));
#5236=DIRECTION('',(-1.,0.,0.));
#5237=DIRECTION('',(0.,-7.45156132292443E-18,-1.));
#5238=DIRECTION('',(0.,0.,1.));
#5239=DIRECTION('',(1.,0.,0.));
#5240=DIRECTION('',(0.,1.,0.));
#5241=DIRECTION('',(-1.,0.,0.));
#5242=DIRECTION('',(0.,1.,0.));
#5243=DIRECTION('',(0.,1.,0.));
#5244=DIRECTION('',(0.,0.,1.));
#5245=DIRECTION('',(0.,1.,0.));
#5246=DIRECTION('',(0.,0.,1.));
#5247=DIRECTION('',(0.,1.,0.));
#5248=DIRECTION('',(0.,0.,1.));
#5249=DIRECTION('',(0.,0.,-1.));
#5250=DIRECTION('',(0.,0.,-1.));
#5251=DIRECTION('',(0.,-1.,0.));
#5252=DIRECTION('',(0.,0.,-1.));
#5253=DIRECTION('',(0.,0.,1.));
#5254=DIRECTION('',(-1.,0.,0.));
#5255=DIRECTION('',(0.,0.,1.));
#5256=DIRECTION('',(0.,0.,-1.));
#5257=DIRECTION('',(-1.,0.,0.));
#5258=DIRECTION('',(-1.,0.,0.));
#5259=DIRECTION('',(0.,1.,0.));
#5260=DIRECTION('',(1.,0.,0.));
#5261=DIRECTION('',(0.,-1.,0.));
#5262=DIRECTION('',(-1.,0.,0.));
#5263=DIRECTION('',(0.,1.,0.));
#5264=DIRECTION('',(1.,0.,0.));
#5265=DIRECTION('',(0.,-1.,0.));
#5266=DIRECTION('',(-1.,0.,0.));
#5267=DIRECTION('',(0.,1.,0.));
#5268=DIRECTION('',(1.,0.,0.));
#5269=DIRECTION('',(0.,-1.,0.));
#5270=DIRECTION('',(-1.,0.,0.));
#5271=DIRECTION('',(0.,1.,0.));
#5272=DIRECTION('',(1.,0.,0.));
#5273=DIRECTION('',(0.,-1.,0.));
#5274=DIRECTION('',(-1.,0.,0.));
#5275=DIRECTION('',(0.,1.,0.));
#5276=DIRECTION('',(-1.,0.,0.));
#5277=DIRECTION('',(0.,-1.,0.));
#5278=DIRECTION('',(0.,-1.,0.));
#5279=DIRECTION('',(0.,1.,0.));
#5280=DIRECTION('',(0.,-1.,0.));
#5281=DIRECTION('',(0.,0.,-1.));
#5282=DIRECTION('',(0.,0.,1.));
#5283=DIRECTION('',(0.,0.,1.));
#5284=DIRECTION('',(1.,0.,0.));
#5285=DIRECTION('',(0.,0.,-1.));
#5286=DIRECTION('',(1.,0.,0.));
#5287=DIRECTION('',(0.,0.,-1.));
#5288=DIRECTION('',(0.,1.,0.));
#5289=DIRECTION('',(0.,0.,1.));
#5290=DIRECTION('',(0.,0.,1.));
#5291=DIRECTION('',(0.,0.,1.));
#5292=DIRECTION('',(0.,0.,-1.));
#5293=DIRECTION('',(0.,0.,-1.));
#5294=DIRECTION('',(1.,0.,1.26622151531154E-15));
#5295=DIRECTION('',(0.,0.,1.));
#5296=DIRECTION('',(5.10212787052002E-17,0.,-1.));
#5297=DIRECTION('',(1.,0.,6.33110757655769E-16));
#5298=DIRECTION('',(3.82659590289002E-17,0.,1.));
#5299=DIRECTION('',(5.73989385433502E-17,0.,-1.));
#5300=DIRECTION('',(1.,0.,6.33110757655769E-16));
#5301=DIRECTION('',(-5.10212787052002E-17,0.,1.));
#5302=DIRECTION('',(4.56506177888633E-17,0.,-1.));
#5303=DIRECTION('',(1.,0.,0.));
#5304=DIRECTION('',(-1.,0.,0.));
#5305=DIRECTION('',(0.,0.,1.));
#5306=DIRECTION('',(1.,0.,0.));
#5307=DIRECTION('',(0.,0.,-1.));
#5308=DIRECTION('',(0.,1.,0.));
#5309=DIRECTION('',(0.,0.,1.));
#5310=DIRECTION('',(3.82659590289002E-17,0.,1.));
#5311=DIRECTION('',(-1.,0.,-3.16555378827884E-16));
#5312=DIRECTION('',(5.10212787052002E-17,0.,-1.));
#5313=DIRECTION('',(-1.,0.,3.82659590289002E-17));
#5314=DIRECTION('',(3.82659590289002E-17,0.,1.));
#5315=DIRECTION('',(0.,1.,0.));
#5316=DIRECTION('',(3.82659590289002E-17,0.,1.));
#5317=DIRECTION('',(0.,1.,0.));
#5318=DIRECTION('',(1.,0.,5.10212787052002E-17));
#5319=DIRECTION('',(5.10212787052002E-17,0.,-1.));
#5320=DIRECTION('',(0.,1.,0.));
#5321=DIRECTION('',(5.10212787052002E-17,0.,-1.));
#5322=DIRECTION('',(0.,1.,0.));
#5323=DIRECTION('',(-6.33110757655769E-16,0.,1.));
#5324=DIRECTION('',(1.,0.,6.33110757655769E-16));
#5325=DIRECTION('',(1.,0.,6.33110757655769E-16));
#5326=DIRECTION('',(0.,1.,0.));
#5327=DIRECTION('',(0.,0.,1.));
#5328=DIRECTION('',(1.,0.,0.));
#5329=DIRECTION('',(0.,0.,-1.));
#5330=DIRECTION('',(0.,0.,-1.));
#5331=DIRECTION('',(1.,0.,0.));
#5332=DIRECTION('',(0.,1.,0.));
#5333=DIRECTION('',(0.,0.,1.));
#5334=DIRECTION('',(-5.10212787052002E-17,0.,1.));
#5335=DIRECTION('',(-1.,0.,-3.16555378827884E-16));
#5336=DIRECTION('',(5.73989385433502E-17,0.,-1.));
#5337=DIRECTION('',(-1.,0.,-5.10212787052002E-17));
#5338=DIRECTION('',(-5.10212787052002E-17,0.,1.));
#5339=DIRECTION('',(0.,1.,0.));
#5340=DIRECTION('',(-5.10212787052002E-17,0.,1.));
#5341=DIRECTION('',(0.,1.,0.));
#5342=DIRECTION('',(1.,0.,5.73989385433502E-17));
#5343=DIRECTION('',(5.73989385433502E-17,0.,-1.));
#5344=DIRECTION('',(0.,1.,0.));
#5345=DIRECTION('',(5.73989385433502E-17,0.,-1.));
#5346=DIRECTION('',(0.,1.,0.));
#5347=DIRECTION('',(-6.33110757655769E-16,0.,1.));
#5348=DIRECTION('',(1.,0.,6.33110757655769E-16));
#5349=DIRECTION('',(1.,0.,6.33110757655769E-16));
#5350=DIRECTION('',(0.,1.,0.));
#5351=DIRECTION('',(0.,0.,1.));
#5352=DIRECTION('',(1.,0.,0.));
#5353=DIRECTION('',(0.,0.,-1.));
#5354=DIRECTION('',(0.,0.,-1.));
#5355=DIRECTION('',(1.,0.,0.));
#5356=DIRECTION('',(0.,1.,0.));
#5357=DIRECTION('',(0.,0.,1.));
#5358=DIRECTION('',(0.,0.,1.));
#5359=DIRECTION('',(-1.,0.,3.16555378827884E-16));
#5360=DIRECTION('',(0.,0.,-1.));
#5361=DIRECTION('',(-1.,0.,0.));
#5362=DIRECTION('',(0.,0.,1.));
#5363=DIRECTION('',(0.,1.,0.));
#5364=DIRECTION('',(0.,0.,1.));
#5365=DIRECTION('',(0.,1.,0.));
#5366=DIRECTION('',(1.,0.,0.));
#5367=DIRECTION('',(0.,0.,-1.));
#5368=DIRECTION('',(0.,1.,0.));
#5369=DIRECTION('',(0.,0.,-1.));
#5370=DIRECTION('',(0.,1.,0.));
#5371=DIRECTION('',(-1.26622151531154E-15,0.,1.));
#5372=DIRECTION('',(1.,0.,1.26622151531154E-15));
#5373=DIRECTION('',(1.,0.,1.26622151531154E-15));
#5374=DIRECTION('',(0.,1.,0.));
#5375=DIRECTION('',(0.,0.,1.));
#5376=DIRECTION('',(1.,0.,0.));
#5377=DIRECTION('',(0.,0.,-1.));
#5378=DIRECTION('',(0.,0.,-1.));
#5379=DIRECTION('',(1.,0.,0.));
#5380=DIRECTION('',(0.,1.,0.));
#5381=DIRECTION('',(0.,0.,1.));
#5382=DIRECTION('',(0.,0.,1.));
#5383=DIRECTION('',(-1.,0.,3.16555378827884E-16));
#5384=DIRECTION('',(4.56506177888633E-17,0.,-1.));
#5385=DIRECTION('',(-1.,0.,0.));
#5386=DIRECTION('',(0.,0.,1.));
#5387=DIRECTION('',(0.,1.,0.));
#5388=DIRECTION('',(0.,0.,1.));
#5389=DIRECTION('',(0.,1.,0.));
#5390=DIRECTION('',(1.,0.,4.56506177888633E-17));
#5391=DIRECTION('',(4.56506177888633E-17,0.,-1.));
#5392=DIRECTION('',(0.,1.,0.));
#5393=DIRECTION('',(4.56506177888633E-17,0.,-1.));
#5394=DIRECTION('',(0.,1.,0.));
#5395=DIRECTION('',(0.,0.,1.));
#5396=DIRECTION('',(1.,0.,0.));
#5397=DIRECTION('',(1.,0.,0.));
#5398=DIRECTION('',(0.,1.,0.));
#5399=DIRECTION('',(0.,0.,1.));
#5400=DIRECTION('',(1.,0.,0.));
#5401=DIRECTION('',(0.,0.,-1.));
#5402=DIRECTION('',(0.,0.,-1.));
#5403=DIRECTION('',(1.,0.,0.));
#5404=DIRECTION('',(0.,-1.,0.));
#5405=DIRECTION('',(0.,0.,-1.));
#5406=DIRECTION('',(0.,-1.,0.));
#5407=DIRECTION('',(0.,0.,-1.));
#5408=DIRECTION('',(0.,-1.,0.));
#5409=DIRECTION('',(0.,0.,-1.));
#5410=DIRECTION('',(0.,-1.,0.));
#5411=DIRECTION('',(0.,0.,-1.));
#5412=DIRECTION('',(0.,1.,0.));
#5413=DIRECTION('',(0.,0.,1.));
#5414=DIRECTION('',(0.,-1.,0.));
#5415=DIRECTION('',(0.,0.,-1.));
#5416=DIRECTION('',(0.,-1.,0.));
#5417=DIRECTION('',(0.,0.,-1.));
#5418=DIRECTION('',(0.,-1.,0.));
#5419=DIRECTION('',(0.,0.,-1.));
#5420=DIRECTION('',(0.,-1.,0.));
#5421=DIRECTION('',(0.,0.,-1.));
#5422=DIRECTION('',(0.,1.,0.));
#5423=DIRECTION('',(0.,0.,1.));
#5424=DIRECTION('',(0.,0.,1.));
#5425=DIRECTION('',(1.,0.,0.));
#5426=DIRECTION('',(0.,-1.,0.));
#5427=DIRECTION('',(-1.,0.,0.));
#5428=DIRECTION('',(0.,0.,1.));
#5429=DIRECTION('',(1.,0.,0.));
#5430=DIRECTION('',(0.,-1.,0.));
#5431=DIRECTION('',(-1.,0.,0.));
#5432=DIRECTION('',(0.,1.,0.));
#5433=DIRECTION('',(0.,-1.,0.));
#5434=DIRECTION('',(0.,0.,-1.));
#5435=DIRECTION('',(0.,0.,-1.));
#5436=DIRECTION('',(0.,0.,-1.));
#5437=DIRECTION('',(1.,0.,0.));
#5438=DIRECTION('',(0.,0.,-1.));
#5439=DIRECTION('',(-1.,0.,0.));
#5440=DIRECTION('',(0.,0.,1.));
#5441=DIRECTION('',(0.,1.,0.));
#5442=DIRECTION('',(0.,0.,-1.));
#5443=DIRECTION('',(0.,-1.,0.));
#5444=DIRECTION('',(0.,0.,-1.));
#5445=DIRECTION('',(-1.,0.,0.));
#5446=DIRECTION('',(0.,0.,-1.));
#5447=DIRECTION('',(-1.,0.,0.));
#5448=DIRECTION('',(0.,0.,1.));
#5449=DIRECTION('',(0.,0.,-1.));
#5450=DIRECTION('',(0.,-1.,0.));
#5451=DIRECTION('',(0.,0.,-1.));
#5452=DIRECTION('',(0.,0.,-1.));
#5453=DIRECTION('',(1.,0.,0.));
#5454=DIRECTION('',(0.,0.,-1.));
#5455=DIRECTION('',(0.,0.,1.));
#5456=DIRECTION('',(1.,0.,0.));
#5457=DIRECTION('',(0.,0.,1.));
#5458=DIRECTION('',(1.,0.,0.));
#5459=DIRECTION('',(0.,-1.,0.));
#5460=DIRECTION('',(-1.,0.,0.));
#5461=DIRECTION('',(0.,0.,1.));
#5462=DIRECTION('',(1.,0.,0.));
#5463=DIRECTION('',(0.,-1.,0.));
#5464=DIRECTION('',(-1.,0.,0.));
#5465=DIRECTION('',(0.,1.,0.));
#5466=DIRECTION('',(0.,-1.,0.));
#5467=DIRECTION('',(0.,0.,-1.));
#5468=DIRECTION('',(0.,0.,-1.));
#5469=DIRECTION('',(0.,0.,-1.));
#5470=DIRECTION('',(1.,0.,0.));
#5471=DIRECTION('',(0.,0.,-1.));
#5472=DIRECTION('',(-1.,0.,0.));
#5473=DIRECTION('',(0.,0.,1.));
#5474=DIRECTION('',(0.,1.,0.));
#5475=DIRECTION('',(0.,0.,-1.));
#5476=DIRECTION('',(0.,-1.,0.));
#5477=DIRECTION('',(0.,0.,-1.));
#5478=DIRECTION('',(-1.,0.,0.));
#5479=DIRECTION('',(0.,0.,-1.));
#5480=DIRECTION('',(-1.,0.,0.));
#5481=DIRECTION('',(0.,0.,1.));
#5482=DIRECTION('',(0.,0.,-1.));
#5483=DIRECTION('',(0.,-1.,0.));
#5484=DIRECTION('',(0.,0.,-1.));
#5485=DIRECTION('',(0.,0.,-1.));
#5486=DIRECTION('',(1.,0.,0.));
#5487=DIRECTION('',(0.,0.,-1.));
#5488=DIRECTION('',(0.,0.,1.));
#5489=DIRECTION('',(1.,0.,0.));
#5490=DIRECTION('',(0.,0.,1.));
#5491=DIRECTION('',(1.,0.,0.));
#5492=DIRECTION('',(0.,-1.,0.));
#5493=DIRECTION('',(-1.,0.,0.));
#5494=DIRECTION('',(0.,0.,1.));
#5495=DIRECTION('',(1.,0.,0.));
#5496=DIRECTION('',(0.,-1.,0.));
#5497=DIRECTION('',(-1.,0.,0.));
#5498=DIRECTION('',(0.,1.,0.));
#5499=DIRECTION('',(0.,-1.,0.));
#5500=DIRECTION('',(0.,0.,-1.));
#5501=DIRECTION('',(0.,0.,-1.));
#5502=DIRECTION('',(0.,0.,-1.));
#5503=DIRECTION('',(1.,0.,0.));
#5504=DIRECTION('',(0.,0.,-1.));
#5505=DIRECTION('',(-1.,0.,0.));
#5506=DIRECTION('',(0.,0.,1.));
#5507=DIRECTION('',(0.,1.,0.));
#5508=DIRECTION('',(0.,0.,-1.));
#5509=DIRECTION('',(0.,-1.,0.));
#5510=DIRECTION('',(0.,0.,-1.));
#5511=DIRECTION('',(-1.,0.,0.));
#5512=DIRECTION('',(0.,0.,-1.));
#5513=DIRECTION('',(-1.,0.,0.));
#5514=DIRECTION('',(0.,0.,1.));
#5515=DIRECTION('',(0.,0.,-1.));
#5516=DIRECTION('',(0.,-1.,0.));
#5517=DIRECTION('',(0.,0.,-1.));
#5518=DIRECTION('',(0.,0.,-1.));
#5519=DIRECTION('',(1.,0.,0.));
#5520=DIRECTION('',(0.,0.,-1.));
#5521=DIRECTION('',(0.,0.,1.));
#5522=DIRECTION('',(1.,0.,0.));
#5523=DIRECTION('',(0.,0.,1.));
#5524=DIRECTION('',(1.,0.,0.));
#5525=DIRECTION('',(0.,-1.,0.));
#5526=DIRECTION('',(-1.,0.,0.));
#5527=DIRECTION('',(0.,0.,1.));
#5528=DIRECTION('',(1.,0.,0.));
#5529=DIRECTION('',(0.,-1.,0.));
#5530=DIRECTION('',(-1.,0.,0.));
#5531=DIRECTION('',(0.,1.,0.));
#5532=DIRECTION('',(0.,-1.,0.));
#5533=DIRECTION('',(0.,0.,-1.));
#5534=DIRECTION('',(0.,0.,-1.));
#5535=DIRECTION('',(0.,0.,-1.));
#5536=DIRECTION('',(1.,0.,0.));
#5537=DIRECTION('',(0.,0.,-1.));
#5538=DIRECTION('',(-1.,0.,0.));
#5539=DIRECTION('',(0.,0.,1.));
#5540=DIRECTION('',(0.,1.,0.));
#5541=DIRECTION('',(0.,0.,-1.));
#5542=DIRECTION('',(0.,-1.,0.));
#5543=DIRECTION('',(0.,0.,-1.));
#5544=DIRECTION('',(-1.,0.,0.));
#5545=DIRECTION('',(0.,0.,-1.));
#5546=DIRECTION('',(-1.,0.,0.));
#5547=DIRECTION('',(0.,0.,1.));
#5548=DIRECTION('',(0.,0.,-1.));
#5549=DIRECTION('',(0.,-1.,0.));
#5550=DIRECTION('',(0.,0.,-1.));
#5551=DIRECTION('',(0.,0.,-1.));
#5552=DIRECTION('',(1.,0.,0.));
#5553=DIRECTION('',(0.,0.,-1.));
#5554=DIRECTION('',(0.,0.,1.));
#5555=DIRECTION('',(1.,0.,0.));
#5556=DIRECTION('',(0.,0.,1.));
#5557=DIRECTION('',(1.,0.,0.));
#5558=DIRECTION('',(0.,1.,0.));
#5559=DIRECTION('',(0.,0.,1.));
#5560=DIRECTION('',(0.,0.,1.));
#5561=DIRECTION('',(1.,0.,-1.65029003245581E-14));
#5562=DIRECTION('',(0.,0.,-1.));
#5563=DIRECTION('',(-1.,0.,0.));
#5564=DIRECTION('',(0.,0.,1.));
#5565=DIRECTION('',(1.,0.,-2.75352932694731E-15));
#5566=DIRECTION('',(0.,0.,-1.));
#5567=DIRECTION('',(-1.,0.,0.));
#5568=DIRECTION('',(0.,0.,1.));
#5569=DIRECTION('',(1.,0.,-1.53515351856355E-15));
#5570=DIRECTION('',(0.,0.,-1.));
#5571=DIRECTION('',(-1.,0.,0.));
#5572=DIRECTION('',(0.,0.,-1.));
#5573=DIRECTION('',(1.,0.,0.));
#5574=DIRECTION('',(0.,0.,1.));
#5575=DIRECTION('',(-1.,0.,0.));
#5576=DIRECTION('',(0.,0.,-1.));
#5577=DIRECTION('',(1.,0.,0.));
#5578=DIRECTION('',(0.,0.,1.));
#5579=DIRECTION('',(-1.,0.,0.));
#5580=DIRECTION('',(0.,0.,-1.));
#5581=DIRECTION('',(1.,0.,0.));
#5582=DIRECTION('',(0.,0.,1.));
#5583=DIRECTION('',(-1.,0.,0.));
#5584=DIRECTION('',(0.,0.,-1.));
#5585=DIRECTION('',(1.,0.,0.));
#5586=DIRECTION('',(0.,0.,1.));
#5587=DIRECTION('',(-1.,0.,0.));
#5588=DIRECTION('',(0.,0.,-1.));
#5589=DIRECTION('',(1.,0.,0.));
#5590=DIRECTION('',(0.,0.,-1.));
#5591=DIRECTION('',(-1.,0.,0.));
#5592=DIRECTION('',(0.,0.,-1.));
#5593=DIRECTION('',(-1.,0.,0.));
#5594=DIRECTION('',(0.,1.,0.));
#5595=DIRECTION('',(0.,-1.,0.));
#5596=DIRECTION('',(-1.,0.,0.));
#5597=DIRECTION('',(0.,0.,-1.));
#5598=DIRECTION('',(-1.,0.,0.));
#5599=DIRECTION('',(0.,-1.,0.));
#5600=DIRECTION('',(-1.,0.,0.));
#5601=DIRECTION('',(0.,1.,0.));
#5602=DIRECTION('',(0.,0.,-1.));
#5603=DIRECTION('',(-1.,0.,0.));
#5604=DIRECTION('',(0.,-1.,0.));
#5605=DIRECTION('',(-1.,0.,0.));
#5606=DIRECTION('',(0.,1.,0.));
#5607=DIRECTION('',(0.,0.,-1.));
#5608=DIRECTION('',(-1.,0.,0.));
#5609=DIRECTION('',(0.,-1.,0.));
#5610=DIRECTION('',(-1.,0.,0.));
#5611=DIRECTION('',(0.,-1.,0.));
#5612=DIRECTION('',(0.,-1.,0.));
#5613=DIRECTION('',(0.,0.,-1.));
#5614=DIRECTION('',(0.,0.,-1.));
#5615=DIRECTION('',(-1.,0.,0.));
#5616=DIRECTION('',(0.,0.,1.));
#5617=DIRECTION('',(-1.,0.,0.));
#5618=DIRECTION('',(0.,0.,1.));
#5619=DIRECTION('',(-1.,0.,0.));
#5620=DIRECTION('',(0.,0.,1.));
#5621=DIRECTION('',(-1.,0.,1.53515351856355E-15));
#5622=DIRECTION('',(0.,0.,-1.));
#5623=DIRECTION('',(-1.,0.,0.));
#5624=DIRECTION('',(0.,0.,1.));
#5625=DIRECTION('',(-1.,0.,2.75352932694731E-15));
#5626=DIRECTION('',(0.,0.,-1.));
#5627=DIRECTION('',(-1.,0.,0.));
#5628=DIRECTION('',(0.,0.,1.));
#5629=DIRECTION('',(-1.,0.,1.65029003245581E-14));
#5630=DIRECTION('',(0.,0.,-1.));
#5631=DIRECTION('',(-1.,0.,0.));
#5632=DIRECTION('',(0.,1.,0.));
#5633=DIRECTION('',(-1.,0.,0.));
#5634=DIRECTION('',(0.,-1.,0.));
#5635=DIRECTION('',(0.,0.,-1.));
#5636=DIRECTION('',(-1.,0.,0.));
#5637=DIRECTION('',(0.,-1.,0.));
#5638=DIRECTION('',(0.,1.,0.));
#5639=DIRECTION('',(-1.,0.,0.));
#5640=DIRECTION('',(0.,0.,-1.));
#5641=DIRECTION('',(-1.,0.,0.));
#5642=DIRECTION('',(0.,-1.,0.));
#5643=DIRECTION('',(0.,1.,0.));
#5644=DIRECTION('',(-1.,0.,0.));
#5645=DIRECTION('',(0.,0.,-1.));
#5646=DIRECTION('',(-1.,0.,0.));
#5647=DIRECTION('',(0.,-1.,0.));
#5648=DIRECTION('',(0.,-1.,0.));
#5649=DIRECTION('',(-1.,0.,0.));
#5650=DIRECTION('',(0.,-1.,0.));
#5651=DIRECTION('',(0.,0.,-1.));
#5652=DIRECTION('',(0.,0.,-1.));
#5653=DIRECTION('',(0.,0.,1.));
#5654=DIRECTION('',(0.,-1.,0.));
#5655=DIRECTION('',(0.,0.,-1.));
#5656=DIRECTION('',(0.,0.,1.));
#5657=DIRECTION('',(0.,0.,-1.));
#5658=DIRECTION('',(0.,-1.,0.));
#5659=DIRECTION('',(0.,0.,-1.));
#5660=DIRECTION('',(0.,0.,1.));
#5661=DIRECTION('',(0.,0.,-1.));
#5662=DIRECTION('',(0.,-1.,0.));
#5663=DIRECTION('',(0.,0.,-1.));
#5664=DIRECTION('',(0.,0.,1.));
#5665=DIRECTION('',(0.,0.,1.));
#5666=DIRECTION('',(-1.,0.,0.));
#5667=DIRECTION('',(0.,0.,1.));
#5668=DIRECTION('',(-1.,0.,0.));
#5669=DIRECTION('',(1.,-1.39897054514259E-16,0.));
#5670=DIRECTION('',(1.39897054514259E-16,1.,0.));
#5671=DIRECTION('',(-1.,0.,0.));
#5672=DIRECTION('',(0.,0.,1.));
#5673=DIRECTION('',(-1.,0.,0.));
#5674=DIRECTION('',(0.,0.,1.));
#5675=DIRECTION('',(-1.,0.,0.));
#5676=DIRECTION('',(1.,0.,0.));
#5677=DIRECTION('',(0.,0.,-1.));
#5678=DIRECTION('',(-1.,0.,0.));
#5679=DIRECTION('',(0.,0.,1.));
#5680=DIRECTION('',(-1.,0.,0.));
#5681=DIRECTION('',(0.,0.,1.));
#5682=DIRECTION('',(-1.,0.,0.));
#5683=DIRECTION('',(1.,0.,0.));
#5684=DIRECTION('',(0.,0.,-1.));
#5685=DIRECTION('',(-1.,0.,0.));
#5686=DIRECTION('',(0.,0.,1.));
#5687=DIRECTION('',(-1.,0.,0.));
#5688=DIRECTION('',(0.,0.,1.));
#5689=DIRECTION('',(-1.,0.,0.));
#5690=DIRECTION('',(1.,0.,0.));
#5691=DIRECTION('',(0.,0.,-1.));
#5692=DIRECTION('',(-1.,0.,0.));
#5693=DIRECTION('',(0.,0.,1.));
#5694=DIRECTION('',(0.,0.,-1.));
#5695=DIRECTION('',(-1.,0.,0.));
#5696=DIRECTION('',(-1.39897054514259E-16,-1.,0.));
#5697=DIRECTION('',(0.,1.,0.));
#5698=DIRECTION('',(-1.,0.,0.));
#5699=DIRECTION('',(0.,0.,-1.));
#5700=DIRECTION('',(-1.,0.,0.));
#5701=DIRECTION('',(0.,-1.,0.));
#5702=DIRECTION('',(0.,1.,0.));
#5703=DIRECTION('',(-1.,0.,0.));
#5704=DIRECTION('',(0.,0.,-1.));
#5705=DIRECTION('',(-1.,0.,0.));
#5706=DIRECTION('',(0.,-1.,0.));
#5707=DIRECTION('',(0.,1.,0.));
#5708=DIRECTION('',(-1.,0.,0.));
#5709=DIRECTION('',(0.,0.,-1.));
#5710=DIRECTION('',(-1.,0.,0.));
#5711=DIRECTION('',(0.,-1.,0.));
#5712=DIRECTION('',(0.,1.,0.));
#5713=DIRECTION('',(-1.,0.,0.));
#5714=DIRECTION('',(0.,1.,0.));
#5715=DIRECTION('',(0.,0.,1.));
#5716=DIRECTION('',(0.,0.,-1.));
#5717=DIRECTION('',(0.,0.,-1.));
#5718=DIRECTION('',(-1.,0.,0.));
#5719=DIRECTION('',(0.,1.,0.));
#5720=DIRECTION('',(0.,0.,1.));
#5721=DIRECTION('',(0.,0.,-1.));
#5722=DIRECTION('',(0.,0.,-1.));
#5723=DIRECTION('',(-1.,0.,0.));
#5724=DIRECTION('',(0.,1.,0.));
#5725=DIRECTION('',(0.,0.,1.));
#5726=DIRECTION('',(0.,0.,-1.));
#5727=DIRECTION('',(0.,0.,-1.));
#5728=DIRECTION('',(-1.,0.,0.));
#5729=DIRECTION('',(0.,1.,0.));
#5730=DIRECTION('',(0.,0.,1.));
#5731=DIRECTION('',(0.,0.,-1.));
#5732=DIRECTION('',(0.,0.,-1.));
#5733=DIRECTION('',(-1.,0.,0.));
#5734=DIRECTION('',(0.,0.,1.));
#5735=DIRECTION('',(1.,0.,0.));
#5736=DIRECTION('',(-1.39897054514259E-16,-1.,0.));
#5737=DIRECTION('',(0.,1.,0.));
#5738=DIRECTION('',(-1.,0.,0.));
#5739=DIRECTION('',(0.,0.,1.));
#5740=DIRECTION('',(1.,0.,0.));
#5741=DIRECTION('',(0.,-1.,0.));
#5742=DIRECTION('',(0.,1.,0.));
#5743=DIRECTION('',(-1.,0.,0.));
#5744=DIRECTION('',(0.,0.,1.));
#5745=DIRECTION('',(1.,0.,0.));
#5746=DIRECTION('',(0.,-1.,0.));
#5747=DIRECTION('',(0.,1.,0.));
#5748=DIRECTION('',(-1.,0.,0.));
#5749=DIRECTION('',(0.,0.,1.));
#5750=DIRECTION('',(1.,0.,0.));
#5751=DIRECTION('',(0.,-1.,0.));
#5752=DIRECTION('',(0.,1.,0.));
#5753=DIRECTION('',(-1.,0.,0.));
#5754=DIRECTION('',(-1.,0.,0.));
#5755=DIRECTION('',(0.,0.,1.));
#5756=DIRECTION('',(1.,-1.39897054514259E-16,0.));
#5757=DIRECTION('',(1.39897054514259E-16,1.,0.));
#5758=DIRECTION('',(-1.,0.,0.));
#5759=DIRECTION('',(0.,0.,1.));
#5760=DIRECTION('',(-1.,0.,0.));
#5761=DIRECTION('',(-1.,0.,0.));
#5762=DIRECTION('',(0.,0.,1.));
#5763=DIRECTION('',(1.,0.,0.));
#5764=DIRECTION('',(0.,0.,-1.));
#5765=DIRECTION('',(-1.,0.,0.));
#5766=DIRECTION('',(0.,0.,1.));
#5767=DIRECTION('',(-1.,0.,0.));
#5768=DIRECTION('',(-1.,0.,0.));
#5769=DIRECTION('',(0.,0.,1.));
#5770=DIRECTION('',(1.,0.,0.));
#5771=DIRECTION('',(0.,0.,-1.));
#5772=DIRECTION('',(-1.,0.,0.));
#5773=DIRECTION('',(0.,0.,1.));
#5774=DIRECTION('',(-1.,0.,0.));
#5775=DIRECTION('',(-1.,0.,0.));
#5776=DIRECTION('',(0.,0.,1.));
#5777=DIRECTION('',(1.,0.,0.));
#5778=DIRECTION('',(0.,0.,-1.));
#5779=DIRECTION('',(-1.,0.,0.));
#5780=DIRECTION('',(0.,0.,1.));
#5781=DIRECTION('',(-1.,0.,0.));
#5782=DIRECTION('',(0.,-1.,0.));
#5783=DIRECTION('',(0.,0.,-1.));
#5784=DIRECTION('',(0.,0.,-1.));
#5785=DIRECTION('',(0.,0.,-1.));
#5786=DIRECTION('',(-1.,5.07498889248534E-15,0.));
#5787=DIRECTION('',(0.,0.,-1.));
#5788=DIRECTION('',(0.,0.,-1.));
#5789=DIRECTION('',(-1.,7.2280144832367E-15,0.));
#5790=DIRECTION('',(0.,0.,-1.));
#5791=DIRECTION('',(0.,0.,-1.));
#5792=DIRECTION('',(-1.,5.07498889248534E-15,0.));
#5793=DIRECTION('',(0.,0.,-1.));
#5794=DIRECTION('',(0.,0.,-1.));
#5795=DIRECTION('',(-1.,0.,0.));
#5796=DIRECTION('',(0.,0.,1.));
#5797=DIRECTION('',(-1.,0.,0.));
#5798=DIRECTION('',(0.,0.,1.));
#5799=DIRECTION('',(-1.,-2.71100971129399E-14,0.));
#5800=DIRECTION('',(0.,0.,1.));
#5801=DIRECTION('',(1.,0.,0.));
#5802=DIRECTION('',(0.,1.,0.));
#5803=DIRECTION('',(0.,1.,0.));
#5804=DIRECTION('',(1.,0.,0.));
#5805=DIRECTION('',(0.,0.,-1.));
#5806=DIRECTION('',(0.,-1.,0.));
#5807=DIRECTION('',(1.,0.,0.));
#5808=DIRECTION('',(0.,0.,-1.));
#5809=DIRECTION('',(0.,-1.,0.));
#5810=DIRECTION('',(0.,0.,1.));
#5811=DIRECTION('',(1.,0.,0.));
#5812=DIRECTION('',(0.,1.,0.));
#5813=DIRECTION('',(-1.,0.,0.));
#5814=DIRECTION('',(0.,0.,1.));
#5815=DIRECTION('',(0.,0.,1.));
#5816=DIRECTION('',(1.,0.,0.));
#5817=DIRECTION('',(-1.39897054514259E-16,-1.,0.));
#5818=DIRECTION('',(1.,-1.39897054514259E-16,0.));
#5819=DIRECTION('',(1.39897054514259E-16,1.,0.));
#5820=DIRECTION('',(0.,0.,1.));
#5821=DIRECTION('',(1.,0.,0.));
#5822=DIRECTION('',(0.,-1.,0.));
#5823=DIRECTION('',(0.,1.,0.));
#5824=DIRECTION('',(1.,0.,0.));
#5825=DIRECTION('',(0.,0.,-1.));
#5826=DIRECTION('',(-1.,0.,0.));
#5827=DIRECTION('',(0.,0.,1.));
#5828=DIRECTION('',(0.,0.,1.));
#5829=DIRECTION('',(1.,0.,0.));
#5830=DIRECTION('',(0.,-1.,0.));
#5831=DIRECTION('',(0.,1.,0.));
#5832=DIRECTION('',(1.,0.,0.));
#5833=DIRECTION('',(0.,0.,-1.));
#5834=DIRECTION('',(-1.,0.,0.));
#5835=DIRECTION('',(0.,0.,1.));
#5836=DIRECTION('',(-1.,0.,0.));
#5837=DIRECTION('',(0.,0.,1.));
#5838=DIRECTION('',(0.,1.,0.));
#5839=DIRECTION('',(1.,0.,0.));
#5840=DIRECTION('',(0.,0.,-1.));
#5841=DIRECTION('',(0.,-1.,0.));
#5842=DIRECTION('',(0.,0.,1.));
#5843=DIRECTION('',(1.,0.,0.));
#5844=DIRECTION('',(-1.,0.,0.));
#5845=DIRECTION('',(0.,0.,1.));
#5846=DIRECTION('',(0.,-1.,0.));
#5847=DIRECTION('',(1.,0.,0.));
#5848=DIRECTION('',(0.,0.,-1.));
#5849=DIRECTION('',(0.,-1.,0.));
#5850=DIRECTION('',(1.53515351856355E-15,0.,1.));
#5851=DIRECTION('',(1.,0.,-1.53515351856355E-15));
#5852=DIRECTION('',(-1.,0.,0.));
#5853=DIRECTION('',(0.,0.,1.));
#5854=DIRECTION('',(0.,-1.,0.));
#5855=DIRECTION('',(1.,0.,0.));
#5856=DIRECTION('',(0.,0.,-1.));
#5857=DIRECTION('',(0.,-1.,0.));
#5858=DIRECTION('',(2.75352932694731E-15,0.,1.));
#5859=DIRECTION('',(1.,0.,-2.75352932694731E-15));
#5860=DIRECTION('',(1.65029003245581E-14,0.,1.));
#5861=DIRECTION('',(1.,0.,-1.65029003245581E-14));
#5862=DIRECTION('',(0.,-1.,0.));
#5863=DIRECTION('',(0.,-1.,0.));
#5864=DIRECTION('',(-1.,0.,0.));
#5865=DIRECTION('',(0.,0.,1.));
#5866=DIRECTION('',(1.,0.,0.));
#5867=DIRECTION('',(0.,0.,-1.));
#5868=DIRECTION('',(0.,0.,1.));
#5869=DIRECTION('',(1.,0.,0.));
#5870=CARTESIAN_POINT('',(0.,0.,0.));
#5871=CARTESIAN_POINT('',(-6.,4.1,9.4));
#5872=CARTESIAN_POINT('',(-6.,3.05,-1.35));
#5873=CARTESIAN_POINT('',(-6.,3.05,-1.625));
#5874=CARTESIAN_POINT('',(-6.,3.05,-3.95));
#5875=CARTESIAN_POINT('',(-6.,3.05,-4.395));
#5876=CARTESIAN_POINT('',(-6.,4.1,9.4));
#5877=CARTESIAN_POINT('',(-6.,4.1,9.4));
#5878=CARTESIAN_POINT('',(-6.,4.1,-9.4));
#5879=CARTESIAN_POINT('',(-6.,4.1,-9.4));
#5880=CARTESIAN_POINT('',(-6.,0.974166975080232,-9.4));
#5881=CARTESIAN_POINT('',(-6.,0.974166975080232,-7.4));
#5882=CARTESIAN_POINT('',(-6.,0.974166975080232,-7.4));
#5883=CARTESIAN_POINT('',(-6.,4.1,-7.4));
#5884=CARTESIAN_POINT('',(-6.,1.65,-7.4));
#5885=CARTESIAN_POINT('',(-6.,1.65,-7.55));
#5886=CARTESIAN_POINT('',(-6.,1.65,-5.3));
#5887=CARTESIAN_POINT('',(-6.,4.1,-5.3));
#5888=CARTESIAN_POINT('',(-6.,0.4,-5.3));
#5889=CARTESIAN_POINT('',(-6.,0.4,9.4));
#5890=CARTESIAN_POINT('',(-6.,0.4,9.4));
#5891=CARTESIAN_POINT('',(-6.,4.1,9.4));
#5892=CARTESIAN_POINT('',(-5.6,0.399999999999999,9.4));
#5893=CARTESIAN_POINT('',(-5.6,0.399999999999999,-5.3));
#5894=CARTESIAN_POINT('',(-5.6,0.,-5.3));
#5895=CARTESIAN_POINT('',(-5.6,0.,9.4));
#5896=CARTESIAN_POINT('',(-5.6,0.,9.4));
#5897=CARTESIAN_POINT('',(-5.6,0.399999999999999,9.4));
#5898=CARTESIAN_POINT('',(-5.6,0.,9.4));
#5899=CARTESIAN_POINT('',(4.2,0.,4.1));
#5900=CARTESIAN_POINT('',(4.2,0.,4.1));
#5901=CARTESIAN_POINT('',(1.7,0.,4.1));
#5902=CARTESIAN_POINT('',(4.2,0.,4.1));
#5903=CARTESIAN_POINT('',(4.2,0.,2.1));
#5904=CARTESIAN_POINT('',(4.2,0.,2.1));
#5905=CARTESIAN_POINT('',(1.7,0.,2.1));
#5906=CARTESIAN_POINT('',(1.7,0.,4.1));
#5907=CARTESIAN_POINT('',(-1.7,0.,4.1));
#5908=CARTESIAN_POINT('',(-1.7,0.,4.1));
#5909=CARTESIAN_POINT('',(-4.2,0.,4.1));
#5910=CARTESIAN_POINT('',(-1.7,0.,4.1));
#5911=CARTESIAN_POINT('',(-1.7,0.,2.1));
#5912=CARTESIAN_POINT('',(-1.7,0.,2.1));
#5913=CARTESIAN_POINT('',(-4.2,0.,2.1));
#5914=CARTESIAN_POINT('',(-4.2,0.,4.1));
#5915=CARTESIAN_POINT('',(-5.6,0.,-5.3));
#5916=CARTESIAN_POINT('',(5.6,0.,-5.3));
#5917=CARTESIAN_POINT('',(5.6,0.,9.4));
#5918=CARTESIAN_POINT('',(5.6,0.,9.4));
#5919=CARTESIAN_POINT('',(-5.6,0.,9.4));
#5920=CARTESIAN_POINT('',(5.6,0.399999999999999,9.4));
#5921=CARTESIAN_POINT('',(5.6,0.399999999999999,-5.3));
#5922=CARTESIAN_POINT('',(6.,0.4,-5.3));
#5923=CARTESIAN_POINT('',(6.,0.4,9.4));
#5924=CARTESIAN_POINT('',(6.,0.4,9.4));
#5925=CARTESIAN_POINT('',(5.6,0.399999999999999,9.4));
#5926=CARTESIAN_POINT('',(6.,0.4,9.4));
#5927=CARTESIAN_POINT('',(6.,3.05,-1.35));
#5928=CARTESIAN_POINT('',(6.,3.05,-1.625));
#5929=CARTESIAN_POINT('',(6.,3.05,-3.95));
#5930=CARTESIAN_POINT('',(6.,3.05,-4.395));
#5931=CARTESIAN_POINT('',(6.,1.65,-7.55));
#5932=CARTESIAN_POINT('',(6.,1.65,-7.4));
#5933=CARTESIAN_POINT('',(6.,1.65,-5.3));
#5934=CARTESIAN_POINT('',(6.,0.974166975080229,-7.4));
#5935=CARTESIAN_POINT('',(6.,0.974166975080229,-7.4));
#5936=CARTESIAN_POINT('',(6.,0.974166975080229,-7.4));
#5937=CARTESIAN_POINT('',(6.,0.974166975080229,-9.4));
#5938=CARTESIAN_POINT('',(6.,0.974166975080229,-9.4));
#5939=CARTESIAN_POINT('',(6.,4.1,-9.4));
#5940=CARTESIAN_POINT('',(6.,4.1,9.4));
#5941=CARTESIAN_POINT('',(6.,4.1,9.4));
#5942=CARTESIAN_POINT('',(6.,0.4,9.4));
#5943=CARTESIAN_POINT('',(6.,0.4,-5.3));
#5944=CARTESIAN_POINT('',(5.6,4.1,9.4));
#5945=CARTESIAN_POINT('',(5.6,4.1,-9.4));
#5946=CARTESIAN_POINT('',(5.6,4.5,-9.4));
#5947=CARTESIAN_POINT('',(5.6,4.5,9.4));
#5948=CARTESIAN_POINT('',(5.6,4.5,9.4));
#5949=CARTESIAN_POINT('',(5.6,4.1,9.4));
#5950=CARTESIAN_POINT('',(5.6,4.5,9.4));
#5951=CARTESIAN_POINT('',(4.2,4.5,2.1));
#5952=CARTESIAN_POINT('',(4.2,4.5,2.1));
#5953=CARTESIAN_POINT('',(1.7,4.5,2.1));
#5954=CARTESIAN_POINT('',(4.2,4.5,2.1));
#5955=CARTESIAN_POINT('',(4.2,4.5,4.1));
#5956=CARTESIAN_POINT('',(4.2,4.5,4.1));
#5957=CARTESIAN_POINT('',(1.7,4.5,4.1));
#5958=CARTESIAN_POINT('',(1.7,4.5,2.1));
#5959=CARTESIAN_POINT('',(-1.7,4.5,2.1));
#5960=CARTESIAN_POINT('',(-1.7,4.5,2.1));
#5961=CARTESIAN_POINT('',(-4.2,4.5,2.1));
#5962=CARTESIAN_POINT('',(-1.7,4.5,2.1));
#5963=CARTESIAN_POINT('',(-1.7,4.5,4.1));
#5964=CARTESIAN_POINT('',(-1.7,4.5,4.1));
#5965=CARTESIAN_POINT('',(-4.2,4.5,4.1));
#5966=CARTESIAN_POINT('',(-4.2,4.5,2.1));
#5967=CARTESIAN_POINT('',(5.6,4.5,-9.4));
#5968=CARTESIAN_POINT('',(-5.6,4.5,-9.4));
#5969=CARTESIAN_POINT('',(-5.6,4.5,9.4));
#5970=CARTESIAN_POINT('',(-5.6,4.5,9.4));
#5971=CARTESIAN_POINT('',(5.6,4.5,9.4));
#5972=CARTESIAN_POINT('',(-5.7,4.1,9.4));
#5973=CARTESIAN_POINT('',(-5.7,3.05,-1.35));
#5974=CARTESIAN_POINT('',(-5.7,3.05,-1.625));
#5975=CARTESIAN_POINT('',(-5.7,3.05,-3.95));
#5976=CARTESIAN_POINT('',(-5.7,3.05,-4.395));
#5977=CARTESIAN_POINT('',(-5.7,1.65,-7.55));
#5978=CARTESIAN_POINT('',(-5.7,1.65,-7.4));
#5979=CARTESIAN_POINT('',(-5.7,1.65,-5.3));
#5980=CARTESIAN_POINT('',(-5.7,0.974166975080231,-7.4));
#5981=CARTESIAN_POINT('',(-5.7,0.974166975080231,-7.4));
#5982=CARTESIAN_POINT('',(-5.7,0.974166975080231,-7.4));
#5983=CARTESIAN_POINT('',(-5.7,0.974166975080231,-9.4));
#5984=CARTESIAN_POINT('',(-5.7,0.974166975080231,-9.4));
#5985=CARTESIAN_POINT('',(-5.7,4.1,-9.4));
#5986=CARTESIAN_POINT('',(-5.7,4.1,9.4));
#5987=CARTESIAN_POINT('',(-5.7,4.1,9.4));
#5988=CARTESIAN_POINT('',(-5.7,4.1,9.4));
#5989=CARTESIAN_POINT('',(-5.7,0.4,9.4));
#5990=CARTESIAN_POINT('',(-5.7,0.4,9.4));
#5991=CARTESIAN_POINT('',(-5.7,0.4,-5.3));
#5992=CARTESIAN_POINT('',(-5.7,4.1,-5.3));
#5993=CARTESIAN_POINT('',(-5.6,4.1,9.4));
#5994=CARTESIAN_POINT('',(-5.6,4.1,-9.4));
#5995=CARTESIAN_POINT('',(-5.6,4.2,-9.4));
#5996=CARTESIAN_POINT('',(-5.6,4.2,9.4));
#5997=CARTESIAN_POINT('',(-5.6,4.2,9.4));
#5998=CARTESIAN_POINT('',(-5.6,4.1,9.4));
#5999=CARTESIAN_POINT('',(5.6,4.2,9.4));
#6000=CARTESIAN_POINT('',(4.2,4.2,9.4));
#6001=CARTESIAN_POINT('',(4.2,4.2,2.1));
#6002=CARTESIAN_POINT('',(4.2,4.2,4.1));
#6003=CARTESIAN_POINT('',(5.6,4.2,2.1));
#6004=CARTESIAN_POINT('',(1.7,4.2,2.1));
#6005=CARTESIAN_POINT('',(1.7,4.2,9.4));
#6006=CARTESIAN_POINT('',(1.7,4.2,4.1));
#6007=CARTESIAN_POINT('',(5.6,4.2,4.1));
#6008=CARTESIAN_POINT('',(-1.7,4.2,9.4));
#6009=CARTESIAN_POINT('',(-1.7,4.2,2.1));
#6010=CARTESIAN_POINT('',(-1.7,4.2,4.1));
#6011=CARTESIAN_POINT('',(5.6,4.2,2.1));
#6012=CARTESIAN_POINT('',(-4.2,4.2,2.1));
#6013=CARTESIAN_POINT('',(-4.2,4.2,9.4));
#6014=CARTESIAN_POINT('',(-4.2,4.2,4.1));
#6015=CARTESIAN_POINT('',(5.6,4.2,4.1));
#6016=CARTESIAN_POINT('',(-5.6,4.2,-9.4));
#6017=CARTESIAN_POINT('',(5.59999999999999,4.2,-9.4));
#6018=CARTESIAN_POINT('',(5.6,4.2,9.4));
#6019=CARTESIAN_POINT('',(5.6,4.2,9.4));
#6020=CARTESIAN_POINT('',(5.6,4.2,9.4));
#6021=CARTESIAN_POINT('',(5.6,4.1,9.4));
#6022=CARTESIAN_POINT('',(5.59999999999999,4.1,-9.4));
#6023=CARTESIAN_POINT('',(5.69999999999999,4.1,-9.4));
#6024=CARTESIAN_POINT('',(5.7,4.1,9.4));
#6025=CARTESIAN_POINT('',(5.7,4.1,9.4));
#6026=CARTESIAN_POINT('',(5.6,4.1,9.4));
#6027=CARTESIAN_POINT('',(5.7,0.4,9.4));
#6028=CARTESIAN_POINT('',(5.7,3.05,-1.35));
#6029=CARTESIAN_POINT('',(5.7,3.05,-1.075));
#6030=CARTESIAN_POINT('',(5.7,3.05,-3.95));
#6031=CARTESIAN_POINT('',(5.7,3.05,-3.505));
#6032=CARTESIAN_POINT('',(5.69999999999999,4.1,-9.4));
#6033=CARTESIAN_POINT('',(5.7,0.974166975080227,-9.4));
#6034=CARTESIAN_POINT('',(5.7,0.974166975080227,-7.4));
#6035=CARTESIAN_POINT('',(5.7,0.974166975080227,-7.4));
#6036=CARTESIAN_POINT('',(5.69999999999999,4.1,-7.4));
#6037=CARTESIAN_POINT('',(5.7,1.65,-7.4));
#6038=CARTESIAN_POINT('',(5.7,1.65,-7.55));
#6039=CARTESIAN_POINT('',(5.7,1.65,-5.3));
#6040=CARTESIAN_POINT('',(5.7,0.4,-5.3));
#6041=CARTESIAN_POINT('',(5.7,0.4,-5.3));
#6042=CARTESIAN_POINT('',(5.7,0.4,9.4));
#6043=CARTESIAN_POINT('',(5.7,0.4,9.4));
#6044=CARTESIAN_POINT('',(5.7,0.4,9.4));
#6045=CARTESIAN_POINT('',(5.6,0.399999999999999,9.4));
#6046=CARTESIAN_POINT('',(5.6,0.399999999999999,-5.3));
#6047=CARTESIAN_POINT('',(5.6,0.3,-5.3));
#6048=CARTESIAN_POINT('',(5.6,0.3,9.4));
#6049=CARTESIAN_POINT('',(5.6,0.3,9.4));
#6050=CARTESIAN_POINT('',(5.6,0.399999999999999,9.4));
#6051=CARTESIAN_POINT('',(-5.6,0.3,9.4));
#6052=CARTESIAN_POINT('',(4.2,0.3,9.4));
#6053=CARTESIAN_POINT('',(4.2,0.3,4.1));
#6054=CARTESIAN_POINT('',(4.2,0.3,2.1));
#6055=CARTESIAN_POINT('',(-5.6,0.3,4.1));
#6056=CARTESIAN_POINT('',(1.7,0.3,4.1));
#6057=CARTESIAN_POINT('',(1.7,0.3,9.4));
#6058=CARTESIAN_POINT('',(1.7,0.3,2.1));
#6059=CARTESIAN_POINT('',(-5.6,0.3,2.1));
#6060=CARTESIAN_POINT('',(-1.7,0.3,9.4));
#6061=CARTESIAN_POINT('',(-1.7,0.3,4.1));
#6062=CARTESIAN_POINT('',(-1.7,0.3,2.1));
#6063=CARTESIAN_POINT('',(-5.6,0.3,4.1));
#6064=CARTESIAN_POINT('',(-4.2,0.3,4.1));
#6065=CARTESIAN_POINT('',(-4.2,0.3,9.4));
#6066=CARTESIAN_POINT('',(-4.2,0.3,2.1));
#6067=CARTESIAN_POINT('',(-5.6,0.3,2.1));
#6068=CARTESIAN_POINT('',(-5.6,0.3,-5.3));
#6069=CARTESIAN_POINT('',(-5.6,0.299999999999999,-5.3));
#6070=CARTESIAN_POINT('',(-5.6,0.299999999999999,9.4));
#6071=CARTESIAN_POINT('',(-5.6,0.299999999999999,9.4));
#6072=CARTESIAN_POINT('',(-5.6,0.3,9.4));
#6073=CARTESIAN_POINT('',(-5.6,0.399999999999999,9.4));
#6074=CARTESIAN_POINT('',(-5.6,0.399999999999999,-5.3));
#6075=CARTESIAN_POINT('',(-5.6,0.399999999999999,9.4));
#6076=CARTESIAN_POINT('',(-5.6,4.1,9.4));
#6077=CARTESIAN_POINT('',(-5.6,4.1,-9.4));
#6078=CARTESIAN_POINT('',(-5.6,4.1,9.4));
#6079=CARTESIAN_POINT('',(-5.6,0.399999999999999,9.4));
#6080=CARTESIAN_POINT('',(-5.6,0.399999999999999,-5.3));
#6081=CARTESIAN_POINT('',(-6.,1.65,-5.3));
#6082=CARTESIAN_POINT('',(5.7,1.65,-5.3));
#6083=CARTESIAN_POINT('',(-6.,1.65,-7.55));
#6084=CARTESIAN_POINT('',(-6.,1.65,-7.4));
#6085=CARTESIAN_POINT('',(5.7,1.65,-7.55));
#6086=CARTESIAN_POINT('',(5.7,1.65,-7.4));
#6087=CARTESIAN_POINT('',(-5.95,0.1,-7.4));
#6088=CARTESIAN_POINT('',(-6.60000000000001,0.974166975080234,-7.4));
#6089=CARTESIAN_POINT('',(-6.08038475772934,0.674166975080231,-7.4));
#6090=CARTESIAN_POINT('',(-6.08038475772934,0.674166975080232,-7.4));
#6091=CARTESIAN_POINT('',(-6.29641016151378,0.3,-7.4));
#6092=CARTESIAN_POINT('',(-5.95,0.1,-7.4));
#6093=CARTESIAN_POINT('',(-6.29641016151378,-0.1,-7.4));
#6094=CARTESIAN_POINT('',(-6.29641016151378,-0.1,-7.4));
#6095=CARTESIAN_POINT('',(-5.98038475772934,-0.64737205583712,-7.4));
#6096=CARTESIAN_POINT('',(-6.5,-0.947372055837118,-7.4));
#6097=CARTESIAN_POINT('',(-5.9,-0.947372055837121,-7.4));
#6098=CARTESIAN_POINT('',(-5.9,-0.94737205583712,-7.4));
#6099=CARTESIAN_POINT('',(-5.9,-1.39,-7.4));
#6100=CARTESIAN_POINT('',(-5.9,-1.39,-7.4));
#6101=CARTESIAN_POINT('',(-5.6,-1.39,-7.4));
#6102=CARTESIAN_POINT('',(-5.6,-1.39,-7.4));
#6103=CARTESIAN_POINT('',(-5.6,-0.947372055837119,-7.4));
#6104=CARTESIAN_POINT('',(-6.49999999999996,-0.947372055837109,-7.4));
#6105=CARTESIAN_POINT('',(-5.72057713659401,-0.497372055837119,-7.4));
#6106=CARTESIAN_POINT('',(-5.72057713659401,-0.497372055837118,-7.4));
#6107=CARTESIAN_POINT('',(-6.03660254037844,0.0499999999999997,-7.4));
#6108=CARTESIAN_POINT('',(-5.95,0.1,-7.4));
#6109=CARTESIAN_POINT('',(-6.03660254037844,0.15,-7.4));
#6110=CARTESIAN_POINT('',(-6.03660254037844,0.15,-7.4));
#6111=CARTESIAN_POINT('',(-5.82057713659401,0.52416697508023,-7.4));
#6112=CARTESIAN_POINT('',(-6.59999999999999,0.974166975080229,-7.4));
#6113=CARTESIAN_POINT('',(-6.08038475772934,0.674166975080232,-7.4));
#6114=CARTESIAN_POINT('',(-6.08038475772934,0.674166975080232,-9.4));
#6115=CARTESIAN_POINT('',(-6.08038475772934,0.674166975080231,-9.4));
#6116=CARTESIAN_POINT('',(-6.29641016151378,0.3,-9.4));
#6117=CARTESIAN_POINT('',(-6.29641016151378,0.3,-7.4));
#6118=CARTESIAN_POINT('',(-6.08038475772934,0.674166975080231,-7.4));
#6119=CARTESIAN_POINT('',(-5.95,0.1,-7.4));
#6120=CARTESIAN_POINT('',(-5.95,0.1,-9.4));
#6121=CARTESIAN_POINT('',(-6.29641016151378,-0.1,-9.4));
#6122=CARTESIAN_POINT('',(-6.29641016151378,-0.1,-7.4));
#6123=CARTESIAN_POINT('',(-6.29641016151378,-0.1,-7.4));
#6124=CARTESIAN_POINT('',(-6.29641016151378,-0.1,-9.4));
#6125=CARTESIAN_POINT('',(-5.98038475772934,-0.64737205583712,-9.4));
#6126=CARTESIAN_POINT('',(-5.98038475772934,-0.64737205583712,-7.4));
#6127=CARTESIAN_POINT('',(-6.5,-0.947372055837118,-7.4));
#6128=CARTESIAN_POINT('',(-6.5,-0.947372055837118,-9.4));
#6129=CARTESIAN_POINT('',(-5.9,-0.947372055837121,-9.4));
#6130=CARTESIAN_POINT('',(-5.9,-0.947372055837121,-7.4));
#6131=CARTESIAN_POINT('',(-5.9,-0.94737205583712,-7.4));
#6132=CARTESIAN_POINT('',(-5.9,-0.94737205583712,-9.4));
#6133=CARTESIAN_POINT('',(-5.9,-1.39,-9.4));
#6134=CARTESIAN_POINT('',(-5.9,-1.39,-7.4));
#6135=CARTESIAN_POINT('',(-5.9,-1.39,-7.4));
#6136=CARTESIAN_POINT('',(-5.9,-1.39,-9.4));
#6137=CARTESIAN_POINT('',(-5.6,-1.39,-9.4));
#6138=CARTESIAN_POINT('',(-5.6,-1.39,-7.4));
#6139=CARTESIAN_POINT('',(-5.6,-1.39,-7.4));
#6140=CARTESIAN_POINT('',(-5.6,-1.39,-9.4));
#6141=CARTESIAN_POINT('',(-5.6,-0.947372055837119,-9.4));
#6142=CARTESIAN_POINT('',(-5.6,-0.947372055837119,-7.4));
#6143=CARTESIAN_POINT('',(-6.49999999999996,-0.947372055837109,-7.4));
#6144=CARTESIAN_POINT('',(-6.49999999999996,-0.947372055837109,-9.4));
#6145=CARTESIAN_POINT('',(-5.72057713659401,-0.497372055837119,-9.4));
#6146=CARTESIAN_POINT('',(-5.72057713659401,-0.497372055837119,-7.4));
#6147=CARTESIAN_POINT('',(-5.72057713659401,-0.497372055837118,-7.4));
#6148=CARTESIAN_POINT('',(-5.72057713659401,-0.497372055837118,-9.4));
#6149=CARTESIAN_POINT('',(-6.03660254037844,0.0499999999999997,-9.4));
#6150=CARTESIAN_POINT('',(-6.03660254037844,0.0499999999999997,-7.4));
#6151=CARTESIAN_POINT('',(-5.95,0.1,-7.4));
#6152=CARTESIAN_POINT('',(-5.95,0.1,-9.4));
#6153=CARTESIAN_POINT('',(-6.03660254037844,0.15,-9.4));
#6154=CARTESIAN_POINT('',(-6.03660254037844,0.15,-7.4));
#6155=CARTESIAN_POINT('',(-6.03660254037844,0.15,-7.4));
#6156=CARTESIAN_POINT('',(-6.03660254037844,0.15,-9.4));
#6157=CARTESIAN_POINT('',(-5.82057713659401,0.52416697508023,-9.4));
#6158=CARTESIAN_POINT('',(-5.82057713659401,0.52416697508023,-7.4));
#6159=CARTESIAN_POINT('',(-6.59999999999999,0.974166975080229,-7.4));
#6160=CARTESIAN_POINT('',(-6.59999999999999,0.974166975080229,-9.4));
#6161=CARTESIAN_POINT('',(6.60000000000003,0.974166975080219,-7.4));
#6162=CARTESIAN_POINT('',(6.60000000000003,0.974166975080219,-9.4));
#6163=CARTESIAN_POINT('',(5.82057713659401,0.524166975080209,-9.4));
#6164=CARTESIAN_POINT('',(5.82057713659401,0.524166975080209,-7.4));
#6165=CARTESIAN_POINT('',(5.82057713659401,0.524166975080209,-7.4));
#6166=CARTESIAN_POINT('',(6.60000000000003,0.974166975080219,-7.4));
#6167=CARTESIAN_POINT('',(5.82057713659401,0.524166975080209,-7.4));
#6168=CARTESIAN_POINT('',(5.82057713659401,0.524166975080209,-9.4));
#6169=CARTESIAN_POINT('',(6.03660254037844,0.150000000000003,-9.4));
#6170=CARTESIAN_POINT('',(6.03660254037844,0.150000000000003,-7.4));
#6171=CARTESIAN_POINT('',(6.03660254037844,0.150000000000003,-7.4));
#6172=CARTESIAN_POINT('',(5.82057713659401,0.524166975080209,-7.4));
#6173=CARTESIAN_POINT('',(5.95,0.0999999999999963,-7.4));
#6174=CARTESIAN_POINT('',(5.95,0.0999999999999963,-9.4));
#6175=CARTESIAN_POINT('',(6.03660254037845,0.0500000000000011,-9.4));
#6176=CARTESIAN_POINT('',(6.03660254037845,0.0500000000000011,-7.4));
#6177=CARTESIAN_POINT('',(6.03660254037845,0.0500000000000011,-7.4));
#6178=CARTESIAN_POINT('',(5.95,0.0999999999999963,-7.4));
#6179=CARTESIAN_POINT('',(6.03660254037845,0.0500000000000011,-7.4));
#6180=CARTESIAN_POINT('',(6.03660254037845,0.0500000000000011,-9.4));
#6181=CARTESIAN_POINT('',(5.72057713659401,-0.497372055837131,-9.4));
#6182=CARTESIAN_POINT('',(5.72057713659401,-0.497372055837131,-7.4));
#6183=CARTESIAN_POINT('',(5.72057713659401,-0.497372055837131,-7.4));
#6184=CARTESIAN_POINT('',(6.03660254037845,0.0500000000000011,-7.4));
#6185=CARTESIAN_POINT('',(6.49999999999999,-0.94737205583713,-7.4));
#6186=CARTESIAN_POINT('',(6.49999999999999,-0.94737205583713,-9.4));
#6187=CARTESIAN_POINT('',(5.6,-0.947372055837123,-9.4));
#6188=CARTESIAN_POINT('',(5.6,-0.947372055837123,-7.4));
#6189=CARTESIAN_POINT('',(5.6,-0.947372055837123,-7.4));
#6190=CARTESIAN_POINT('',(6.49999999999999,-0.94737205583713,-7.4));
#6191=CARTESIAN_POINT('',(5.6,-0.947372055837124,-7.4));
#6192=CARTESIAN_POINT('',(5.6,-0.947372055837124,-9.4));
#6193=CARTESIAN_POINT('',(5.6,-1.39,-9.4));
#6194=CARTESIAN_POINT('',(5.6,-1.39,-7.4));
#6195=CARTESIAN_POINT('',(5.6,-1.39,-7.4));
#6196=CARTESIAN_POINT('',(5.6,-0.947372055837124,-7.4));
#6197=CARTESIAN_POINT('',(5.6,-1.39,-7.4));
#6198=CARTESIAN_POINT('',(5.6,-1.39,-9.4));
#6199=CARTESIAN_POINT('',(5.9,-1.39,-9.4));
#6200=CARTESIAN_POINT('',(5.9,-1.39,-7.4));
#6201=CARTESIAN_POINT('',(5.9,-1.39,-7.4));
#6202=CARTESIAN_POINT('',(5.6,-1.39,-7.4));
#6203=CARTESIAN_POINT('',(5.9,-1.39,-7.4));
#6204=CARTESIAN_POINT('',(5.9,-1.39,-9.4));
#6205=CARTESIAN_POINT('',(5.9,-0.947372055837122,-9.4));
#6206=CARTESIAN_POINT('',(5.9,-0.947372055837122,-7.4));
#6207=CARTESIAN_POINT('',(5.9,-0.947372055837122,-7.4));
#6208=CARTESIAN_POINT('',(5.9,-1.39,-7.4));
#6209=CARTESIAN_POINT('',(6.49999999999999,-0.947372055837109,-7.4));
#6210=CARTESIAN_POINT('',(6.49999999999999,-0.947372055837109,-9.4));
#6211=CARTESIAN_POINT('',(5.98038475772933,-0.647372055837116,-9.4));
#6212=CARTESIAN_POINT('',(5.98038475772933,-0.647372055837116,-7.4));
#6213=CARTESIAN_POINT('',(5.98038475772933,-0.647372055837116,-7.4));
#6214=CARTESIAN_POINT('',(6.49999999999999,-0.947372055837109,-7.4));
#6215=CARTESIAN_POINT('',(5.98038475772933,-0.647372055837116,-7.4));
#6216=CARTESIAN_POINT('',(5.98038475772933,-0.647372055837116,-9.4));
#6217=CARTESIAN_POINT('',(6.29641016151378,-0.100000000000002,-9.4));
#6218=CARTESIAN_POINT('',(6.29641016151378,-0.100000000000002,-7.4));
#6219=CARTESIAN_POINT('',(6.29641016151378,-0.100000000000002,-7.4));
#6220=CARTESIAN_POINT('',(5.98038475772933,-0.647372055837116,-7.4));
#6221=CARTESIAN_POINT('',(5.95,0.0999999999999957,-7.4));
#6222=CARTESIAN_POINT('',(5.95,0.0999999999999957,-9.4));
#6223=CARTESIAN_POINT('',(6.29641016151378,0.299999999999998,-9.4));
#6224=CARTESIAN_POINT('',(6.29641016151378,0.299999999999998,-7.4));
#6225=CARTESIAN_POINT('',(6.29641016151378,0.299999999999998,-7.4));
#6226=CARTESIAN_POINT('',(5.95,0.0999999999999957,-7.4));
#6227=CARTESIAN_POINT('',(6.29641016151378,0.299999999999998,-7.4));
#6228=CARTESIAN_POINT('',(6.29641016151378,0.299999999999998,-9.4));
#6229=CARTESIAN_POINT('',(6.08038475772934,0.674166975080235,-9.4));
#6230=CARTESIAN_POINT('',(6.08038475772934,0.674166975080235,-7.4));
#6231=CARTESIAN_POINT('',(6.08038475772934,0.674166975080235,-7.4));
#6232=CARTESIAN_POINT('',(6.29641016151378,0.299999999999998,-7.4));
#6233=CARTESIAN_POINT('',(6.6,0.974166975080235,-7.4));
#6234=CARTESIAN_POINT('',(6.6,0.974166975080235,-9.4));
#6235=CARTESIAN_POINT('',(6.6,0.974166975080235,-7.4));
#6236=CARTESIAN_POINT('',(-6.60000000000001,0.974166975080234,-7.4));
#6237=CARTESIAN_POINT('',(-6.60000000000001,0.974166975080234,-9.4));
#6238=CARTESIAN_POINT('',(-5.95,0.1,-7.4));
#6239=CARTESIAN_POINT('',(-5.95,0.1,-9.4));
#6240=CARTESIAN_POINT('',(-1.7,0.,0.));
#6241=CARTESIAN_POINT('',(-1.7,0.,2.1));
#6242=CARTESIAN_POINT('',(-1.7,4.5,4.1));
#6243=CARTESIAN_POINT('',(-4.2,0.,0.));
#6244=CARTESIAN_POINT('',(-4.2,4.5,4.1));
#6245=CARTESIAN_POINT('',(-4.2,0.,2.1));
#6246=CARTESIAN_POINT('',(-1.7,0.,2.1));
#6247=CARTESIAN_POINT('',(-1.7,4.5,4.1));
#6248=CARTESIAN_POINT('',(-1.7,4.5,4.1));
#6249=CARTESIAN_POINT('',(-4.2,4.5,4.1));
#6250=CARTESIAN_POINT('',(-1.7,4.5,4.1));
#6251=CARTESIAN_POINT('',(-1.7,0.,2.1));
#6252=CARTESIAN_POINT('',(-1.7,0.,2.1));
#6253=CARTESIAN_POINT('',(-4.2,0.,2.1));
#6254=CARTESIAN_POINT('',(-1.7,0.,0.));
#6255=CARTESIAN_POINT('',(-4.2,0.,0.));
#6256=CARTESIAN_POINT('',(4.2,0.,0.));
#6257=CARTESIAN_POINT('',(4.2,0.,2.1));
#6258=CARTESIAN_POINT('',(4.2,4.5,4.1));
#6259=CARTESIAN_POINT('',(1.7,0.,0.));
#6260=CARTESIAN_POINT('',(1.7,4.5,4.1));
#6261=CARTESIAN_POINT('',(1.7,0.,2.1));
#6262=CARTESIAN_POINT('',(4.2,0.,2.1));
#6263=CARTESIAN_POINT('',(4.2,4.5,4.1));
#6264=CARTESIAN_POINT('',(4.2,4.5,4.1));
#6265=CARTESIAN_POINT('',(1.7,4.5,4.1));
#6266=CARTESIAN_POINT('',(4.2,4.5,4.1));
#6267=CARTESIAN_POINT('',(4.2,0.,2.1));
#6268=CARTESIAN_POINT('',(4.2,0.,2.1));
#6269=CARTESIAN_POINT('',(1.7,0.,2.1));
#6270=CARTESIAN_POINT('',(4.2,0.,0.));
#6271=CARTESIAN_POINT('',(1.7,0.,0.));
#6272=CARTESIAN_POINT('',(6.,3.05,-3.95));
#6273=CARTESIAN_POINT('',(6.,3.05,-3.95));
#6274=CARTESIAN_POINT('',(6.,3.05,-1.35));
#6275=CARTESIAN_POINT('',(6.,3.05,-1.35));
#6276=CARTESIAN_POINT('',(0.,0.,0.));
#6277=CARTESIAN_POINT('',(4.185,1.73,-1.2));
#6278=CARTESIAN_POINT('',(4.2,2.13,-1.2));
#6279=CARTESIAN_POINT('',(4.185,2.13,-1.2));
#6280=CARTESIAN_POINT('',(3.975,2.13,-1.2));
#6281=CARTESIAN_POINT('',(4.185,1.73,-1.2));
#6282=CARTESIAN_POINT('',(4.185,2.25,-1.2));
#6283=CARTESIAN_POINT('',(4.185,2.25,-1.2));
#6284=CARTESIAN_POINT('',(3.975,2.25,-1.2));
#6285=CARTESIAN_POINT('',(3.975,2.13,-1.2));
#6286=CARTESIAN_POINT('',(4.185,1.73,-1.2));
#6287=CARTESIAN_POINT('',(3.025,2.13,-1.2));
#6288=CARTESIAN_POINT('',(3.025,2.13,-1.2));
#6289=CARTESIAN_POINT('',(2.815,2.13,-1.2));
#6290=CARTESIAN_POINT('',(3.025,3.12,-1.2));
#6291=CARTESIAN_POINT('',(3.025,2.25,-1.2));
#6292=CARTESIAN_POINT('',(4.185,2.25,-1.2));
#6293=CARTESIAN_POINT('',(2.815,2.25,-1.2));
#6294=CARTESIAN_POINT('',(2.815,1.73,-1.2));
#6295=CARTESIAN_POINT('',(5.7,1.38,-9.2));
#6296=CARTESIAN_POINT('',(5.7,2.13,-9.2));
#6297=CARTESIAN_POINT('',(0.3,2.13,-9.2));
#6298=CARTESIAN_POINT('',(0.525,2.13,-9.2));
#6299=CARTESIAN_POINT('',(0.3,1.38,-9.2));
#6300=CARTESIAN_POINT('',(0.3,1.73,-9.2));
#6301=CARTESIAN_POINT('',(5.7,1.73,-9.2));
#6302=CARTESIAN_POINT('',(1.7,1.73,-9.2));
#6303=CARTESIAN_POINT('',(1.7,1.38,-9.2));
#6304=CARTESIAN_POINT('',(1.7,2.13,-9.2));
#6305=CARTESIAN_POINT('',(5.7,2.13,-9.2));
#6306=CARTESIAN_POINT('',(1.475,2.13,-9.2));
#6307=CARTESIAN_POINT('',(1.475,1.38,-9.2));
#6308=CARTESIAN_POINT('',(1.475,3.12,-9.2));
#6309=CARTESIAN_POINT('',(5.7,3.12,-9.2));
#6310=CARTESIAN_POINT('',(0.525,3.12,-9.2));
#6311=CARTESIAN_POINT('',(0.525,1.38,-9.2));
#6312=CARTESIAN_POINT('',(5.7,2.13,-9.2));
#6313=CARTESIAN_POINT('',(-4.2,2.13,-9.2));
#6314=CARTESIAN_POINT('',(-3.975,2.13,-9.2));
#6315=CARTESIAN_POINT('',(-4.2,1.38,-9.2));
#6316=CARTESIAN_POINT('',(-4.2,1.73,-9.2));
#6317=CARTESIAN_POINT('',(5.7,1.73,-9.2));
#6318=CARTESIAN_POINT('',(-2.8,1.73,-9.2));
#6319=CARTESIAN_POINT('',(-2.8,1.38,-9.2));
#6320=CARTESIAN_POINT('',(-2.8,2.13,-9.2));
#6321=CARTESIAN_POINT('',(5.7,2.13,-9.2));
#6322=CARTESIAN_POINT('',(-3.025,2.13,-9.2));
#6323=CARTESIAN_POINT('',(-3.025,1.38,-9.2));
#6324=CARTESIAN_POINT('',(-3.025,3.12,-9.2));
#6325=CARTESIAN_POINT('',(5.7,3.12,-9.2));
#6326=CARTESIAN_POINT('',(-3.975,3.12,-9.2));
#6327=CARTESIAN_POINT('',(-3.975,1.38,-9.2));
#6328=CARTESIAN_POINT('',(-5.7,1.38,-9.2));
#6329=CARTESIAN_POINT('',(-5.7,1.38,-9.2));
#6330=CARTESIAN_POINT('',(-5.7,4.2,-9.2));
#6331=CARTESIAN_POINT('',(5.7,4.2,-9.2));
#6332=CARTESIAN_POINT('',(5.7,4.2,-9.2));
#6333=CARTESIAN_POINT('',(5.7,1.38,-9.2));
#6334=CARTESIAN_POINT('',(5.7,1.38,-9.2));
#6335=CARTESIAN_POINT('',(5.7,1.38,-9.2));
#6336=CARTESIAN_POINT('',(5.7,2.13,-9.2));
#6337=CARTESIAN_POINT('',(-1.7,2.13,-9.2));
#6338=CARTESIAN_POINT('',(-1.475,2.13,-9.2));
#6339=CARTESIAN_POINT('',(-1.7,1.38,-9.2));
#6340=CARTESIAN_POINT('',(-1.7,1.73,-9.2));
#6341=CARTESIAN_POINT('',(5.7,1.73,-9.2));
#6342=CARTESIAN_POINT('',(-0.3,1.73,-9.2));
#6343=CARTESIAN_POINT('',(-0.3,1.38,-9.2));
#6344=CARTESIAN_POINT('',(-0.3,2.13,-9.2));
#6345=CARTESIAN_POINT('',(5.7,2.13,-9.2));
#6346=CARTESIAN_POINT('',(-0.525,2.13,-9.2));
#6347=CARTESIAN_POINT('',(-0.525,1.38,-9.2));
#6348=CARTESIAN_POINT('',(-0.525,3.12,-9.2));
#6349=CARTESIAN_POINT('',(5.7,3.12,-9.2));
#6350=CARTESIAN_POINT('',(-1.475,3.12,-9.2));
#6351=CARTESIAN_POINT('',(-1.475,1.38,-9.2));
#6352=CARTESIAN_POINT('',(5.7,2.13,-9.2));
#6353=CARTESIAN_POINT('',(2.8,2.13,-9.2));
#6354=CARTESIAN_POINT('',(3.025,2.13,-9.2));
#6355=CARTESIAN_POINT('',(2.8,1.38,-9.2));
#6356=CARTESIAN_POINT('',(2.8,1.73,-9.2));
#6357=CARTESIAN_POINT('',(5.7,1.73,-9.2));
#6358=CARTESIAN_POINT('',(4.2,1.73,-9.2));
#6359=CARTESIAN_POINT('',(4.2,1.38,-9.2));
#6360=CARTESIAN_POINT('',(4.2,2.13,-9.2));
#6361=CARTESIAN_POINT('',(5.7,2.13,-9.2));
#6362=CARTESIAN_POINT('',(3.975,2.13,-9.2));
#6363=CARTESIAN_POINT('',(3.975,1.38,-9.2));
#6364=CARTESIAN_POINT('',(3.975,3.12,-9.2));
#6365=CARTESIAN_POINT('',(5.7,3.12,-9.2));
#6366=CARTESIAN_POINT('',(3.025,3.12,-9.2));
#6367=CARTESIAN_POINT('',(3.025,1.38,-9.2));
#6368=CARTESIAN_POINT('',(1.685,1.73,-1.2));
#6369=CARTESIAN_POINT('',(1.7,2.13,-1.2));
#6370=CARTESIAN_POINT('',(1.685,2.13,-1.2));
#6371=CARTESIAN_POINT('',(1.475,2.13,-1.2));
#6372=CARTESIAN_POINT('',(1.685,1.73,-1.2));
#6373=CARTESIAN_POINT('',(1.685,2.25,-1.2));
#6374=CARTESIAN_POINT('',(1.685,2.25,-1.2));
#6375=CARTESIAN_POINT('',(1.475,2.25,-1.2));
#6376=CARTESIAN_POINT('',(1.475,2.13,-1.2));
#6377=CARTESIAN_POINT('',(1.685,1.73,-1.2));
#6378=CARTESIAN_POINT('',(0.525,2.13,-1.2));
#6379=CARTESIAN_POINT('',(0.525,2.13,-1.2));
#6380=CARTESIAN_POINT('',(0.315,2.13,-1.2));
#6381=CARTESIAN_POINT('',(0.525,3.12,-1.2));
#6382=CARTESIAN_POINT('',(0.525,2.25,-1.2));
#6383=CARTESIAN_POINT('',(1.685,2.25,-1.2));
#6384=CARTESIAN_POINT('',(0.315,2.25,-1.2));
#6385=CARTESIAN_POINT('',(0.315,1.73,-1.2));
#6386=CARTESIAN_POINT('',(-0.314999999999999,1.73,-1.2));
#6387=CARTESIAN_POINT('',(-0.3,2.13,-1.2));
#6388=CARTESIAN_POINT('',(-0.314999999999999,2.13,-1.2));
#6389=CARTESIAN_POINT('',(-0.525,2.13,-1.2));
#6390=CARTESIAN_POINT('',(-0.314999999999999,1.73,-1.2));
#6391=CARTESIAN_POINT('',(-0.314999999999999,2.25,-1.2));
#6392=CARTESIAN_POINT('',(-0.314999999999999,2.25,-1.2));
#6393=CARTESIAN_POINT('',(-0.525,2.25,-1.2));
#6394=CARTESIAN_POINT('',(-0.525,2.13,-1.2));
#6395=CARTESIAN_POINT('',(-0.314999999999999,1.73,-1.2));
#6396=CARTESIAN_POINT('',(-1.475,2.13,-1.2));
#6397=CARTESIAN_POINT('',(-1.475,2.13,-1.2));
#6398=CARTESIAN_POINT('',(-1.685,2.13,-1.2));
#6399=CARTESIAN_POINT('',(-1.475,3.12,-1.2));
#6400=CARTESIAN_POINT('',(-1.475,2.25,-1.2));
#6401=CARTESIAN_POINT('',(-0.314999999999999,2.25,-1.2));
#6402=CARTESIAN_POINT('',(-1.685,2.25,-1.2));
#6403=CARTESIAN_POINT('',(-1.685,1.73,-1.2));
#6404=CARTESIAN_POINT('',(-2.815,1.73,-1.2));
#6405=CARTESIAN_POINT('',(-2.8,2.13,-1.2));
#6406=CARTESIAN_POINT('',(-2.815,2.13,-1.2));
#6407=CARTESIAN_POINT('',(-3.025,2.13,-1.2));
#6408=CARTESIAN_POINT('',(-2.815,1.73,-1.2));
#6409=CARTESIAN_POINT('',(-2.815,2.25,-1.2));
#6410=CARTESIAN_POINT('',(-2.815,2.25,-1.2));
#6411=CARTESIAN_POINT('',(-3.025,2.25,-1.2));
#6412=CARTESIAN_POINT('',(-3.025,2.13,-1.2));
#6413=CARTESIAN_POINT('',(-2.815,1.73,-1.2));
#6414=CARTESIAN_POINT('',(-3.975,2.13,-1.2));
#6415=CARTESIAN_POINT('',(-3.975,2.13,-1.2));
#6416=CARTESIAN_POINT('',(-4.185,2.13,-1.2));
#6417=CARTESIAN_POINT('',(-3.975,3.12,-1.2));
#6418=CARTESIAN_POINT('',(-3.975,2.25,-1.2));
#6419=CARTESIAN_POINT('',(-2.815,2.25,-1.2));
#6420=CARTESIAN_POINT('',(-4.185,2.25,-1.2));
#6421=CARTESIAN_POINT('',(-4.185,1.73,-1.2));
#6422=CARTESIAN_POINT('',(5.7,2.25,0.200000000000001));
#6423=CARTESIAN_POINT('',(5.7,2.25,8.8));
#6424=CARTESIAN_POINT('',(-4.725,2.25,8.8));
#6425=CARTESIAN_POINT('',(-5.7,2.25,8.8));
#6426=CARTESIAN_POINT('',(-4.725,2.25,0.200000000000001));
#6427=CARTESIAN_POINT('',(-4.725,2.25,0.200000000000001));
#6428=CARTESIAN_POINT('',(5.7,2.25,0.200000000000001));
#6429=CARTESIAN_POINT('',(-5.7,2.25,0.200000000000001));
#6430=CARTESIAN_POINT('',(-5.7,2.25,0.200000000000001));
#6431=CARTESIAN_POINT('',(5.7,2.25,8.8));
#6432=CARTESIAN_POINT('',(5.7,2.05,9.));
#6433=CARTESIAN_POINT('',(-4.725,2.05,9.));
#6434=CARTESIAN_POINT('',(4.725,2.05,9.));
#6435=CARTESIAN_POINT('',(-4.725,2.25,8.8));
#6436=CARTESIAN_POINT('',(-5.7,2.25,8.8));
#6437=CARTESIAN_POINT('',(-5.7,1.75,9.3));
#6438=CARTESIAN_POINT('',(5.7,1.75,9.3));
#6439=CARTESIAN_POINT('',(5.7,1.75,9.3));
#6440=CARTESIAN_POINT('',(5.7,2.25,8.8));
#6441=CARTESIAN_POINT('',(5.7,2.25,8.8));
#6442=CARTESIAN_POINT('',(5.7,2.25,8.8));
#6443=CARTESIAN_POINT('',(4.725,2.25,8.8));
#6444=CARTESIAN_POINT('',(4.725,2.25,8.8));
#6445=CARTESIAN_POINT('',(5.7,1.75,9.3));
#6446=CARTESIAN_POINT('',(-5.7,1.75,9.3));
#6447=CARTESIAN_POINT('',(-5.7,0.35,9.3));
#6448=CARTESIAN_POINT('',(5.7,0.35,9.3));
#6449=CARTESIAN_POINT('',(5.7,0.35,9.3));
#6450=CARTESIAN_POINT('',(5.7,1.75,9.3));
#6451=CARTESIAN_POINT('',(5.7,0.35,9.3));
#6452=CARTESIAN_POINT('',(-5.7,0.35,9.3));
#6453=CARTESIAN_POINT('',(-5.7,0.35,-5.25));
#6454=CARTESIAN_POINT('',(5.7,0.35,-5.25));
#6455=CARTESIAN_POINT('',(5.7,0.35,-5.25));
#6456=CARTESIAN_POINT('',(5.7,0.35,9.3));
#6457=CARTESIAN_POINT('',(5.7,0.35,-5.25));
#6458=CARTESIAN_POINT('',(-5.7,0.35,-5.25));
#6459=CARTESIAN_POINT('',(-5.7,1.38,-5.25));
#6460=CARTESIAN_POINT('',(5.7,1.38,-5.25));
#6461=CARTESIAN_POINT('',(5.7,1.38,-5.25));
#6462=CARTESIAN_POINT('',(5.7,0.35,-5.25));
#6463=CARTESIAN_POINT('',(5.7,1.38,-5.25));
#6464=CARTESIAN_POINT('',(2.3,1.38,-8.05));
#6465=CARTESIAN_POINT('',(2.3,1.38,-7.55));
#6466=CARTESIAN_POINT('',(-2.3,1.38,-8.05));
#6467=CARTESIAN_POINT('',(-2.3,1.38,-7.55));
#6468=CARTESIAN_POINT('',(-5.7,1.38,-5.25));
#6469=CARTESIAN_POINT('',(5.7,1.38,-5.25));
#6470=CARTESIAN_POINT('',(5.7,4.2,-9.2));
#6471=CARTESIAN_POINT('',(-5.7,4.2,-9.2));
#6472=CARTESIAN_POINT('',(-5.7,4.2,0.200000000000001));
#6473=CARTESIAN_POINT('',(5.7,4.2,0.200000000000001));
#6474=CARTESIAN_POINT('',(5.7,4.2,0.200000000000001));
#6475=CARTESIAN_POINT('',(5.7,4.2,-9.2));
#6476=CARTESIAN_POINT('',(5.7,4.2,0.200000000000001));
#6477=CARTESIAN_POINT('',(4.725,2.05,0.200000000000001));
#6478=CARTESIAN_POINT('',(-4.185,2.05,0.200000000000001));
#6479=CARTESIAN_POINT('',(-4.725,2.05,0.200000000000001));
#6480=CARTESIAN_POINT('',(-4.185,4.2,0.200000000000001));
#6481=CARTESIAN_POINT('',(-4.185,2.25,0.200000000000001));
#6482=CARTESIAN_POINT('',(5.7,2.25,0.200000000000001));
#6483=CARTESIAN_POINT('',(-2.815,2.25,0.200000000000001));
#6484=CARTESIAN_POINT('',(-2.815,4.2,0.200000000000001));
#6485=CARTESIAN_POINT('',(-2.815,2.05,0.200000000000001));
#6486=CARTESIAN_POINT('',(4.725,2.05,0.200000000000001));
#6487=CARTESIAN_POINT('',(-1.685,2.05,0.200000000000001));
#6488=CARTESIAN_POINT('',(-1.685,4.2,0.200000000000001));
#6489=CARTESIAN_POINT('',(-1.685,2.25,0.200000000000001));
#6490=CARTESIAN_POINT('',(5.7,2.25,0.200000000000001));
#6491=CARTESIAN_POINT('',(-0.315,2.25,0.200000000000001));
#6492=CARTESIAN_POINT('',(-0.315,4.2,0.200000000000001));
#6493=CARTESIAN_POINT('',(-0.315,2.05,0.200000000000001));
#6494=CARTESIAN_POINT('',(4.725,2.05,0.200000000000001));
#6495=CARTESIAN_POINT('',(0.315,2.05,0.200000000000001));
#6496=CARTESIAN_POINT('',(0.314999999999999,4.2,0.200000000000001));
#6497=CARTESIAN_POINT('',(0.315,2.25,0.200000000000001));
#6498=CARTESIAN_POINT('',(5.7,2.25,0.200000000000001));
#6499=CARTESIAN_POINT('',(1.685,2.25,0.200000000000001));
#6500=CARTESIAN_POINT('',(1.685,4.2,0.200000000000001));
#6501=CARTESIAN_POINT('',(1.685,2.05,0.200000000000001));
#6502=CARTESIAN_POINT('',(4.725,2.05,0.200000000000001));
#6503=CARTESIAN_POINT('',(2.815,2.05,0.200000000000001));
#6504=CARTESIAN_POINT('',(2.815,4.2,0.200000000000001));
#6505=CARTESIAN_POINT('',(2.815,2.25,0.200000000000001));
#6506=CARTESIAN_POINT('',(5.7,2.25,0.200000000000001));
#6507=CARTESIAN_POINT('',(4.185,2.25,0.200000000000001));
#6508=CARTESIAN_POINT('',(4.185,4.2,0.200000000000001));
#6509=CARTESIAN_POINT('',(4.185,2.05,0.200000000000001));
#6510=CARTESIAN_POINT('',(4.725,2.05,0.200000000000001));
#6511=CARTESIAN_POINT('',(4.725,2.05,0.200000000000001));
#6512=CARTESIAN_POINT('',(4.725,2.05,0.200000000000001));
#6513=CARTESIAN_POINT('',(4.725,2.25,0.200000000000001));
#6514=CARTESIAN_POINT('',(5.7,2.25,0.200000000000001));
#6515=CARTESIAN_POINT('',(5.7,2.25,0.200000000000001));
#6516=CARTESIAN_POINT('',(5.7,4.2,0.200000000000001));
#6517=CARTESIAN_POINT('',(-5.7,4.2,0.200000000000001));
#6518=CARTESIAN_POINT('',(-4.725,2.05,0.200000000000001));
#6519=CARTESIAN_POINT('',(5.7,2.25,0.200000000000001));
#6520=CARTESIAN_POINT('',(4.725,2.25,0.200000000000001));
#6521=CARTESIAN_POINT('',(5.7,2.25,0.200000000000001));
#6522=CARTESIAN_POINT('',(5.7,0.,0.));
#6523=CARTESIAN_POINT('',(-5.7,0.,0.));
#6524=CARTESIAN_POINT('',(0.,2.05,0.));
#6525=CARTESIAN_POINT('',(-4.185,2.05,0.));
#6526=CARTESIAN_POINT('',(-4.185,2.05,8.3));
#6527=CARTESIAN_POINT('',(-4.725,2.05,0.200000000000001));
#6528=CARTESIAN_POINT('',(4.725,2.05,9.3));
#6529=CARTESIAN_POINT('',(4.185,2.05,0.));
#6530=CARTESIAN_POINT('',(4.185,2.05,8.3));
#6531=CARTESIAN_POINT('',(-1.05096385770858E-14,2.05,8.3));
#6532=CARTESIAN_POINT('',(2.815,2.05,8.3));
#6533=CARTESIAN_POINT('',(2.815,2.05,0.));
#6534=CARTESIAN_POINT('',(1.685,2.05,8.59708546182624E-17));
#6535=CARTESIAN_POINT('',(1.685,2.05,7.3));
#6536=CARTESIAN_POINT('',(-4.62170853088711E-15,2.05,7.3));
#6537=CARTESIAN_POINT('',(0.315,2.05,7.3));
#6538=CARTESIAN_POINT('',(0.315,2.05,-1.20537770941035E-17));
#6539=CARTESIAN_POINT('',(-0.315,2.05,-1.80806656411553E-17));
#6540=CARTESIAN_POINT('',(-0.315,2.05,7.3));
#6541=CARTESIAN_POINT('',(-4.62170853088711E-15,2.05,7.3));
#6542=CARTESIAN_POINT('',(-1.685,2.05,7.3));
#6543=CARTESIAN_POINT('',(-1.685,2.05,-8.59708546182624E-17));
#6544=CARTESIAN_POINT('',(-2.815,2.05,-1.2850648907565E-16));
#6545=CARTESIAN_POINT('',(-2.815,2.05,8.3));
#6546=CARTESIAN_POINT('',(0.,2.05,8.3));
#6547=CARTESIAN_POINT('',(-4.725,2.05,0.200000000000001));
#6548=CARTESIAN_POINT('',(4.725,2.05,9.3));
#6549=CARTESIAN_POINT('',(0.,2.25,0.));
#6550=CARTESIAN_POINT('',(0.315,2.25,-1.2));
#6551=CARTESIAN_POINT('',(1.685,2.25,-1.2));
#6552=CARTESIAN_POINT('',(1.685,2.25,7.3));
#6553=CARTESIAN_POINT('',(0.315,1.73,-1.2));
#6554=CARTESIAN_POINT('',(0.315,1.73,7.3));
#6555=CARTESIAN_POINT('',(0.315,1.73,7.3));
#6556=CARTESIAN_POINT('',(0.315,1.73,-1.2));
#6557=CARTESIAN_POINT('',(0.315,1.73,-1.2));
#6558=CARTESIAN_POINT('',(0.315,1.73,-1.2));
#6559=CARTESIAN_POINT('',(1.685,1.73,7.3));
#6560=CARTESIAN_POINT('',(1.685,1.73,-1.2));
#6561=CARTESIAN_POINT('',(1.685,1.73,-1.2));
#6562=CARTESIAN_POINT('',(1.685,1.73,7.3));
#6563=CARTESIAN_POINT('',(1.685,1.73,7.3));
#6564=CARTESIAN_POINT('',(1.685,1.73,7.3));
#6565=CARTESIAN_POINT('',(0.315,1.73,7.3));
#6566=CARTESIAN_POINT('',(0.315,1.73,7.3));
#6567=CARTESIAN_POINT('',(0.,1.73,0.));
#6568=CARTESIAN_POINT('',(0.3,1.73,-1.2));
#6569=CARTESIAN_POINT('',(1.7,1.73,-1.2));
#6570=CARTESIAN_POINT('',(1.7,1.73,-1.2));
#6571=CARTESIAN_POINT('',(0.3,1.73,-1.2));
#6572=CARTESIAN_POINT('',(0.3,1.73,-1.2));
#6573=CARTESIAN_POINT('',(0.3,1.73,-1.2));
#6574=CARTESIAN_POINT('',(0.,2.25,0.));
#6575=CARTESIAN_POINT('',(-1.685,2.25,-1.2));
#6576=CARTESIAN_POINT('',(-0.314999999999999,2.25,-1.2));
#6577=CARTESIAN_POINT('',(-0.315,2.25,7.3));
#6578=CARTESIAN_POINT('',(-1.685,1.73,-1.2));
#6579=CARTESIAN_POINT('',(-1.685,1.73,7.3));
#6580=CARTESIAN_POINT('',(-1.685,1.73,7.3));
#6581=CARTESIAN_POINT('',(-1.685,1.73,-1.2));
#6582=CARTESIAN_POINT('',(-1.685,1.73,-1.2));
#6583=CARTESIAN_POINT('',(-1.685,1.73,-1.2));
#6584=CARTESIAN_POINT('',(-0.315,1.73,7.3));
#6585=CARTESIAN_POINT('',(-0.314999999999999,1.73,-1.2));
#6586=CARTESIAN_POINT('',(-0.315,1.73,-1.2));
#6587=CARTESIAN_POINT('',(-0.315,1.73,7.3));
#6588=CARTESIAN_POINT('',(-0.315,1.73,7.3));
#6589=CARTESIAN_POINT('',(-0.315,1.73,7.3));
#6590=CARTESIAN_POINT('',(-1.685,1.73,7.3));
#6591=CARTESIAN_POINT('',(-1.685,1.73,7.3));
#6592=CARTESIAN_POINT('',(0.,1.73,0.));
#6593=CARTESIAN_POINT('',(-1.7,1.73,-1.2));
#6594=CARTESIAN_POINT('',(-0.3,1.73,-1.2));
#6595=CARTESIAN_POINT('',(-0.3,1.73,-1.2));
#6596=CARTESIAN_POINT('',(-1.7,1.73,-1.2));
#6597=CARTESIAN_POINT('',(-1.7,1.73,-1.2));
#6598=CARTESIAN_POINT('',(-1.7,1.73,-1.2));
#6599=CARTESIAN_POINT('',(0.,2.25,0.));
#6600=CARTESIAN_POINT('',(2.815,2.25,-1.2));
#6601=CARTESIAN_POINT('',(4.185,2.25,-1.2));
#6602=CARTESIAN_POINT('',(4.185,2.25,8.3));
#6603=CARTESIAN_POINT('',(2.815,1.73,-1.2));
#6604=CARTESIAN_POINT('',(2.815,1.73,8.3));
#6605=CARTESIAN_POINT('',(2.815,1.73,8.3));
#6606=CARTESIAN_POINT('',(2.815,1.73,-1.2));
#6607=CARTESIAN_POINT('',(2.815,1.73,-1.2));
#6608=CARTESIAN_POINT('',(2.815,1.73,-1.2));
#6609=CARTESIAN_POINT('',(4.185,1.73,8.3));
#6610=CARTESIAN_POINT('',(4.185,1.73,-1.2));
#6611=CARTESIAN_POINT('',(4.185,1.73,-1.2));
#6612=CARTESIAN_POINT('',(4.185,1.73,8.3));
#6613=CARTESIAN_POINT('',(4.185,1.73,8.3));
#6614=CARTESIAN_POINT('',(4.185,1.73,8.3));
#6615=CARTESIAN_POINT('',(2.815,1.73,8.3));
#6616=CARTESIAN_POINT('',(2.815,1.73,8.3));
#6617=CARTESIAN_POINT('',(0.,1.73,0.));
#6618=CARTESIAN_POINT('',(2.8,1.73,-1.2));
#6619=CARTESIAN_POINT('',(4.2,1.73,-1.2));
#6620=CARTESIAN_POINT('',(4.2,1.73,-1.2));
#6621=CARTESIAN_POINT('',(2.8,1.73,-1.2));
#6622=CARTESIAN_POINT('',(2.8,1.73,-1.2));
#6623=CARTESIAN_POINT('',(2.8,1.73,-1.2));
#6624=CARTESIAN_POINT('',(0.,2.25,0.));
#6625=CARTESIAN_POINT('',(-4.185,2.25,-1.2));
#6626=CARTESIAN_POINT('',(-2.815,2.25,-1.2));
#6627=CARTESIAN_POINT('',(-2.815,2.25,8.3));
#6628=CARTESIAN_POINT('',(-4.185,1.73,-1.2));
#6629=CARTESIAN_POINT('',(-4.185,1.73,8.3));
#6630=CARTESIAN_POINT('',(-4.185,1.73,8.3));
#6631=CARTESIAN_POINT('',(-4.185,1.73,-1.2));
#6632=CARTESIAN_POINT('',(-4.185,1.73,-1.2));
#6633=CARTESIAN_POINT('',(-4.185,1.73,-1.2));
#6634=CARTESIAN_POINT('',(-2.815,1.73,8.3));
#6635=CARTESIAN_POINT('',(-2.815,1.73,-1.2));
#6636=CARTESIAN_POINT('',(-2.815,1.73,-1.2));
#6637=CARTESIAN_POINT('',(-2.815,1.73,8.3));
#6638=CARTESIAN_POINT('',(-2.815,1.73,8.3));
#6639=CARTESIAN_POINT('',(-2.815,1.73,8.3));
#6640=CARTESIAN_POINT('',(-4.185,1.73,8.3));
#6641=CARTESIAN_POINT('',(-4.185,1.73,8.3));
#6642=CARTESIAN_POINT('',(0.,1.73,0.));
#6643=CARTESIAN_POINT('',(-4.2,1.73,-1.2));
#6644=CARTESIAN_POINT('',(-2.8,1.73,-1.2));
#6645=CARTESIAN_POINT('',(-2.8,1.73,-1.2));
#6646=CARTESIAN_POINT('',(-4.2,1.73,-1.2));
#6647=CARTESIAN_POINT('',(-4.2,1.73,-1.2));
#6648=CARTESIAN_POINT('',(-4.2,1.73,-1.2));
#6649=CARTESIAN_POINT('',(-2.3,0.18,-8.05));
#6650=CARTESIAN_POINT('',(-2.3,0.48,-8.05));
#6651=CARTESIAN_POINT('',(-2.3,0.48,-8.55));
#6652=CARTESIAN_POINT('',(-2.3,0.479999999999999,-8.05));
#6653=CARTESIAN_POINT('',(-2.3,0.18,-8.05));
#6654=CARTESIAN_POINT('',(-2.3,0.18,-8.25));
#6655=CARTESIAN_POINT('',(-2.1,0.18,-8.05));
#6656=CARTESIAN_POINT('',(2.3,0.18,-8.05));
#6657=CARTESIAN_POINT('',(2.3,0.48,-8.05));
#6658=CARTESIAN_POINT('',(2.3,0.48,-8.55));
#6659=CARTESIAN_POINT('',(2.3,0.48,-8.05));
#6660=CARTESIAN_POINT('',(2.3,0.18,-8.05));
#6661=CARTESIAN_POINT('',(2.3,0.18,-8.25));
#6662=CARTESIAN_POINT('',(2.5,0.18,-8.05));
#6663=CARTESIAN_POINT('',(0.,0.,-1.2));
#6664=CARTESIAN_POINT('',(-4.2,2.13,-1.2));
#6665=CARTESIAN_POINT('',(-4.2,2.13,-1.2));
#6666=CARTESIAN_POINT('',(-3.975,2.13,-1.2));
#6667=CARTESIAN_POINT('',(0.,0.,-1.2));
#6668=CARTESIAN_POINT('',(-3.975,3.12,-1.2));
#6669=CARTESIAN_POINT('',(-3.975,3.12,-1.2));
#6670=CARTESIAN_POINT('',(-3.025,3.12,-1.2));
#6671=CARTESIAN_POINT('',(-3.025,3.12,-1.2));
#6672=CARTESIAN_POINT('',(-3.025,2.13,-1.2));
#6673=CARTESIAN_POINT('',(-3.975,2.13,-1.2));
#6674=CARTESIAN_POINT('',(-3.975,2.13,-1.2));
#6675=CARTESIAN_POINT('',(-4.2,2.13,-1.2));
#6676=CARTESIAN_POINT('',(-4.2,2.13,-1.2));
#6677=CARTESIAN_POINT('',(-2.8,1.73,-1.2));
#6678=CARTESIAN_POINT('',(-2.8,1.73,-1.2));
#6679=CARTESIAN_POINT('',(-2.8,2.13,-1.2));
#6680=CARTESIAN_POINT('',(-2.8,2.13,-1.2));
#6681=CARTESIAN_POINT('',(-2.8,2.13,-1.2));
#6682=CARTESIAN_POINT('',(-2.8,2.13,-1.2));
#6683=CARTESIAN_POINT('',(-3.025,2.13,-1.2));
#6684=CARTESIAN_POINT('',(-3.025,2.13,-1.2));
#6685=CARTESIAN_POINT('',(-3.025,3.12,-1.2));
#6686=CARTESIAN_POINT('',(-3.025,3.12,-1.2));
#6687=CARTESIAN_POINT('',(-3.975,3.12,-1.2));
#6688=CARTESIAN_POINT('',(-3.975,3.12,-1.2));
#6689=CARTESIAN_POINT('',(0.,0.,-1.2));
#6690=CARTESIAN_POINT('',(0.,0.,-1.2));
#6691=CARTESIAN_POINT('',(-1.7,2.13,-1.2));
#6692=CARTESIAN_POINT('',(-1.7,2.13,-1.2));
#6693=CARTESIAN_POINT('',(-1.475,2.13,-1.2));
#6694=CARTESIAN_POINT('',(0.,0.,-1.2));
#6695=CARTESIAN_POINT('',(-1.475,3.12,-1.2));
#6696=CARTESIAN_POINT('',(-1.475,3.12,-1.2));
#6697=CARTESIAN_POINT('',(-0.525,3.12,-1.2));
#6698=CARTESIAN_POINT('',(-0.525,3.12,-1.2));
#6699=CARTESIAN_POINT('',(-0.525,2.13,-1.2));
#6700=CARTESIAN_POINT('',(-1.475,2.13,-1.2));
#6701=CARTESIAN_POINT('',(-1.475,2.13,-1.2));
#6702=CARTESIAN_POINT('',(-1.7,2.13,-1.2));
#6703=CARTESIAN_POINT('',(-1.7,2.13,-1.2));
#6704=CARTESIAN_POINT('',(-0.3,1.73,-1.2));
#6705=CARTESIAN_POINT('',(-0.3,1.73,-1.2));
#6706=CARTESIAN_POINT('',(-0.3,2.13,-1.2));
#6707=CARTESIAN_POINT('',(-0.3,2.13,-1.2));
#6708=CARTESIAN_POINT('',(-0.3,2.13,-1.2));
#6709=CARTESIAN_POINT('',(-0.3,2.13,-1.2));
#6710=CARTESIAN_POINT('',(-0.525,2.13,-1.2));
#6711=CARTESIAN_POINT('',(-0.525,2.13,-1.2));
#6712=CARTESIAN_POINT('',(-0.525,3.12,-1.2));
#6713=CARTESIAN_POINT('',(-0.525,3.12,-1.2));
#6714=CARTESIAN_POINT('',(-1.475,3.12,-1.2));
#6715=CARTESIAN_POINT('',(-1.475,3.12,-1.2));
#6716=CARTESIAN_POINT('',(0.,0.,-1.2));
#6717=CARTESIAN_POINT('',(0.,0.,-1.2));
#6718=CARTESIAN_POINT('',(0.3,2.13,-1.2));
#6719=CARTESIAN_POINT('',(0.3,2.13,-1.2));
#6720=CARTESIAN_POINT('',(0.525,2.13,-1.2));
#6721=CARTESIAN_POINT('',(0.,0.,-1.2));
#6722=CARTESIAN_POINT('',(0.525,3.12,-1.2));
#6723=CARTESIAN_POINT('',(0.525,3.12,-1.2));
#6724=CARTESIAN_POINT('',(1.475,3.12,-1.2));
#6725=CARTESIAN_POINT('',(1.475,3.12,-1.2));
#6726=CARTESIAN_POINT('',(1.475,2.13,-1.2));
#6727=CARTESIAN_POINT('',(0.525,2.13,-1.2));
#6728=CARTESIAN_POINT('',(0.525,2.13,-1.2));
#6729=CARTESIAN_POINT('',(0.3,2.13,-1.2));
#6730=CARTESIAN_POINT('',(0.3,2.13,-1.2));
#6731=CARTESIAN_POINT('',(1.7,1.73,-1.2));
#6732=CARTESIAN_POINT('',(1.7,1.73,-1.2));
#6733=CARTESIAN_POINT('',(1.7,2.13,-1.2));
#6734=CARTESIAN_POINT('',(1.7,2.13,-1.2));
#6735=CARTESIAN_POINT('',(1.7,2.13,-1.2));
#6736=CARTESIAN_POINT('',(1.7,2.13,-1.2));
#6737=CARTESIAN_POINT('',(1.475,2.13,-1.2));
#6738=CARTESIAN_POINT('',(1.475,2.13,-1.2));
#6739=CARTESIAN_POINT('',(1.475,3.12,-1.2));
#6740=CARTESIAN_POINT('',(1.475,3.12,-1.2));
#6741=CARTESIAN_POINT('',(0.525,3.12,-1.2));
#6742=CARTESIAN_POINT('',(0.525,3.12,-1.2));
#6743=CARTESIAN_POINT('',(0.,0.,-1.2));
#6744=CARTESIAN_POINT('',(0.,0.,-1.2));
#6745=CARTESIAN_POINT('',(2.8,2.13,-1.2));
#6746=CARTESIAN_POINT('',(2.8,2.13,-1.2));
#6747=CARTESIAN_POINT('',(3.025,2.13,-1.2));
#6748=CARTESIAN_POINT('',(0.,0.,-1.2));
#6749=CARTESIAN_POINT('',(3.025,3.12,-1.2));
#6750=CARTESIAN_POINT('',(3.025,3.12,-1.2));
#6751=CARTESIAN_POINT('',(3.975,3.12,-1.2));
#6752=CARTESIAN_POINT('',(3.975,3.12,-1.2));
#6753=CARTESIAN_POINT('',(3.975,2.13,-1.2));
#6754=CARTESIAN_POINT('',(3.025,2.13,-1.2));
#6755=CARTESIAN_POINT('',(3.025,2.13,-1.2));
#6756=CARTESIAN_POINT('',(2.8,2.13,-1.2));
#6757=CARTESIAN_POINT('',(2.8,2.13,-1.2));
#6758=CARTESIAN_POINT('',(4.2,1.73,-1.2));
#6759=CARTESIAN_POINT('',(4.2,1.73,-1.2));
#6760=CARTESIAN_POINT('',(4.2,2.13,-1.2));
#6761=CARTESIAN_POINT('',(4.2,2.13,-1.2));
#6762=CARTESIAN_POINT('',(4.2,2.13,-1.2));
#6763=CARTESIAN_POINT('',(4.2,2.13,-1.2));
#6764=CARTESIAN_POINT('',(3.975,2.13,-1.2));
#6765=CARTESIAN_POINT('',(3.975,2.13,-1.2));
#6766=CARTESIAN_POINT('',(3.975,3.12,-1.2));
#6767=CARTESIAN_POINT('',(3.975,3.12,-1.2));
#6768=CARTESIAN_POINT('',(3.025,3.12,-1.2));
#6769=CARTESIAN_POINT('',(3.025,3.12,-1.2));
#6770=CARTESIAN_POINT('',(0.,0.,-1.2));
#6771=CARTESIAN_POINT('',(0.,0.,0.));
#6772=CARTESIAN_POINT('',(4.185,1.73,7.4));
#6773=CARTESIAN_POINT('',(2.815,1.73,7.4));
#6774=CARTESIAN_POINT('',(2.815,1.73,-0.575000000000017));
#6775=CARTESIAN_POINT('',(2.815,1.73,7.4));
#6776=CARTESIAN_POINT('',(4.18499999999987,1.73,-0.575000000000041));
#6777=CARTESIAN_POINT('',(1.685,1.73,-0.574999999999999));
#6778=CARTESIAN_POINT('',(1.685,1.73,7.4));
#6779=CARTESIAN_POINT('',(1.685,1.73,7.4));
#6780=CARTESIAN_POINT('',(4.185,1.73,7.4));
#6781=CARTESIAN_POINT('',(0.315,1.73,7.4));
#6782=CARTESIAN_POINT('',(0.315,1.73,7.4));
#6783=CARTESIAN_POINT('',(0.315,1.73,-0.575000000000003));
#6784=CARTESIAN_POINT('',(4.18499999999998,1.73,-0.575000000000013));
#6785=CARTESIAN_POINT('',(-0.315,1.73,-0.575000000000001));
#6786=CARTESIAN_POINT('',(-0.315,1.73,7.4));
#6787=CARTESIAN_POINT('',(-0.315,1.73,7.4));
#6788=CARTESIAN_POINT('',(4.185,1.73,7.4));
#6789=CARTESIAN_POINT('',(-1.685,1.73,7.4));
#6790=CARTESIAN_POINT('',(-1.685,1.73,7.4));
#6791=CARTESIAN_POINT('',(-1.685,1.73,-0.575000000000003));
#6792=CARTESIAN_POINT('',(4.18499999999999,1.73,-0.575000000000011));
#6793=CARTESIAN_POINT('',(-2.815,1.73,-0.575000000000001));
#6794=CARTESIAN_POINT('',(-2.815,1.73,7.4));
#6795=CARTESIAN_POINT('',(-2.815,1.73,7.4));
#6796=CARTESIAN_POINT('',(4.185,1.73,7.4));
#6797=CARTESIAN_POINT('',(-4.185,1.73,7.4));
#6798=CARTESIAN_POINT('',(-4.185,1.73,7.4));
#6799=CARTESIAN_POINT('',(-4.185,1.73,-9.1));
#6800=CARTESIAN_POINT('',(4.185,1.73,-9.1));
#6801=CARTESIAN_POINT('',(-3.81,1.73,-9.1));
#6802=CARTESIAN_POINT('',(-3.81,1.73,7.4));
#6803=CARTESIAN_POINT('',(-3.81,1.73,-10.35));
#6804=CARTESIAN_POINT('',(4.185,1.73,-10.35));
#6805=CARTESIAN_POINT('',(-3.19,1.73,-10.35));
#6806=CARTESIAN_POINT('',(-3.19,1.73,7.4));
#6807=CARTESIAN_POINT('',(-3.19,1.73,-9.1));
#6808=CARTESIAN_POINT('',(4.185,1.73,-9.1));
#6809=CARTESIAN_POINT('',(-1.31,1.73,-9.1));
#6810=CARTESIAN_POINT('',(-1.31,1.73,7.4));
#6811=CARTESIAN_POINT('',(-1.31,1.73,-10.35));
#6812=CARTESIAN_POINT('',(4.185,1.73,-10.35));
#6813=CARTESIAN_POINT('',(-0.69,1.73,-10.35));
#6814=CARTESIAN_POINT('',(-0.69,1.73,7.4));
#6815=CARTESIAN_POINT('',(-0.69,1.73,-9.1));
#6816=CARTESIAN_POINT('',(4.185,1.73,-9.1));
#6817=CARTESIAN_POINT('',(0.69,1.73,-9.1));
#6818=CARTESIAN_POINT('',(0.69,1.73,7.4));
#6819=CARTESIAN_POINT('',(0.69,1.73,-10.35));
#6820=CARTESIAN_POINT('',(4.185,1.73,-10.35));
#6821=CARTESIAN_POINT('',(1.31,1.73,-10.35));
#6822=CARTESIAN_POINT('',(1.31,1.73,7.4));
#6823=CARTESIAN_POINT('',(1.31,1.73,-9.1));
#6824=CARTESIAN_POINT('',(4.185,1.73,-9.1));
#6825=CARTESIAN_POINT('',(3.19,1.73,-9.1));
#6826=CARTESIAN_POINT('',(3.19,1.73,7.4));
#6827=CARTESIAN_POINT('',(3.19,1.73,-10.35));
#6828=CARTESIAN_POINT('',(4.185,1.73,-10.35));
#6829=CARTESIAN_POINT('',(3.81,1.73,-10.35));
#6830=CARTESIAN_POINT('',(3.81,1.73,7.4));
#6831=CARTESIAN_POINT('',(3.81,1.73,-9.1));
#6832=CARTESIAN_POINT('',(4.185,1.73,-9.1));
#6833=CARTESIAN_POINT('',(4.185,1.73,-9.1));
#6834=CARTESIAN_POINT('',(4.185,1.73,7.4));
#6835=CARTESIAN_POINT('',(4.185,1.73,7.4));
#6836=CARTESIAN_POINT('',(4.185,1.73,7.4));
#6837=CARTESIAN_POINT('',(4.185,1.98,7.4));
#6838=CARTESIAN_POINT('',(2.815,1.98,7.4));
#6839=CARTESIAN_POINT('',(2.815,1.98,7.4));
#6840=CARTESIAN_POINT('',(4.185,1.98,7.4));
#6841=CARTESIAN_POINT('',(4.185,1.98,7.4));
#6842=CARTESIAN_POINT('',(4.185,1.98,7.4));
#6843=CARTESIAN_POINT('',(4.185,1.98,7.4));
#6844=CARTESIAN_POINT('',(1.685,1.98,7.4));
#6845=CARTESIAN_POINT('',(1.685,1.98,7.4));
#6846=CARTESIAN_POINT('',(4.185,1.98,7.4));
#6847=CARTESIAN_POINT('',(0.315,1.98,7.4));
#6848=CARTESIAN_POINT('',(0.315,1.98,7.4));
#6849=CARTESIAN_POINT('',(4.185,1.98,7.4));
#6850=CARTESIAN_POINT('',(-0.315,1.98,7.4));
#6851=CARTESIAN_POINT('',(-0.315,1.98,7.4));
#6852=CARTESIAN_POINT('',(4.185,1.98,7.4));
#6853=CARTESIAN_POINT('',(-1.685,1.98,7.4));
#6854=CARTESIAN_POINT('',(-1.685,1.98,7.4));
#6855=CARTESIAN_POINT('',(4.185,1.98,7.4));
#6856=CARTESIAN_POINT('',(-2.815,1.98,7.4));
#6857=CARTESIAN_POINT('',(-2.815,1.98,7.4));
#6858=CARTESIAN_POINT('',(4.185,1.98,7.4));
#6859=CARTESIAN_POINT('',(-4.185,1.98,7.4));
#6860=CARTESIAN_POINT('',(-4.185,1.98,7.4));
#6861=CARTESIAN_POINT('',(4.185,2.23,-0.600000000000001));
#6862=CARTESIAN_POINT('',(2.815,2.23,-0.600000000000001));
#6863=CARTESIAN_POINT('',(2.815,2.23,6.4));
#6864=CARTESIAN_POINT('',(2.815,2.23,-0.575000000000017));
#6865=CARTESIAN_POINT('',(4.185,2.23,6.4));
#6866=CARTESIAN_POINT('',(4.185,2.23,6.4));
#6867=CARTESIAN_POINT('',(4.185,2.23,-0.600000000000001));
#6868=CARTESIAN_POINT('',(4.185,2.23,-0.600000000000001));
#6869=CARTESIAN_POINT('',(4.185,2.23,-0.600000000000001));
#6870=CARTESIAN_POINT('',(-4.185,2.23,-0.600000000000001));
#6871=CARTESIAN_POINT('',(-4.185,2.23,-0.600000000000001));
#6872=CARTESIAN_POINT('',(-4.185,2.23,6.4));
#6873=CARTESIAN_POINT('',(4.185,2.23,6.4));
#6874=CARTESIAN_POINT('',(-2.815,2.23,6.4));
#6875=CARTESIAN_POINT('',(-2.815,2.23,-0.600000000000001));
#6876=CARTESIAN_POINT('',(-2.815,2.23,-0.575000000000001));
#6877=CARTESIAN_POINT('',(4.185,2.23,-0.575000000000012));
#6878=CARTESIAN_POINT('',(-1.685,2.23,-0.575000000000003));
#6879=CARTESIAN_POINT('',(-1.685,2.23,-0.600000000000001));
#6880=CARTESIAN_POINT('',(-1.685,2.23,6.4));
#6881=CARTESIAN_POINT('',(4.185,2.23,6.4));
#6882=CARTESIAN_POINT('',(-0.315,2.23,6.4));
#6883=CARTESIAN_POINT('',(-0.315,2.23,-0.600000000000001));
#6884=CARTESIAN_POINT('',(-0.315,2.23,-0.575000000000001));
#6885=CARTESIAN_POINT('',(4.185,2.23,-0.575000000000013));
#6886=CARTESIAN_POINT('',(0.315,2.23,-0.575000000000003));
#6887=CARTESIAN_POINT('',(0.315,2.23,-0.600000000000001));
#6888=CARTESIAN_POINT('',(0.315,2.23,6.4));
#6889=CARTESIAN_POINT('',(4.185,2.23,6.4));
#6890=CARTESIAN_POINT('',(1.685,2.23,6.4));
#6891=CARTESIAN_POINT('',(1.685,2.23,-0.600000000000001));
#6892=CARTESIAN_POINT('',(1.685,2.23,-0.574999999999999));
#6893=CARTESIAN_POINT('',(4.185,2.23,-0.575000000000041));
#6894=CARTESIAN_POINT('',(4.185,2.23,6.4));
#6895=CARTESIAN_POINT('',(2.815,2.23,6.4));
#6896=CARTESIAN_POINT('',(2.815,1.98,6.4));
#6897=CARTESIAN_POINT('',(4.185,1.98,6.4));
#6898=CARTESIAN_POINT('',(4.185,1.98,6.4));
#6899=CARTESIAN_POINT('',(4.185,2.23,6.4));
#6900=CARTESIAN_POINT('',(4.185,2.23,6.4));
#6901=CARTESIAN_POINT('',(1.685,2.23,6.4));
#6902=CARTESIAN_POINT('',(1.685,1.98,6.4));
#6903=CARTESIAN_POINT('',(0.315,2.23,6.4));
#6904=CARTESIAN_POINT('',(0.315,1.98,6.4));
#6905=CARTESIAN_POINT('',(4.185,1.98,6.4));
#6906=CARTESIAN_POINT('',(4.185,2.23,6.4));
#6907=CARTESIAN_POINT('',(-0.315,2.23,6.4));
#6908=CARTESIAN_POINT('',(-0.315,1.98,6.4));
#6909=CARTESIAN_POINT('',(-1.685,2.23,6.4));
#6910=CARTESIAN_POINT('',(-1.685,1.98,6.4));
#6911=CARTESIAN_POINT('',(4.185,1.98,6.4));
#6912=CARTESIAN_POINT('',(4.185,2.23,6.4));
#6913=CARTESIAN_POINT('',(-2.815,2.23,6.4));
#6914=CARTESIAN_POINT('',(-2.815,1.98,6.4));
#6915=CARTESIAN_POINT('',(-4.185,2.23,6.4));
#6916=CARTESIAN_POINT('',(-4.185,1.98,6.4));
#6917=CARTESIAN_POINT('',(4.185,1.98,6.4));
#6918=CARTESIAN_POINT('',(4.185,1.98,6.4));
#6919=CARTESIAN_POINT('',(2.815,1.98,6.4));
#6920=CARTESIAN_POINT('',(4.185,1.98,6.4));
#6921=CARTESIAN_POINT('',(4.185,1.98,6.4));
#6922=CARTESIAN_POINT('',(1.685,1.98,6.4));
#6923=CARTESIAN_POINT('',(0.315,1.98,6.4));
#6924=CARTESIAN_POINT('',(4.185,1.98,6.4));
#6925=CARTESIAN_POINT('',(-0.315,1.98,6.4));
#6926=CARTESIAN_POINT('',(-1.685,1.98,6.4));
#6927=CARTESIAN_POINT('',(4.185,1.98,6.4));
#6928=CARTESIAN_POINT('',(-2.815,1.98,6.4));
#6929=CARTESIAN_POINT('',(-4.185,1.98,6.4));
#6930=CARTESIAN_POINT('',(4.185,1.53,-10.35));
#6931=CARTESIAN_POINT('',(4.185,1.53,-10.55));
#6932=CARTESIAN_POINT('',(3.81,1.53,-10.55));
#6933=CARTESIAN_POINT('',(3.19,1.53,-10.55));
#6934=CARTESIAN_POINT('',(3.81,1.53,-10.35));
#6935=CARTESIAN_POINT('',(3.19,1.53,-10.35));
#6936=CARTESIAN_POINT('',(4.185,1.53,-10.35));
#6937=CARTESIAN_POINT('',(4.185,1.53,-10.55));
#6938=CARTESIAN_POINT('',(1.31,1.53,-10.55));
#6939=CARTESIAN_POINT('',(0.69,1.53,-10.55));
#6940=CARTESIAN_POINT('',(1.31,1.53,-10.35));
#6941=CARTESIAN_POINT('',(0.69,1.53,-10.35));
#6942=CARTESIAN_POINT('',(4.185,1.53,-10.35));
#6943=CARTESIAN_POINT('',(4.185,1.53,-10.55));
#6944=CARTESIAN_POINT('',(-0.69,1.53,-10.55));
#6945=CARTESIAN_POINT('',(-1.31,1.53,-10.55));
#6946=CARTESIAN_POINT('',(-0.69,1.53,-10.35));
#6947=CARTESIAN_POINT('',(-1.31,1.53,-10.35));
#6948=CARTESIAN_POINT('',(4.185,1.53,-10.35));
#6949=CARTESIAN_POINT('',(4.185,1.53,-10.55));
#6950=CARTESIAN_POINT('',(-3.19,1.53,-10.55));
#6951=CARTESIAN_POINT('',(-3.81,1.53,-10.55));
#6952=CARTESIAN_POINT('',(-3.19,1.53,-10.35));
#6953=CARTESIAN_POINT('',(-3.81,1.53,-10.35));
#6954=CARTESIAN_POINT('',(4.185,1.53,-10.55));
#6955=CARTESIAN_POINT('',(3.81,1.53,-10.55));
#6956=CARTESIAN_POINT('',(3.81,-1.12,-10.55));
#6957=CARTESIAN_POINT('',(3.19,1.53,-10.55));
#6958=CARTESIAN_POINT('',(3.19,-1.12,-10.55));
#6959=CARTESIAN_POINT('',(4.185,-1.12,-10.55));
#6960=CARTESIAN_POINT('',(4.185,1.53,-10.55));
#6961=CARTESIAN_POINT('',(1.31,1.53,-10.55));
#6962=CARTESIAN_POINT('',(1.31,-1.12,-10.55));
#6963=CARTESIAN_POINT('',(0.69,1.53,-10.55));
#6964=CARTESIAN_POINT('',(0.69,-1.12,-10.55));
#6965=CARTESIAN_POINT('',(4.185,-1.12,-10.55));
#6966=CARTESIAN_POINT('',(4.185,1.53,-10.55));
#6967=CARTESIAN_POINT('',(-0.69,1.53,-10.55));
#6968=CARTESIAN_POINT('',(-0.69,-1.12,-10.55));
#6969=CARTESIAN_POINT('',(-1.31,1.53,-10.55));
#6970=CARTESIAN_POINT('',(-1.31,-1.12,-10.55));
#6971=CARTESIAN_POINT('',(4.185,-1.12,-10.55));
#6972=CARTESIAN_POINT('',(4.185,1.53,-10.55));
#6973=CARTESIAN_POINT('',(-3.19,1.53,-10.55));
#6974=CARTESIAN_POINT('',(-3.19,-1.12,-10.55));
#6975=CARTESIAN_POINT('',(-3.81,1.53,-10.55));
#6976=CARTESIAN_POINT('',(-3.81,-1.11999999999999,-10.55));
#6977=CARTESIAN_POINT('',(4.185,-1.12,-10.55));
#6978=CARTESIAN_POINT('',(4.185,-1.12,-10.55));
#6979=CARTESIAN_POINT('',(3.81,-1.12,-9.1));
#6980=CARTESIAN_POINT('',(3.81,-1.12,-10.8));
#6981=CARTESIAN_POINT('',(3.19,-1.12,-9.1));
#6982=CARTESIAN_POINT('',(3.19,-1.12,-10.8));
#6983=CARTESIAN_POINT('',(4.185,-1.12,-10.8));
#6984=CARTESIAN_POINT('',(4.185,-1.12,-10.55));
#6985=CARTESIAN_POINT('',(1.31,-1.12,-9.1));
#6986=CARTESIAN_POINT('',(1.31,-1.12,-10.8));
#6987=CARTESIAN_POINT('',(0.69,-1.12,-9.1));
#6988=CARTESIAN_POINT('',(0.69,-1.12,-10.8));
#6989=CARTESIAN_POINT('',(4.185,-1.12,-10.8));
#6990=CARTESIAN_POINT('',(4.185,-1.12,-10.55));
#6991=CARTESIAN_POINT('',(-0.69,-1.12,-9.1));
#6992=CARTESIAN_POINT('',(-0.69,-1.12,-10.8));
#6993=CARTESIAN_POINT('',(-1.31,-1.12,-9.1));
#6994=CARTESIAN_POINT('',(-1.31,-1.12,-10.8));
#6995=CARTESIAN_POINT('',(4.185,-1.12,-10.8));
#6996=CARTESIAN_POINT('',(4.185,-1.12,-10.55));
#6997=CARTESIAN_POINT('',(-3.19,-1.12,-9.1));
#6998=CARTESIAN_POINT('',(-3.19,-1.12,-10.8));
#6999=CARTESIAN_POINT('',(-3.81,-1.11999999999999,-9.1));
#7000=CARTESIAN_POINT('',(-3.81,-1.11999999999999,-10.8));
#7001=CARTESIAN_POINT('',(4.185,-1.12,-10.8));
#7002=CARTESIAN_POINT('',(4.185,-1.12,-10.8));
#7003=CARTESIAN_POINT('',(3.81,1.97999999999999,-10.8));
#7004=CARTESIAN_POINT('',(3.81,1.53,-10.8));
#7005=CARTESIAN_POINT('',(3.19,-1.12,-10.8));
#7006=CARTESIAN_POINT('',(3.19,1.53,-10.8));
#7007=CARTESIAN_POINT('',(4.185,1.53,-10.8));
#7008=CARTESIAN_POINT('',(4.185,-1.12,-10.8));
#7009=CARTESIAN_POINT('',(1.31,1.98,-10.8));
#7010=CARTESIAN_POINT('',(1.31,1.53,-10.8));
#7011=CARTESIAN_POINT('',(0.69,-1.12,-10.8));
#7012=CARTESIAN_POINT('',(0.69,1.53,-10.8));
#7013=CARTESIAN_POINT('',(4.185,1.53,-10.8));
#7014=CARTESIAN_POINT('',(4.185,-1.12,-10.8));
#7015=CARTESIAN_POINT('',(-0.69,1.98,-10.8));
#7016=CARTESIAN_POINT('',(-0.69,1.53,-10.8));
#7017=CARTESIAN_POINT('',(-1.31,-1.12,-10.8));
#7018=CARTESIAN_POINT('',(-1.31,1.53,-10.8));
#7019=CARTESIAN_POINT('',(4.185,1.53,-10.8));
#7020=CARTESIAN_POINT('',(4.185,-1.12,-10.8));
#7021=CARTESIAN_POINT('',(-3.19,1.98,-10.8));
#7022=CARTESIAN_POINT('',(-3.19,1.53,-10.8));
#7023=CARTESIAN_POINT('',(-3.81,-1.11999999999999,-10.8));
#7024=CARTESIAN_POINT('',(-3.81,1.53,-10.8));
#7025=CARTESIAN_POINT('',(4.185,1.53,-10.8));
#7026=CARTESIAN_POINT('',(4.185,1.53,-10.35));
#7027=CARTESIAN_POINT('',(3.81,1.53,-10.35));
#7028=CARTESIAN_POINT('',(3.81,1.97999999999999,-10.35));
#7029=CARTESIAN_POINT('',(3.19,1.53,-10.35));
#7030=CARTESIAN_POINT('',(3.19,1.97999999999999,-10.35));
#7031=CARTESIAN_POINT('',(4.185,1.98,-10.35));
#7032=CARTESIAN_POINT('',(4.185,1.53,-10.35));
#7033=CARTESIAN_POINT('',(1.31,1.53,-10.35));
#7034=CARTESIAN_POINT('',(1.31,1.98,-10.35));
#7035=CARTESIAN_POINT('',(0.69,1.53,-10.35));
#7036=CARTESIAN_POINT('',(0.69,1.97999999999999,-10.35));
#7037=CARTESIAN_POINT('',(4.185,1.98,-10.35));
#7038=CARTESIAN_POINT('',(4.185,1.53,-10.35));
#7039=CARTESIAN_POINT('',(-0.69,1.53,-10.35));
#7040=CARTESIAN_POINT('',(-0.69,1.98,-10.35));
#7041=CARTESIAN_POINT('',(-1.31,1.53,-10.35));
#7042=CARTESIAN_POINT('',(-1.31,1.97999999999999,-10.35));
#7043=CARTESIAN_POINT('',(4.185,1.98,-10.35));
#7044=CARTESIAN_POINT('',(4.185,1.53,-10.35));
#7045=CARTESIAN_POINT('',(-3.19,1.53,-10.35));
#7046=CARTESIAN_POINT('',(-3.19,1.98,-10.35));
#7047=CARTESIAN_POINT('',(-3.81,1.53,-10.35));
#7048=CARTESIAN_POINT('',(-3.81,1.98,-10.35));
#7049=CARTESIAN_POINT('',(4.185,1.98,-10.35));
#7050=CARTESIAN_POINT('',(4.185,1.98,-10.35));
#7051=CARTESIAN_POINT('',(3.81,1.97999999999999,-9.1));
#7052=CARTESIAN_POINT('',(3.81,1.97999999999999,-9.1));
#7053=CARTESIAN_POINT('',(3.19,1.97999999999999,-9.1));
#7054=CARTESIAN_POINT('',(3.19,1.97999999999999,-9.1));
#7055=CARTESIAN_POINT('',(3.19,1.97999999999999,-9.1));
#7056=CARTESIAN_POINT('',(1.31,1.98,-9.1));
#7057=CARTESIAN_POINT('',(1.31,1.98,-9.1));
#7058=CARTESIAN_POINT('',(0.69,1.97999999999999,-9.1));
#7059=CARTESIAN_POINT('',(0.69,1.97999999999999,-9.1));
#7060=CARTESIAN_POINT('',(0.69,1.97999999999999,-9.1));
#7061=CARTESIAN_POINT('',(-0.69,1.98,-9.1));
#7062=CARTESIAN_POINT('',(-0.69,1.98,-9.1));
#7063=CARTESIAN_POINT('',(-1.31,1.97999999999999,-9.1));
#7064=CARTESIAN_POINT('',(-1.31,1.97999999999999,-9.1));
#7065=CARTESIAN_POINT('',(-1.31,1.97999999999999,-9.1));
#7066=CARTESIAN_POINT('',(-3.19,1.98,-9.1));
#7067=CARTESIAN_POINT('',(-3.19,1.98,-9.1));
#7068=CARTESIAN_POINT('',(-3.81,1.98,-9.1));
#7069=CARTESIAN_POINT('',(-3.81,1.98,-9.1));
#7070=CARTESIAN_POINT('',(-3.81,1.98,-9.1));
#7071=CARTESIAN_POINT('',(-4.185,1.98,-9.1));
#7072=CARTESIAN_POINT('',(-4.185,1.98,-10.35));
#7073=CARTESIAN_POINT('',(-4.185,1.98,-0.600000000000002));
#7074=CARTESIAN_POINT('',(4.185,1.98,-0.600000000000002));
#7075=CARTESIAN_POINT('',(4.185,1.98,-0.600000000000002));
#7076=CARTESIAN_POINT('',(4.185,1.98,-10.35));
#7077=CARTESIAN_POINT('',(4.185,1.98,-9.1));
#7078=CARTESIAN_POINT('',(9.185,1.98000000000014,-9.1));
#7079=CARTESIAN_POINT('',(4.185,1.98,-0.600000000000001));
#7080=CARTESIAN_POINT('',(-4.185,1.98,-0.600000000000001));
#7081=CARTESIAN_POINT('',(4.185,1.98,-0.600000000000001));
#7082=CARTESIAN_POINT('',(4.185,1.53,-10.35));
#7083=CARTESIAN_POINT('',(4.185,1.53,-9.1));
#7084=CARTESIAN_POINT('',(-4.185,1.53,-10.35));
#7085=CARTESIAN_POINT('',(-4.185,1.53,-9.1));
#7086=CARTESIAN_POINT('',(0.,0.,-9.1));
#7087=CARTESIAN_POINT('',(-3.81,-1.11999999999999,-9.1));
#7088=CARTESIAN_POINT('',(-3.81,-1.11999999999999,-9.1));
#7089=CARTESIAN_POINT('',(0.,0.,-9.1));
#7090=CARTESIAN_POINT('',(3.81,1.97999999999999,-9.1));
#7091=CARTESIAN_POINT('',(3.81,1.97999999999999,-9.1));
#7092=CARTESIAN_POINT('',(0.,0.,-9.1));
#7093=CARTESIAN_POINT('',(-3.19,1.98,-9.1));
#7094=CARTESIAN_POINT('',(-1.31,-1.12,-9.1));
#7095=CARTESIAN_POINT('',(-3.19,1.98,-9.1));
#7096=CARTESIAN_POINT('',(-1.31,-1.12,-9.1));
#7097=CARTESIAN_POINT('',(0.,0.,-9.1));
#7098=CARTESIAN_POINT('',(-0.69,1.98,-9.1));
#7099=CARTESIAN_POINT('',(0.69,-1.12,-9.1));
#7100=CARTESIAN_POINT('',(-0.69,1.98,-9.1));
#7101=CARTESIAN_POINT('',(0.69,-1.12,-9.1));
#7102=CARTESIAN_POINT('',(3.19,-1.12,-9.1));
#7103=CARTESIAN_POINT('',(3.19,-1.12,-9.1));
#7104=CARTESIAN_POINT('',(1.31,1.98,-9.1));
#7105=CARTESIAN_POINT('',(1.31,1.98,-9.1));
#7106=CARTESIAN_POINT('',(0.,0.,-9.1));
#7107=CARTESIAN_POINT('',(-1.685,4.5,7.52500000000001));
#7108=CARTESIAN_POINT('',(-1.685,4.5,-0.575000000000003));
#7109=CARTESIAN_POINT('',(-2.815,4.5,-0.575000000000001));
#7110=CARTESIAN_POINT('',(-2.815,4.5,-0.575000000000001));
#7111=CARTESIAN_POINT('',(-1.685,4.5,-0.575000000000003));
#7112=CARTESIAN_POINT('',(0.315,4.5,7.52499999999999));
#7113=CARTESIAN_POINT('',(0.315,4.5,-0.575000000000003));
#7114=CARTESIAN_POINT('',(-0.315,4.5,-0.575000000000001));
#7115=CARTESIAN_POINT('',(-0.315,4.5,-0.575000000000001));
#7116=CARTESIAN_POINT('',(0.315,4.5,-0.575000000000003));
#7117=CARTESIAN_POINT('',(2.815,4.5,-0.575000000000018));
#7118=CARTESIAN_POINT('',(2.815,4.5,-0.575000000000017));
#7119=CARTESIAN_POINT('',(1.685,4.5,-0.574999999999999));
#7120=CARTESIAN_POINT('',(2.815,4.5,7.525));
#7121=CARTESIAN_POINT('',(1.685,4.5,-0.574999999999999));
#7122=CARTESIAN_POINT('',(0.,0.,0.));
#7123=MECHANICAL_DESIGN_GEOMETRIC_PRESENTATION_REPRESENTATION('',(#4412,
#4413,#4414),#7124);
#7124=(
GEOMETRIC_REPRESENTATION_CONTEXT(3)
GLOBAL_UNCERTAINTY_ASSIGNED_CONTEXT((#7128))
GLOBAL_UNIT_ASSIGNED_CONTEXT((#7134,#7133,#7132))
REPRESENTATION_CONTEXT('USB-AM-S-S-W-TH-R','TOP_LEVEL_ASSEMBLY_PART')
);
#7125=(
GEOMETRIC_REPRESENTATION_CONTEXT(3)
GLOBAL_UNCERTAINTY_ASSIGNED_CONTEXT((#7129))
GLOBAL_UNIT_ASSIGNED_CONTEXT((#7134,#7133,#7132))
REPRESENTATION_CONTEXT('USB-AM-S-TH_S','COMPONENT_PART')
);
#7126=(
GEOMETRIC_REPRESENTATION_CONTEXT(3)
GLOBAL_UNCERTAINTY_ASSIGNED_CONTEXT((#7130))
GLOBAL_UNIT_ASSIGNED_CONTEXT((#7134,#7133,#7132))
REPRESENTATION_CONTEXT('USB-AM-S-W-TH_B','COMPONENT_PART')
);
#7127=(
GEOMETRIC_REPRESENTATION_CONTEXT(3)
GLOBAL_UNCERTAINTY_ASSIGNED_CONTEXT((#7131))
GLOBAL_UNIT_ASSIGNED_CONTEXT((#7134,#7133,#7132))
REPRESENTATION_CONTEXT('USB-AM-S-TH_P','COMPONENT_PART')
);
#7128=UNCERTAINTY_MEASURE_WITH_UNIT(LENGTH_MEASURE(1.E-5),#7134,
'DISTANCE_ACCURACY_VALUE','Maximum Tolerance applied to model');
#7129=UNCERTAINTY_MEASURE_WITH_UNIT(LENGTH_MEASURE(1.E-5),#7134,
'DISTANCE_ACCURACY_VALUE','Maximum Tolerance applied to model');
#7130=UNCERTAINTY_MEASURE_WITH_UNIT(LENGTH_MEASURE(1.E-5),#7134,
'DISTANCE_ACCURACY_VALUE','Maximum Tolerance applied to model');
#7131=UNCERTAINTY_MEASURE_WITH_UNIT(LENGTH_MEASURE(1.E-5),#7134,
'DISTANCE_ACCURACY_VALUE','Maximum Tolerance applied to model');
#7132=(
NAMED_UNIT(*)
SI_UNIT($,.STERADIAN.)
SOLID_ANGLE_UNIT()
);
#7133=(
NAMED_UNIT(*)
PLANE_ANGLE_UNIT()
SI_UNIT($,.RADIAN.)
);
#7134=(
LENGTH_UNIT()
NAMED_UNIT(*)
SI_UNIT(.MILLI.,.METRE.)
);
#7135=PRODUCT_DEFINITION_SHAPE('','',#7142);
#7136=PRODUCT_DEFINITION_SHAPE('','',#7143);
#7137=PRODUCT_DEFINITION_SHAPE(' ','NAUO PRDDFN',#25);
#7138=PRODUCT_DEFINITION_SHAPE('','',#7144);
#7139=PRODUCT_DEFINITION_SHAPE(' ','NAUO PRDDFN',#26);
#7140=PRODUCT_DEFINITION_SHAPE('','',#7145);
#7141=PRODUCT_DEFINITION_SHAPE(' ','NAUO PRDDFN',#27);
#7142=PRODUCT_DEFINITION('','',#7150,#7146);
#7143=PRODUCT_DEFINITION('','',#7151,#7147);
#7144=PRODUCT_DEFINITION('','',#7152,#7148);
#7145=PRODUCT_DEFINITION('','',#7153,#7149);
#7146=PRODUCT_DEFINITION_CONTEXT('',#7171,'design');
#7147=PRODUCT_DEFINITION_CONTEXT('',#7171,'design');
#7148=PRODUCT_DEFINITION_CONTEXT('',#7171,'design');
#7149=PRODUCT_DEFINITION_CONTEXT('',#7171,'design');
#7150=PRODUCT_DEFINITION_FORMATION_WITH_SPECIFIED_SOURCE('','',#7158,
 .NOT_KNOWN.);
#7151=PRODUCT_DEFINITION_FORMATION_WITH_SPECIFIED_SOURCE('','',#7159,
 .NOT_KNOWN.);
#7152=PRODUCT_DEFINITION_FORMATION_WITH_SPECIFIED_SOURCE('','',#7160,
 .NOT_KNOWN.);
#7153=PRODUCT_DEFINITION_FORMATION_WITH_SPECIFIED_SOURCE('','',#7161,
 .NOT_KNOWN.);
#7154=PRODUCT_RELATED_PRODUCT_CATEGORY('','',(#7158));
#7155=PRODUCT_RELATED_PRODUCT_CATEGORY('','',(#7159));
#7156=PRODUCT_RELATED_PRODUCT_CATEGORY('','',(#7160));
#7157=PRODUCT_RELATED_PRODUCT_CATEGORY('','',(#7161));
#7158=PRODUCT('USB-AM-S-S-W-TH-R','USB-AM-S-S-W-TH-R',
'USB-AM-S-S-W-TH-R',(#7166));
#7159=PRODUCT('USB-AM-S-TH_S','USB-AM-S-TH_S','USB-AM-S-TH_S',(#7167));
#7160=PRODUCT('USB-AM-S-W-TH_B','USB-AM-S-W-TH_B','USB-AM-S-W-TH_B',(#7168));
#7161=PRODUCT('USB-AM-S-TH_P','USB-AM-S-TH_P','USB-AM-S-TH_P',(#7169));
#7162=PRODUCT_CATEGORY('','');
#7163=PRODUCT_CATEGORY('','');
#7164=PRODUCT_CATEGORY('','');
#7165=PRODUCT_CATEGORY('','');
#7166=PRODUCT_CONTEXT('',#7171,'mechanical');
#7167=PRODUCT_CONTEXT('',#7171,'mechanical');
#7168=PRODUCT_CONTEXT('',#7171,'mechanical');
#7169=PRODUCT_CONTEXT('',#7171,'mechanical');
#7170=APPLICATION_PROTOCOL_DEFINITION('international standard',
'automotive_design',2010,#7171);
#7171=APPLICATION_CONTEXT(
'core data for automotive mechanical design processes');
ENDSEC;
END-ISO-10303-21;
