ISO-10303-21;
HEADER;
FILE_DESCRIPTION((''),'2;1');
FILE_NAME('C-2342079-3','2019-07-24T03:50:24',('workeradm'),(
'TE Connectivity Ltd.'),'CREO PARAMETRIC BY PTC INC, 2019030',
'CREO PARAMETRIC BY PTC INC, 2019030','');
FILE_SCHEMA(('AUTOMOTIVE_DESIGN { 1 0 10303 214 1 1 1 1 }'));
ENDSEC;
DATA;
#135=CARTESIAN_POINT('',(-8.4E0,2.737260226136E0,-9.8E0));
#136=DIRECTION('',(-1.E0,0.E0,0.E0));
#137=DIRECTION('',(0.E0,0.E0,1.E0));
#138=AXIS2_PLACEMENT_3D('',#135,#136,#137);
#140=DIRECTION('',(0.E0,8.711507884261E-2,-9.961982548862E-1));
#141=VECTOR('',#140,7.376503903041E-1);
#142=CARTESIAN_POINT('',(-8.4E0,3.135739528090E0,-9.765153968463E0));
#143=LINE('',#142,#141);
#144=DIRECTION('',(0.E0,1.E0,0.E0));
#145=VECTOR('',#144,6.E-1);
#146=CARTESIAN_POINT('',(-8.4E0,3.2E0,-1.05E1));
#147=LINE('',#146,#145);
#148=DIRECTION('',(0.E0,0.E0,1.E0));
#149=VECTOR('',#148,7.5E0);
#150=CARTESIAN_POINT('',(-8.4E0,3.8E0,-1.05E1));
#151=LINE('',#150,#149);
#152=DIRECTION('',(0.E0,1.E0,0.E0));
#153=VECTOR('',#152,4.E-1);
#154=CARTESIAN_POINT('',(-8.4E0,3.8E0,-3.E0));
#155=LINE('',#154,#153);
#156=CARTESIAN_POINT('',(-8.4E0,4.2E0,-2.8E0));
#157=DIRECTION('',(1.E0,0.E0,0.E0));
#158=DIRECTION('',(0.E0,0.E0,-1.E0));
#159=AXIS2_PLACEMENT_3D('',#156,#157,#158);
#161=DIRECTION('',(0.E0,0.E0,1.E0));
#162=VECTOR('',#161,1.55E0);
#163=CARTESIAN_POINT('',(-8.4E0,4.4E0,-2.8E0));
#164=LINE('',#163,#162);
#165=DIRECTION('',(0.E0,-2.588648330814E-1,9.659135562739E-1));
#166=VECTOR('',#165,1.294111664425E0);
#167=CARTESIAN_POINT('',(-8.4E0,4.4E0,-1.25E0));
#168=LINE('',#167,#166);
#169=DIRECTION('',(0.E0,-1.E0,0.E0));
#170=VECTOR('',#169,8.015E0);
#171=CARTESIAN_POINT('',(-8.4E0,4.065E0,0.E0));
#172=LINE('',#171,#170);
#173=DIRECTION('',(0.E0,0.E0,-1.E0));
#174=VECTOR('',#173,6.636675041929E0);
#175=CARTESIAN_POINT('',(-8.4E0,-3.95E0,0.E0));
#176=LINE('',#175,#174);
#177=CARTESIAN_POINT('',(-8.4E0,-3.75E0,-6.636675041929E0));
#178=DIRECTION('',(1.E0,0.E0,0.E0));
#179=DIRECTION('',(0.E0,-1.E0,0.E0));
#180=AXIS2_PLACEMENT_3D('',#177,#178,#179);
#182=CARTESIAN_POINT('',(-8.4E0,-4.75E0,-7.3E0));
#183=DIRECTION('',(-1.E0,0.E0,0.E0));
#184=DIRECTION('',(0.E0,8.333333333333E-1,5.527707983926E-1));
#185=AXIS2_PLACEMENT_3D('',#182,#183,#184);
#187=DIRECTION('',(0.E0,0.E0,-1.E0));
#188=VECTOR('',#187,3.2E0);
#189=CARTESIAN_POINT('',(-8.4E0,-3.75E0,-7.3E0));
#190=LINE('',#189,#188);
#191=DIRECTION('',(0.E0,1.E0,0.E0));
#192=VECTOR('',#191,7.E-1);
#193=CARTESIAN_POINT('',(-8.4E0,-3.75E0,-1.05E1));
#194=LINE('',#193,#192);
#195=DIRECTION('',(0.E0,8.715574274766E-2,9.961946980917E-1));
#196=VECTOR('',#195,7.376693516907E-1);
#197=CARTESIAN_POINT('',(-8.4E0,-3.05E0,-1.05E1));
#198=LINE('',#197,#196);
#199=CARTESIAN_POINT('',(-8.4E0,-2.587230000515E0,-9.8E0));
#200=DIRECTION('',(-1.E0,0.E0,0.E0));
#201=DIRECTION('',(0.E0,-9.961946980917E-1,8.715574274766E-2));
#202=AXIS2_PLACEMENT_3D('',#199,#200,#201);
#204=DIRECTION('',(0.E0,1.E0,0.E0));
#205=VECTOR('',#204,2.050969774379E0);
#206=CARTESIAN_POINT('',(-8.4E0,-2.587230000515E0,-9.4E0));
#207=LINE('',#206,#205);
#208=DIRECTION('',(0.E0,5.233595624294E-2,-9.986295347546E-1));
#209=VECTOR('',#208,2.603568099595E0);
#210=CARTESIAN_POINT('',(-8.4E0,-5.362602261359E-1,-9.4E0));
#211=LINE('',#210,#209);
#212=DIRECTION('',(0.E0,1.E0,0.E0));
#213=VECTOR('',#212,6.E-1);
#214=CARTESIAN_POINT('',(-8.4E0,-4.E-1,-1.2E1));
#215=LINE('',#214,#213);
#216=DIRECTION('',(0.E0,5.233595624294E-2,9.986295347546E-1));
#217=VECTOR('',#216,2.603568099595E0);
#218=CARTESIAN_POINT('',(-8.4E0,2.E-1,-1.2E1));
#219=LINE('',#218,#217);
#220=DIRECTION('',(0.E0,1.E0,0.E0));
#221=VECTOR('',#220,2.401E0);
#222=CARTESIAN_POINT('',(-8.4E0,3.362602261359E-1,-9.4E0));
#223=LINE('',#222,#221);
#224=DIRECTION('',(1.E0,0.E0,0.E0));
#225=VECTOR('',#224,1.1E0);
#226=CARTESIAN_POINT('',(-8.4E0,2.737260226136E0,-9.4E0));
#227=LINE('',#226,#225);
#228=DIRECTION('',(1.E0,0.E0,0.E0));
#229=VECTOR('',#228,1.1E0);
#230=CARTESIAN_POINT('',(-8.4E0,3.362602261359E-1,-9.4E0));
#231=LINE('',#230,#229);
#232=DIRECTION('',(0.E0,-1.E0,0.E0));
#233=VECTOR('',#232,3.85E0);
#234=CARTESIAN_POINT('',(-7.3E0,-4.E-1,-1.2E1));
#235=LINE('',#234,#233);
#236=DIRECTION('',(1.E0,0.E0,0.E0));
#237=VECTOR('',#236,1.46E1);
#238=CARTESIAN_POINT('',(-7.3E0,-4.25E0,-1.2E1));
#239=LINE('',#238,#237);
#240=DIRECTION('',(-1.E0,0.E0,0.E0));
#241=VECTOR('',#240,1.1E0);
#242=CARTESIAN_POINT('',(8.4E0,-4.E-1,-1.2E1));
#243=LINE('',#242,#241);
#244=DIRECTION('',(-1.E0,0.E0,0.E0));
#245=VECTOR('',#244,1.1E0);
#246=CARTESIAN_POINT('',(8.4E0,2.E-1,-1.2E1));
#247=LINE('',#246,#245);
#248=DIRECTION('',(0.E0,1.E0,0.E0));
#249=VECTOR('',#248,3.6E0);
#250=CARTESIAN_POINT('',(7.3E0,2.E-1,-1.2E1));
#251=LINE('',#250,#249);
#252=DIRECTION('',(0.E0,1.E0,0.E0));
#253=VECTOR('',#252,3.6E0);
#254=CARTESIAN_POINT('',(-7.3E0,2.E-1,-1.2E1));
#255=LINE('',#254,#253);
#256=DIRECTION('',(1.E0,0.E0,0.E0));
#257=VECTOR('',#256,1.1E0);
#258=CARTESIAN_POINT('',(-8.4E0,2.E-1,-1.2E1));
#259=LINE('',#258,#257);
#260=DIRECTION('',(1.E0,0.E0,0.E0));
#261=VECTOR('',#260,1.1E0);
#262=CARTESIAN_POINT('',(-8.4E0,-4.E-1,-1.2E1));
#263=LINE('',#262,#261);
#264=DIRECTION('',(0.E0,1.E0,0.E0));
#265=VECTOR('',#264,6.E-1);
#266=CARTESIAN_POINT('',(-7.3E0,3.2E0,-1.05E1));
#267=LINE('',#266,#265);
#268=DIRECTION('',(0.E0,8.711507884261E-2,-9.961982548862E-1));
#269=VECTOR('',#268,7.376503903041E-1);
#270=CARTESIAN_POINT('',(-7.3E0,3.135739528090E0,-9.765153968463E0));
#271=LINE('',#270,#269);
#272=CARTESIAN_POINT('',(-7.3E0,2.737260226136E0,-9.8E0));
#273=DIRECTION('',(-1.E0,0.E0,0.E0));
#274=DIRECTION('',(0.E0,0.E0,1.E0));
#275=AXIS2_PLACEMENT_3D('',#272,#273,#274);
#277=DIRECTION('',(0.E0,1.E0,0.E0));
#278=VECTOR('',#277,2.401E0);
#279=CARTESIAN_POINT('',(-7.3E0,3.362602261359E-1,-9.4E0));
#280=LINE('',#279,#278);
#281=DIRECTION('',(0.E0,5.233595624294E-2,9.986295347546E-1));
#282=VECTOR('',#281,2.603568099595E0);
#283=CARTESIAN_POINT('',(-7.3E0,2.E-1,-1.2E1));
#284=LINE('',#283,#282);
#285=DIRECTION('',(0.E0,9.848077530122E-1,1.736481776669E-1));
#286=VECTOR('',#285,5.077133059429E-1);
#287=CARTESIAN_POINT('',(-7.3E0,-4.25E0,-9.588163490354E0));
#288=LINE('',#287,#286);
#289=DIRECTION('',(0.E0,0.E0,-1.E0));
#290=VECTOR('',#289,2.411836509646E0);
#291=CARTESIAN_POINT('',(-7.3E0,-4.25E0,-9.588163490354E0));
#292=LINE('',#291,#290);
#293=DIRECTION('',(0.E0,5.233595624294E-2,-9.986295347546E-1));
#294=VECTOR('',#293,2.603568099595E0);
#295=CARTESIAN_POINT('',(-7.3E0,-5.362602261359E-1,-9.4E0));
#296=LINE('',#295,#294);
#297=DIRECTION('',(0.E0,1.E0,0.E0));
#298=VECTOR('',#297,2.050969774379E0);
#299=CARTESIAN_POINT('',(-7.3E0,-2.587230000515E0,-9.4E0));
#300=LINE('',#299,#298);
#301=CARTESIAN_POINT('',(-7.3E0,-2.587230000515E0,-9.8E0));
#302=DIRECTION('',(-1.E0,0.E0,0.E0));
#303=DIRECTION('',(0.E0,-9.961946980917E-1,8.715574274766E-2));
#304=AXIS2_PLACEMENT_3D('',#301,#302,#303);
#306=DIRECTION('',(0.E0,8.715574274766E-2,9.961946980917E-1));
#307=VECTOR('',#306,7.376693516907E-1);
#308=CARTESIAN_POINT('',(-7.3E0,-3.05E0,-1.05E1));
#309=LINE('',#308,#307);
#310=DIRECTION('',(0.E0,1.E0,0.E0));
#311=VECTOR('',#310,7.E-1);
#312=CARTESIAN_POINT('',(-7.3E0,-3.75E0,-1.05E1));
#313=LINE('',#312,#311);
#314=DIRECTION('',(0.E0,-7.071067811866E-1,7.071067811865E-1));
#315=VECTOR('',#314,4.242640687119E-1);
#316=CARTESIAN_POINT('',(-7.3E0,-3.95E0,-6.5E0));
#317=LINE('',#316,#315);
#318=DIRECTION('',(0.E0,-1.E0,0.E0));
#319=VECTOR('',#318,3.E-1);
#320=CARTESIAN_POINT('',(-7.3E0,-3.95E0,0.E0));
#321=LINE('',#320,#319);
#322=DIRECTION('',(0.E0,0.E0,-1.E0));
#323=VECTOR('',#322,6.2E0);
#324=CARTESIAN_POINT('',(-7.3E0,-4.25E0,0.E0));
#325=LINE('',#324,#323);
#326=DIRECTION('',(0.E0,0.E0,1.E0));
#327=VECTOR('',#326,1.5E0);
#328=CARTESIAN_POINT('',(7.3E0,3.8E0,-1.2E1));
#329=LINE('',#328,#327);
#330=DIRECTION('',(-1.E0,0.E0,0.E0));
#331=VECTOR('',#330,1.1E0);
#332=CARTESIAN_POINT('',(8.4E0,3.8E0,-1.05E1));
#333=LINE('',#332,#331);
#334=DIRECTION('',(0.E0,0.E0,-1.E0));
#335=VECTOR('',#334,5.E-1);
#336=CARTESIAN_POINT('',(-4.75E0,3.8E0,-2.5E0));
#337=LINE('',#336,#335);
#338=DIRECTION('',(1.E0,0.E0,0.E0));
#339=VECTOR('',#338,5.E-1);
#340=CARTESIAN_POINT('',(-5.25E0,3.8E0,-2.5E0));
#341=LINE('',#340,#339);
#342=DIRECTION('',(0.E0,0.E0,1.E0));
#343=VECTOR('',#342,5.E-1);
#344=CARTESIAN_POINT('',(-5.25E0,3.8E0,-3.E0));
#345=LINE('',#344,#343);
#346=DIRECTION('',(1.E0,0.E0,0.E0));
#347=VECTOR('',#346,1.1E0);
#348=CARTESIAN_POINT('',(-8.4E0,3.8E0,-1.05E1));
#349=LINE('',#348,#347);
#350=DIRECTION('',(0.E0,0.E0,1.E0));
#351=VECTOR('',#350,1.5E0);
#352=CARTESIAN_POINT('',(-7.3E0,3.8E0,-1.2E1));
#353=LINE('',#352,#351);
#354=DIRECTION('',(1.E0,0.E0,0.E0));
#355=VECTOR('',#354,1.46E1);
#356=CARTESIAN_POINT('',(-7.3E0,3.8E0,-1.2E1));
#357=LINE('',#356,#355);
#358=DIRECTION('',(0.E0,5.233595624294E-2,9.986295347546E-1));
#359=VECTOR('',#358,2.603568099595E0);
#360=CARTESIAN_POINT('',(7.3E0,2.E-1,-1.2E1));
#361=LINE('',#360,#359);
#362=DIRECTION('',(0.E0,1.E0,0.E0));
#363=VECTOR('',#362,2.400969774378E0);
#364=CARTESIAN_POINT('',(7.3E0,3.362602261359E-1,-9.4E0));
#365=LINE('',#364,#363);
#366=CARTESIAN_POINT('',(7.3E0,2.737230000514E0,-9.8E0));
#367=DIRECTION('',(-1.E0,0.E0,0.E0));
#368=DIRECTION('',(0.E0,2.997602166488E-14,1.E0));
#369=AXIS2_PLACEMENT_3D('',#366,#367,#368);
#371=DIRECTION('',(0.E0,8.715574274796E-2,-9.961946980917E-1));
#372=VECTOR('',#371,7.376693516909E-1);
#373=CARTESIAN_POINT('',(7.3E0,3.135707879751E0,-9.765137702901E0));
#374=LINE('',#373,#372);
#375=DIRECTION('',(0.E0,1.E0,0.E0));
#376=VECTOR('',#375,6.E-1);
#377=CARTESIAN_POINT('',(7.3E0,3.2E0,-1.05E1));
#378=LINE('',#377,#376);
#379=DIRECTION('',(0.E0,9.848077530122E-1,1.736481776669E-1));
#380=VECTOR('',#379,5.077133059429E-1);
#381=CARTESIAN_POINT('',(7.3E0,-4.25E0,-9.588163490354E0));
#382=LINE('',#381,#380);
#383=DIRECTION('',(0.E0,1.E0,0.E0));
#384=VECTOR('',#383,7.E-1);
#385=CARTESIAN_POINT('',(7.3E0,-3.75E0,-1.05E1));
#386=LINE('',#385,#384);
#387=DIRECTION('',(0.E0,8.715574274765E-2,9.961946980917E-1));
#388=VECTOR('',#387,7.376693516907E-1);
#389=CARTESIAN_POINT('',(7.3E0,-3.05E0,-1.05E1));
#390=LINE('',#389,#388);
#391=CARTESIAN_POINT('',(7.3E0,-2.587230000515E0,-9.8E0));
#392=DIRECTION('',(-1.E0,0.E0,0.E0));
#393=DIRECTION('',(0.E0,-9.961946980917E-1,8.715574274765E-2));
#394=AXIS2_PLACEMENT_3D('',#391,#392,#393);
#396=DIRECTION('',(0.E0,1.E0,0.E0));
#397=VECTOR('',#396,2.050969774379E0);
#398=CARTESIAN_POINT('',(7.3E0,-2.587230000515E0,-9.4E0));
#399=LINE('',#398,#397);
#400=DIRECTION('',(0.E0,5.233595624275E-2,-9.986295347546E-1));
#401=VECTOR('',#400,2.603568099595E0);
#402=CARTESIAN_POINT('',(7.3E0,-5.362602261354E-1,-9.4E0));
#403=LINE('',#402,#401);
#404=DIRECTION('',(0.E0,-1.E0,0.E0));
#405=VECTOR('',#404,3.85E0);
#406=CARTESIAN_POINT('',(7.3E0,-4.E-1,-1.2E1));
#407=LINE('',#406,#405);
#408=DIRECTION('',(0.E0,0.E0,-1.E0));
#409=VECTOR('',#408,2.411836509646E0);
#410=CARTESIAN_POINT('',(7.3E0,-4.25E0,-9.588163490354E0));
#411=LINE('',#410,#409);
#412=DIRECTION('',(0.E0,-7.071067811866E-1,7.071067811865E-1));
#413=VECTOR('',#412,4.242640687119E-1);
#414=CARTESIAN_POINT('',(7.3E0,-3.95E0,-6.5E0));
#415=LINE('',#414,#413);
#416=DIRECTION('',(0.E0,0.E0,-1.E0));
#417=VECTOR('',#416,6.2E0);
#418=CARTESIAN_POINT('',(7.3E0,-4.25E0,0.E0));
#419=LINE('',#418,#417);
#420=DIRECTION('',(0.E0,-1.E0,0.E0));
#421=VECTOR('',#420,3.E-1);
#422=CARTESIAN_POINT('',(7.3E0,-3.95E0,0.E0));
#423=LINE('',#422,#421);
#424=DIRECTION('',(0.E0,1.E0,0.E0));
#425=VECTOR('',#424,6.E-1);
#426=CARTESIAN_POINT('',(8.4E0,-4.E-1,-1.2E1));
#427=LINE('',#426,#425);
#428=DIRECTION('',(0.E0,5.233595624275E-2,-9.986295347546E-1));
#429=VECTOR('',#428,2.603568099595E0);
#430=CARTESIAN_POINT('',(8.4E0,-5.362602261354E-1,-9.4E0));
#431=LINE('',#430,#429);
#432=DIRECTION('',(0.E0,1.E0,0.E0));
#433=VECTOR('',#432,2.050969774379E0);
#434=CARTESIAN_POINT('',(8.4E0,-2.587230000515E0,-9.4E0));
#435=LINE('',#434,#433);
#436=CARTESIAN_POINT('',(8.4E0,-2.587230000515E0,-9.8E0));
#437=DIRECTION('',(-1.E0,0.E0,0.E0));
#438=DIRECTION('',(0.E0,-9.961946980917E-1,8.715574274765E-2));
#439=AXIS2_PLACEMENT_3D('',#436,#437,#438);
#441=DIRECTION('',(0.E0,8.715574274765E-2,9.961946980917E-1));
#442=VECTOR('',#441,7.376693516907E-1);
#443=CARTESIAN_POINT('',(8.4E0,-3.05E0,-1.05E1));
#444=LINE('',#443,#442);
#445=DIRECTION('',(0.E0,1.E0,0.E0));
#446=VECTOR('',#445,7.E-1);
#447=CARTESIAN_POINT('',(8.4E0,-3.75E0,-1.05E1));
#448=LINE('',#447,#446);
#449=DIRECTION('',(0.E0,0.E0,-1.E0));
#450=VECTOR('',#449,3.2E0);
#451=CARTESIAN_POINT('',(8.4E0,-3.75E0,-7.3E0));
#452=LINE('',#451,#450);
#453=CARTESIAN_POINT('',(8.4E0,-4.75E0,-7.3E0));
#454=DIRECTION('',(-1.E0,0.E0,0.E0));
#455=DIRECTION('',(0.E0,8.333333333333E-1,5.527707983926E-1));
#456=AXIS2_PLACEMENT_3D('',#453,#454,#455);
#458=CARTESIAN_POINT('',(8.4E0,-3.75E0,-6.636675041929E0));
#459=DIRECTION('',(1.E0,0.E0,0.E0));
#460=DIRECTION('',(0.E0,-1.E0,0.E0));
#461=AXIS2_PLACEMENT_3D('',#458,#459,#460);
#463=DIRECTION('',(0.E0,0.E0,-1.E0));
#464=VECTOR('',#463,6.636675041929E0);
#465=CARTESIAN_POINT('',(8.4E0,-3.95E0,0.E0));
#466=LINE('',#465,#464);
#467=DIRECTION('',(0.E0,-1.E0,0.E0));
#468=VECTOR('',#467,8.015E0);
#469=CARTESIAN_POINT('',(8.4E0,4.065E0,0.E0));
#470=LINE('',#469,#468);
#471=DIRECTION('',(0.E0,-2.588648330814E-1,9.659135562739E-1));
#472=VECTOR('',#471,1.294111664425E0);
#473=CARTESIAN_POINT('',(8.4E0,4.4E0,-1.25E0));
#474=LINE('',#473,#472);
#475=DIRECTION('',(0.E0,0.E0,1.E0));
#476=VECTOR('',#475,1.55E0);
#477=CARTESIAN_POINT('',(8.4E0,4.4E0,-2.8E0));
#478=LINE('',#477,#476);
#479=CARTESIAN_POINT('',(8.4E0,4.2E0,-2.8E0));
#480=DIRECTION('',(1.E0,0.E0,0.E0));
#481=DIRECTION('',(0.E0,0.E0,-1.E0));
#482=AXIS2_PLACEMENT_3D('',#479,#480,#481);
#484=DIRECTION('',(0.E0,1.E0,0.E0));
#485=VECTOR('',#484,4.E-1);
#486=CARTESIAN_POINT('',(8.4E0,3.8E0,-3.E0));
#487=LINE('',#486,#485);
#488=DIRECTION('',(0.E0,0.E0,1.E0));
#489=VECTOR('',#488,7.5E0);
#490=CARTESIAN_POINT('',(8.4E0,3.8E0,-1.05E1));
#491=LINE('',#490,#489);
#492=DIRECTION('',(0.E0,1.E0,0.E0));
#493=VECTOR('',#492,6.E-1);
#494=CARTESIAN_POINT('',(8.4E0,3.2E0,-1.05E1));
#495=LINE('',#494,#493);
#496=DIRECTION('',(0.E0,8.715574274796E-2,-9.961946980917E-1));
#497=VECTOR('',#496,7.376693516909E-1);
#498=CARTESIAN_POINT('',(8.4E0,3.135707879751E0,-9.765137702901E0));
#499=LINE('',#498,#497);
#500=CARTESIAN_POINT('',(8.4E0,2.737230000514E0,-9.8E0));
#501=DIRECTION('',(-1.E0,0.E0,0.E0));
#502=DIRECTION('',(0.E0,3.552713678800E-14,1.E0));
#503=AXIS2_PLACEMENT_3D('',#500,#501,#502);
#505=DIRECTION('',(0.E0,1.E0,0.E0));
#506=VECTOR('',#505,2.400969774378E0);
#507=CARTESIAN_POINT('',(8.4E0,3.362602261359E-1,-9.4E0));
#508=LINE('',#507,#506);
#509=DIRECTION('',(0.E0,5.233595624294E-2,9.986295347546E-1));
#510=VECTOR('',#509,2.603568099595E0);
#511=CARTESIAN_POINT('',(8.4E0,2.E-1,-1.2E1));
#512=LINE('',#511,#510);
#513=DIRECTION('',(-1.E0,0.E0,0.E0));
#514=VECTOR('',#513,1.1E0);
#515=CARTESIAN_POINT('',(8.4E0,-5.362602261354E-1,-9.4E0));
#516=LINE('',#515,#514);
#517=DIRECTION('',(-1.E0,0.E0,0.E0));
#518=VECTOR('',#517,1.1E0);
#519=CARTESIAN_POINT('',(8.4E0,-2.587230000515E0,-9.4E0));
#520=LINE('',#519,#518);
#521=DIRECTION('',(-1.E0,0.E0,0.E0));
#522=VECTOR('',#521,1.1E0);
#523=CARTESIAN_POINT('',(8.4E0,-2.985707879751E0,-9.765137702901E0));
#524=LINE('',#523,#522);
#525=DIRECTION('',(-1.E0,0.E0,0.E0));
#526=VECTOR('',#525,1.1E0);
#527=CARTESIAN_POINT('',(8.4E0,-3.05E0,-1.05E1));
#528=LINE('',#527,#526);
#529=DIRECTION('',(1.E0,0.E0,0.E0));
#530=VECTOR('',#529,1.E0);
#531=CARTESIAN_POINT('',(4.5E0,-3.75E0,-9.5E0));
#532=LINE('',#531,#530);
#533=DIRECTION('',(-1.E0,0.E0,0.E0));
#534=VECTOR('',#533,4.E0);
#535=CARTESIAN_POINT('',(4.5E0,-3.75E0,-9.5E0));
#536=LINE('',#535,#534);
#537=DIRECTION('',(1.E0,0.E0,0.E0));
#538=VECTOR('',#537,1.E0);
#539=CARTESIAN_POINT('',(-5.E-1,-3.75E0,-9.5E0));
#540=LINE('',#539,#538);
#541=DIRECTION('',(-1.E0,0.E0,0.E0));
#542=VECTOR('',#541,4.E0);
#543=CARTESIAN_POINT('',(-5.E-1,-3.75E0,-9.5E0));
#544=LINE('',#543,#542);
#545=DIRECTION('',(1.E0,0.E0,0.E0));
#546=VECTOR('',#545,1.E0);
#547=CARTESIAN_POINT('',(-5.5E0,-3.75E0,-9.5E0));
#548=LINE('',#547,#546);
#549=DIRECTION('',(-1.E0,0.E0,0.E0));
#550=VECTOR('',#549,1.8E0);
#551=CARTESIAN_POINT('',(-5.5E0,-3.75E0,-9.5E0));
#552=LINE('',#551,#550);
#553=DIRECTION('',(0.E0,0.E0,-1.E0));
#554=VECTOR('',#553,1.E0);
#555=CARTESIAN_POINT('',(-7.3E0,-3.75E0,-9.5E0));
#556=LINE('',#555,#554);
#557=DIRECTION('',(1.E0,0.E0,0.E0));
#558=VECTOR('',#557,1.1E0);
#559=CARTESIAN_POINT('',(-8.4E0,-3.75E0,-1.05E1));
#560=LINE('',#559,#558);
#561=DIRECTION('',(-1.E0,0.E0,0.E0));
#562=VECTOR('',#561,1.1E0);
#563=CARTESIAN_POINT('',(8.4E0,-3.75E0,-1.05E1));
#564=LINE('',#563,#562);
#565=DIRECTION('',(0.E0,0.E0,-1.E0));
#566=VECTOR('',#565,1.E0);
#567=CARTESIAN_POINT('',(7.3E0,-3.75E0,-9.5E0));
#568=LINE('',#567,#566);
#569=DIRECTION('',(-1.E0,0.E0,0.E0));
#570=VECTOR('',#569,1.8E0);
#571=CARTESIAN_POINT('',(7.3E0,-3.75E0,-9.5E0));
#572=LINE('',#571,#570);
#573=DIRECTION('',(0.E0,1.E0,0.E0));
#574=VECTOR('',#573,2.6E0);
#575=CARTESIAN_POINT('',(5.5E0,-6.85E0,-1.05E1));
#576=LINE('',#575,#574);
#577=DIRECTION('',(0.E0,0.E0,-1.E0));
#578=VECTOR('',#577,1.E0);
#579=CARTESIAN_POINT('',(5.5E0,-6.85E0,-9.5E0));
#580=LINE('',#579,#578);
#581=DIRECTION('',(0.E0,-1.E0,0.E0));
#582=VECTOR('',#581,3.1E0);
#583=CARTESIAN_POINT('',(5.5E0,-3.75E0,-9.5E0));
#584=LINE('',#583,#582);
#585=DIRECTION('',(0.E0,-1.315788334676E-3,-9.999991343502E-1));
#586=VECTOR('',#585,6.100005280469E0);
#587=CARTESIAN_POINT('',(5.5E0,-6.E-1,-1.5E0));
#588=LINE('',#587,#586);
#589=DIRECTION('',(0.E0,-1.E0,0.E0));
#590=VECTOR('',#589,1.E0);
#591=CARTESIAN_POINT('',(5.5E0,4.E-1,-1.5E0));
#592=LINE('',#591,#590);
#593=DIRECTION('',(0.E0,0.E0,1.E0));
#594=VECTOR('',#593,6.1E0);
#595=CARTESIAN_POINT('',(5.5E0,4.E-1,-7.6E0));
#596=LINE('',#595,#594);
#597=DIRECTION('',(0.E0,0.E0,-1.E0));
#598=VECTOR('',#597,6.2E0);
#599=CARTESIAN_POINT('',(-6.6E0,-4.25E0,0.E0));
#600=LINE('',#599,#598);
#601=DIRECTION('',(1.E0,0.E0,0.E0));
#602=VECTOR('',#601,7.E-1);
#603=CARTESIAN_POINT('',(-7.3E0,-4.25E0,-6.2E0));
#604=LINE('',#603,#602);
#605=DIRECTION('',(1.E0,0.E0,0.E0));
#606=VECTOR('',#605,7.E-1);
#607=CARTESIAN_POINT('',(-7.3E0,-4.25E0,0.E0));
#608=LINE('',#607,#606);
#609=DIRECTION('',(0.E0,0.E0,-1.E0));
#610=VECTOR('',#609,6.2E0);
#611=CARTESIAN_POINT('',(-1.6E0,-4.25E0,0.E0));
#612=LINE('',#611,#610);
#613=DIRECTION('',(1.E0,0.E0,0.E0));
#614=VECTOR('',#613,1.8E0);
#615=CARTESIAN_POINT('',(-3.4E0,-4.25E0,-6.2E0));
#616=LINE('',#615,#614);
#617=DIRECTION('',(0.E0,0.E0,-1.E0));
#618=VECTOR('',#617,6.2E0);
#619=CARTESIAN_POINT('',(-3.4E0,-4.25E0,0.E0));
#620=LINE('',#619,#618);
#621=DIRECTION('',(1.E0,0.E0,0.E0));
#622=VECTOR('',#621,1.8E0);
#623=CARTESIAN_POINT('',(-3.4E0,-4.25E0,0.E0));
#624=LINE('',#623,#622);
#625=DIRECTION('',(0.E0,0.E0,-1.E0));
#626=VECTOR('',#625,6.2E0);
#627=CARTESIAN_POINT('',(6.6E0,-4.25E0,0.E0));
#628=LINE('',#627,#626);
#629=DIRECTION('',(1.E0,0.E0,0.E0));
#630=VECTOR('',#629,7.E-1);
#631=CARTESIAN_POINT('',(6.6E0,-4.25E0,0.E0));
#632=LINE('',#631,#630);
#633=DIRECTION('',(1.E0,0.E0,0.E0));
#634=VECTOR('',#633,7.E-1);
#635=CARTESIAN_POINT('',(6.6E0,-4.25E0,-6.2E0));
#636=LINE('',#635,#634);
#637=DIRECTION('',(0.E0,0.E0,-1.E0));
#638=VECTOR('',#637,6.2E0);
#639=CARTESIAN_POINT('',(3.4E0,-4.25E0,0.E0));
#640=LINE('',#639,#638);
#641=DIRECTION('',(1.E0,0.E0,0.E0));
#642=VECTOR('',#641,1.8E0);
#643=CARTESIAN_POINT('',(1.6E0,-4.25E0,-6.2E0));
#644=LINE('',#643,#642);
#645=DIRECTION('',(0.E0,0.E0,-1.E0));
#646=VECTOR('',#645,6.2E0);
#647=CARTESIAN_POINT('',(1.6E0,-4.25E0,0.E0));
#648=LINE('',#647,#646);
#649=DIRECTION('',(1.E0,0.E0,0.E0));
#650=VECTOR('',#649,1.8E0);
#651=CARTESIAN_POINT('',(1.6E0,-4.25E0,0.E0));
#652=LINE('',#651,#650);
#653=DIRECTION('',(0.E0,0.E0,-1.E0));
#654=VECTOR('',#653,9.118365096458E-1);
#655=CARTESIAN_POINT('',(4.5E0,-4.25E0,-9.588163490354E0));
#656=LINE('',#655,#654);
#657=DIRECTION('',(1.E0,0.E0,0.E0));
#658=VECTOR('',#657,1.E0);
#659=CARTESIAN_POINT('',(4.5E0,-4.25E0,-1.05E1));
#660=LINE('',#659,#658);
#661=DIRECTION('',(0.E0,0.E0,-1.E0));
#662=VECTOR('',#661,9.118365096458E-1);
#663=CARTESIAN_POINT('',(5.5E0,-4.25E0,-9.588163490354E0));
#664=LINE('',#663,#662);
#665=DIRECTION('',(1.E0,0.E0,0.E0));
#666=VECTOR('',#665,1.8E0);
#667=CARTESIAN_POINT('',(5.5E0,-4.25E0,-9.588163490354E0));
#668=LINE('',#667,#666);
#669=DIRECTION('',(1.E0,0.E0,0.E0));
#670=VECTOR('',#669,1.8E0);
#671=CARTESIAN_POINT('',(-7.3E0,-4.25E0,-9.588163490354E0));
#672=LINE('',#671,#670);
#673=DIRECTION('',(0.E0,0.E0,-1.E0));
#674=VECTOR('',#673,9.118365096458E-1);
#675=CARTESIAN_POINT('',(-5.5E0,-4.25E0,-9.588163490354E0));
#676=LINE('',#675,#674);
#677=DIRECTION('',(1.E0,0.E0,0.E0));
#678=VECTOR('',#677,1.E0);
#679=CARTESIAN_POINT('',(-5.5E0,-4.25E0,-1.05E1));
#680=LINE('',#679,#678);
#681=DIRECTION('',(0.E0,0.E0,-1.E0));
#682=VECTOR('',#681,9.118365096458E-1);
#683=CARTESIAN_POINT('',(-4.5E0,-4.25E0,-9.588163490354E0));
#684=LINE('',#683,#682);
#685=DIRECTION('',(1.E0,0.E0,0.E0));
#686=VECTOR('',#685,4.E0);
#687=CARTESIAN_POINT('',(-4.5E0,-4.25E0,-9.588163490354E0));
#688=LINE('',#687,#686);
#689=DIRECTION('',(0.E0,0.E0,-1.E0));
#690=VECTOR('',#689,9.118365096458E-1);
#691=CARTESIAN_POINT('',(-5.E-1,-4.25E0,-9.588163490354E0));
#692=LINE('',#691,#690);
#693=DIRECTION('',(1.E0,0.E0,0.E0));
#694=VECTOR('',#693,1.E0);
#695=CARTESIAN_POINT('',(-5.E-1,-4.25E0,-1.05E1));
#696=LINE('',#695,#694);
#697=DIRECTION('',(0.E0,0.E0,-1.E0));
#698=VECTOR('',#697,9.118365096458E-1);
#699=CARTESIAN_POINT('',(5.E-1,-4.25E0,-9.588163490354E0));
#700=LINE('',#699,#698);
#701=DIRECTION('',(1.E0,0.E0,0.E0));
#702=VECTOR('',#701,4.E0);
#703=CARTESIAN_POINT('',(5.E-1,-4.25E0,-9.588163490354E0));
#704=LINE('',#703,#702);
#705=DIRECTION('',(0.E0,0.E0,-1.E0));
#706=VECTOR('',#705,6.5E0);
#707=CARTESIAN_POINT('',(-6.6E0,-3.95E0,0.E0));
#708=LINE('',#707,#706);
#709=DIRECTION('',(0.E0,-1.E0,0.E0));
#710=VECTOR('',#709,9.3E-1);
#711=CARTESIAN_POINT('',(-9.5E-1,4.065E0,0.E0));
#712=LINE('',#711,#710);
#713=DIRECTION('',(-1.E0,0.E0,0.E0));
#714=VECTOR('',#713,3.1E0);
#715=CARTESIAN_POINT('',(-9.5E-1,3.135E0,0.E0));
#716=LINE('',#715,#714);
#717=DIRECTION('',(0.E0,-1.E0,0.E0));
#718=VECTOR('',#717,9.3E-1);
#719=CARTESIAN_POINT('',(-4.05E0,4.065E0,0.E0));
#720=LINE('',#719,#718);
#721=DIRECTION('',(1.E0,0.E0,0.E0));
#722=VECTOR('',#721,3.1E0);
#723=CARTESIAN_POINT('',(-4.05E0,4.065E0,0.E0));
#724=LINE('',#723,#722);
#725=DIRECTION('',(0.E0,-1.E0,0.E0));
#726=VECTOR('',#725,9.3E-1);
#727=CARTESIAN_POINT('',(4.05E0,4.065E0,0.E0));
#728=LINE('',#727,#726);
#729=DIRECTION('',(-1.E0,0.E0,0.E0));
#730=VECTOR('',#729,3.1E0);
#731=CARTESIAN_POINT('',(4.05E0,3.135E0,0.E0));
#732=LINE('',#731,#730);
#733=DIRECTION('',(0.E0,-1.E0,0.E0));
#734=VECTOR('',#733,9.3E-1);
#735=CARTESIAN_POINT('',(9.5E-1,4.065E0,0.E0));
#736=LINE('',#735,#734);
#737=DIRECTION('',(1.E0,0.E0,0.E0));
#738=VECTOR('',#737,3.1E0);
#739=CARTESIAN_POINT('',(9.5E-1,4.065E0,0.E0));
#740=LINE('',#739,#738);
#741=CARTESIAN_POINT('',(5.E0,-1.000132237302E-1,0.E0));
#742=DIRECTION('',(0.E0,0.E0,-1.E0));
#743=DIRECTION('',(6.747992008226E-1,-7.380013811432E-1,0.E0));
#744=AXIS2_PLACEMENT_3D('',#741,#742,#743);
#746=DIRECTION('',(-9.999999999989E-1,3.957219457178E-7,-1.460886302793E-6));
#747=VECTOR('',#746,3.820444484407E-1);
#748=CARTESIAN_POINT('',(7.7E0,-2.635E0,0.E0));
#749=LINE('',#748,#747);
#750=DIRECTION('',(0.E0,1.E0,0.E0));
#751=VECTOR('',#750,5.77E0);
#752=CARTESIAN_POINT('',(7.7E0,-2.635E0,0.E0));
#753=LINE('',#752,#751);
#754=DIRECTION('',(-1.E0,0.E0,0.E0));
#755=VECTOR('',#754,1.75E0);
#756=CARTESIAN_POINT('',(7.7E0,3.135E0,0.E0));
#757=LINE('',#756,#755);
#758=DIRECTION('',(0.E0,-1.E0,0.E0));
#759=VECTOR('',#758,9.3E-1);
#760=CARTESIAN_POINT('',(5.95E0,4.065E0,0.E0));
#761=LINE('',#760,#759);
#762=DIRECTION('',(1.E0,0.E0,0.E0));
#763=VECTOR('',#762,2.45E0);
#764=CARTESIAN_POINT('',(5.95E0,4.065E0,0.E0));
#765=LINE('',#764,#763);
#766=DIRECTION('',(0.E0,1.E0,0.E0));
#767=VECTOR('',#766,3.E-1);
#768=CARTESIAN_POINT('',(6.6E0,-4.25E0,0.E0));
#769=LINE('',#768,#767);
#770=DIRECTION('',(-1.E0,0.E0,0.E0));
#771=VECTOR('',#770,3.2E0);
#772=CARTESIAN_POINT('',(6.6E0,-3.95E0,0.E0));
#773=LINE('',#772,#771);
#774=DIRECTION('',(0.E0,1.E0,0.E0));
#775=VECTOR('',#774,3.E-1);
#776=CARTESIAN_POINT('',(3.4E0,-4.25E0,0.E0));
#777=LINE('',#776,#775);
#778=DIRECTION('',(0.E0,1.E0,0.E0));
#779=VECTOR('',#778,3.E-1);
#780=CARTESIAN_POINT('',(1.6E0,-4.25E0,0.E0));
#781=LINE('',#780,#779);
#782=DIRECTION('',(-1.E0,0.E0,0.E0));
#783=VECTOR('',#782,3.2E0);
#784=CARTESIAN_POINT('',(1.6E0,-3.95E0,0.E0));
#785=LINE('',#784,#783);
#786=DIRECTION('',(0.E0,1.E0,0.E0));
#787=VECTOR('',#786,3.E-1);
#788=CARTESIAN_POINT('',(-1.6E0,-4.25E0,0.E0));
#789=LINE('',#788,#787);
#790=DIRECTION('',(0.E0,1.E0,0.E0));
#791=VECTOR('',#790,3.E-1);
#792=CARTESIAN_POINT('',(-3.4E0,-4.25E0,0.E0));
#793=LINE('',#792,#791);
#794=DIRECTION('',(-1.E0,0.E0,0.E0));
#795=VECTOR('',#794,3.2E0);
#796=CARTESIAN_POINT('',(-3.4E0,-3.95E0,0.E0));
#797=LINE('',#796,#795);
#798=DIRECTION('',(0.E0,1.E0,0.E0));
#799=VECTOR('',#798,3.E-1);
#800=CARTESIAN_POINT('',(-6.6E0,-4.25E0,0.E0));
#801=LINE('',#800,#799);
#802=DIRECTION('',(1.E0,0.E0,0.E0));
#803=VECTOR('',#802,2.45E0);
#804=CARTESIAN_POINT('',(-8.4E0,4.065E0,0.E0));
#805=LINE('',#804,#803);
#806=DIRECTION('',(0.E0,-1.E0,0.E0));
#807=VECTOR('',#806,9.3E-1);
#808=CARTESIAN_POINT('',(-5.95E0,4.065E0,0.E0));
#809=LINE('',#808,#807);
#810=DIRECTION('',(-1.E0,0.E0,0.E0));
#811=VECTOR('',#810,1.75E0);
#812=CARTESIAN_POINT('',(-5.95E0,3.135E0,0.E0));
#813=LINE('',#812,#811);
#814=DIRECTION('',(0.E0,1.E0,0.E0));
#815=VECTOR('',#814,5.77E0);
#816=CARTESIAN_POINT('',(-7.7E0,-2.635E0,0.E0));
#817=LINE('',#816,#815);
#818=DIRECTION('',(-9.999999999990E-1,-3.739251946E-7,1.380424355805E-6));
#819=VECTOR('',#818,3.820439592455E-1);
#820=CARTESIAN_POINT('',(-7.317956040755E0,-2.634999857144E0,
-5.273827863306E-7));
#821=LINE('',#820,#819);
#822=CARTESIAN_POINT('',(-5.E0,-1.000132237302E-1,0.E0));
#823=DIRECTION('',(0.E0,0.E0,-1.E0));
#824=DIRECTION('',(6.747992006024E-1,-7.380013813445E-1,0.E0));
#825=AXIS2_PLACEMENT_3D('',#822,#823,#824);
#827=DIRECTION('',(-1.E0,2.287782849620E-8,-8.445777048237E-8));
#828=VECTOR('',#827,3.640884081507E-1);
#829=CARTESIAN_POINT('',(-2.317956040754E0,-2.634999857145E0,
-5.273827857385E-7));
#830=LINE('',#829,#828);
#831=CARTESIAN_POINT('',(0.E0,-1.000132237302E-1,0.E0));
#832=DIRECTION('',(0.E0,0.E0,-1.E0));
#833=DIRECTION('',(6.747992006024E-1,-7.380013813445E-1,0.E0));
#834=AXIS2_PLACEMENT_3D('',#831,#832,#833);
#836=DIRECTION('',(-1.E0,2.298863239179E-8,-8.488759992985E-8));
#837=VECTOR('',#836,3.640884073732E-1);
#838=CARTESIAN_POINT('',(2.682043958467E0,-2.634999857185E0,
-5.272262898851E-7));
#839=LINE('',#838,#837);
#840=DIRECTION('',(0.E0,1.E0,0.E0));
#841=VECTOR('',#840,1.6E0);
#842=CARTESIAN_POINT('',(-6.150635094611E-1,2.8E0,-1.25E0));
#843=LINE('',#842,#841);
#844=DIRECTION('',(0.E0,1.E0,0.E0));
#845=VECTOR('',#844,1.6E0);
#846=CARTESIAN_POINT('',(6.150635094612E-1,2.8E0,-1.25E0));
#847=LINE('',#846,#845);
#848=DIRECTION('',(-2.505598240449E-1,-2.506073343039E-1,9.351019936711E-1));
#849=VECTOR('',#848,1.336752577216E0);
#850=CARTESIAN_POINT('',(-5.615063509461E0,4.4E0,-1.25E0));
#851=LINE('',#850,#849);
#852=DIRECTION('',(1.E0,0.E0,0.E0));
#853=VECTOR('',#852,2.784936490539E0);
#854=CARTESIAN_POINT('',(-8.4E0,4.4E0,-1.25E0));
#855=LINE('',#854,#853);
#856=DIRECTION('',(-2.505598240449E-1,-2.506073343039E-1,9.351019936711E-1));
#857=VECTOR('',#856,1.336752577216E0);
#858=CARTESIAN_POINT('',(-6.150635094611E-1,4.4E0,-1.25E0));
#859=LINE('',#858,#857);
#860=DIRECTION('',(2.505598240449E-1,-2.506073343039E-1,9.351019936711E-1));
#861=VECTOR('',#860,1.336752577216E0);
#862=CARTESIAN_POINT('',(-4.384936490539E0,4.4E0,-1.25E0));
#863=LINE('',#862,#861);
#864=DIRECTION('',(1.E0,0.E0,0.E0));
#865=VECTOR('',#864,3.769872981078E0);
#866=CARTESIAN_POINT('',(-4.384936490539E0,4.4E0,-1.25E0));
#867=LINE('',#866,#865);
#868=DIRECTION('',(2.505598240449E-1,-2.506073343039E-1,9.351019936711E-1));
#869=VECTOR('',#868,1.336752577216E0);
#870=CARTESIAN_POINT('',(5.615063509461E0,4.4E0,-1.25E0));
#871=LINE('',#870,#869);
#872=DIRECTION('',(1.E0,0.E0,0.E0));
#873=VECTOR('',#872,2.784936490539E0);
#874=CARTESIAN_POINT('',(5.615063509461E0,4.4E0,-1.25E0));
#875=LINE('',#874,#873);
#876=DIRECTION('',(-2.505598240449E-1,-2.506073343039E-1,9.351019936711E-1));
#877=VECTOR('',#876,1.336752577216E0);
#878=CARTESIAN_POINT('',(4.384936490539E0,4.4E0,-1.25E0));
#879=LINE('',#878,#877);
#880=DIRECTION('',(2.505598240449E-1,-2.506073343039E-1,9.351019936711E-1));
#881=VECTOR('',#880,1.336752577216E0);
#882=CARTESIAN_POINT('',(6.150635094612E-1,4.4E0,-1.25E0));
#883=LINE('',#882,#881);
#884=DIRECTION('',(1.E0,0.E0,0.E0));
#885=VECTOR('',#884,3.769872981078E0);
#886=CARTESIAN_POINT('',(6.150635094612E-1,4.4E0,-1.25E0));
#887=LINE('',#886,#885);
#888=DIRECTION('',(0.E0,1.E0,0.E0));
#889=VECTOR('',#888,1.6E0);
#890=CARTESIAN_POINT('',(-5.615063509461E0,2.8E0,-1.25E0));
#891=LINE('',#890,#889);
#892=DIRECTION('',(0.E0,1.E0,0.E0));
#893=VECTOR('',#892,1.6E0);
#894=CARTESIAN_POINT('',(-4.384936490539E0,2.8E0,-1.25E0));
#895=LINE('',#894,#893);
#896=DIRECTION('',(-1.E0,0.E0,0.E0));
#897=VECTOR('',#896,1.230127018922E0);
#898=CARTESIAN_POINT('',(5.615063509461E0,4.4E0,-1.25E0));
#899=LINE('',#898,#897);
#900=DIRECTION('',(-1.E0,0.E0,0.E0));
#901=VECTOR('',#900,1.230127018922E0);
#902=CARTESIAN_POINT('',(6.150635094612E-1,4.4E0,-1.25E0));
#903=LINE('',#902,#901);
#904=DIRECTION('',(-1.E0,0.E0,0.E0));
#905=VECTOR('',#904,1.230127018922E0);
#906=CARTESIAN_POINT('',(-4.384936490539E0,4.4E0,-1.25E0));
#907=LINE('',#906,#905);
#908=DIRECTION('',(1.E0,0.E0,0.E0));
#909=VECTOR('',#908,3.15E0);
#910=CARTESIAN_POINT('',(-8.4E0,4.4E0,-2.8E0));
#911=LINE('',#910,#909);
#912=DIRECTION('',(0.E0,0.E0,1.E0));
#913=VECTOR('',#912,3.E-1);
#914=CARTESIAN_POINT('',(-5.25E0,4.4E0,-2.8E0));
#915=LINE('',#914,#913);
#916=DIRECTION('',(1.E0,0.E0,0.E0));
#917=VECTOR('',#916,5.E-1);
#918=CARTESIAN_POINT('',(-5.25E0,4.4E0,-2.5E0));
#919=LINE('',#918,#917);
#920=DIRECTION('',(0.E0,0.E0,1.E0));
#921=VECTOR('',#920,3.E-1);
#922=CARTESIAN_POINT('',(-4.75E0,4.4E0,-2.8E0));
#923=LINE('',#922,#921);
#924=DIRECTION('',(1.E0,0.E0,0.E0));
#925=VECTOR('',#924,1.315E1);
#926=CARTESIAN_POINT('',(-4.75E0,4.4E0,-2.8E0));
#927=LINE('',#926,#925);
#928=DIRECTION('',(0.E0,1.E0,0.E0));
#929=VECTOR('',#928,1.6E0);
#930=CARTESIAN_POINT('',(5.615063509461E0,2.8E0,-1.25E0));
#931=LINE('',#930,#929);
#932=DIRECTION('',(2.505598240449E-1,-2.506073343039E-1,-9.351019936711E-1));
#933=VECTOR('',#932,1.336752577216E0);
#934=CARTESIAN_POINT('',(-5.95E0,3.135E0,0.E0));
#935=LINE('',#934,#933);
#936=DIRECTION('',(2.505598240449E-1,-2.506073343039E-1,-9.351019936711E-1));
#937=VECTOR('',#936,1.336752577216E0);
#938=CARTESIAN_POINT('',(-9.5E-1,3.135E0,0.E0));
#939=LINE('',#938,#937);
#940=DIRECTION('',(-2.505598240449E-1,-2.506073343039E-1,-9.351019936711E-1));
#941=VECTOR('',#940,1.336752577216E0);
#942=CARTESIAN_POINT('',(-4.05E0,3.135E0,0.E0));
#943=LINE('',#942,#941);
#944=DIRECTION('',(-2.505598240449E-1,-2.506073343039E-1,-9.351019936711E-1));
#945=VECTOR('',#944,1.336752577216E0);
#946=CARTESIAN_POINT('',(5.95E0,3.135E0,0.E0));
#947=LINE('',#946,#945);
#948=DIRECTION('',(2.505598240449E-1,-2.506073343039E-1,-9.351019936711E-1));
#949=VECTOR('',#948,1.336752577216E0);
#950=CARTESIAN_POINT('',(4.05E0,3.135E0,0.E0));
#951=LINE('',#950,#949);
#952=DIRECTION('',(-2.505598240449E-1,-2.506073343039E-1,-9.351019936711E-1));
#953=VECTOR('',#952,1.336752577216E0);
#954=CARTESIAN_POINT('',(9.5E-1,3.135E0,0.E0));
#955=LINE('',#954,#953);
#956=DIRECTION('',(-1.E0,0.E0,0.E0));
#957=VECTOR('',#956,1.230127018922E0);
#958=CARTESIAN_POINT('',(5.615063509461E0,2.8E0,-1.25E0));
#959=LINE('',#958,#957);
#960=DIRECTION('',(1.E0,0.E0,0.E0));
#961=VECTOR('',#960,2.084936490539E0);
#962=CARTESIAN_POINT('',(5.615063509461E0,2.8E0,-1.25E0));
#963=LINE('',#962,#961);
#964=DIRECTION('',(1.E0,0.E0,0.E0));
#965=VECTOR('',#964,1.54E1);
#966=CARTESIAN_POINT('',(-7.7E0,2.8E0,-8.5E0));
#967=LINE('',#966,#965);
#968=DIRECTION('',(1.E0,0.E0,0.E0));
#969=VECTOR('',#968,2.084936490539E0);
#970=CARTESIAN_POINT('',(-7.7E0,2.8E0,-1.25E0));
#971=LINE('',#970,#969);
#972=DIRECTION('',(-1.E0,0.E0,0.E0));
#973=VECTOR('',#972,1.230127018922E0);
#974=CARTESIAN_POINT('',(-4.384936490539E0,2.8E0,-1.25E0));
#975=LINE('',#974,#973);
#976=DIRECTION('',(1.E0,0.E0,0.E0));
#977=VECTOR('',#976,3.769872981078E0);
#978=CARTESIAN_POINT('',(-4.384936490539E0,2.8E0,-1.25E0));
#979=LINE('',#978,#977);
#980=DIRECTION('',(-1.E0,0.E0,0.E0));
#981=VECTOR('',#980,1.230127018922E0);
#982=CARTESIAN_POINT('',(6.150635094612E-1,2.8E0,-1.25E0));
#983=LINE('',#982,#981);
#984=DIRECTION('',(1.E0,0.E0,0.E0));
#985=VECTOR('',#984,3.769872981078E0);
#986=CARTESIAN_POINT('',(6.150635094612E-1,2.8E0,-1.25E0));
#987=LINE('',#986,#985);
#988=CARTESIAN_POINT('',(7.7E0,2.5E0,-8.5E0));
#989=DIRECTION('',(-1.E0,0.E0,0.E0));
#990=DIRECTION('',(0.E0,1.E0,0.E0));
#991=AXIS2_PLACEMENT_3D('',#988,#989,#990);
#993=DIRECTION('',(0.E0,0.E0,-1.E0));
#994=VECTOR('',#993,7.25E0);
#995=CARTESIAN_POINT('',(7.7E0,2.8E0,-1.25E0));
#996=LINE('',#995,#994);
#997=DIRECTION('',(0.E0,-2.588648330814E-1,-9.659135562739E-1));
#998=VECTOR('',#997,1.294111664425E0);
#999=CARTESIAN_POINT('',(7.7E0,3.135E0,0.E0));
#1000=LINE('',#999,#998);
#1001=DIRECTION('',(0.E0,-2.588648330814E-1,9.659135562739E-1));
#1002=VECTOR('',#1001,1.294111664425E0);
#1003=CARTESIAN_POINT('',(7.7E0,-2.3E0,-1.25E0));
#1004=LINE('',#1003,#1002);
#1005=DIRECTION('',(0.E0,0.E0,1.E0));
#1006=VECTOR('',#1005,7.25E0);
#1007=CARTESIAN_POINT('',(7.7E0,-2.3E0,-8.5E0));
#1008=LINE('',#1007,#1006);
#1009=CARTESIAN_POINT('',(7.7E0,-2.E0,-8.5E0));
#1010=DIRECTION('',(-1.E0,0.E0,0.E0));
#1011=DIRECTION('',(0.E0,0.E0,-1.E0));
#1012=AXIS2_PLACEMENT_3D('',#1009,#1010,#1011);
#1014=DIRECTION('',(0.E0,-1.E0,0.E0));
#1015=VECTOR('',#1014,4.5E0);
#1016=CARTESIAN_POINT('',(7.7E0,2.5E0,-8.8E0));
#1017=LINE('',#1016,#1015);
#1018=CARTESIAN_POINT('',(-5.E0,-1.E-1,-8.8E0));
#1019=DIRECTION('',(0.E0,0.E0,1.E0));
#1020=DIRECTION('',(-1.E0,0.E0,0.E0));
#1021=AXIS2_PLACEMENT_3D('',#1018,#1019,#1020);
#1023=CARTESIAN_POINT('',(-5.E0,-1.E-1,-8.8E0));
#1024=DIRECTION('',(0.E0,0.E0,1.E0));
#1025=DIRECTION('',(1.E0,0.E0,0.E0));
#1026=AXIS2_PLACEMENT_3D('',#1023,#1024,#1025);
#1028=CARTESIAN_POINT('',(0.E0,-1.E-1,-8.8E0));
#1029=DIRECTION('',(0.E0,0.E0,1.E0));
#1030=DIRECTION('',(1.E0,0.E0,0.E0));
#1031=AXIS2_PLACEMENT_3D('',#1028,#1029,#1030);
#1033=CARTESIAN_POINT('',(0.E0,-1.E-1,-8.8E0));
#1034=DIRECTION('',(0.E0,0.E0,1.E0));
#1035=DIRECTION('',(-1.E0,0.E0,0.E0));
#1036=AXIS2_PLACEMENT_3D('',#1033,#1034,#1035);
#1038=CARTESIAN_POINT('',(5.E0,-1.E-1,-8.8E0));
#1039=DIRECTION('',(0.E0,0.E0,1.E0));
#1040=DIRECTION('',(1.E0,0.E0,0.E0));
#1041=AXIS2_PLACEMENT_3D('',#1038,#1039,#1040);
#1043=CARTESIAN_POINT('',(5.E0,-1.E-1,-8.8E0));
#1044=DIRECTION('',(0.E0,0.E0,1.E0));
#1045=DIRECTION('',(-1.E0,0.E0,0.E0));
#1046=AXIS2_PLACEMENT_3D('',#1043,#1044,#1045);
#1048=CARTESIAN_POINT('',(5.E0,-1.000132237302E-1,-8.8E0));
#1049=DIRECTION('',(0.E0,0.E0,-1.E0));
#1050=DIRECTION('',(7.345387843847E-1,-6.785667058106E-1,0.E0));
#1051=AXIS2_PLACEMENT_3D('',#1048,#1049,#1050);
#1053=CARTESIAN_POINT('',(0.E0,-1.000132237302E-1,-8.8E0));
#1054=DIRECTION('',(0.E0,0.E0,-1.E0));
#1055=DIRECTION('',(7.345387843847E-1,-6.785667058106E-1,0.E0));
#1056=AXIS2_PLACEMENT_3D('',#1053,#1054,#1055);
#1058=CARTESIAN_POINT('',(-5.E0,-1.000132237302E-1,-8.8E0));
#1059=DIRECTION('',(0.E0,0.E0,-1.E0));
#1060=DIRECTION('',(7.345387843847E-1,-6.785667058106E-1,0.E0));
#1061=AXIS2_PLACEMENT_3D('',#1058,#1059,#1060);
#1063=DIRECTION('',(1.E0,0.E0,0.E0));
#1064=VECTOR('',#1063,1.54E1);
#1065=CARTESIAN_POINT('',(-7.7E0,2.5E0,-8.8E0));
#1066=LINE('',#1065,#1064);
#1067=CARTESIAN_POINT('',(-6.675E0,-9.999999971817E-2,-8.5E0));
#1068=DIRECTION('',(-1.682564435002E-10,-1.E0,0.E0));
#1069=DIRECTION('',(4.740504285413E-11,0.E0,-1.E0));
#1070=AXIS2_PLACEMENT_3D('',#1067,#1068,#1069);
#1072=CARTESIAN_POINT('',(-3.325E0,-1.000000002818E-1,-8.5E0));
#1073=DIRECTION('',(1.682563290084E-10,1.E0,0.E0));
#1074=DIRECTION('',(-4.740652315149E-11,0.E0,-1.E0));
#1075=AXIS2_PLACEMENT_3D('',#1072,#1073,#1074);
#1077=CARTESIAN_POINT('',(-5.E0,-1.E-1,-7.955E0));
#1078=DIRECTION('',(0.E0,0.E0,1.E0));
#1079=DIRECTION('',(1.E0,0.E0,0.E0));
#1080=AXIS2_PLACEMENT_3D('',#1077,#1078,#1079);
#1082=CARTESIAN_POINT('',(-5.E0,-1.E-1,-8.5E0));
#1083=DIRECTION('',(0.E0,0.E0,1.E0));
#1084=DIRECTION('',(1.E0,0.E0,0.E0));
#1085=AXIS2_PLACEMENT_3D('',#1082,#1083,#1084);
#1087=DIRECTION('',(-3.651937059271E-10,-3.900793295512E-10,1.E0));
#1088=VECTOR('',#1087,5.450000001990E-1);
#1089=CARTESIAN_POINT('',(-3.625E0,-9.999999995944E-2,-8.5E0));
#1090=LINE('',#1089,#1088);
#1091=DIRECTION('',(7.071067811865E-1,-3.738561527481E-12,-7.071067811865E-1));
#1092=VECTOR('',#1091,5.020458146394E-1);
#1093=CARTESIAN_POINT('',(-3.980000000197E0,-1.000000001702E-1,
-7.599999999803E0));
#1094=LINE('',#1093,#1092);
#1095=CARTESIAN_POINT('',(-5.E0,-1.E-1,-7.6E0));
#1096=DIRECTION('',(0.E0,0.E0,1.E0));
#1097=DIRECTION('',(-1.E0,0.E0,0.E0));
#1098=AXIS2_PLACEMENT_3D('',#1095,#1096,#1097);
#1100=CARTESIAN_POINT('',(-5.E0,-1.E-1,-7.6E0));
#1101=DIRECTION('',(0.E0,0.E0,1.E0));
#1102=DIRECTION('',(1.E0,0.E0,0.E0));
#1103=AXIS2_PLACEMENT_3D('',#1100,#1101,#1102);
#1105=DIRECTION('',(0.E0,1.E0,0.E0));
#1106=VECTOR('',#1105,1.008026315789E0);
#1107=CARTESIAN_POINT('',(-5.5E0,-6.080263157895E-1,-7.6E0));
#1108=LINE('',#1107,#1106);
#1109=DIRECTION('',(1.E0,0.E0,0.E0));
#1110=VECTOR('',#1109,1.E0);
#1111=CARTESIAN_POINT('',(-5.5E0,-6.080263157895E-1,-7.6E0));
#1112=LINE('',#1111,#1110);
#1113=DIRECTION('',(0.E0,1.E0,0.E0));
#1114=VECTOR('',#1113,1.008026315789E0);
#1115=CARTESIAN_POINT('',(-4.5E0,-6.080263157895E-1,-7.6E0));
#1116=LINE('',#1115,#1114);
#1117=DIRECTION('',(1.E0,0.E0,0.E0));
#1118=VECTOR('',#1117,1.E0);
#1119=CARTESIAN_POINT('',(-5.5E0,4.E-1,-7.6E0));
#1120=LINE('',#1119,#1118);
#1121=DIRECTION('',(-7.071067811865E-1,3.738119247915E-12,-7.071067811865E-1));
#1122=VECTOR('',#1121,5.020458146394E-1);
#1123=CARTESIAN_POINT('',(-6.019999999803E0,-9.999999982985E-2,
-7.599999999803E0));
#1124=LINE('',#1123,#1122);
#1125=CARTESIAN_POINT('',(-5.E0,-1.E-1,-7.955E0));
#1126=DIRECTION('',(0.E0,0.E0,1.E0));
#1127=DIRECTION('',(-1.E0,0.E0,0.E0));
#1128=AXIS2_PLACEMENT_3D('',#1125,#1126,#1127);
#1130=CARTESIAN_POINT('',(-5.E0,-1.E-1,-8.5E0));
#1131=DIRECTION('',(0.E0,0.E0,1.E0));
#1132=DIRECTION('',(-1.E0,0.E0,0.E0));
#1133=AXIS2_PLACEMENT_3D('',#1130,#1131,#1132);
#1135=DIRECTION('',(3.651928910845E-10,3.900791258405E-10,1.E0));
#1136=VECTOR('',#1135,5.450000001990E-1);
#1137=CARTESIAN_POINT('',(-6.375E0,-1.000000000406E-1,-8.5E0));
#1138=LINE('',#1137,#1136);
#1139=DIRECTION('',(0.E0,1.E0,0.E0));
#1140=VECTOR('',#1139,2.6E0);
#1141=CARTESIAN_POINT('',(-5.5E0,-6.85E0,-1.05E1));
#1142=LINE('',#1141,#1140);
#1143=DIRECTION('',(0.E0,-1.E0,0.E0));
#1144=VECTOR('',#1143,3.1E0);
#1145=CARTESIAN_POINT('',(-5.5E0,-3.75E0,-9.5E0));
#1146=LINE('',#1145,#1144);
#1147=DIRECTION('',(0.E0,0.E0,-1.E0));
#1148=VECTOR('',#1147,1.E0);
#1149=CARTESIAN_POINT('',(-5.5E0,-6.85E0,-9.5E0));
#1150=LINE('',#1149,#1148);
#1151=DIRECTION('',(0.E0,0.E0,1.E0));
#1152=VECTOR('',#1151,6.1E0);
#1153=CARTESIAN_POINT('',(-5.5E0,4.E-1,-7.6E0));
#1154=LINE('',#1153,#1152);
#1155=DIRECTION('',(0.E0,-1.E0,0.E0));
#1156=VECTOR('',#1155,1.E0);
#1157=CARTESIAN_POINT('',(-5.5E0,4.E-1,-1.5E0));
#1158=LINE('',#1157,#1156);
#1159=DIRECTION('',(0.E0,-1.315788334676E-3,-9.999991343502E-1));
#1160=VECTOR('',#1159,6.100005280469E0);
#1161=CARTESIAN_POINT('',(-5.5E0,-6.E-1,-1.5E0));
#1162=LINE('',#1161,#1160);
#1163=DIRECTION('',(1.E0,0.E0,0.E0));
#1164=VECTOR('',#1163,1.E0);
#1165=CARTESIAN_POINT('',(-5.5E0,-6.85E0,-1.05E1));
#1166=LINE('',#1165,#1164);
#1167=DIRECTION('',(1.E0,0.E0,0.E0));
#1168=VECTOR('',#1167,1.E0);
#1169=CARTESIAN_POINT('',(-5.5E0,-6.85E0,-9.5E0));
#1170=LINE('',#1169,#1168);
#1171=DIRECTION('',(0.E0,1.E0,0.E0));
#1172=VECTOR('',#1171,2.6E0);
#1173=CARTESIAN_POINT('',(-4.5E0,-6.85E0,-1.05E1));
#1174=LINE('',#1173,#1172);
#1175=DIRECTION('',(0.E0,0.E0,-1.E0));
#1176=VECTOR('',#1175,1.E0);
#1177=CARTESIAN_POINT('',(-4.5E0,-6.85E0,-9.5E0));
#1178=LINE('',#1177,#1176);
#1179=DIRECTION('',(0.E0,-1.E0,0.E0));
#1180=VECTOR('',#1179,3.1E0);
#1181=CARTESIAN_POINT('',(-4.5E0,-3.75E0,-9.5E0));
#1182=LINE('',#1181,#1180);
#1183=DIRECTION('',(0.E0,-1.315788334676E-3,-9.999991343502E-1));
#1184=VECTOR('',#1183,6.100005280469E0);
#1185=CARTESIAN_POINT('',(-4.5E0,-6.E-1,-1.5E0));
#1186=LINE('',#1185,#1184);
#1187=DIRECTION('',(0.E0,-1.E0,0.E0));
#1188=VECTOR('',#1187,1.E0);
#1189=CARTESIAN_POINT('',(-4.5E0,4.E-1,-1.5E0));
#1190=LINE('',#1189,#1188);
#1191=DIRECTION('',(0.E0,0.E0,1.E0));
#1192=VECTOR('',#1191,6.1E0);
#1193=CARTESIAN_POINT('',(-4.5E0,4.E-1,-7.6E0));
#1194=LINE('',#1193,#1192);
#1195=DIRECTION('',(0.E0,9.848077530122E-1,1.736481776669E-1));
#1196=VECTOR('',#1195,5.077133059429E-1);
#1197=CARTESIAN_POINT('',(-5.5E0,-4.25E0,-9.588163490354E0));
#1198=LINE('',#1197,#1196);
#1199=DIRECTION('',(0.E0,9.848077530122E-1,1.736481776669E-1));
#1200=VECTOR('',#1199,5.077133059429E-1);
#1201=CARTESIAN_POINT('',(-5.E-1,-4.25E0,-9.588163490354E0));
#1202=LINE('',#1201,#1200);
#1203=DIRECTION('',(0.E0,9.848077530122E-1,1.736481776669E-1));
#1204=VECTOR('',#1203,5.077133059429E-1);
#1205=CARTESIAN_POINT('',(-4.5E0,-4.25E0,-9.588163490354E0));
#1206=LINE('',#1205,#1204);
#1207=DIRECTION('',(0.E0,9.848077530122E-1,1.736481776669E-1));
#1208=VECTOR('',#1207,5.077133059429E-1);
#1209=CARTESIAN_POINT('',(4.5E0,-4.25E0,-9.588163490354E0));
#1210=LINE('',#1209,#1208);
#1211=DIRECTION('',(0.E0,9.848077530122E-1,1.736481776669E-1));
#1212=VECTOR('',#1211,5.077133059429E-1);
#1213=CARTESIAN_POINT('',(5.E-1,-4.25E0,-9.588163490354E0));
#1214=LINE('',#1213,#1212);
#1215=DIRECTION('',(0.E0,9.848077530122E-1,1.736481776669E-1));
#1216=VECTOR('',#1215,5.077133059429E-1);
#1217=CARTESIAN_POINT('',(5.5E0,-4.25E0,-9.588163490354E0));
#1218=LINE('',#1217,#1216);
#1219=DIRECTION('',(0.E0,-1.E0,0.E0));
#1220=VECTOR('',#1219,3.1E0);
#1221=CARTESIAN_POINT('',(-5.E-1,-3.75E0,-9.5E0));
#1222=LINE('',#1221,#1220);
#1223=DIRECTION('',(0.E0,0.E0,-1.E0));
#1224=VECTOR('',#1223,1.E0);
#1225=CARTESIAN_POINT('',(-5.E-1,-6.85E0,-9.5E0));
#1226=LINE('',#1225,#1224);
#1227=DIRECTION('',(0.E0,1.E0,0.E0));
#1228=VECTOR('',#1227,2.6E0);
#1229=CARTESIAN_POINT('',(-5.E-1,-6.85E0,-1.05E1));
#1230=LINE('',#1229,#1228);
#1231=DIRECTION('',(0.E0,0.E0,1.E0));
#1232=VECTOR('',#1231,6.1E0);
#1233=CARTESIAN_POINT('',(-5.E-1,4.E-1,-7.6E0));
#1234=LINE('',#1233,#1232);
#1235=DIRECTION('',(0.E0,-1.E0,0.E0));
#1236=VECTOR('',#1235,1.E0);
#1237=CARTESIAN_POINT('',(-5.E-1,4.E-1,-1.5E0));
#1238=LINE('',#1237,#1236);
#1239=DIRECTION('',(0.E0,-1.315788334676E-3,-9.999991343502E-1));
#1240=VECTOR('',#1239,6.100005280469E0);
#1241=CARTESIAN_POINT('',(-5.E-1,-6.E-1,-1.5E0));
#1242=LINE('',#1241,#1240);
#1243=DIRECTION('',(0.E0,1.E0,0.E0));
#1244=VECTOR('',#1243,2.6E0);
#1245=CARTESIAN_POINT('',(5.E-1,-6.85E0,-1.05E1));
#1246=LINE('',#1245,#1244);
#1247=DIRECTION('',(0.E0,0.E0,-1.E0));
#1248=VECTOR('',#1247,1.E0);
#1249=CARTESIAN_POINT('',(5.E-1,-6.85E0,-9.5E0));
#1250=LINE('',#1249,#1248);
#1251=DIRECTION('',(0.E0,-1.E0,0.E0));
#1252=VECTOR('',#1251,3.1E0);
#1253=CARTESIAN_POINT('',(5.E-1,-3.75E0,-9.5E0));
#1254=LINE('',#1253,#1252);
#1255=DIRECTION('',(0.E0,-1.315788334676E-3,-9.999991343502E-1));
#1256=VECTOR('',#1255,6.100005280469E0);
#1257=CARTESIAN_POINT('',(5.E-1,-6.E-1,-1.5E0));
#1258=LINE('',#1257,#1256);
#1259=DIRECTION('',(0.E0,-1.E0,0.E0));
#1260=VECTOR('',#1259,1.E0);
#1261=CARTESIAN_POINT('',(5.E-1,4.E-1,-1.5E0));
#1262=LINE('',#1261,#1260);
#1263=DIRECTION('',(0.E0,0.E0,1.E0));
#1264=VECTOR('',#1263,6.1E0);
#1265=CARTESIAN_POINT('',(5.E-1,4.E-1,-7.6E0));
#1266=LINE('',#1265,#1264);
#1267=DIRECTION('',(1.E0,0.E0,0.E0));
#1268=VECTOR('',#1267,1.E0);
#1269=CARTESIAN_POINT('',(-5.E-1,-6.85E0,-1.05E1));
#1270=LINE('',#1269,#1268);
#1271=DIRECTION('',(1.E0,0.E0,0.E0));
#1272=VECTOR('',#1271,1.E0);
#1273=CARTESIAN_POINT('',(-5.E-1,-6.85E0,-9.5E0));
#1274=LINE('',#1273,#1272);
#1275=CARTESIAN_POINT('',(0.E0,-1.E-1,-7.6E0));
#1276=DIRECTION('',(0.E0,0.E0,1.E0));
#1277=DIRECTION('',(-1.E0,0.E0,0.E0));
#1278=AXIS2_PLACEMENT_3D('',#1275,#1276,#1277);
#1280=CARTESIAN_POINT('',(0.E0,-1.E-1,-7.6E0));
#1281=DIRECTION('',(0.E0,0.E0,1.E0));
#1282=DIRECTION('',(1.E0,0.E0,0.E0));
#1283=AXIS2_PLACEMENT_3D('',#1280,#1281,#1282);
#1285=DIRECTION('',(0.E0,1.E0,0.E0));
#1286=VECTOR('',#1285,1.008026315789E0);
#1287=CARTESIAN_POINT('',(-5.E-1,-6.080263157895E-1,-7.6E0));
#1288=LINE('',#1287,#1286);
#1289=DIRECTION('',(1.E0,0.E0,0.E0));
#1290=VECTOR('',#1289,1.E0);
#1291=CARTESIAN_POINT('',(-5.E-1,-6.080263157895E-1,-7.6E0));
#1292=LINE('',#1291,#1290);
#1293=DIRECTION('',(0.E0,1.E0,0.E0));
#1294=VECTOR('',#1293,1.008026315789E0);
#1295=CARTESIAN_POINT('',(5.E-1,-6.080263157895E-1,-7.6E0));
#1296=LINE('',#1295,#1294);
#1297=DIRECTION('',(1.E0,0.E0,0.E0));
#1298=VECTOR('',#1297,1.E0);
#1299=CARTESIAN_POINT('',(-5.E-1,4.E-1,-7.6E0));
#1300=LINE('',#1299,#1298);
#1301=DIRECTION('',(-7.071067811865E-1,3.737787538240E-12,-7.071067811865E-1));
#1302=VECTOR('',#1301,5.020458146394E-1);
#1303=CARTESIAN_POINT('',(-1.019999999803E0,-9.999999982985E-2,
-7.599999999803E0));
#1304=LINE('',#1303,#1302);
#1305=DIRECTION('',(7.071067811865E-1,-3.738561527481E-12,-7.071067811865E-1));
#1306=VECTOR('',#1305,5.020458146394E-1);
#1307=CARTESIAN_POINT('',(1.019999999803E0,-1.000000001702E-1,
-7.599999999803E0));
#1308=LINE('',#1307,#1306);
#1309=CARTESIAN_POINT('',(0.E0,-1.E-1,-7.955E0));
#1310=DIRECTION('',(0.E0,0.E0,1.E0));
#1311=DIRECTION('',(1.E0,0.E0,0.E0));
#1312=AXIS2_PLACEMENT_3D('',#1309,#1310,#1311);
#1314=CARTESIAN_POINT('',(0.E0,-1.E-1,-8.5E0));
#1315=DIRECTION('',(0.E0,0.E0,1.E0));
#1316=DIRECTION('',(1.E0,0.E0,0.E0));
#1317=AXIS2_PLACEMENT_3D('',#1314,#1315,#1316);
#1319=DIRECTION('',(-3.651949281910E-10,-3.900792531597E-10,1.E0));
#1320=VECTOR('',#1319,5.450000001990E-1);
#1321=CARTESIAN_POINT('',(1.375E0,-9.999999995944E-2,-8.5E0));
#1322=LINE('',#1321,#1320);
#1323=CARTESIAN_POINT('',(0.E0,-1.E-1,-7.955E0));
#1324=DIRECTION('',(0.E0,0.E0,1.E0));
#1325=DIRECTION('',(-1.E0,0.E0,0.E0));
#1326=AXIS2_PLACEMENT_3D('',#1323,#1324,#1325);
#1328=CARTESIAN_POINT('',(0.E0,-1.E-1,-8.5E0));
#1329=DIRECTION('',(0.E0,0.E0,1.E0));
#1330=DIRECTION('',(-1.E0,0.E0,0.E0));
#1331=AXIS2_PLACEMENT_3D('',#1328,#1329,#1330);
#1333=DIRECTION('',(3.651941133484E-10,3.900789730576E-10,1.E0));
#1334=VECTOR('',#1333,5.450000001990E-1);
#1335=CARTESIAN_POINT('',(-1.375E0,-1.000000000406E-1,-8.5E0));
#1336=LINE('',#1335,#1334);
#1337=CARTESIAN_POINT('',(-1.675E0,-9.999999971817E-2,-8.5E0));
#1338=DIRECTION('',(-1.682564504391E-10,-1.E0,0.E0));
#1339=DIRECTION('',(4.740578300281E-11,0.E0,-1.E0));
#1340=AXIS2_PLACEMENT_3D('',#1337,#1338,#1339);
#1342=CARTESIAN_POINT('',(1.675E0,-1.000000002818E-1,-8.5E0));
#1343=DIRECTION('',(1.682562943139E-10,1.E0,0.E0));
#1344=DIRECTION('',(-4.740874359754E-11,0.E0,-1.E0));
#1345=AXIS2_PLACEMENT_3D('',#1342,#1343,#1344);
#1347=DIRECTION('',(1.E0,0.E0,0.E0));
#1348=VECTOR('',#1347,1.E0);
#1349=CARTESIAN_POINT('',(-5.E-1,-6.E-1,-1.5E0));
#1350=LINE('',#1349,#1348);
#1351=DIRECTION('',(1.E0,0.E0,0.E0));
#1352=VECTOR('',#1351,1.E0);
#1353=CARTESIAN_POINT('',(-5.E-1,4.E-1,-1.5E0));
#1354=LINE('',#1353,#1352);
#1355=DIRECTION('',(0.E0,-1.E0,0.E0));
#1356=VECTOR('',#1355,3.1E0);
#1357=CARTESIAN_POINT('',(4.5E0,-3.75E0,-9.5E0));
#1358=LINE('',#1357,#1356);
#1359=DIRECTION('',(0.E0,0.E0,-1.E0));
#1360=VECTOR('',#1359,1.E0);
#1361=CARTESIAN_POINT('',(4.5E0,-6.85E0,-9.5E0));
#1362=LINE('',#1361,#1360);
#1363=DIRECTION('',(0.E0,1.E0,0.E0));
#1364=VECTOR('',#1363,2.6E0);
#1365=CARTESIAN_POINT('',(4.5E0,-6.85E0,-1.05E1));
#1366=LINE('',#1365,#1364);
#1367=DIRECTION('',(0.E0,0.E0,1.E0));
#1368=VECTOR('',#1367,6.1E0);
#1369=CARTESIAN_POINT('',(4.5E0,4.E-1,-7.6E0));
#1370=LINE('',#1369,#1368);
#1371=DIRECTION('',(0.E0,-1.E0,0.E0));
#1372=VECTOR('',#1371,1.E0);
#1373=CARTESIAN_POINT('',(4.5E0,4.E-1,-1.5E0));
#1374=LINE('',#1373,#1372);
#1375=DIRECTION('',(0.E0,-1.315788334676E-3,-9.999991343502E-1));
#1376=VECTOR('',#1375,6.100005280469E0);
#1377=CARTESIAN_POINT('',(4.5E0,-6.E-1,-1.5E0));
#1378=LINE('',#1377,#1376);
#1379=DIRECTION('',(1.E0,0.E0,0.E0));
#1380=VECTOR('',#1379,1.E0);
#1381=CARTESIAN_POINT('',(4.5E0,-6.85E0,-9.5E0));
#1382=LINE('',#1381,#1380);
#1383=DIRECTION('',(1.E0,0.E0,0.E0));
#1384=VECTOR('',#1383,1.E0);
#1385=CARTESIAN_POINT('',(4.5E0,-6.85E0,-1.05E1));
#1386=LINE('',#1385,#1384);
#1387=CARTESIAN_POINT('',(5.E0,-1.E-1,-7.6E0));
#1388=DIRECTION('',(0.E0,0.E0,1.E0));
#1389=DIRECTION('',(-1.E0,0.E0,0.E0));
#1390=AXIS2_PLACEMENT_3D('',#1387,#1388,#1389);
#1392=CARTESIAN_POINT('',(5.E0,-1.E-1,-7.6E0));
#1393=DIRECTION('',(0.E0,0.E0,1.E0));
#1394=DIRECTION('',(1.E0,0.E0,0.E0));
#1395=AXIS2_PLACEMENT_3D('',#1392,#1393,#1394);
#1397=DIRECTION('',(0.E0,1.E0,0.E0));
#1398=VECTOR('',#1397,1.008026315789E0);
#1399=CARTESIAN_POINT('',(4.5E0,-6.080263157895E-1,-7.6E0));
#1400=LINE('',#1399,#1398);
#1401=DIRECTION('',(1.E0,0.E0,0.E0));
#1402=VECTOR('',#1401,1.E0);
#1403=CARTESIAN_POINT('',(4.5E0,-6.080263157895E-1,-7.6E0));
#1404=LINE('',#1403,#1402);
#1405=DIRECTION('',(0.E0,1.E0,0.E0));
#1406=VECTOR('',#1405,1.008026315789E0);
#1407=CARTESIAN_POINT('',(5.5E0,-6.080263157895E-1,-7.6E0));
#1408=LINE('',#1407,#1406);
#1409=DIRECTION('',(1.E0,0.E0,0.E0));
#1410=VECTOR('',#1409,1.E0);
#1411=CARTESIAN_POINT('',(4.5E0,4.E-1,-7.6E0));
#1412=LINE('',#1411,#1410);
#1413=DIRECTION('',(-7.071067811865E-1,3.738119247915E-12,-7.071067811865E-1));
#1414=VECTOR('',#1413,5.020458146394E-1);
#1415=CARTESIAN_POINT('',(3.980000000197E0,-9.999999982985E-2,
-7.599999999803E0));
#1416=LINE('',#1415,#1414);
#1417=DIRECTION('',(7.071067811865E-1,-3.737234688783E-12,-7.071067811865E-1));
#1418=VECTOR('',#1417,5.020458146394E-1);
#1419=CARTESIAN_POINT('',(6.019999999803E0,-1.000000001702E-1,
-7.599999999803E0));
#1420=LINE('',#1419,#1418);
#1421=CARTESIAN_POINT('',(5.E0,-1.E-1,-7.955E0));
#1422=DIRECTION('',(0.E0,0.E0,1.E0));
#1423=DIRECTION('',(1.E0,0.E0,0.E0));
#1424=AXIS2_PLACEMENT_3D('',#1421,#1422,#1423);
#1426=CARTESIAN_POINT('',(5.E0,-1.E-1,-8.5E0));
#1427=DIRECTION('',(0.E0,0.E0,1.E0));
#1428=DIRECTION('',(1.E0,0.E0,0.E0));
#1429=AXIS2_PLACEMENT_3D('',#1426,#1427,#1428);
#1431=DIRECTION('',(-3.651928910845E-10,-3.900792276959E-10,1.E0));
#1432=VECTOR('',#1431,5.450000001990E-1);
#1433=CARTESIAN_POINT('',(6.375E0,-9.999999995944E-2,-8.5E0));
#1434=LINE('',#1433,#1432);
#1435=CARTESIAN_POINT('',(5.E0,-1.E-1,-7.955E0));
#1436=DIRECTION('',(0.E0,0.E0,1.E0));
#1437=DIRECTION('',(-1.E0,0.E0,0.E0));
#1438=AXIS2_PLACEMENT_3D('',#1435,#1436,#1437);
#1440=CARTESIAN_POINT('',(5.E0,-1.E-1,-8.5E0));
#1441=DIRECTION('',(0.E0,0.E0,1.E0));
#1442=DIRECTION('',(-1.E0,0.E0,0.E0));
#1443=AXIS2_PLACEMENT_3D('',#1440,#1441,#1442);
#1445=DIRECTION('',(3.651945207697E-10,3.900791258405E-10,1.E0));
#1446=VECTOR('',#1445,5.450000001990E-1);
#1447=CARTESIAN_POINT('',(3.625E0,-1.000000000406E-1,-8.5E0));
#1448=LINE('',#1447,#1446);
#1449=CARTESIAN_POINT('',(3.325E0,-9.999999971817E-2,-8.5E0));
#1450=DIRECTION('',(-1.682564157446E-10,-1.E0,0.E0));
#1451=DIRECTION('',(4.740800344886E-11,0.E0,-1.E0));
#1452=AXIS2_PLACEMENT_3D('',#1449,#1450,#1451);
#1454=CARTESIAN_POINT('',(6.675E0,-1.000000002818E-1,-8.5E0));
#1455=DIRECTION('',(1.682563359473E-10,1.E0,0.E0));
#1456=DIRECTION('',(-4.740504285413E-11,0.E0,-1.E0));
#1457=AXIS2_PLACEMENT_3D('',#1454,#1455,#1456);
#1459=DIRECTION('',(1.E0,0.E0,0.E0));
#1460=VECTOR('',#1459,1.E0);
#1461=CARTESIAN_POINT('',(4.5E0,-6.E-1,-1.5E0));
#1462=LINE('',#1461,#1460);
#1463=DIRECTION('',(1.E0,0.E0,0.E0));
#1464=VECTOR('',#1463,1.E0);
#1465=CARTESIAN_POINT('',(4.5E0,4.E-1,-1.5E0));
#1466=LINE('',#1465,#1464);
#1467=DIRECTION('',(1.E0,0.E0,0.E0));
#1468=VECTOR('',#1467,1.E0);
#1469=CARTESIAN_POINT('',(-5.5E0,-6.E-1,-1.5E0));
#1470=LINE('',#1469,#1468);
#1471=DIRECTION('',(1.E0,0.E0,0.E0));
#1472=VECTOR('',#1471,1.E0);
#1473=CARTESIAN_POINT('',(-5.5E0,4.E-1,-1.5E0));
#1474=LINE('',#1473,#1472);
#1475=CARTESIAN_POINT('',(7.056708596277E0,-2.E0,-8.8E0));
#1476=CARTESIAN_POINT('',(7.068680381274E0,-2.027357901492E0,-8.8E0));
#1477=CARTESIAN_POINT('',(7.092140552834E0,-2.081449818061E0,
-8.792621044041E0));
#1478=CARTESIAN_POINT('',(7.124415923689E0,-2.157112667036E0,
-8.759750992256E0));
#1479=CARTESIAN_POINT('',(7.150262095554E0,-2.218556374510E0,
-8.710441087264E0));
#1480=CARTESIAN_POINT('',(7.169853803057E0,-2.265626124078E0,
-8.646636745840E0));
#1481=CARTESIAN_POINT('',(7.181540555226E0,-2.293914254559E0,
-8.574478138953E0));
#1482=CARTESIAN_POINT('',(7.184046287110E0,-2.3E0,-8.524603018751E0));
#1483=CARTESIAN_POINT('',(7.184046287110E0,-2.3E0,-8.5E0));
#1485=CARTESIAN_POINT('',(2.815953712890E0,-2.3E0,-8.5E0));
#1486=CARTESIAN_POINT('',(2.815953712890E0,-2.3E0,-8.524603018751E0));
#1487=CARTESIAN_POINT('',(2.818459444774E0,-2.293914254559E0,
-8.574478138953E0));
#1488=CARTESIAN_POINT('',(2.830146196943E0,-2.265626124078E0,
-8.646636745840E0));
#1489=CARTESIAN_POINT('',(2.849737904446E0,-2.218556374510E0,
-8.710441087264E0));
#1490=CARTESIAN_POINT('',(2.875584076311E0,-2.157112667036E0,
-8.759750992256E0));
#1491=CARTESIAN_POINT('',(2.907859447166E0,-2.081449818061E0,
-8.792621044041E0));
#1492=CARTESIAN_POINT('',(2.931319618726E0,-2.027357901492E0,-8.8E0));
#1493=CARTESIAN_POINT('',(2.943291403723E0,-2.E0,-8.8E0));
#1495=DIRECTION('',(1.E0,0.E0,0.E0));
#1496=VECTOR('',#1495,6.432914037229E-1);
#1497=CARTESIAN_POINT('',(-7.7E0,-2.E0,-8.8E0));
#1498=LINE('',#1497,#1496);
#1499=DIRECTION('',(1.E0,0.E0,0.E0));
#1500=VECTOR('',#1499,8.865828074459E-1);
#1501=CARTESIAN_POINT('',(-2.943291403723E0,-2.E0,-8.8E0));
#1502=LINE('',#1501,#1500);
#1503=DIRECTION('',(1.E0,0.E0,0.E0));
#1504=VECTOR('',#1503,6.432914037229E-1);
#1505=CARTESIAN_POINT('',(7.056708596277E0,-2.E0,-8.8E0));
#1506=LINE('',#1505,#1504);
#1507=DIRECTION('',(1.E0,0.E0,0.E0));
#1508=VECTOR('',#1507,8.865828074459E-1);
#1509=CARTESIAN_POINT('',(2.056708596277E0,-2.E0,-8.8E0));
#1510=LINE('',#1509,#1508);
#1511=CARTESIAN_POINT('',(-2.943291403723E0,-2.E0,-8.8E0));
#1512=CARTESIAN_POINT('',(-2.931319618726E0,-2.027357901492E0,-8.8E0));
#1513=CARTESIAN_POINT('',(-2.907859447166E0,-2.081449818061E0,
-8.792621044041E0));
#1514=CARTESIAN_POINT('',(-2.875584076311E0,-2.157112667036E0,
-8.759750992256E0));
#1515=CARTESIAN_POINT('',(-2.849737904446E0,-2.218556374510E0,
-8.710441087264E0));
#1516=CARTESIAN_POINT('',(-2.830146196943E0,-2.265626124078E0,
-8.646636745840E0));
#1517=CARTESIAN_POINT('',(-2.818459444774E0,-2.293914254559E0,
-8.574478138953E0));
#1518=CARTESIAN_POINT('',(-2.815953712890E0,-2.3E0,-8.524603018751E0));
#1519=CARTESIAN_POINT('',(-2.815953712890E0,-2.3E0,-8.5E0));
#1521=CARTESIAN_POINT('',(-7.184046287110E0,-2.3E0,-8.5E0));
#1522=CARTESIAN_POINT('',(-7.184046287110E0,-2.3E0,-8.524603018751E0));
#1523=CARTESIAN_POINT('',(-7.181540555226E0,-2.293914254559E0,
-8.574478138953E0));
#1524=CARTESIAN_POINT('',(-7.169853803057E0,-2.265626124078E0,
-8.646636745840E0));
#1525=CARTESIAN_POINT('',(-7.150262095554E0,-2.218556374510E0,
-8.710441087264E0));
#1526=CARTESIAN_POINT('',(-7.124415923689E0,-2.157112667036E0,
-8.759750992256E0));
#1527=CARTESIAN_POINT('',(-7.092140552834E0,-2.081449818061E0,
-8.792621044041E0));
#1528=CARTESIAN_POINT('',(-7.068680381274E0,-2.027357901492E0,-8.8E0));
#1529=CARTESIAN_POINT('',(-7.056708596277E0,-2.E0,-8.8E0));
#1531=CARTESIAN_POINT('',(-5.E0,-1.000132237302E-1,-8.5E0));
#1532=DIRECTION('',(0.E0,0.E0,-1.E0));
#1533=DIRECTION('',(7.045310603580E-1,-7.096731536354E-1,0.E0));
#1534=AXIS2_PLACEMENT_3D('',#1531,#1532,#1533);
#1536=CARTESIAN_POINT('',(-5.E0,-1.000132237302E-1,-1.25E0));
#1537=DIRECTION('',(0.E0,0.E0,-1.E0));
#1538=DIRECTION('',(7.045310603580E-1,-7.096731536354E-1,0.E0));
#1539=AXIS2_PLACEMENT_3D('',#1536,#1537,#1538);
#1541=DIRECTION('',(-1.E0,0.E0,0.E0));
#1542=VECTOR('',#1541,5.159537128902E-1);
#1543=CARTESIAN_POINT('',(-7.184046287110E0,-2.3E0,-8.5E0));
#1544=LINE('',#1543,#1542);
#1545=DIRECTION('',(0.E0,0.E0,1.E0));
#1546=VECTOR('',#1545,7.25E0);
#1547=CARTESIAN_POINT('',(-7.184046287110E0,-2.3E0,-8.5E0));
#1548=LINE('',#1547,#1546);
#1549=DIRECTION('',(-1.E0,0.E0,0.E0));
#1550=VECTOR('',#1549,6.319074257804E-1);
#1551=CARTESIAN_POINT('',(-2.184046287110E0,-2.3E0,-8.5E0));
#1552=LINE('',#1551,#1550);
#1553=DIRECTION('',(0.E0,0.E0,1.E0));
#1554=VECTOR('',#1553,7.25E0);
#1555=CARTESIAN_POINT('',(-2.184046287110E0,-2.3E0,-8.5E0));
#1556=LINE('',#1555,#1554);
#1557=DIRECTION('',(0.E0,0.E0,1.E0));
#1558=VECTOR('',#1557,7.25E0);
#1559=CARTESIAN_POINT('',(-2.815953712890E0,-2.3E0,-8.5E0));
#1560=LINE('',#1559,#1558);
#1561=DIRECTION('',(-1.E0,0.E0,0.E0));
#1562=VECTOR('',#1561,5.159537128902E-1);
#1563=CARTESIAN_POINT('',(7.7E0,-2.3E0,-8.5E0));
#1564=LINE('',#1563,#1562);
#1565=DIRECTION('',(0.E0,0.E0,1.E0));
#1566=VECTOR('',#1565,7.25E0);
#1567=CARTESIAN_POINT('',(7.184046287110E0,-2.3E0,-8.5E0));
#1568=LINE('',#1567,#1566);
#1569=DIRECTION('',(-1.E0,0.E0,0.E0));
#1570=VECTOR('',#1569,6.319074257804E-1);
#1571=CARTESIAN_POINT('',(2.815953712890E0,-2.3E0,-8.5E0));
#1572=LINE('',#1571,#1570);
#1573=DIRECTION('',(0.E0,0.E0,1.E0));
#1574=VECTOR('',#1573,7.25E0);
#1575=CARTESIAN_POINT('',(2.815953712890E0,-2.3E0,-8.5E0));
#1576=LINE('',#1575,#1574);
#1577=DIRECTION('',(0.E0,0.E0,1.E0));
#1578=VECTOR('',#1577,7.25E0);
#1579=CARTESIAN_POINT('',(2.184046287110E0,-2.3E0,-8.5E0));
#1580=LINE('',#1579,#1578);
#1581=CARTESIAN_POINT('',(-7.317956040755E0,-2.634999857144E0,
-5.273827863306E-7));
#1582=CARTESIAN_POINT('',(-7.295407467425E0,-2.576925919215E0,
-2.166943256270E-1));
#1583=CARTESIAN_POINT('',(-7.250569732859E0,-2.463019197552E0,
-6.417194149486E-1));
#1584=CARTESIAN_POINT('',(-7.206131210174E0,-2.353593095022E0,
-1.050025764843E0));
#1585=CARTESIAN_POINT('',(-7.184046287110E0,-2.3E0,-1.25E0));
#1587=DIRECTION('',(1.E0,0.E0,0.E0));
#1588=VECTOR('',#1587,5.159537128902E-1);
#1589=CARTESIAN_POINT('',(-7.7E0,-2.3E0,-1.25E0));
#1590=LINE('',#1589,#1588);
#1591=CARTESIAN_POINT('',(-2.317956040754E0,-2.634999857145E0,
-5.273827857385E-7));
#1592=CARTESIAN_POINT('',(-2.295418236306E0,-2.576953654510E0,
-2.165908357219E-1));
#1593=CARTESIAN_POINT('',(-2.250591900245E0,-2.463074652022E0,
-6.415124952863E-1));
#1594=CARTESIAN_POINT('',(-2.206142632254E0,-2.353620812782E0,
-1.049922340365E0));
#1595=CARTESIAN_POINT('',(-2.184046287110E0,-2.3E0,-1.25E0));
#1597=CARTESIAN_POINT('',(-2.815953712890E0,-2.3E0,-1.25E0));
#1598=CARTESIAN_POINT('',(-2.793859590284E0,-2.353615419388E0,
-1.049942464970E0));
#1599=CARTESIAN_POINT('',(-2.749412168246E0,-2.463063865709E0,
-6.415527428875E-1));
#1600=CARTESIAN_POINT('',(-2.704584348887E0,-2.576948249376E0,
-2.166110037993E-1));
#1601=CARTESIAN_POINT('',(-2.682044448905E0,-2.634999848815E0,
-5.581328809493E-7));
#1603=DIRECTION('',(1.E0,0.E0,0.E0));
#1604=VECTOR('',#1603,6.319074257804E-1);
#1605=CARTESIAN_POINT('',(-2.815953712890E0,-2.3E0,-1.25E0));
#1606=LINE('',#1605,#1604);
#1607=CARTESIAN_POINT('',(2.682043958467E0,-2.634999857185E0,
-5.272262898851E-7));
#1608=CARTESIAN_POINT('',(2.704623906549E0,-2.576845113460E0,
-2.169958396359E-1));
#1609=CARTESIAN_POINT('',(2.749494852809E0,-2.462857632941E0,
-6.423222679780E-1));
#1610=CARTESIAN_POINT('',(2.793902067649E0,-2.353512340312E0,
-1.050327088388E0));
#1611=CARTESIAN_POINT('',(2.815953712890E0,-2.3E0,-1.25E0));
#1613=CARTESIAN_POINT('',(2.184046287110E0,-2.3E0,-1.25E0));
#1614=CARTESIAN_POINT('',(2.206155430856E0,-2.353651870925E0,
-1.049806451772E0));
#1615=CARTESIAN_POINT('',(2.250616983705E0,-2.463136793711E0,
-6.412806234766E-1));
#1616=CARTESIAN_POINT('',(2.295429813233E0,-2.576984723973E0,
-2.164749045593E-1));
#1617=CARTESIAN_POINT('',(2.317955551094E0,-2.634999848816E0,
-5.581328809493E-7));
#1619=DIRECTION('',(1.E0,0.E0,0.E0));
#1620=VECTOR('',#1619,6.319074257804E-1);
#1621=CARTESIAN_POINT('',(2.184046287110E0,-2.3E0,-1.25E0));
#1622=LINE('',#1621,#1620);
#1623=CARTESIAN_POINT('',(7.184046287110E0,-2.3E0,-1.25E0));
#1624=CARTESIAN_POINT('',(7.206115714970E0,-2.353555493083E0,
-1.050166070587E0));
#1625=CARTESIAN_POINT('',(7.250539904819E0,-2.462943972140E0,
-6.420001069519E-1));
#1626=CARTESIAN_POINT('',(7.295392369060E0,-2.576888285163E0,
-2.168347508609E-1));
#1627=CARTESIAN_POINT('',(7.317955551560E0,-2.634999848817E0,
-5.581235017852E-7));
#1629=DIRECTION('',(1.E0,0.E0,0.E0));
#1630=VECTOR('',#1629,5.159537128902E-1);
#1631=CARTESIAN_POINT('',(7.184046287110E0,-2.3E0,-1.25E0));
#1632=LINE('',#1631,#1630);
#1633=CARTESIAN_POINT('',(-7.7E0,2.5E0,-8.5E0));
#1634=DIRECTION('',(1.E0,0.E0,0.E0));
#1635=DIRECTION('',(0.E0,0.E0,-1.E0));
#1636=AXIS2_PLACEMENT_3D('',#1633,#1634,#1635);
#1638=DIRECTION('',(0.E0,-1.E0,0.E0));
#1639=VECTOR('',#1638,4.5E0);
#1640=CARTESIAN_POINT('',(-7.7E0,2.5E0,-8.8E0));
#1641=LINE('',#1640,#1639);
#1642=CARTESIAN_POINT('',(-7.7E0,-2.E0,-8.5E0));
#1643=DIRECTION('',(1.E0,0.E0,0.E0));
#1644=DIRECTION('',(0.E0,-1.E0,0.E0));
#1645=AXIS2_PLACEMENT_3D('',#1642,#1643,#1644);
#1647=DIRECTION('',(0.E0,0.E0,1.E0));
#1648=VECTOR('',#1647,7.25E0);
#1649=CARTESIAN_POINT('',(-7.7E0,-2.3E0,-8.5E0));
#1650=LINE('',#1649,#1648);
#1651=DIRECTION('',(0.E0,2.588648330814E-1,-9.659135562739E-1));
#1652=VECTOR('',#1651,1.294111664425E0);
#1653=CARTESIAN_POINT('',(-7.7E0,-2.635E0,0.E0));
#1654=LINE('',#1653,#1652);
#1655=DIRECTION('',(0.E0,2.588648330814E-1,9.659135562739E-1));
#1656=VECTOR('',#1655,1.294111664425E0);
#1657=CARTESIAN_POINT('',(-7.7E0,2.8E0,-1.25E0));
#1658=LINE('',#1657,#1656);
#1659=DIRECTION('',(0.E0,0.E0,-1.E0));
#1660=VECTOR('',#1659,7.25E0);
#1661=CARTESIAN_POINT('',(-7.7E0,2.8E0,-1.25E0));
#1662=LINE('',#1661,#1660);
#1663=CARTESIAN_POINT('',(0.E0,-1.000132237302E-1,-8.5E0));
#1664=DIRECTION('',(0.E0,0.E0,-1.E0));
#1665=DIRECTION('',(7.045310603580E-1,-7.096731536354E-1,0.E0));
#1666=AXIS2_PLACEMENT_3D('',#1663,#1664,#1665);
#1668=CARTESIAN_POINT('',(0.E0,-1.000132237302E-1,-1.25E0));
#1669=DIRECTION('',(0.E0,0.E0,-1.E0));
#1670=DIRECTION('',(7.045310603580E-1,-7.096731536354E-1,0.E0));
#1671=AXIS2_PLACEMENT_3D('',#1668,#1669,#1670);
#1673=CARTESIAN_POINT('',(2.056708596277E0,-2.E0,-8.8E0));
#1674=CARTESIAN_POINT('',(2.068680381274E0,-2.027357901492E0,-8.8E0));
#1675=CARTESIAN_POINT('',(2.092140552834E0,-2.081449818061E0,
-8.792621044041E0));
#1676=CARTESIAN_POINT('',(2.124415923689E0,-2.157112667036E0,
-8.759750992256E0));
#1677=CARTESIAN_POINT('',(2.150262095554E0,-2.218556374510E0,
-8.710441087264E0));
#1678=CARTESIAN_POINT('',(2.169853803057E0,-2.265626124078E0,
-8.646636745840E0));
#1679=CARTESIAN_POINT('',(2.181540555226E0,-2.293914254559E0,
-8.574478138953E0));
#1680=CARTESIAN_POINT('',(2.184046287110E0,-2.3E0,-8.524603018751E0));
#1681=CARTESIAN_POINT('',(2.184046287110E0,-2.3E0,-8.5E0));
#1683=CARTESIAN_POINT('',(-2.184046287110E0,-2.3E0,-8.5E0));
#1684=CARTESIAN_POINT('',(-2.184046287110E0,-2.3E0,-8.524603018751E0));
#1685=CARTESIAN_POINT('',(-2.181540555226E0,-2.293914254559E0,
-8.574478138953E0));
#1686=CARTESIAN_POINT('',(-2.169853803057E0,-2.265626124078E0,
-8.646636745840E0));
#1687=CARTESIAN_POINT('',(-2.150262095554E0,-2.218556374510E0,
-8.710441087264E0));
#1688=CARTESIAN_POINT('',(-2.124415923689E0,-2.157112667036E0,
-8.759750992256E0));
#1689=CARTESIAN_POINT('',(-2.092140552834E0,-2.081449818061E0,
-8.792621044041E0));
#1690=CARTESIAN_POINT('',(-2.068680381274E0,-2.027357901492E0,-8.8E0));
#1691=CARTESIAN_POINT('',(-2.056708596277E0,-2.E0,-8.8E0));
#1693=CARTESIAN_POINT('',(5.E0,-1.000132237302E-1,-8.5E0));
#1694=DIRECTION('',(0.E0,0.E0,-1.E0));
#1695=DIRECTION('',(7.045310603580E-1,-7.096731536354E-1,0.E0));
#1696=AXIS2_PLACEMENT_3D('',#1693,#1694,#1695);
#1698=CARTESIAN_POINT('',(5.E0,-1.000132237302E-1,-1.25E0));
#1699=DIRECTION('',(0.E0,0.E0,-1.E0));
#1700=DIRECTION('',(7.045310603580E-1,-7.096731536354E-1,0.E0));
#1701=AXIS2_PLACEMENT_3D('',#1698,#1699,#1700);
#1703=DIRECTION('',(0.E0,1.E0,0.E0));
#1704=VECTOR('',#1703,1.6E0);
#1705=CARTESIAN_POINT('',(4.384936490539E0,2.8E0,-1.25E0));
#1706=LINE('',#1705,#1704);
#1707=CARTESIAN_POINT('',(-5.25E0,4.2E0,-2.8E0));
#1708=DIRECTION('',(1.E0,0.E0,0.E0));
#1709=DIRECTION('',(0.E0,1.554312234475E-13,-1.E0));
#1710=AXIS2_PLACEMENT_3D('',#1707,#1708,#1709);
#1712=DIRECTION('',(1.E0,0.E0,0.E0));
#1713=VECTOR('',#1712,3.15E0);
#1714=CARTESIAN_POINT('',(-8.4E0,4.2E0,-3.E0));
#1715=LINE('',#1714,#1713);
#1716=CARTESIAN_POINT('',(-4.75E0,4.2E0,-2.8E0));
#1717=DIRECTION('',(1.E0,0.E0,0.E0));
#1718=DIRECTION('',(0.E0,1.554312234475E-13,-1.E0));
#1719=AXIS2_PLACEMENT_3D('',#1716,#1717,#1718);
#1721=DIRECTION('',(1.E0,0.E0,0.E0));
#1722=VECTOR('',#1721,1.315E1);
#1723=CARTESIAN_POINT('',(-4.75E0,4.2E0,-3.E0));
#1724=LINE('',#1723,#1722);
#1725=DIRECTION('',(0.E0,1.E0,0.E0));
#1726=VECTOR('',#1725,4.E-1);
#1727=CARTESIAN_POINT('',(-5.25E0,3.8E0,-3.E0));
#1728=LINE('',#1727,#1726);
#1729=DIRECTION('',(1.E0,0.E0,0.E0));
#1730=VECTOR('',#1729,3.15E0);
#1731=CARTESIAN_POINT('',(-8.4E0,3.8E0,-3.E0));
#1732=LINE('',#1731,#1730);
#1733=DIRECTION('',(0.E0,1.E0,0.E0));
#1734=VECTOR('',#1733,4.E-1);
#1735=CARTESIAN_POINT('',(-4.75E0,3.8E0,-3.E0));
#1736=LINE('',#1735,#1734);
#1737=DIRECTION('',(1.E0,0.E0,0.E0));
#1738=VECTOR('',#1737,1.315E1);
#1739=CARTESIAN_POINT('',(-4.75E0,3.8E0,-3.E0));
#1740=LINE('',#1739,#1738);
#1741=DIRECTION('',(0.E0,-1.E0,0.E0));
#1742=VECTOR('',#1741,6.E-1);
#1743=CARTESIAN_POINT('',(-4.75E0,4.4E0,-2.5E0));
#1744=LINE('',#1743,#1742);
#1745=DIRECTION('',(0.E0,-1.E0,0.E0));
#1746=VECTOR('',#1745,6.E-1);
#1747=CARTESIAN_POINT('',(-5.25E0,4.4E0,-2.5E0));
#1748=LINE('',#1747,#1746);
#1749=DIRECTION('',(0.E0,0.E0,-1.E0));
#1750=VECTOR('',#1749,6.5E0);
#1751=CARTESIAN_POINT('',(6.6E0,-3.95E0,0.E0));
#1752=LINE('',#1751,#1750);
#1753=DIRECTION('',(0.E0,0.E0,-1.E0));
#1754=VECTOR('',#1753,6.5E0);
#1755=CARTESIAN_POINT('',(7.3E0,-3.95E0,0.E0));
#1756=LINE('',#1755,#1754);
#1757=DIRECTION('',(1.E0,0.E0,0.E0));
#1758=VECTOR('',#1757,1.1E0);
#1759=CARTESIAN_POINT('',(7.3E0,-3.95E0,0.E0));
#1760=LINE('',#1759,#1758);
#1761=DIRECTION('',(-1.E0,0.E0,0.E0));
#1762=VECTOR('',#1761,1.68E1);
#1763=CARTESIAN_POINT('',(8.4E0,-3.95E0,-6.636675041929E0));
#1764=LINE('',#1763,#1762);
#1765=DIRECTION('',(1.E0,0.E0,0.E0));
#1766=VECTOR('',#1765,1.1E0);
#1767=CARTESIAN_POINT('',(-8.4E0,-3.95E0,0.E0));
#1768=LINE('',#1767,#1766);
#1769=DIRECTION('',(0.E0,0.E0,-1.E0));
#1770=VECTOR('',#1769,6.5E0);
#1771=CARTESIAN_POINT('',(-7.3E0,-3.95E0,0.E0));
#1772=LINE('',#1771,#1770);
#1773=DIRECTION('',(0.E0,0.E0,-1.E0));
#1774=VECTOR('',#1773,6.5E0);
#1775=CARTESIAN_POINT('',(-3.4E0,-3.95E0,0.E0));
#1776=LINE('',#1775,#1774);
#1777=DIRECTION('',(0.E0,0.E0,-1.E0));
#1778=VECTOR('',#1777,6.5E0);
#1779=CARTESIAN_POINT('',(1.6E0,-3.95E0,0.E0));
#1780=LINE('',#1779,#1778);
#1781=DIRECTION('',(0.E0,-7.071067811866E-1,7.071067811865E-1));
#1782=VECTOR('',#1781,4.242640687119E-1);
#1783=CARTESIAN_POINT('',(-6.6E0,-3.95E0,-6.5E0));
#1784=LINE('',#1783,#1782);
#1785=DIRECTION('',(-1.E0,0.E0,0.E0));
#1786=VECTOR('',#1785,7.E-1);
#1787=CARTESIAN_POINT('',(-6.6E0,-3.95E0,-6.5E0));
#1788=LINE('',#1787,#1786);
#1789=DIRECTION('',(0.E0,-7.071067811866E-1,7.071067811865E-1));
#1790=VECTOR('',#1789,4.242640687119E-1);
#1791=CARTESIAN_POINT('',(-1.6E0,-3.95E0,-6.5E0));
#1792=LINE('',#1791,#1790);
#1793=DIRECTION('',(-1.E0,0.E0,0.E0));
#1794=VECTOR('',#1793,1.8E0);
#1795=CARTESIAN_POINT('',(-1.6E0,-3.95E0,-6.5E0));
#1796=LINE('',#1795,#1794);
#1797=DIRECTION('',(0.E0,-7.071067811866E-1,7.071067811865E-1));
#1798=VECTOR('',#1797,4.242640687119E-1);
#1799=CARTESIAN_POINT('',(-3.4E0,-3.95E0,-6.5E0));
#1800=LINE('',#1799,#1798);
#1801=DIRECTION('',(0.E0,-7.071067811866E-1,7.071067811865E-1));
#1802=VECTOR('',#1801,4.242640687119E-1);
#1803=CARTESIAN_POINT('',(6.6E0,-3.95E0,-6.5E0));
#1804=LINE('',#1803,#1802);
#1805=DIRECTION('',(-1.E0,0.E0,0.E0));
#1806=VECTOR('',#1805,7.E-1);
#1807=CARTESIAN_POINT('',(7.3E0,-3.95E0,-6.5E0));
#1808=LINE('',#1807,#1806);
#1809=DIRECTION('',(0.E0,-7.071067811866E-1,7.071067811865E-1));
#1810=VECTOR('',#1809,4.242640687119E-1);
#1811=CARTESIAN_POINT('',(3.4E0,-3.95E0,-6.5E0));
#1812=LINE('',#1811,#1810);
#1813=DIRECTION('',(-1.E0,0.E0,0.E0));
#1814=VECTOR('',#1813,1.8E0);
#1815=CARTESIAN_POINT('',(3.4E0,-3.95E0,-6.5E0));
#1816=LINE('',#1815,#1814);
#1817=DIRECTION('',(0.E0,-7.071067811866E-1,7.071067811865E-1));
#1818=VECTOR('',#1817,4.242640687119E-1);
#1819=CARTESIAN_POINT('',(1.6E0,-3.95E0,-6.5E0));
#1820=LINE('',#1819,#1818);
#1821=DIRECTION('',(0.E0,0.E0,-1.E0));
#1822=VECTOR('',#1821,6.5E0);
#1823=CARTESIAN_POINT('',(-1.6E0,-3.95E0,0.E0));
#1824=LINE('',#1823,#1822);
#1825=DIRECTION('',(0.E0,0.E0,-1.E0));
#1826=VECTOR('',#1825,6.5E0);
#1827=CARTESIAN_POINT('',(3.4E0,-3.95E0,0.E0));
#1828=LINE('',#1827,#1826);
#1829=DIRECTION('',(-1.E0,0.E0,0.E0));
#1830=VECTOR('',#1829,1.68E1);
#1831=CARTESIAN_POINT('',(8.4E0,-3.916666666667E0,-6.747229201607E0));
#1832=LINE('',#1831,#1830);
#1833=DIRECTION('',(-1.E0,0.E0,0.E0));
#1834=VECTOR('',#1833,1.68E1);
#1835=CARTESIAN_POINT('',(8.4E0,-3.75E0,-7.3E0));
#1836=LINE('',#1835,#1834);
#1837=DIRECTION('',(1.E0,0.E0,0.E0));
#1838=VECTOR('',#1837,1.1E0);
#1839=CARTESIAN_POINT('',(-8.4E0,-3.05E0,-1.05E1));
#1840=LINE('',#1839,#1838);
#1841=DIRECTION('',(1.E0,0.E0,0.E0));
#1842=VECTOR('',#1841,1.1E0);
#1843=CARTESIAN_POINT('',(-8.4E0,-2.985707879751E0,-9.765137702901E0));
#1844=LINE('',#1843,#1842);
#1845=DIRECTION('',(1.E0,0.E0,0.E0));
#1846=VECTOR('',#1845,1.1E0);
#1847=CARTESIAN_POINT('',(-8.4E0,-2.587230000515E0,-9.4E0));
#1848=LINE('',#1847,#1846);
#1849=DIRECTION('',(1.E0,0.E0,0.E0));
#1850=VECTOR('',#1849,1.1E0);
#1851=CARTESIAN_POINT('',(-8.4E0,-5.362602261359E-1,-9.4E0));
#1852=LINE('',#1851,#1850);
#1853=DIRECTION('',(-1.E0,0.E0,0.E0));
#1854=VECTOR('',#1853,1.1E0);
#1855=CARTESIAN_POINT('',(8.4E0,3.2E0,-1.05E1));
#1856=LINE('',#1855,#1854);
#1857=DIRECTION('',(-1.E0,0.E0,0.E0));
#1858=VECTOR('',#1857,1.1E0);
#1859=CARTESIAN_POINT('',(8.4E0,3.135707879751E0,-9.765137702901E0));
#1860=LINE('',#1859,#1858);
#1861=DIRECTION('',(-1.E0,0.E0,0.E0));
#1862=VECTOR('',#1861,1.1E0);
#1863=CARTESIAN_POINT('',(8.4E0,2.737230000514E0,-9.4E0));
#1864=LINE('',#1863,#1862);
#1865=DIRECTION('',(-1.E0,0.E0,0.E0));
#1866=VECTOR('',#1865,1.1E0);
#1867=CARTESIAN_POINT('',(8.4E0,3.362602261359E-1,-9.4E0));
#1868=LINE('',#1867,#1866);
#1869=DIRECTION('',(1.E0,0.E0,0.E0));
#1870=VECTOR('',#1869,1.1E0);
#1871=CARTESIAN_POINT('',(-8.4E0,3.2E0,-1.05E1));
#1872=LINE('',#1871,#1870);
#1873=DIRECTION('',(1.E0,0.E0,0.E0));
#1874=VECTOR('',#1873,1.1E0);
#1875=CARTESIAN_POINT('',(-8.4E0,3.135739528090E0,-9.765153968463E0));
#1876=LINE('',#1875,#1874);
#1877=CARTESIAN_POINT('',(-8.4E0,3.8E0,-3.E0));
#1878=CARTESIAN_POINT('',(-8.4E0,4.2E0,-3.E0));
#1879=VERTEX_POINT('',#1877);
#1880=VERTEX_POINT('',#1878);
#1881=CARTESIAN_POINT('',(-8.4E0,4.4E0,-2.8E0));
#1882=CARTESIAN_POINT('',(-8.4E0,4.4E0,-1.25E0));
#1883=VERTEX_POINT('',#1881);
#1884=VERTEX_POINT('',#1882);
#1885=CARTESIAN_POINT('',(-8.4E0,4.065E0,0.E0));
#1886=VERTEX_POINT('',#1885);
#1887=CARTESIAN_POINT('',(-8.4E0,-3.95E0,0.E0));
#1888=VERTEX_POINT('',#1887);
#1889=CARTESIAN_POINT('',(8.4E0,3.8E0,-3.E0));
#1890=CARTESIAN_POINT('',(8.4E0,4.2E0,-3.E0));
#1891=VERTEX_POINT('',#1889);
#1892=VERTEX_POINT('',#1890);
#1893=CARTESIAN_POINT('',(8.4E0,4.4E0,-2.8E0));
#1894=CARTESIAN_POINT('',(8.4E0,4.4E0,-1.25E0));
#1895=VERTEX_POINT('',#1893);
#1896=VERTEX_POINT('',#1894);
#1897=CARTESIAN_POINT('',(8.4E0,4.065E0,0.E0));
#1898=VERTEX_POINT('',#1897);
#1899=CARTESIAN_POINT('',(8.4E0,-3.95E0,0.E0));
#1900=VERTEX_POINT('',#1899);
#1901=CARTESIAN_POINT('',(-5.5E0,-6.85E0,-9.5E0));
#1902=CARTESIAN_POINT('',(-5.5E0,-6.85E0,-1.05E1));
#1903=VERTEX_POINT('',#1901);
#1904=VERTEX_POINT('',#1902);
#1905=CARTESIAN_POINT('',(-4.5E0,-6.85E0,-9.5E0));
#1906=CARTESIAN_POINT('',(-4.5E0,-6.85E0,-1.05E1));
#1907=VERTEX_POINT('',#1905);
#1908=VERTEX_POINT('',#1906);
#1909=CARTESIAN_POINT('',(-5.5E0,-4.25E0,-1.05E1));
#1910=VERTEX_POINT('',#1909);
#1911=CARTESIAN_POINT('',(-5.5E0,-3.75E0,-9.5E0));
#1912=VERTEX_POINT('',#1911);
#1913=CARTESIAN_POINT('',(-4.5E0,-4.25E0,-1.05E1));
#1914=VERTEX_POINT('',#1913);
#1915=CARTESIAN_POINT('',(-4.5E0,-3.75E0,-9.5E0));
#1916=VERTEX_POINT('',#1915);
#1917=CARTESIAN_POINT('',(-7.7E0,-2.3E0,-8.5E0));
#1918=CARTESIAN_POINT('',(-7.7E0,-2.3E0,-1.25E0));
#1919=VERTEX_POINT('',#1917);
#1920=VERTEX_POINT('',#1918);
#1921=CARTESIAN_POINT('',(7.7E0,-2.3E0,-8.5E0));
#1922=CARTESIAN_POINT('',(7.7E0,-2.3E0,-1.25E0));
#1923=VERTEX_POINT('',#1921);
#1924=VERTEX_POINT('',#1922);
#1925=CARTESIAN_POINT('',(-7.7E0,-2.635E0,0.E0));
#1926=CARTESIAN_POINT('',(-7.7E0,3.135E0,0.E0));
#1927=VERTEX_POINT('',#1925);
#1928=VERTEX_POINT('',#1926);
#1929=CARTESIAN_POINT('',(-7.7E0,2.8E0,-1.25E0));
#1930=VERTEX_POINT('',#1929);
#1931=CARTESIAN_POINT('',(7.7E0,3.135E0,0.E0));
#1932=CARTESIAN_POINT('',(7.7E0,2.8E0,-1.25E0));
#1933=VERTEX_POINT('',#1931);
#1934=VERTEX_POINT('',#1932);
#1935=CARTESIAN_POINT('',(7.7E0,-2.635E0,0.E0));
#1936=VERTEX_POINT('',#1935);
#1937=CARTESIAN_POINT('',(-4.384936490539E0,4.4E0,-1.25E0));
#1938=CARTESIAN_POINT('',(-5.615063509461E0,4.4E0,-1.25E0));
#1939=VERTEX_POINT('',#1937);
#1940=VERTEX_POINT('',#1938);
#1941=CARTESIAN_POINT('',(-4.05E0,4.065E0,0.E0));
#1942=VERTEX_POINT('',#1941);
#1943=CARTESIAN_POINT('',(-5.95E0,4.065E0,0.E0));
#1944=VERTEX_POINT('',#1943);
#1945=CARTESIAN_POINT('',(-4.05E0,3.135E0,0.E0));
#1946=VERTEX_POINT('',#1945);
#1947=CARTESIAN_POINT('',(-5.95E0,3.135E0,0.E0));
#1948=VERTEX_POINT('',#1947);
#1949=CARTESIAN_POINT('',(-4.384936490539E0,2.8E0,-1.25E0));
#1950=VERTEX_POINT('',#1949);
#1951=CARTESIAN_POINT('',(-5.615063509461E0,2.8E0,-1.25E0));
#1952=VERTEX_POINT('',#1951);
#1953=CARTESIAN_POINT('',(-7.7E0,-2.E0,-8.8E0));
#1954=VERTEX_POINT('',#1953);
#1955=CARTESIAN_POINT('',(7.7E0,-2.E0,-8.8E0));
#1956=VERTEX_POINT('',#1955);
#1957=CARTESIAN_POINT('',(-5.25E0,3.8E0,-2.5E0));
#1958=CARTESIAN_POINT('',(-4.75E0,3.8E0,-2.5E0));
#1959=VERTEX_POINT('',#1957);
#1960=VERTEX_POINT('',#1958);
#1961=CARTESIAN_POINT('',(-5.25E0,3.8E0,-3.E0));
#1962=CARTESIAN_POINT('',(-5.25E0,4.2E0,-3.E0));
#1963=VERTEX_POINT('',#1961);
#1964=VERTEX_POINT('',#1962);
#1965=CARTESIAN_POINT('',(-4.75E0,3.8E0,-3.E0));
#1966=CARTESIAN_POINT('',(-4.75E0,4.2E0,-3.E0));
#1967=VERTEX_POINT('',#1965);
#1968=VERTEX_POINT('',#1966);
#1969=CARTESIAN_POINT('',(-5.25E0,4.4E0,-2.8E0));
#1970=CARTESIAN_POINT('',(-5.25E0,4.4E0,-2.5E0));
#1971=VERTEX_POINT('',#1969);
#1972=VERTEX_POINT('',#1970);
#1973=CARTESIAN_POINT('',(-4.75E0,4.4E0,-2.5E0));
#1974=VERTEX_POINT('',#1973);
#1975=CARTESIAN_POINT('',(-4.75E0,4.4E0,-2.8E0));
#1976=VERTEX_POINT('',#1975);
#1977=CARTESIAN_POINT('',(-6.675E0,-1.E-1,-8.8E0));
#1978=CARTESIAN_POINT('',(-3.325E0,-1.E-1,-8.8E0));
#1979=VERTEX_POINT('',#1977);
#1980=VERTEX_POINT('',#1978);
#1981=CARTESIAN_POINT('',(-6.375E0,-1.E-1,-8.5E0));
#1982=CARTESIAN_POINT('',(-3.625E0,-1.E-1,-8.5E0));
#1983=VERTEX_POINT('',#1981);
#1984=VERTEX_POINT('',#1982);
#1985=CARTESIAN_POINT('',(-5.5E0,-6.080263157895E-1,-7.6E0));
#1986=CARTESIAN_POINT('',(-5.5E0,4.E-1,-7.6E0));
#1987=VERTEX_POINT('',#1985);
#1988=VERTEX_POINT('',#1986);
#1989=CARTESIAN_POINT('',(-4.5E0,-6.080263157895E-1,-7.6E0));
#1990=CARTESIAN_POINT('',(-4.5E0,4.E-1,-7.6E0));
#1991=VERTEX_POINT('',#1989);
#1992=VERTEX_POINT('',#1990);
#1993=CARTESIAN_POINT('',(-8.4E0,-3.95E0,-6.636675041929E0));
#1994=CARTESIAN_POINT('',(-8.4E0,-3.916666666667E0,-6.747229201607E0));
#1995=VERTEX_POINT('',#1993);
#1996=VERTEX_POINT('',#1994);
#1997=CARTESIAN_POINT('',(-8.4E0,-3.75E0,-7.3E0));
#1998=VERTEX_POINT('',#1997);
#1999=CARTESIAN_POINT('',(8.4E0,-3.95E0,-6.636675041929E0));
#2000=CARTESIAN_POINT('',(8.4E0,-3.916666666667E0,-6.747229201607E0));
#2001=VERTEX_POINT('',#1999);
#2002=VERTEX_POINT('',#2000);
#2003=CARTESIAN_POINT('',(8.4E0,-3.75E0,-7.3E0));
#2004=VERTEX_POINT('',#2003);
#2005=CARTESIAN_POINT('',(-7.3E0,2.737260226136E0,-9.4E0));
#2006=CARTESIAN_POINT('',(-7.3E0,3.135739528090E0,-9.765153968463E0));
#2007=VERTEX_POINT('',#2005);
#2008=VERTEX_POINT('',#2006);
#2009=CARTESIAN_POINT('',(-7.3E0,3.2E0,-1.05E1));
#2010=VERTEX_POINT('',#2009);
#2011=CARTESIAN_POINT('',(-7.3E0,3.362602261359E-1,-9.4E0));
#2012=VERTEX_POINT('',#2011);
#2013=CARTESIAN_POINT('',(-8.4E0,2.737260226136E0,-9.4E0));
#2014=CARTESIAN_POINT('',(-8.4E0,3.135739528090E0,-9.765153968463E0));
#2015=VERTEX_POINT('',#2013);
#2016=VERTEX_POINT('',#2014);
#2017=CARTESIAN_POINT('',(-8.4E0,3.2E0,-1.05E1));
#2018=VERTEX_POINT('',#2017);
#2019=CARTESIAN_POINT('',(-8.4E0,3.8E0,-1.05E1));
#2020=VERTEX_POINT('',#2019);
#2021=CARTESIAN_POINT('',(-8.4E0,2.E-1,-1.2E1));
#2022=CARTESIAN_POINT('',(-8.4E0,3.362602261359E-1,-9.4E0));
#2023=VERTEX_POINT('',#2021);
#2024=VERTEX_POINT('',#2022);
#2025=CARTESIAN_POINT('',(-7.3E0,2.E-1,-1.2E1));
#2026=CARTESIAN_POINT('',(-7.3E0,3.8E0,-1.2E1));
#2027=VERTEX_POINT('',#2025);
#2028=VERTEX_POINT('',#2026);
#2029=CARTESIAN_POINT('',(-7.3E0,3.8E0,-1.05E1));
#2030=VERTEX_POINT('',#2029);
#2031=CARTESIAN_POINT('',(-8.4E0,-4.E-1,-1.2E1));
#2032=VERTEX_POINT('',#2031);
#2033=CARTESIAN_POINT('',(-8.4E0,-3.75E0,-1.05E1));
#2034=VERTEX_POINT('',#2033);
#2035=CARTESIAN_POINT('',(-5.5E0,4.E-1,-1.5E0));
#2036=CARTESIAN_POINT('',(-5.5E0,-6.E-1,-1.5E0));
#2037=VERTEX_POINT('',#2035);
#2038=VERTEX_POINT('',#2036);
#2039=CARTESIAN_POINT('',(-4.5E0,4.E-1,-1.5E0));
#2040=CARTESIAN_POINT('',(-4.5E0,-6.E-1,-1.5E0));
#2041=VERTEX_POINT('',#2039);
#2042=VERTEX_POINT('',#2040);
#2043=CARTESIAN_POINT('',(7.3E0,2.E-1,-1.2E1));
#2044=CARTESIAN_POINT('',(7.3E0,3.8E0,-1.2E1));
#2045=VERTEX_POINT('',#2043);
#2046=VERTEX_POINT('',#2044);
#2047=CARTESIAN_POINT('',(7.3E0,3.8E0,-1.05E1));
#2048=VERTEX_POINT('',#2047);
#2049=CARTESIAN_POINT('',(8.4E0,-4.E-1,-1.2E1));
#2050=CARTESIAN_POINT('',(8.4E0,2.E-1,-1.2E1));
#2051=VERTEX_POINT('',#2049);
#2052=VERTEX_POINT('',#2050);
#2053=CARTESIAN_POINT('',(8.4E0,3.8E0,-1.05E1));
#2054=VERTEX_POINT('',#2053);
#2055=CARTESIAN_POINT('',(8.4E0,-3.75E0,-1.05E1));
#2056=VERTEX_POINT('',#2055);
#2057=CARTESIAN_POINT('',(-3.4E0,-4.25E0,0.E0));
#2058=CARTESIAN_POINT('',(-3.4E0,-3.95E0,0.E0));
#2059=VERTEX_POINT('',#2057);
#2060=VERTEX_POINT('',#2058);
#2061=CARTESIAN_POINT('',(-6.6E0,-4.25E0,0.E0));
#2062=CARTESIAN_POINT('',(-6.6E0,-3.95E0,0.E0));
#2063=VERTEX_POINT('',#2061);
#2064=VERTEX_POINT('',#2062);
#2065=CARTESIAN_POINT('',(-7.3E0,-4.25E0,-1.2E1));
#2066=CARTESIAN_POINT('',(7.3E0,-4.25E0,-1.2E1));
#2067=VERTEX_POINT('',#2065);
#2068=VERTEX_POINT('',#2066);
#2069=CARTESIAN_POINT('',(-7.3E0,-3.95E0,0.E0));
#2070=VERTEX_POINT('',#2069);
#2071=CARTESIAN_POINT('',(7.3E0,-3.95E0,0.E0));
#2072=VERTEX_POINT('',#2071);
#2073=CARTESIAN_POINT('',(-7.3E0,-4.25E0,0.E0));
#2074=VERTEX_POINT('',#2073);
#2075=CARTESIAN_POINT('',(7.3E0,-4.25E0,0.E0));
#2076=VERTEX_POINT('',#2075);
#2077=CARTESIAN_POINT('',(-7.3E0,-4.E-1,-1.2E1));
#2078=VERTEX_POINT('',#2077);
#2079=CARTESIAN_POINT('',(7.3E0,-4.E-1,-1.2E1));
#2080=VERTEX_POINT('',#2079);
#2081=CARTESIAN_POINT('',(-3.4E0,-4.25E0,-6.2E0));
#2082=VERTEX_POINT('',#2081);
#2083=CARTESIAN_POINT('',(-6.6E0,-4.25E0,-6.2E0));
#2084=VERTEX_POINT('',#2083);
#2085=CARTESIAN_POINT('',(-3.4E0,-3.95E0,-6.5E0));
#2086=VERTEX_POINT('',#2085);
#2087=CARTESIAN_POINT('',(-6.6E0,-3.95E0,-6.5E0));
#2088=VERTEX_POINT('',#2087);
#2089=CARTESIAN_POINT('',(-5.5E0,-4.25E0,-9.588163490354E0));
#2090=VERTEX_POINT('',#2089);
#2091=CARTESIAN_POINT('',(-4.5E0,-4.25E0,-9.588163490354E0));
#2092=VERTEX_POINT('',#2091);
#2093=CARTESIAN_POINT('',(-6.02E0,-1.E-1,-7.6E0));
#2094=CARTESIAN_POINT('',(-3.98E0,-1.E-1,-7.6E0));
#2095=VERTEX_POINT('',#2093);
#2096=VERTEX_POINT('',#2094);
#2097=CARTESIAN_POINT('',(-6.375E0,-1.E-1,-7.955E0));
#2098=CARTESIAN_POINT('',(-3.625E0,-1.E-1,-7.955E0));
#2099=VERTEX_POINT('',#2097);
#2100=VERTEX_POINT('',#2098);
#2101=VERTEX_POINT('',#1581);
#2102=VERTEX_POINT('',#1585);
#2103=CARTESIAN_POINT('',(-2.815953712890E0,-2.3E0,-1.25E0));
#2104=VERTEX_POINT('',#2103);
#2105=VERTEX_POINT('',#1601);
#2106=CARTESIAN_POINT('',(-2.943291403723E0,-2.E0,-8.8E0));
#2107=CARTESIAN_POINT('',(-7.056708596277E0,-2.E0,-8.8E0));
#2108=VERTEX_POINT('',#2106);
#2109=VERTEX_POINT('',#2107);
#2110=CARTESIAN_POINT('',(-2.815953712890E0,-2.3E0,-8.5E0));
#2111=CARTESIAN_POINT('',(-7.184046287110E0,-2.3E0,-8.5E0));
#2112=VERTEX_POINT('',#2110);
#2113=VERTEX_POINT('',#2111);
#2114=CARTESIAN_POINT('',(7.7E0,2.8E0,-8.5E0));
#2115=CARTESIAN_POINT('',(7.7E0,2.5E0,-8.8E0));
#2116=VERTEX_POINT('',#2114);
#2117=VERTEX_POINT('',#2115);
#2118=CARTESIAN_POINT('',(-7.7E0,2.5E0,-8.8E0));
#2119=VERTEX_POINT('',#2118);
#2120=CARTESIAN_POINT('',(-7.7E0,2.8E0,-8.5E0));
#2121=VERTEX_POINT('',#2120);
#2122=CARTESIAN_POINT('',(-7.3E0,-4.25E0,-9.588163490354E0));
#2123=CARTESIAN_POINT('',(-7.3E0,-3.75E0,-9.5E0));
#2124=VERTEX_POINT('',#2122);
#2125=VERTEX_POINT('',#2123);
#2126=CARTESIAN_POINT('',(-7.3E0,-3.95E0,-6.5E0));
#2127=CARTESIAN_POINT('',(-7.3E0,-4.25E0,-6.2E0));
#2128=VERTEX_POINT('',#2126);
#2129=VERTEX_POINT('',#2127);
#2130=CARTESIAN_POINT('',(7.3E0,-4.25E0,-9.588163490354E0));
#2131=CARTESIAN_POINT('',(7.3E0,-3.75E0,-9.5E0));
#2132=VERTEX_POINT('',#2130);
#2133=VERTEX_POINT('',#2131);
#2134=CARTESIAN_POINT('',(7.3E0,-3.95E0,-6.5E0));
#2135=CARTESIAN_POINT('',(7.3E0,-4.25E0,-6.2E0));
#2136=VERTEX_POINT('',#2134);
#2137=VERTEX_POINT('',#2135);
#2138=CARTESIAN_POINT('',(-7.3E0,-3.75E0,-1.05E1));
#2139=VERTEX_POINT('',#2138);
#2140=CARTESIAN_POINT('',(7.3E0,-3.75E0,-1.05E1));
#2141=VERTEX_POINT('',#2140);
#2142=CARTESIAN_POINT('',(7.3E0,-3.05E0,-1.05E1));
#2143=CARTESIAN_POINT('',(7.3E0,-2.985707879751E0,-9.765137702901E0));
#2144=VERTEX_POINT('',#2142);
#2145=VERTEX_POINT('',#2143);
#2146=CARTESIAN_POINT('',(7.3E0,-2.587230000515E0,-9.4E0));
#2147=VERTEX_POINT('',#2146);
#2148=CARTESIAN_POINT('',(7.3E0,-5.362602261354E-1,-9.4E0));
#2149=VERTEX_POINT('',#2148);
#2150=CARTESIAN_POINT('',(7.3E0,3.362602261359E-1,-9.4E0));
#2151=CARTESIAN_POINT('',(7.3E0,2.737230000514E0,-9.4E0));
#2152=VERTEX_POINT('',#2150);
#2153=VERTEX_POINT('',#2151);
#2154=CARTESIAN_POINT('',(7.3E0,3.135707879751E0,-9.765137702901E0));
#2155=VERTEX_POINT('',#2154);
#2156=CARTESIAN_POINT('',(7.3E0,3.2E0,-1.05E1));
#2157=VERTEX_POINT('',#2156);
#2158=CARTESIAN_POINT('',(8.4E0,-5.362602261354E-1,-9.4E0));
#2159=VERTEX_POINT('',#2158);
#2160=CARTESIAN_POINT('',(8.4E0,-3.05E0,-1.05E1));
#2161=VERTEX_POINT('',#2160);
#2162=CARTESIAN_POINT('',(8.4E0,-2.985707879751E0,-9.765137702901E0));
#2163=VERTEX_POINT('',#2162);
#2164=CARTESIAN_POINT('',(8.4E0,-2.587230000515E0,-9.4E0));
#2165=VERTEX_POINT('',#2164);
#2166=CARTESIAN_POINT('',(8.4E0,3.362602261359E-1,-9.4E0));
#2167=VERTEX_POINT('',#2166);
#2168=CARTESIAN_POINT('',(8.4E0,2.737230000514E0,-9.4E0));
#2169=VERTEX_POINT('',#2168);
#2170=CARTESIAN_POINT('',(8.4E0,3.135707879751E0,-9.765137702901E0));
#2171=VERTEX_POINT('',#2170);
#2172=CARTESIAN_POINT('',(8.4E0,3.2E0,-1.05E1));
#2173=VERTEX_POINT('',#2172);
#2174=CARTESIAN_POINT('',(-7.3E0,-3.05E0,-1.05E1));
#2175=CARTESIAN_POINT('',(-7.3E0,-2.985707879751E0,-9.765137702901E0));
#2176=VERTEX_POINT('',#2174);
#2177=VERTEX_POINT('',#2175);
#2178=CARTESIAN_POINT('',(-7.3E0,-2.587230000515E0,-9.4E0));
#2179=VERTEX_POINT('',#2178);
#2180=CARTESIAN_POINT('',(-7.3E0,-5.362602261359E-1,-9.4E0));
#2181=VERTEX_POINT('',#2180);
#2182=CARTESIAN_POINT('',(-8.4E0,-5.362602261359E-1,-9.4E0));
#2183=VERTEX_POINT('',#2182);
#2184=CARTESIAN_POINT('',(-8.4E0,-3.05E0,-1.05E1));
#2185=VERTEX_POINT('',#2184);
#2186=CARTESIAN_POINT('',(-8.4E0,-2.985707879751E0,-9.765137702901E0));
#2187=VERTEX_POINT('',#2186);
#2188=CARTESIAN_POINT('',(-8.4E0,-2.587230000515E0,-9.4E0));
#2189=VERTEX_POINT('',#2188);
#2190=CARTESIAN_POINT('',(6.150635094612E-1,2.8E0,-1.25E0));
#2191=CARTESIAN_POINT('',(6.150635094612E-1,4.4E0,-1.25E0));
#2192=VERTEX_POINT('',#2190);
#2193=VERTEX_POINT('',#2191);
#2194=CARTESIAN_POINT('',(-6.150635094611E-1,2.8E0,-1.25E0));
#2195=CARTESIAN_POINT('',(-6.150635094611E-1,4.4E0,-1.25E0));
#2196=VERTEX_POINT('',#2194);
#2197=VERTEX_POINT('',#2195);
#2198=CARTESIAN_POINT('',(1.6E0,-3.95E0,0.E0));
#2199=CARTESIAN_POINT('',(1.6E0,-3.95E0,-6.5E0));
#2200=VERTEX_POINT('',#2198);
#2201=VERTEX_POINT('',#2199);
#2202=CARTESIAN_POINT('',(-1.6E0,-3.95E0,0.E0));
#2203=CARTESIAN_POINT('',(-1.6E0,-3.95E0,-6.5E0));
#2204=VERTEX_POINT('',#2202);
#2205=VERTEX_POINT('',#2203);
#2206=CARTESIAN_POINT('',(5.615063509461E0,2.8E0,-1.25E0));
#2207=CARTESIAN_POINT('',(5.615063509461E0,4.4E0,-1.25E0));
#2208=VERTEX_POINT('',#2206);
#2209=VERTEX_POINT('',#2207);
#2210=CARTESIAN_POINT('',(4.384936490539E0,2.8E0,-1.25E0));
#2211=CARTESIAN_POINT('',(4.384936490539E0,4.4E0,-1.25E0));
#2212=VERTEX_POINT('',#2210);
#2213=VERTEX_POINT('',#2211);
#2214=CARTESIAN_POINT('',(6.6E0,-3.95E0,0.E0));
#2215=CARTESIAN_POINT('',(6.6E0,-3.95E0,-6.5E0));
#2216=VERTEX_POINT('',#2214);
#2217=VERTEX_POINT('',#2215);
#2218=CARTESIAN_POINT('',(3.4E0,-3.95E0,0.E0));
#2219=CARTESIAN_POINT('',(3.4E0,-3.95E0,-6.5E0));
#2220=VERTEX_POINT('',#2218);
#2221=VERTEX_POINT('',#2219);
#2222=CARTESIAN_POINT('',(9.5E-1,4.065E0,0.E0));
#2223=VERTEX_POINT('',#2222);
#2224=CARTESIAN_POINT('',(-9.5E-1,4.065E0,0.E0));
#2225=VERTEX_POINT('',#2224);
#2226=CARTESIAN_POINT('',(9.5E-1,3.135E0,0.E0));
#2227=VERTEX_POINT('',#2226);
#2228=CARTESIAN_POINT('',(-9.5E-1,3.135E0,0.E0));
#2229=VERTEX_POINT('',#2228);
#2230=CARTESIAN_POINT('',(1.6E0,-4.25E0,0.E0));
#2231=VERTEX_POINT('',#2230);
#2232=CARTESIAN_POINT('',(-1.6E0,-4.25E0,0.E0));
#2233=VERTEX_POINT('',#2232);
#2234=CARTESIAN_POINT('',(1.6E0,-4.25E0,-6.2E0));
#2235=VERTEX_POINT('',#2234);
#2236=CARTESIAN_POINT('',(-1.6E0,-4.25E0,-6.2E0));
#2237=VERTEX_POINT('',#2236);
#2238=VERTEX_POINT('',#1591);
#2239=VERTEX_POINT('',#1595);
#2240=CARTESIAN_POINT('',(2.184046287110E0,-2.3E0,-1.25E0));
#2241=VERTEX_POINT('',#2240);
#2242=VERTEX_POINT('',#1617);
#2243=CARTESIAN_POINT('',(1.675E0,-1.E-1,-8.8E0));
#2244=CARTESIAN_POINT('',(-1.675E0,-1.E-1,-8.8E0));
#2245=VERTEX_POINT('',#2243);
#2246=VERTEX_POINT('',#2244);
#2247=CARTESIAN_POINT('',(1.375E0,-1.E-1,-8.5E0));
#2248=CARTESIAN_POINT('',(-1.375E0,-1.E-1,-8.5E0));
#2249=VERTEX_POINT('',#2247);
#2250=VERTEX_POINT('',#2248);
#2251=CARTESIAN_POINT('',(2.056708596277E0,-2.E0,-8.8E0));
#2252=CARTESIAN_POINT('',(-2.056708596277E0,-2.E0,-8.8E0));
#2253=VERTEX_POINT('',#2251);
#2254=VERTEX_POINT('',#2252);
#2255=CARTESIAN_POINT('',(2.184046287110E0,-2.3E0,-8.5E0));
#2256=CARTESIAN_POINT('',(-2.184046287110E0,-2.3E0,-8.5E0));
#2257=VERTEX_POINT('',#2255);
#2258=VERTEX_POINT('',#2256);
#2259=CARTESIAN_POINT('',(-1.02E0,-1.E-1,-7.6E0));
#2260=CARTESIAN_POINT('',(1.02E0,-1.E-1,-7.6E0));
#2261=VERTEX_POINT('',#2259);
#2262=VERTEX_POINT('',#2260);
#2263=CARTESIAN_POINT('',(-1.375E0,-1.E-1,-7.955E0));
#2264=CARTESIAN_POINT('',(1.375E0,-1.E-1,-7.955E0));
#2265=VERTEX_POINT('',#2263);
#2266=VERTEX_POINT('',#2264);
#2267=CARTESIAN_POINT('',(5.95E0,4.065E0,0.E0));
#2268=VERTEX_POINT('',#2267);
#2269=CARTESIAN_POINT('',(4.05E0,4.065E0,0.E0));
#2270=VERTEX_POINT('',#2269);
#2271=CARTESIAN_POINT('',(5.95E0,3.135E0,0.E0));
#2272=VERTEX_POINT('',#2271);
#2273=CARTESIAN_POINT('',(4.05E0,3.135E0,0.E0));
#2274=VERTEX_POINT('',#2273);
#2275=CARTESIAN_POINT('',(6.6E0,-4.25E0,0.E0));
#2276=VERTEX_POINT('',#2275);
#2277=CARTESIAN_POINT('',(3.4E0,-4.25E0,0.E0));
#2278=VERTEX_POINT('',#2277);
#2279=CARTESIAN_POINT('',(6.6E0,-4.25E0,-6.2E0));
#2280=VERTEX_POINT('',#2279);
#2281=CARTESIAN_POINT('',(3.4E0,-4.25E0,-6.2E0));
#2282=VERTEX_POINT('',#2281);
#2283=VERTEX_POINT('',#1607);
#2284=VERTEX_POINT('',#1611);
#2285=CARTESIAN_POINT('',(7.184046287110E0,-2.3E0,-1.25E0));
#2286=VERTEX_POINT('',#2285);
#2287=VERTEX_POINT('',#1627);
#2288=CARTESIAN_POINT('',(6.675E0,-1.E-1,-8.8E0));
#2289=CARTESIAN_POINT('',(3.325E0,-1.E-1,-8.8E0));
#2290=VERTEX_POINT('',#2288);
#2291=VERTEX_POINT('',#2289);
#2292=CARTESIAN_POINT('',(6.375E0,-1.E-1,-8.5E0));
#2293=CARTESIAN_POINT('',(3.625E0,-1.E-1,-8.5E0));
#2294=VERTEX_POINT('',#2292);
#2295=VERTEX_POINT('',#2293);
#2296=CARTESIAN_POINT('',(7.056708596277E0,-2.E0,-8.8E0));
#2297=CARTESIAN_POINT('',(2.943291403723E0,-2.E0,-8.8E0));
#2298=VERTEX_POINT('',#2296);
#2299=VERTEX_POINT('',#2297);
#2300=CARTESIAN_POINT('',(7.184046287110E0,-2.3E0,-8.5E0));
#2301=CARTESIAN_POINT('',(2.815953712890E0,-2.3E0,-8.5E0));
#2302=VERTEX_POINT('',#2300);
#2303=VERTEX_POINT('',#2301);
#2304=CARTESIAN_POINT('',(3.98E0,-1.E-1,-7.6E0));
#2305=CARTESIAN_POINT('',(6.02E0,-1.E-1,-7.6E0));
#2306=VERTEX_POINT('',#2304);
#2307=VERTEX_POINT('',#2305);
#2308=CARTESIAN_POINT('',(3.625E0,-1.E-1,-7.955E0));
#2309=CARTESIAN_POINT('',(6.375E0,-1.E-1,-7.955E0));
#2310=VERTEX_POINT('',#2308);
#2311=VERTEX_POINT('',#2309);
#2312=CARTESIAN_POINT('',(-5.E-1,4.E-1,-1.5E0));
#2313=CARTESIAN_POINT('',(-5.E-1,-6.E-1,-1.5E0));
#2314=VERTEX_POINT('',#2312);
#2315=VERTEX_POINT('',#2313);
#2316=CARTESIAN_POINT('',(-5.E-1,-6.85E0,-9.5E0));
#2317=CARTESIAN_POINT('',(-5.E-1,-6.85E0,-1.05E1));
#2318=VERTEX_POINT('',#2316);
#2319=VERTEX_POINT('',#2317);
#2320=CARTESIAN_POINT('',(5.E-1,4.E-1,-1.5E0));
#2321=CARTESIAN_POINT('',(5.E-1,-6.E-1,-1.5E0));
#2322=VERTEX_POINT('',#2320);
#2323=VERTEX_POINT('',#2321);
#2324=CARTESIAN_POINT('',(5.E-1,-6.85E0,-9.5E0));
#2325=CARTESIAN_POINT('',(5.E-1,-6.85E0,-1.05E1));
#2326=VERTEX_POINT('',#2324);
#2327=VERTEX_POINT('',#2325);
#2328=CARTESIAN_POINT('',(-5.E-1,-3.75E0,-9.5E0));
#2329=CARTESIAN_POINT('',(5.E-1,-3.75E0,-9.5E0));
#2330=VERTEX_POINT('',#2328);
#2331=VERTEX_POINT('',#2329);
#2332=CARTESIAN_POINT('',(-5.E-1,-4.25E0,-9.588163490354E0));
#2333=CARTESIAN_POINT('',(-5.E-1,-4.25E0,-1.05E1));
#2334=VERTEX_POINT('',#2332);
#2335=VERTEX_POINT('',#2333);
#2336=CARTESIAN_POINT('',(5.E-1,-4.25E0,-9.588163490354E0));
#2337=CARTESIAN_POINT('',(5.E-1,-4.25E0,-1.05E1));
#2338=VERTEX_POINT('',#2336);
#2339=VERTEX_POINT('',#2337);
#2340=CARTESIAN_POINT('',(-5.E-1,-6.080263157895E-1,-7.6E0));
#2341=CARTESIAN_POINT('',(-5.E-1,4.E-1,-7.6E0));
#2342=VERTEX_POINT('',#2340);
#2343=VERTEX_POINT('',#2341);
#2344=CARTESIAN_POINT('',(5.E-1,-6.080263157895E-1,-7.6E0));
#2345=CARTESIAN_POINT('',(5.E-1,4.E-1,-7.6E0));
#2346=VERTEX_POINT('',#2344);
#2347=VERTEX_POINT('',#2345);
#2348=CARTESIAN_POINT('',(4.5E0,4.E-1,-1.5E0));
#2349=CARTESIAN_POINT('',(4.5E0,-6.E-1,-1.5E0));
#2350=VERTEX_POINT('',#2348);
#2351=VERTEX_POINT('',#2349);
#2352=CARTESIAN_POINT('',(4.5E0,-6.85E0,-9.5E0));
#2353=CARTESIAN_POINT('',(4.5E0,-6.85E0,-1.05E1));
#2354=VERTEX_POINT('',#2352);
#2355=VERTEX_POINT('',#2353);
#2356=CARTESIAN_POINT('',(5.5E0,4.E-1,-1.5E0));
#2357=CARTESIAN_POINT('',(5.5E0,-6.E-1,-1.5E0));
#2358=VERTEX_POINT('',#2356);
#2359=VERTEX_POINT('',#2357);
#2360=CARTESIAN_POINT('',(5.5E0,-6.85E0,-9.5E0));
#2361=CARTESIAN_POINT('',(5.5E0,-6.85E0,-1.05E1));
#2362=VERTEX_POINT('',#2360);
#2363=VERTEX_POINT('',#2361);
#2364=CARTESIAN_POINT('',(4.5E0,-3.75E0,-9.5E0));
#2365=CARTESIAN_POINT('',(5.5E0,-3.75E0,-9.5E0));
#2366=VERTEX_POINT('',#2364);
#2367=VERTEX_POINT('',#2365);
#2368=CARTESIAN_POINT('',(4.5E0,-4.25E0,-9.588163490354E0));
#2369=CARTESIAN_POINT('',(4.5E0,-4.25E0,-1.05E1));
#2370=VERTEX_POINT('',#2368);
#2371=VERTEX_POINT('',#2369);
#2372=CARTESIAN_POINT('',(5.5E0,-4.25E0,-9.588163490354E0));
#2373=CARTESIAN_POINT('',(5.5E0,-4.25E0,-1.05E1));
#2374=VERTEX_POINT('',#2372);
#2375=VERTEX_POINT('',#2373);
#2376=CARTESIAN_POINT('',(4.5E0,-6.080263157895E-1,-7.6E0));
#2377=CARTESIAN_POINT('',(4.5E0,4.E-1,-7.6E0));
#2378=VERTEX_POINT('',#2376);
#2379=VERTEX_POINT('',#2377);
#2380=CARTESIAN_POINT('',(5.5E0,-6.080263157895E-1,-7.6E0));
#2381=CARTESIAN_POINT('',(5.5E0,4.E-1,-7.6E0));
#2382=VERTEX_POINT('',#2380);
#2383=VERTEX_POINT('',#2381);
#2384=CARTESIAN_POINT('',(-8.4E0,0.E0,0.E0));
#2385=DIRECTION('',(1.E0,0.E0,0.E0));
#2386=DIRECTION('',(0.E0,0.E0,-1.E0));
#2387=AXIS2_PLACEMENT_3D('',#2384,#2385,#2386);
#2388=PLANE('',#2387);
#2390=ORIENTED_EDGE('',*,*,#2389,.T.);
#2392=ORIENTED_EDGE('',*,*,#2391,.T.);
#2394=ORIENTED_EDGE('',*,*,#2393,.T.);
#2396=ORIENTED_EDGE('',*,*,#2395,.T.);
#2398=ORIENTED_EDGE('',*,*,#2397,.T.);
#2400=ORIENTED_EDGE('',*,*,#2399,.T.);
#2402=ORIENTED_EDGE('',*,*,#2401,.T.);
#2404=ORIENTED_EDGE('',*,*,#2403,.T.);
#2406=ORIENTED_EDGE('',*,*,#2405,.T.);
#2408=ORIENTED_EDGE('',*,*,#2407,.T.);
#2410=ORIENTED_EDGE('',*,*,#2409,.T.);
#2412=ORIENTED_EDGE('',*,*,#2411,.T.);
#2414=ORIENTED_EDGE('',*,*,#2413,.T.);
#2416=ORIENTED_EDGE('',*,*,#2415,.T.);
#2418=ORIENTED_EDGE('',*,*,#2417,.T.);
#2420=ORIENTED_EDGE('',*,*,#2419,.T.);
#2422=ORIENTED_EDGE('',*,*,#2421,.T.);
#2424=ORIENTED_EDGE('',*,*,#2423,.T.);
#2426=ORIENTED_EDGE('',*,*,#2425,.T.);
#2428=ORIENTED_EDGE('',*,*,#2427,.T.);
#2430=ORIENTED_EDGE('',*,*,#2429,.T.);
#2431=EDGE_LOOP('',(#2390,#2392,#2394,#2396,#2398,#2400,#2402,#2404,#2406,#2408,
#2410,#2412,#2414,#2416,#2418,#2420,#2422,#2424,#2426,#2428,#2430));
#2432=FACE_OUTER_BOUND('',#2431,.F.);
#2434=CARTESIAN_POINT('',(-8.4E0,2.737260226136E0,-9.8E0));
#2435=DIRECTION('',(-1.E0,0.E0,0.E0));
#2436=DIRECTION('',(0.E0,0.E0,1.E0));
#2437=AXIS2_PLACEMENT_3D('',#2434,#2435,#2436);
#2438=CYLINDRICAL_SURFACE('',#2437,4.E-1);
#2439=ORIENTED_EDGE('',*,*,#2389,.F.);
#2441=ORIENTED_EDGE('',*,*,#2440,.T.);
#2443=ORIENTED_EDGE('',*,*,#2442,.T.);
#2445=ORIENTED_EDGE('',*,*,#2444,.F.);
#2446=EDGE_LOOP('',(#2439,#2441,#2443,#2445));
#2447=FACE_OUTER_BOUND('',#2446,.F.);
#2449=CARTESIAN_POINT('',(-8.4E0,3.362602261359E-1,-9.4E0));
#2450=DIRECTION('',(0.E0,0.E0,1.E0));
#2451=DIRECTION('',(0.E0,1.E0,0.E0));
#2452=AXIS2_PLACEMENT_3D('',#2449,#2450,#2451);
#2453=PLANE('',#2452);
#2454=ORIENTED_EDGE('',*,*,#2429,.F.);
#2456=ORIENTED_EDGE('',*,*,#2455,.T.);
#2458=ORIENTED_EDGE('',*,*,#2457,.T.);
#2459=ORIENTED_EDGE('',*,*,#2440,.F.);
#2460=EDGE_LOOP('',(#2454,#2456,#2458,#2459));
#2461=FACE_OUTER_BOUND('',#2460,.F.);
#2463=CARTESIAN_POINT('',(-8.4E0,2.E-1,-1.2E1));
#2464=DIRECTION('',(0.E0,-9.986295347546E-1,5.233595624294E-2));
#2465=DIRECTION('',(0.E0,5.233595624294E-2,9.986295347546E-1));
#2466=AXIS2_PLACEMENT_3D('',#2463,#2464,#2465);
#2467=PLANE('',#2466);
#2468=ORIENTED_EDGE('',*,*,#2427,.F.);
#2470=ORIENTED_EDGE('',*,*,#2469,.T.);
#2472=ORIENTED_EDGE('',*,*,#2471,.T.);
#2473=ORIENTED_EDGE('',*,*,#2455,.F.);
#2474=EDGE_LOOP('',(#2468,#2470,#2472,#2473));
#2475=FACE_OUTER_BOUND('',#2474,.F.);
#2477=CARTESIAN_POINT('',(-8.4E0,-3.75E0,-1.2E1));
#2478=DIRECTION('',(0.E0,0.E0,-1.E0));
#2479=DIRECTION('',(0.E0,1.E0,0.E0));
#2480=AXIS2_PLACEMENT_3D('',#2477,#2478,#2479);
#2481=PLANE('',#2480);
#2483=ORIENTED_EDGE('',*,*,#2482,.T.);
#2485=ORIENTED_EDGE('',*,*,#2484,.T.);
#2487=ORIENTED_EDGE('',*,*,#2486,.F.);
#2489=ORIENTED_EDGE('',*,*,#2488,.F.);
#2491=ORIENTED_EDGE('',*,*,#2490,.T.);
#2493=ORIENTED_EDGE('',*,*,#2492,.T.);
#2495=ORIENTED_EDGE('',*,*,#2494,.T.);
#2497=ORIENTED_EDGE('',*,*,#2496,.F.);
#2499=ORIENTED_EDGE('',*,*,#2498,.F.);
#2500=ORIENTED_EDGE('',*,*,#2469,.F.);
#2501=ORIENTED_EDGE('',*,*,#2425,.F.);
#2503=ORIENTED_EDGE('',*,*,#2502,.T.);
#2504=EDGE_LOOP('',(#2483,#2485,#2487,#2489,#2491,#2493,#2495,#2497,#2499,#2500,
#2501,#2503));
#2505=FACE_OUTER_BOUND('',#2504,.F.);
#2507=CARTESIAN_POINT('',(-7.3E0,0.E0,0.E0));
#2508=DIRECTION('',(-1.E0,0.E0,0.E0));
#2509=DIRECTION('',(0.E0,0.E0,1.E0));
#2510=AXIS2_PLACEMENT_3D('',#2507,#2508,#2509);
#2511=PLANE('',#2510);
#2512=ORIENTED_EDGE('',*,*,#2498,.T.);
#2514=ORIENTED_EDGE('',*,*,#2513,.T.);
#2516=ORIENTED_EDGE('',*,*,#2515,.F.);
#2518=ORIENTED_EDGE('',*,*,#2517,.F.);
#2519=ORIENTED_EDGE('',*,*,#2442,.F.);
#2520=ORIENTED_EDGE('',*,*,#2457,.F.);
#2521=ORIENTED_EDGE('',*,*,#2471,.F.);
#2522=EDGE_LOOP('',(#2512,#2514,#2516,#2518,#2519,#2520,#2521));
#2523=FACE_OUTER_BOUND('',#2522,.F.);
#2525=CARTESIAN_POINT('',(-7.3E0,0.E0,0.E0));
#2526=DIRECTION('',(-1.E0,0.E0,0.E0));
#2527=DIRECTION('',(0.E0,0.E0,1.E0));
#2528=AXIS2_PLACEMENT_3D('',#2525,#2526,#2527);
#2529=PLANE('',#2528);
#2531=ORIENTED_EDGE('',*,*,#2530,.F.);
#2533=ORIENTED_EDGE('',*,*,#2532,.T.);
#2534=ORIENTED_EDGE('',*,*,#2482,.F.);
#2536=ORIENTED_EDGE('',*,*,#2535,.F.);
#2538=ORIENTED_EDGE('',*,*,#2537,.F.);
#2540=ORIENTED_EDGE('',*,*,#2539,.F.);
#2542=ORIENTED_EDGE('',*,*,#2541,.F.);
#2544=ORIENTED_EDGE('',*,*,#2543,.F.);
#2546=ORIENTED_EDGE('',*,*,#2545,.F.);
#2547=EDGE_LOOP('',(#2531,#2533,#2534,#2536,#2538,#2540,#2542,#2544,#2546));
#2548=FACE_OUTER_BOUND('',#2547,.F.);
#2550=CARTESIAN_POINT('',(-7.3E0,0.E0,0.E0));
#2551=DIRECTION('',(-1.E0,0.E0,0.E0));
#2552=DIRECTION('',(0.E0,0.E0,1.E0));
#2553=AXIS2_PLACEMENT_3D('',#2550,#2551,#2552);
#2554=PLANE('',#2553);
#2556=ORIENTED_EDGE('',*,*,#2555,.F.);
#2558=ORIENTED_EDGE('',*,*,#2557,.F.);
#2560=ORIENTED_EDGE('',*,*,#2559,.T.);
#2562=ORIENTED_EDGE('',*,*,#2561,.T.);
#2563=EDGE_LOOP('',(#2556,#2558,#2560,#2562));
#2564=FACE_OUTER_BOUND('',#2563,.F.);
#2566=CARTESIAN_POINT('',(-8.4E0,3.8E0,-1.2E1));
#2567=DIRECTION('',(0.E0,1.E0,0.E0));
#2568=DIRECTION('',(0.E0,0.E0,1.E0));
#2569=AXIS2_PLACEMENT_3D('',#2566,#2567,#2568);
#2570=PLANE('',#2569);
#2572=ORIENTED_EDGE('',*,*,#2571,.T.);
#2574=ORIENTED_EDGE('',*,*,#2573,.F.);
#2576=ORIENTED_EDGE('',*,*,#2575,.T.);
#2578=ORIENTED_EDGE('',*,*,#2577,.F.);
#2580=ORIENTED_EDGE('',*,*,#2579,.F.);
#2582=ORIENTED_EDGE('',*,*,#2581,.F.);
#2584=ORIENTED_EDGE('',*,*,#2583,.F.);
#2586=ORIENTED_EDGE('',*,*,#2585,.F.);
#2587=ORIENTED_EDGE('',*,*,#2395,.F.);
#2589=ORIENTED_EDGE('',*,*,#2588,.T.);
#2590=ORIENTED_EDGE('',*,*,#2513,.F.);
#2591=ORIENTED_EDGE('',*,*,#2496,.T.);
#2592=EDGE_LOOP('',(#2572,#2574,#2576,#2578,#2580,#2582,#2584,#2586,#2587,#2589,
#2590,#2591));
#2593=FACE_OUTER_BOUND('',#2592,.F.);
#2595=CARTESIAN_POINT('',(7.3E0,0.E0,0.E0));
#2596=DIRECTION('',(-1.E0,0.E0,0.E0));
#2597=DIRECTION('',(0.E0,0.E0,1.E0));
#2598=AXIS2_PLACEMENT_3D('',#2595,#2596,#2597);
#2599=PLANE('',#2598);
#2600=ORIENTED_EDGE('',*,*,#2494,.F.);
#2602=ORIENTED_EDGE('',*,*,#2601,.T.);
#2604=ORIENTED_EDGE('',*,*,#2603,.T.);
#2606=ORIENTED_EDGE('',*,*,#2605,.T.);
#2608=ORIENTED_EDGE('',*,*,#2607,.T.);
#2610=ORIENTED_EDGE('',*,*,#2609,.T.);
#2611=ORIENTED_EDGE('',*,*,#2571,.F.);
#2612=EDGE_LOOP('',(#2600,#2602,#2604,#2606,#2608,#2610,#2611));
#2613=FACE_OUTER_BOUND('',#2612,.F.);
#2615=CARTESIAN_POINT('',(7.3E0,0.E0,0.E0));
#2616=DIRECTION('',(-1.E0,0.E0,0.E0));
#2617=DIRECTION('',(0.E0,0.E0,1.E0));
#2618=AXIS2_PLACEMENT_3D('',#2615,#2616,#2617);
#2619=PLANE('',#2618);
#2621=ORIENTED_EDGE('',*,*,#2620,.T.);
#2623=ORIENTED_EDGE('',*,*,#2622,.T.);
#2625=ORIENTED_EDGE('',*,*,#2624,.T.);
#2627=ORIENTED_EDGE('',*,*,#2626,.T.);
#2629=ORIENTED_EDGE('',*,*,#2628,.T.);
#2631=ORIENTED_EDGE('',*,*,#2630,.T.);
#2633=ORIENTED_EDGE('',*,*,#2632,.T.);
#2634=ORIENTED_EDGE('',*,*,#2486,.T.);
#2636=ORIENTED_EDGE('',*,*,#2635,.F.);
#2637=EDGE_LOOP('',(#2621,#2623,#2625,#2627,#2629,#2631,#2633,#2634,#2636));
#2638=FACE_OUTER_BOUND('',#2637,.F.);
#2640=CARTESIAN_POINT('',(7.3E0,0.E0,0.E0));
#2641=DIRECTION('',(-1.E0,0.E0,0.E0));
#2642=DIRECTION('',(0.E0,0.E0,1.E0));
#2643=AXIS2_PLACEMENT_3D('',#2640,#2641,#2642);
#2644=PLANE('',#2643);
#2646=ORIENTED_EDGE('',*,*,#2645,.T.);
#2648=ORIENTED_EDGE('',*,*,#2647,.F.);
#2650=ORIENTED_EDGE('',*,*,#2649,.F.);
#2652=ORIENTED_EDGE('',*,*,#2651,.T.);
#2653=EDGE_LOOP('',(#2646,#2648,#2650,#2652));
#2654=FACE_OUTER_BOUND('',#2653,.F.);
#2656=CARTESIAN_POINT('',(8.4E0,2.E-1,-1.2E1));
#2657=DIRECTION('',(0.E0,9.986295347546E-1,-5.233595624294E-2));
#2658=DIRECTION('',(0.E0,5.233595624294E-2,9.986295347546E-1));
#2659=AXIS2_PLACEMENT_3D('',#2656,#2657,#2658);
#2660=PLANE('',#2659);
#2662=ORIENTED_EDGE('',*,*,#2661,.T.);
#2664=ORIENTED_EDGE('',*,*,#2663,.T.);
#2665=ORIENTED_EDGE('',*,*,#2601,.F.);
#2666=ORIENTED_EDGE('',*,*,#2492,.F.);
#2667=EDGE_LOOP('',(#2662,#2664,#2665,#2666));
#2668=FACE_OUTER_BOUND('',#2667,.F.);
#2670=CARTESIAN_POINT('',(8.4E0,0.E0,0.E0));
#2671=DIRECTION('',(1.E0,0.E0,0.E0));
#2672=DIRECTION('',(0.E0,0.E0,-1.E0));
#2673=AXIS2_PLACEMENT_3D('',#2670,#2671,#2672);
#2674=PLANE('',#2673);
#2675=ORIENTED_EDGE('',*,*,#2490,.F.);
#2677=ORIENTED_EDGE('',*,*,#2676,.F.);
#2679=ORIENTED_EDGE('',*,*,#2678,.F.);
#2681=ORIENTED_EDGE('',*,*,#2680,.F.);
#2683=ORIENTED_EDGE('',*,*,#2682,.F.);
#2685=ORIENTED_EDGE('',*,*,#2684,.F.);
#2687=ORIENTED_EDGE('',*,*,#2686,.F.);
#2689=ORIENTED_EDGE('',*,*,#2688,.F.);
#2691=ORIENTED_EDGE('',*,*,#2690,.F.);
#2693=ORIENTED_EDGE('',*,*,#2692,.F.);
#2695=ORIENTED_EDGE('',*,*,#2694,.F.);
#2697=ORIENTED_EDGE('',*,*,#2696,.F.);
#2699=ORIENTED_EDGE('',*,*,#2698,.F.);
#2701=ORIENTED_EDGE('',*,*,#2700,.F.);
#2703=ORIENTED_EDGE('',*,*,#2702,.F.);
#2704=ORIENTED_EDGE('',*,*,#2575,.F.);
#2706=ORIENTED_EDGE('',*,*,#2705,.F.);
#2708=ORIENTED_EDGE('',*,*,#2707,.F.);
#2710=ORIENTED_EDGE('',*,*,#2709,.F.);
#2712=ORIENTED_EDGE('',*,*,#2711,.F.);
#2713=ORIENTED_EDGE('',*,*,#2661,.F.);
#2714=EDGE_LOOP('',(#2675,#2677,#2679,#2681,#2683,#2685,#2687,#2689,#2691,#2693,
#2695,#2697,#2699,#2701,#2703,#2704,#2706,#2708,#2710,#2712,#2713));
#2715=FACE_OUTER_BOUND('',#2714,.F.);
#2717=CARTESIAN_POINT('',(8.4E0,-5.362602261354E-1,-9.4E0));
#2718=DIRECTION('',(0.E0,-9.986295347546E-1,-5.233595624275E-2));
#2719=DIRECTION('',(0.E0,5.233595624275E-2,-9.986295347546E-1));
#2720=AXIS2_PLACEMENT_3D('',#2717,#2718,#2719);
#2721=PLANE('',#2720);
#2722=ORIENTED_EDGE('',*,*,#2676,.T.);
#2723=ORIENTED_EDGE('',*,*,#2488,.T.);
#2724=ORIENTED_EDGE('',*,*,#2632,.F.);
#2726=ORIENTED_EDGE('',*,*,#2725,.F.);
#2727=EDGE_LOOP('',(#2722,#2723,#2724,#2726));
#2728=FACE_OUTER_BOUND('',#2727,.F.);
#2730=CARTESIAN_POINT('',(8.4E0,-2.587230000515E0,-9.4E0));
#2731=DIRECTION('',(0.E0,0.E0,-1.E0));
#2732=DIRECTION('',(0.E0,1.E0,0.E0));
#2733=AXIS2_PLACEMENT_3D('',#2730,#2731,#2732);
#2734=PLANE('',#2733);
#2735=ORIENTED_EDGE('',*,*,#2678,.T.);
#2736=ORIENTED_EDGE('',*,*,#2725,.T.);
#2737=ORIENTED_EDGE('',*,*,#2630,.F.);
#2739=ORIENTED_EDGE('',*,*,#2738,.F.);
#2740=EDGE_LOOP('',(#2735,#2736,#2737,#2739));
#2741=FACE_OUTER_BOUND('',#2740,.F.);
#2743=CARTESIAN_POINT('',(8.4E0,-2.587230000515E0,-9.8E0));
#2744=DIRECTION('',(-1.E0,0.E0,0.E0));
#2745=DIRECTION('',(0.E0,0.E0,1.E0));
#2746=AXIS2_PLACEMENT_3D('',#2743,#2744,#2745);
#2747=CYLINDRICAL_SURFACE('',#2746,4.E-1);
#2748=ORIENTED_EDGE('',*,*,#2680,.T.);
#2749=ORIENTED_EDGE('',*,*,#2738,.T.);
#2750=ORIENTED_EDGE('',*,*,#2628,.F.);
#2752=ORIENTED_EDGE('',*,*,#2751,.F.);
#2753=EDGE_LOOP('',(#2748,#2749,#2750,#2752));
#2754=FACE_OUTER_BOUND('',#2753,.F.);
#2756=CARTESIAN_POINT('',(8.4E0,-3.05E0,-1.05E1));
#2757=DIRECTION('',(0.E0,9.961946980917E-1,-8.715574274765E-2));
#2758=DIRECTION('',(0.E0,8.715574274765E-2,9.961946980917E-1));
#2759=AXIS2_PLACEMENT_3D('',#2756,#2757,#2758);
#2760=PLANE('',#2759);
#2761=ORIENTED_EDGE('',*,*,#2682,.T.);
#2762=ORIENTED_EDGE('',*,*,#2751,.T.);
#2763=ORIENTED_EDGE('',*,*,#2626,.F.);
#2765=ORIENTED_EDGE('',*,*,#2764,.F.);
#2766=EDGE_LOOP('',(#2761,#2762,#2763,#2765));
#2767=FACE_OUTER_BOUND('',#2766,.F.);
#2769=CARTESIAN_POINT('',(8.4E0,-3.75E0,-1.05E1));
#2770=DIRECTION('',(0.E0,0.E0,-1.E0));
#2771=DIRECTION('',(0.E0,1.E0,0.E0));
#2772=AXIS2_PLACEMENT_3D('',#2769,#2770,#2771);
#2773=PLANE('',#2772);
#2775=ORIENTED_EDGE('',*,*,#2774,.F.);
#2776=ORIENTED_EDGE('',*,*,#2684,.T.);
#2777=ORIENTED_EDGE('',*,*,#2764,.T.);
#2778=ORIENTED_EDGE('',*,*,#2624,.F.);
#2779=EDGE_LOOP('',(#2775,#2776,#2777,#2778));
#2780=FACE_OUTER_BOUND('',#2779,.F.);
#2782=CARTESIAN_POINT('',(-8.4E0,-3.75E0,-7.3E0));
#2783=DIRECTION('',(0.E0,-1.E0,0.E0));
#2784=DIRECTION('',(0.E0,0.E0,-1.E0));
#2785=AXIS2_PLACEMENT_3D('',#2782,#2783,#2784);
#2786=PLANE('',#2785);
#2788=ORIENTED_EDGE('',*,*,#2787,.F.);
#2790=ORIENTED_EDGE('',*,*,#2789,.T.);
#2792=ORIENTED_EDGE('',*,*,#2791,.F.);
#2794=ORIENTED_EDGE('',*,*,#2793,.T.);
#2796=ORIENTED_EDGE('',*,*,#2795,.F.);
#2798=ORIENTED_EDGE('',*,*,#2797,.T.);
#2799=ORIENTED_EDGE('',*,*,#2545,.T.);
#2801=ORIENTED_EDGE('',*,*,#2800,.F.);
#2802=ORIENTED_EDGE('',*,*,#2413,.F.);
#2804=ORIENTED_EDGE('',*,*,#2803,.F.);
#2805=ORIENTED_EDGE('',*,*,#2686,.T.);
#2806=ORIENTED_EDGE('',*,*,#2774,.T.);
#2807=ORIENTED_EDGE('',*,*,#2622,.F.);
#2809=ORIENTED_EDGE('',*,*,#2808,.T.);
#2810=EDGE_LOOP('',(#2788,#2790,#2792,#2794,#2796,#2798,#2799,#2801,#2802,#2804,
#2805,#2806,#2807,#2809));
#2811=FACE_OUTER_BOUND('',#2810,.F.);
#2813=CARTESIAN_POINT('',(4.5E0,-5.E-1,-9.5E0));
#2814=DIRECTION('',(0.E0,0.E0,1.E0));
#2815=DIRECTION('',(0.E0,-1.E0,0.E0));
#2816=AXIS2_PLACEMENT_3D('',#2813,#2814,#2815);
#2817=PLANE('',#2816);
#2818=ORIENTED_EDGE('',*,*,#2787,.T.);
#2820=ORIENTED_EDGE('',*,*,#2819,.T.);
#2822=ORIENTED_EDGE('',*,*,#2821,.F.);
#2824=ORIENTED_EDGE('',*,*,#2823,.F.);
#2825=EDGE_LOOP('',(#2818,#2820,#2822,#2824));
#2826=FACE_OUTER_BOUND('',#2825,.F.);
#2828=CARTESIAN_POINT('',(5.5E0,0.E0,0.E0));
#2829=DIRECTION('',(1.E0,0.E0,0.E0));
#2830=DIRECTION('',(0.E0,0.E0,-1.E0));
#2831=AXIS2_PLACEMENT_3D('',#2828,#2829,#2830);
#2832=PLANE('',#2831);
#2834=ORIENTED_EDGE('',*,*,#2833,.T.);
#2836=ORIENTED_EDGE('',*,*,#2835,.F.);
#2838=ORIENTED_EDGE('',*,*,#2837,.F.);
#2839=ORIENTED_EDGE('',*,*,#2819,.F.);
#2841=ORIENTED_EDGE('',*,*,#2840,.F.);
#2842=EDGE_LOOP('',(#2834,#2836,#2838,#2839,#2841));
#2843=FACE_OUTER_BOUND('',#2842,.F.);
#2845=CARTESIAN_POINT('',(5.5E0,0.E0,0.E0));
#2846=DIRECTION('',(1.E0,0.E0,0.E0));
#2847=DIRECTION('',(0.E0,0.E0,-1.E0));
#2848=AXIS2_PLACEMENT_3D('',#2845,#2846,#2847);
#2849=PLANE('',#2848);
#2851=ORIENTED_EDGE('',*,*,#2850,.F.);
#2853=ORIENTED_EDGE('',*,*,#2852,.F.);
#2855=ORIENTED_EDGE('',*,*,#2854,.F.);
#2857=ORIENTED_EDGE('',*,*,#2856,.F.);
#2858=EDGE_LOOP('',(#2851,#2853,#2855,#2857));
#2859=FACE_OUTER_BOUND('',#2858,.F.);
#2861=CARTESIAN_POINT('',(-7.3E0,-4.25E0,0.E0));
#2862=DIRECTION('',(0.E0,-1.E0,0.E0));
#2863=DIRECTION('',(0.E0,0.E0,-1.E0));
#2864=AXIS2_PLACEMENT_3D('',#2861,#2862,#2863);
#2865=PLANE('',#2864);
#2867=ORIENTED_EDGE('',*,*,#2866,.T.);
#2869=ORIENTED_EDGE('',*,*,#2868,.F.);
#2870=ORIENTED_EDGE('',*,*,#2561,.F.);
#2872=ORIENTED_EDGE('',*,*,#2871,.T.);
#2873=EDGE_LOOP('',(#2867,#2869,#2870,#2872));
#2874=FACE_OUTER_BOUND('',#2873,.F.);
#2876=CARTESIAN_POINT('',(-7.3E0,-4.25E0,0.E0));
#2877=DIRECTION('',(0.E0,-1.E0,0.E0));
#2878=DIRECTION('',(0.E0,0.E0,-1.E0));
#2879=AXIS2_PLACEMENT_3D('',#2876,#2877,#2878);
#2880=PLANE('',#2879);
#2882=ORIENTED_EDGE('',*,*,#2881,.T.);
#2884=ORIENTED_EDGE('',*,*,#2883,.F.);
#2886=ORIENTED_EDGE('',*,*,#2885,.F.);
#2888=ORIENTED_EDGE('',*,*,#2887,.T.);
#2889=EDGE_LOOP('',(#2882,#2884,#2886,#2888));
#2890=FACE_OUTER_BOUND('',#2889,.F.);
#2892=CARTESIAN_POINT('',(-7.3E0,-4.25E0,0.E0));
#2893=DIRECTION('',(0.E0,-1.E0,0.E0));
#2894=DIRECTION('',(0.E0,0.E0,-1.E0));
#2895=AXIS2_PLACEMENT_3D('',#2892,#2893,#2894);
#2896=PLANE('',#2895);
#2898=ORIENTED_EDGE('',*,*,#2897,.F.);
#2900=ORIENTED_EDGE('',*,*,#2899,.T.);
#2901=ORIENTED_EDGE('',*,*,#2647,.T.);
#2903=ORIENTED_EDGE('',*,*,#2902,.F.);
#2904=EDGE_LOOP('',(#2898,#2900,#2901,#2903));
#2905=FACE_OUTER_BOUND('',#2904,.F.);
#2907=CARTESIAN_POINT('',(-7.3E0,-4.25E0,0.E0));
#2908=DIRECTION('',(0.E0,-1.E0,0.E0));
#2909=DIRECTION('',(0.E0,0.E0,-1.E0));
#2910=AXIS2_PLACEMENT_3D('',#2907,#2908,#2909);
#2911=PLANE('',#2910);
#2913=ORIENTED_EDGE('',*,*,#2912,.T.);
#2915=ORIENTED_EDGE('',*,*,#2914,.F.);
#2917=ORIENTED_EDGE('',*,*,#2916,.F.);
#2919=ORIENTED_EDGE('',*,*,#2918,.T.);
#2920=EDGE_LOOP('',(#2913,#2915,#2917,#2919));
#2921=FACE_OUTER_BOUND('',#2920,.F.);
#2923=CARTESIAN_POINT('',(-7.3E0,-4.25E0,0.E0));
#2924=DIRECTION('',(0.E0,-1.E0,0.E0));
#2925=DIRECTION('',(0.E0,0.E0,-1.E0));
#2926=AXIS2_PLACEMENT_3D('',#2923,#2924,#2925);
#2927=PLANE('',#2926);
#2929=ORIENTED_EDGE('',*,*,#2928,.T.);
#2931=ORIENTED_EDGE('',*,*,#2930,.T.);
#2932=ORIENTED_EDGE('',*,*,#2833,.F.);
#2934=ORIENTED_EDGE('',*,*,#2933,.T.);
#2935=ORIENTED_EDGE('',*,*,#2635,.T.);
#2936=ORIENTED_EDGE('',*,*,#2484,.F.);
#2937=ORIENTED_EDGE('',*,*,#2532,.F.);
#2939=ORIENTED_EDGE('',*,*,#2938,.T.);
#2941=ORIENTED_EDGE('',*,*,#2940,.T.);
#2943=ORIENTED_EDGE('',*,*,#2942,.T.);
#2945=ORIENTED_EDGE('',*,*,#2944,.F.);
#2947=ORIENTED_EDGE('',*,*,#2946,.T.);
#2949=ORIENTED_EDGE('',*,*,#2948,.T.);
#2951=ORIENTED_EDGE('',*,*,#2950,.T.);
#2953=ORIENTED_EDGE('',*,*,#2952,.F.);
#2955=ORIENTED_EDGE('',*,*,#2954,.T.);
#2956=EDGE_LOOP('',(#2929,#2931,#2932,#2934,#2935,#2936,#2937,#2939,#2941,#2943,
#2945,#2947,#2949,#2951,#2953,#2955));
#2957=FACE_OUTER_BOUND('',#2956,.F.);
#2959=CARTESIAN_POINT('',(-6.6E0,-3.95E0,0.E0));
#2960=DIRECTION('',(-1.E0,0.E0,0.E0));
#2961=DIRECTION('',(0.E0,-1.E0,0.E0));
#2962=AXIS2_PLACEMENT_3D('',#2959,#2960,#2961);
#2963=PLANE('',#2962);
#2965=ORIENTED_EDGE('',*,*,#2964,.T.);
#2967=ORIENTED_EDGE('',*,*,#2966,.T.);
#2969=ORIENTED_EDGE('',*,*,#2968,.T.);
#2970=ORIENTED_EDGE('',*,*,#2866,.F.);
#2971=EDGE_LOOP('',(#2965,#2967,#2969,#2970));
#2972=FACE_OUTER_BOUND('',#2971,.F.);
#2974=CARTESIAN_POINT('',(-8.4E0,4.065E0,0.E0));
#2975=DIRECTION('',(0.E0,0.E0,1.E0));
#2976=DIRECTION('',(0.E0,-1.E0,0.E0));
#2977=AXIS2_PLACEMENT_3D('',#2974,#2975,#2976);
#2978=PLANE('',#2977);
#2980=ORIENTED_EDGE('',*,*,#2979,.T.);
#2982=ORIENTED_EDGE('',*,*,#2981,.T.);
#2984=ORIENTED_EDGE('',*,*,#2983,.F.);
#2986=ORIENTED_EDGE('',*,*,#2985,.T.);
#2987=EDGE_LOOP('',(#2980,#2982,#2984,#2986));
#2988=FACE_OUTER_BOUND('',#2987,.F.);
#2990=CARTESIAN_POINT('',(-8.4E0,4.065E0,0.E0));
#2991=DIRECTION('',(0.E0,0.E0,1.E0));
#2992=DIRECTION('',(0.E0,-1.E0,0.E0));
#2993=AXIS2_PLACEMENT_3D('',#2990,#2991,#2992);
#2994=PLANE('',#2993);
#2996=ORIENTED_EDGE('',*,*,#2995,.T.);
#2998=ORIENTED_EDGE('',*,*,#2997,.T.);
#3000=ORIENTED_EDGE('',*,*,#2999,.F.);
#3002=ORIENTED_EDGE('',*,*,#3001,.T.);
#3003=EDGE_LOOP('',(#2996,#2998,#3000,#3002));
#3004=FACE_OUTER_BOUND('',#3003,.F.);
#3006=CARTESIAN_POINT('',(-8.4E0,4.065E0,0.E0));
#3007=DIRECTION('',(0.E0,0.E0,1.E0));
#3008=DIRECTION('',(0.E0,-1.E0,0.E0));
#3009=AXIS2_PLACEMENT_3D('',#3006,#3007,#3008);
#3010=PLANE('',#3009);
#3012=ORIENTED_EDGE('',*,*,#3011,.F.);
#3014=ORIENTED_EDGE('',*,*,#3013,.F.);
#3016=ORIENTED_EDGE('',*,*,#3015,.T.);
#3018=ORIENTED_EDGE('',*,*,#3017,.T.);
#3020=ORIENTED_EDGE('',*,*,#3019,.F.);
#3022=ORIENTED_EDGE('',*,*,#3021,.T.);
#3023=ORIENTED_EDGE('',*,*,#2694,.T.);
#3025=ORIENTED_EDGE('',*,*,#3024,.F.);
#3026=ORIENTED_EDGE('',*,*,#2649,.T.);
#3027=ORIENTED_EDGE('',*,*,#2899,.F.);
#3029=ORIENTED_EDGE('',*,*,#3028,.T.);
#3031=ORIENTED_EDGE('',*,*,#3030,.T.);
#3033=ORIENTED_EDGE('',*,*,#3032,.F.);
#3034=ORIENTED_EDGE('',*,*,#2918,.F.);
#3036=ORIENTED_EDGE('',*,*,#3035,.T.);
#3038=ORIENTED_EDGE('',*,*,#3037,.T.);
#3040=ORIENTED_EDGE('',*,*,#3039,.F.);
#3041=ORIENTED_EDGE('',*,*,#2887,.F.);
#3043=ORIENTED_EDGE('',*,*,#3042,.T.);
#3045=ORIENTED_EDGE('',*,*,#3044,.T.);
#3046=ORIENTED_EDGE('',*,*,#2964,.F.);
#3047=ORIENTED_EDGE('',*,*,#2871,.F.);
#3048=ORIENTED_EDGE('',*,*,#2559,.F.);
#3050=ORIENTED_EDGE('',*,*,#3049,.F.);
#3051=ORIENTED_EDGE('',*,*,#2405,.F.);
#3053=ORIENTED_EDGE('',*,*,#3052,.T.);
#3055=ORIENTED_EDGE('',*,*,#3054,.T.);
#3057=ORIENTED_EDGE('',*,*,#3056,.T.);
#3059=ORIENTED_EDGE('',*,*,#3058,.F.);
#3061=ORIENTED_EDGE('',*,*,#3060,.F.);
#3063=ORIENTED_EDGE('',*,*,#3062,.F.);
#3065=ORIENTED_EDGE('',*,*,#3064,.F.);
#3067=ORIENTED_EDGE('',*,*,#3066,.F.);
#3069=ORIENTED_EDGE('',*,*,#3068,.F.);
#3070=EDGE_LOOP('',(#3012,#3014,#3016,#3018,#3020,#3022,#3023,#3025,#3026,#3027,
#3029,#3031,#3033,#3034,#3036,#3038,#3040,#3041,#3043,#3045,#3046,#3047,#3048,
#3050,#3051,#3053,#3055,#3057,#3059,#3061,#3063,#3065,#3067,#3069));
#3071=FACE_OUTER_BOUND('',#3070,.F.);
#3073=CARTESIAN_POINT('',(-6.150635094611E-1,0.E0,-1.25E0));
#3074=DIRECTION('',(-9.659258262891E-1,0.E0,-2.588190451025E-1));
#3075=DIRECTION('',(-2.588190451025E-1,0.E0,9.659258262891E-1));
#3076=AXIS2_PLACEMENT_3D('',#3073,#3074,#3075);
#3077=PLANE('',#3076);
#3079=ORIENTED_EDGE('',*,*,#3078,.F.);
#3081=ORIENTED_EDGE('',*,*,#3080,.F.);
#3082=ORIENTED_EDGE('',*,*,#2979,.F.);
#3084=ORIENTED_EDGE('',*,*,#3083,.F.);
#3085=EDGE_LOOP('',(#3079,#3081,#3082,#3084));
#3086=FACE_OUTER_BOUND('',#3085,.F.);
#3088=CARTESIAN_POINT('',(6.150635094612E-1,0.E0,-1.25E0));
#3089=DIRECTION('',(0.E0,0.E0,-1.E0));
#3090=DIRECTION('',(-1.E0,0.E0,0.E0));
#3091=AXIS2_PLACEMENT_3D('',#3088,#3089,#3090);
#3092=PLANE('',#3091);
#3094=ORIENTED_EDGE('',*,*,#3093,.F.);
#3096=ORIENTED_EDGE('',*,*,#3095,.T.);
#3097=ORIENTED_EDGE('',*,*,#3078,.T.);
#3099=ORIENTED_EDGE('',*,*,#3098,.F.);
#3100=EDGE_LOOP('',(#3094,#3096,#3097,#3099));
#3101=FACE_OUTER_BOUND('',#3100,.F.);
#3103=CARTESIAN_POINT('',(9.5E-1,0.E0,0.E0));
#3104=DIRECTION('',(9.659258262891E-1,0.E0,-2.588190451025E-1));
#3105=DIRECTION('',(-2.588190451025E-1,0.E0,-9.659258262891E-1));
#3106=AXIS2_PLACEMENT_3D('',#3103,#3104,#3105);
#3107=PLANE('',#3106);
#3108=ORIENTED_EDGE('',*,*,#3093,.T.);
#3110=ORIENTED_EDGE('',*,*,#3109,.T.);
#3111=ORIENTED_EDGE('',*,*,#2999,.T.);
#3113=ORIENTED_EDGE('',*,*,#3112,.T.);
#3114=EDGE_LOOP('',(#3108,#3110,#3111,#3113));
#3115=FACE_OUTER_BOUND('',#3114,.F.);
#3117=CARTESIAN_POINT('',(-8.4E0,4.4E0,-1.25E0));
#3118=DIRECTION('',(0.E0,9.659135562739E-1,2.588648330814E-1));
#3119=DIRECTION('',(0.E0,-2.588648330814E-1,9.659135562739E-1));
#3120=AXIS2_PLACEMENT_3D('',#3117,#3118,#3119);
#3121=PLANE('',#3120);
#3123=ORIENTED_EDGE('',*,*,#3122,.T.);
#3124=ORIENTED_EDGE('',*,*,#3052,.F.);
#3125=ORIENTED_EDGE('',*,*,#2403,.F.);
#3127=ORIENTED_EDGE('',*,*,#3126,.T.);
#3128=EDGE_LOOP('',(#3123,#3124,#3125,#3127));
#3129=FACE_OUTER_BOUND('',#3128,.F.);
#3131=CARTESIAN_POINT('',(-8.4E0,4.4E0,-1.25E0));
#3132=DIRECTION('',(0.E0,9.659135562739E-1,2.588648330814E-1));
#3133=DIRECTION('',(0.E0,-2.588648330814E-1,9.659135562739E-1));
#3134=AXIS2_PLACEMENT_3D('',#3131,#3132,#3133);
#3135=PLANE('',#3134);
#3136=ORIENTED_EDGE('',*,*,#3083,.T.);
#3137=ORIENTED_EDGE('',*,*,#2985,.F.);
#3139=ORIENTED_EDGE('',*,*,#3138,.F.);
#3141=ORIENTED_EDGE('',*,*,#3140,.T.);
#3142=EDGE_LOOP('',(#3136,#3137,#3139,#3141));
#3143=FACE_OUTER_BOUND('',#3142,.F.);
#3145=CARTESIAN_POINT('',(-8.4E0,4.4E0,-1.25E0));
#3146=DIRECTION('',(0.E0,9.659135562739E-1,2.588648330814E-1));
#3147=DIRECTION('',(0.E0,-2.588648330814E-1,9.659135562739E-1));
#3148=AXIS2_PLACEMENT_3D('',#3145,#3146,#3147);
#3149=PLANE('',#3148);
#3151=ORIENTED_EDGE('',*,*,#3150,.F.);
#3153=ORIENTED_EDGE('',*,*,#3152,.T.);
#3154=ORIENTED_EDGE('',*,*,#2696,.T.);
#3155=ORIENTED_EDGE('',*,*,#3021,.F.);
#3156=EDGE_LOOP('',(#3151,#3153,#3154,#3155));
#3157=FACE_OUTER_BOUND('',#3156,.F.);
#3159=CARTESIAN_POINT('',(-8.4E0,4.4E0,-1.25E0));
#3160=DIRECTION('',(0.E0,9.659135562739E-1,2.588648330814E-1));
#3161=DIRECTION('',(0.E0,-2.588648330814E-1,9.659135562739E-1));
#3162=AXIS2_PLACEMENT_3D('',#3159,#3160,#3161);
#3163=PLANE('',#3162);
#3165=ORIENTED_EDGE('',*,*,#3164,.T.);
#3166=ORIENTED_EDGE('',*,*,#3001,.F.);
#3167=ORIENTED_EDGE('',*,*,#3109,.F.);
#3169=ORIENTED_EDGE('',*,*,#3168,.T.);
#3170=EDGE_LOOP('',(#3165,#3166,#3167,#3169));
#3171=FACE_OUTER_BOUND('',#3170,.F.);
#3173=CARTESIAN_POINT('',(-5.615063509461E0,0.E0,-1.25E0));
#3174=DIRECTION('',(-9.659258262891E-1,0.E0,-2.588190451025E-1));
#3175=DIRECTION('',(-2.588190451025E-1,0.E0,9.659258262891E-1));
#3176=AXIS2_PLACEMENT_3D('',#3173,#3174,#3175);
#3177=PLANE('',#3176);
#3178=ORIENTED_EDGE('',*,*,#3122,.F.);
#3180=ORIENTED_EDGE('',*,*,#3179,.F.);
#3182=ORIENTED_EDGE('',*,*,#3181,.F.);
#3183=ORIENTED_EDGE('',*,*,#3054,.F.);
#3184=EDGE_LOOP('',(#3178,#3180,#3182,#3183));
#3185=FACE_OUTER_BOUND('',#3184,.F.);
#3187=CARTESIAN_POINT('',(-4.384936490539E0,0.E0,-1.25E0));
#3188=DIRECTION('',(0.E0,0.E0,-1.E0));
#3189=DIRECTION('',(-1.E0,0.E0,0.E0));
#3190=AXIS2_PLACEMENT_3D('',#3187,#3188,#3189);
#3191=PLANE('',#3190);
#3193=ORIENTED_EDGE('',*,*,#3192,.F.);
#3195=ORIENTED_EDGE('',*,*,#3194,.F.);
#3197=ORIENTED_EDGE('',*,*,#3196,.T.);
#3198=ORIENTED_EDGE('',*,*,#3179,.T.);
#3199=EDGE_LOOP('',(#3193,#3195,#3197,#3198));
#3200=FACE_OUTER_BOUND('',#3199,.F.);
#3202=CARTESIAN_POINT('',(-8.4E0,4.4E0,-2.8E0));
#3203=DIRECTION('',(0.E0,1.E0,0.E0));
#3204=DIRECTION('',(0.E0,0.E0,1.E0));
#3205=AXIS2_PLACEMENT_3D('',#3202,#3203,#3204);
#3206=PLANE('',#3205);
#3208=ORIENTED_EDGE('',*,*,#3207,.T.);
#3209=ORIENTED_EDGE('',*,*,#3168,.F.);
#3210=ORIENTED_EDGE('',*,*,#3098,.T.);
#3211=ORIENTED_EDGE('',*,*,#3140,.F.);
#3212=ORIENTED_EDGE('',*,*,#3192,.T.);
#3213=ORIENTED_EDGE('',*,*,#3126,.F.);
#3214=ORIENTED_EDGE('',*,*,#2401,.F.);
#3216=ORIENTED_EDGE('',*,*,#3215,.T.);
#3218=ORIENTED_EDGE('',*,*,#3217,.T.);
#3220=ORIENTED_EDGE('',*,*,#3219,.T.);
#3222=ORIENTED_EDGE('',*,*,#3221,.F.);
#3224=ORIENTED_EDGE('',*,*,#3223,.T.);
#3225=ORIENTED_EDGE('',*,*,#2698,.T.);
#3226=ORIENTED_EDGE('',*,*,#3152,.F.);
#3227=EDGE_LOOP('',(#3208,#3209,#3210,#3211,#3212,#3213,#3214,#3216,#3218,#3220,
#3222,#3224,#3225,#3226));
#3228=FACE_OUTER_BOUND('',#3227,.F.);
#3230=CARTESIAN_POINT('',(5.615063509461E0,0.E0,-1.25E0));
#3231=DIRECTION('',(0.E0,0.E0,-1.E0));
#3232=DIRECTION('',(-1.E0,0.E0,0.E0));
#3233=AXIS2_PLACEMENT_3D('',#3230,#3231,#3232);
#3234=PLANE('',#3233);
#3236=ORIENTED_EDGE('',*,*,#3235,.F.);
#3238=ORIENTED_EDGE('',*,*,#3237,.T.);
#3240=ORIENTED_EDGE('',*,*,#3239,.T.);
#3241=ORIENTED_EDGE('',*,*,#3207,.F.);
#3242=EDGE_LOOP('',(#3236,#3238,#3240,#3241));
#3243=FACE_OUTER_BOUND('',#3242,.F.);
#3245=CARTESIAN_POINT('',(5.95E0,0.E0,0.E0));
#3246=DIRECTION('',(9.659258262891E-1,0.E0,-2.588190451025E-1));
#3247=DIRECTION('',(-2.588190451025E-1,0.E0,-9.659258262891E-1));
#3248=AXIS2_PLACEMENT_3D('',#3245,#3246,#3247);
#3249=PLANE('',#3248);
#3250=ORIENTED_EDGE('',*,*,#3235,.T.);
#3251=ORIENTED_EDGE('',*,*,#3150,.T.);
#3252=ORIENTED_EDGE('',*,*,#3019,.T.);
#3254=ORIENTED_EDGE('',*,*,#3253,.T.);
#3255=EDGE_LOOP('',(#3250,#3251,#3252,#3254));
#3256=FACE_OUTER_BOUND('',#3255,.F.);
#3258=CARTESIAN_POINT('',(-7.7E0,3.135E0,0.E0));
#3259=DIRECTION('',(0.E0,9.659135562739E-1,-2.588648330814E-1));
#3260=DIRECTION('',(0.E0,-2.588648330814E-1,-9.659135562739E-1));
#3261=AXIS2_PLACEMENT_3D('',#3258,#3259,#3260);
#3262=PLANE('',#3261);
#3263=ORIENTED_EDGE('',*,*,#3181,.T.);
#3265=ORIENTED_EDGE('',*,*,#3264,.F.);
#3267=ORIENTED_EDGE('',*,*,#3266,.T.);
#3268=ORIENTED_EDGE('',*,*,#3056,.F.);
#3269=EDGE_LOOP('',(#3263,#3265,#3267,#3268));
#3270=FACE_OUTER_BOUND('',#3269,.F.);
#3272=CARTESIAN_POINT('',(-7.7E0,3.135E0,0.E0));
#3273=DIRECTION('',(0.E0,9.659135562739E-1,-2.588648330814E-1));
#3274=DIRECTION('',(0.E0,-2.588648330814E-1,-9.659135562739E-1));
#3275=AXIS2_PLACEMENT_3D('',#3272,#3273,#3274);
#3276=PLANE('',#3275);
#3277=ORIENTED_EDGE('',*,*,#3080,.T.);
#3279=ORIENTED_EDGE('',*,*,#3278,.F.);
#3281=ORIENTED_EDGE('',*,*,#3280,.F.);
#3282=ORIENTED_EDGE('',*,*,#2981,.F.);
#3283=EDGE_LOOP('',(#3277,#3279,#3281,#3282));
#3284=FACE_OUTER_BOUND('',#3283,.F.);
#3286=CARTESIAN_POINT('',(-7.7E0,3.135E0,0.E0));
#3287=DIRECTION('',(0.E0,9.659135562739E-1,-2.588648330814E-1));
#3288=DIRECTION('',(0.E0,-2.588648330814E-1,-9.659135562739E-1));
#3289=AXIS2_PLACEMENT_3D('',#3286,#3287,#3288);
#3290=PLANE('',#3289);
#3291=ORIENTED_EDGE('',*,*,#3253,.F.);
#3292=ORIENTED_EDGE('',*,*,#3017,.F.);
#3294=ORIENTED_EDGE('',*,*,#3293,.T.);
#3296=ORIENTED_EDGE('',*,*,#3295,.F.);
#3297=EDGE_LOOP('',(#3291,#3292,#3294,#3296));
#3298=FACE_OUTER_BOUND('',#3297,.F.);
#3300=CARTESIAN_POINT('',(-7.7E0,3.135E0,0.E0));
#3301=DIRECTION('',(0.E0,9.659135562739E-1,-2.588648330814E-1));
#3302=DIRECTION('',(0.E0,-2.588648330814E-1,-9.659135562739E-1));
#3303=AXIS2_PLACEMENT_3D('',#3300,#3301,#3302);
#3304=PLANE('',#3303);
#3306=ORIENTED_EDGE('',*,*,#3305,.T.);
#3308=ORIENTED_EDGE('',*,*,#3307,.F.);
#3309=ORIENTED_EDGE('',*,*,#3112,.F.);
#3310=ORIENTED_EDGE('',*,*,#2997,.F.);
#3311=EDGE_LOOP('',(#3306,#3308,#3309,#3310));
#3312=FACE_OUTER_BOUND('',#3311,.F.);
#3314=CARTESIAN_POINT('',(-7.7E0,2.8E0,-1.25E0));
#3315=DIRECTION('',(0.E0,1.E0,0.E0));
#3316=DIRECTION('',(0.E0,0.E0,-1.E0));
#3317=AXIS2_PLACEMENT_3D('',#3314,#3315,#3316);
#3318=PLANE('',#3317);
#3319=ORIENTED_EDGE('',*,*,#3237,.F.);
#3320=ORIENTED_EDGE('',*,*,#3295,.T.);
#3322=ORIENTED_EDGE('',*,*,#3321,.T.);
#3324=ORIENTED_EDGE('',*,*,#3323,.F.);
#3326=ORIENTED_EDGE('',*,*,#3325,.F.);
#3327=ORIENTED_EDGE('',*,*,#3264,.T.);
#3328=ORIENTED_EDGE('',*,*,#3196,.F.);
#3329=ORIENTED_EDGE('',*,*,#3278,.T.);
#3330=ORIENTED_EDGE('',*,*,#3095,.F.);
#3331=ORIENTED_EDGE('',*,*,#3307,.T.);
#3332=EDGE_LOOP('',(#3319,#3320,#3322,#3324,#3326,#3327,#3328,#3329,#3330,
#3331));
#3333=FACE_OUTER_BOUND('',#3332,.F.);
#3335=CARTESIAN_POINT('',(7.7E0,0.E0,0.E0));
#3336=DIRECTION('',(1.E0,0.E0,0.E0));
#3337=DIRECTION('',(0.E0,0.E0,-1.E0));
#3338=AXIS2_PLACEMENT_3D('',#3335,#3336,#3337);
#3339=PLANE('',#3338);
#3341=ORIENTED_EDGE('',*,*,#3340,.F.);
#3342=ORIENTED_EDGE('',*,*,#3321,.F.);
#3343=ORIENTED_EDGE('',*,*,#3293,.F.);
#3344=ORIENTED_EDGE('',*,*,#3015,.F.);
#3346=ORIENTED_EDGE('',*,*,#3345,.F.);
#3348=ORIENTED_EDGE('',*,*,#3347,.F.);
#3350=ORIENTED_EDGE('',*,*,#3349,.F.);
#3352=ORIENTED_EDGE('',*,*,#3351,.F.);
#3353=EDGE_LOOP('',(#3341,#3342,#3343,#3344,#3346,#3348,#3350,#3352));
#3354=FACE_OUTER_BOUND('',#3353,.F.);
#3356=CARTESIAN_POINT('',(-3.030048E1,2.5E0,-8.5E0));
#3357=DIRECTION('',(1.E0,0.E0,0.E0));
#3358=DIRECTION('',(0.E0,0.E0,-1.E0));
#3359=AXIS2_PLACEMENT_3D('',#3356,#3357,#3358);
#3360=CYLINDRICAL_SURFACE('',#3359,3.E-1);
#3361=ORIENTED_EDGE('',*,*,#3340,.T.);
#3363=ORIENTED_EDGE('',*,*,#3362,.F.);
#3365=ORIENTED_EDGE('',*,*,#3364,.T.);
#3366=ORIENTED_EDGE('',*,*,#3323,.T.);
#3367=EDGE_LOOP('',(#3361,#3363,#3365,#3366));
#3368=FACE_OUTER_BOUND('',#3367,.F.);
#3370=CARTESIAN_POINT('',(0.E0,0.E0,-8.8E0));
#3371=DIRECTION('',(0.E0,0.E0,1.E0));
#3372=DIRECTION('',(1.E0,0.E0,0.E0));
#3373=AXIS2_PLACEMENT_3D('',#3370,#3371,#3372);
#3374=PLANE('',#3373);
#3376=ORIENTED_EDGE('',*,*,#3375,.T.);
#3378=ORIENTED_EDGE('',*,*,#3377,.F.);
#3380=ORIENTED_EDGE('',*,*,#3379,.T.);
#3382=ORIENTED_EDGE('',*,*,#3381,.F.);
#3384=ORIENTED_EDGE('',*,*,#3383,.T.);
#3386=ORIENTED_EDGE('',*,*,#3385,.F.);
#3388=ORIENTED_EDGE('',*,*,#3387,.F.);
#3389=ORIENTED_EDGE('',*,*,#3362,.T.);
#3390=ORIENTED_EDGE('',*,*,#3351,.T.);
#3392=ORIENTED_EDGE('',*,*,#3391,.F.);
#3393=EDGE_LOOP('',(#3376,#3378,#3380,#3382,#3384,#3386,#3388,#3389,#3390,
#3392));
#3394=FACE_OUTER_BOUND('',#3393,.F.);
#3396=ORIENTED_EDGE('',*,*,#3395,.T.);
#3398=ORIENTED_EDGE('',*,*,#3397,.T.);
#3399=EDGE_LOOP('',(#3396,#3398));
#3400=FACE_BOUND('',#3399,.F.);
#3402=ORIENTED_EDGE('',*,*,#3401,.T.);
#3404=ORIENTED_EDGE('',*,*,#3403,.T.);
#3405=EDGE_LOOP('',(#3402,#3404));
#3406=FACE_BOUND('',#3405,.F.);
#3408=ORIENTED_EDGE('',*,*,#3407,.T.);
#3410=ORIENTED_EDGE('',*,*,#3409,.T.);
#3411=EDGE_LOOP('',(#3408,#3410));
#3412=FACE_BOUND('',#3411,.F.);
#3414=CARTESIAN_POINT('',(-5.E0,-1.E-1,-8.5E0));
#3415=DIRECTION('',(0.E0,0.E0,1.E0));
#3416=DIRECTION('',(-9.996867211887E-1,2.502917255975E-2,0.E0));
#3417=AXIS2_PLACEMENT_3D('',#3414,#3415,#3416);
#3418=TOROIDAL_SURFACE('',#3417,1.675E0,3.E-1);
#3419=ORIENTED_EDGE('',*,*,#3407,.F.);
#3421=ORIENTED_EDGE('',*,*,#3420,.T.);
#3423=ORIENTED_EDGE('',*,*,#3422,.T.);
#3425=ORIENTED_EDGE('',*,*,#3424,.F.);
#3426=EDGE_LOOP('',(#3419,#3421,#3423,#3425));
#3427=FACE_OUTER_BOUND('',#3426,.F.);
#3429=CARTESIAN_POINT('',(-5.E0,-1.E-1,-8.5E0));
#3430=DIRECTION('',(0.E0,0.E0,1.E0));
#3431=DIRECTION('',(9.996867211887E-1,-2.502917255975E-2,0.E0));
#3432=AXIS2_PLACEMENT_3D('',#3429,#3430,#3431);
#3433=TOROIDAL_SURFACE('',#3432,1.675E0,3.E-1);
#3434=ORIENTED_EDGE('',*,*,#3409,.F.);
#3435=ORIENTED_EDGE('',*,*,#3424,.T.);
#3437=ORIENTED_EDGE('',*,*,#3436,.T.);
#3438=ORIENTED_EDGE('',*,*,#3420,.F.);
#3439=EDGE_LOOP('',(#3434,#3435,#3437,#3438));
#3440=FACE_OUTER_BOUND('',#3439,.F.);
#3442=CARTESIAN_POINT('',(-5.E0,-1.E-1,-8.8E0));
#3443=DIRECTION('',(0.E0,0.E0,1.E0));
#3444=DIRECTION('',(1.E0,0.E0,0.E0));
#3445=AXIS2_PLACEMENT_3D('',#3442,#3443,#3444);
#3446=CYLINDRICAL_SURFACE('',#3445,1.375E0);
#3448=ORIENTED_EDGE('',*,*,#3447,.T.);
#3450=ORIENTED_EDGE('',*,*,#3449,.F.);
#3451=ORIENTED_EDGE('',*,*,#3436,.F.);
#3453=ORIENTED_EDGE('',*,*,#3452,.T.);
#3454=EDGE_LOOP('',(#3448,#3450,#3451,#3453));
#3455=FACE_OUTER_BOUND('',#3454,.F.);
#3457=CARTESIAN_POINT('',(-5.E0,-1.E-1,-7.777499999817E0));
#3458=DIRECTION('',(0.E0,0.E0,-1.E0));
#3459=DIRECTION('',(0.E0,-1.E0,0.E0));
#3460=AXIS2_PLACEMENT_3D('',#3457,#3458,#3459);
#3461=CONICAL_SURFACE('',#3460,1.197499999817E0,4.5E1);
#3463=ORIENTED_EDGE('',*,*,#3462,.T.);
#3465=ORIENTED_EDGE('',*,*,#3464,.T.);
#3466=ORIENTED_EDGE('',*,*,#3447,.F.);
#3468=ORIENTED_EDGE('',*,*,#3467,.F.);
#3469=EDGE_LOOP('',(#3463,#3465,#3466,#3468));
#3470=FACE_OUTER_BOUND('',#3469,.F.);
#3472=CARTESIAN_POINT('',(0.E0,0.E0,-7.6E0));
#3473=DIRECTION('',(0.E0,0.E0,1.E0));
#3474=DIRECTION('',(1.E0,0.E0,0.E0));
#3475=AXIS2_PLACEMENT_3D('',#3472,#3473,#3474);
#3476=PLANE('',#3475);
#3478=ORIENTED_EDGE('',*,*,#3477,.F.);
#3479=ORIENTED_EDGE('',*,*,#3462,.F.);
#3480=EDGE_LOOP('',(#3478,#3479));
#3481=FACE_OUTER_BOUND('',#3480,.F.);
#3483=ORIENTED_EDGE('',*,*,#3482,.F.);
#3485=ORIENTED_EDGE('',*,*,#3484,.T.);
#3487=ORIENTED_EDGE('',*,*,#3486,.T.);
#3489=ORIENTED_EDGE('',*,*,#3488,.F.);
#3490=EDGE_LOOP('',(#3483,#3485,#3487,#3489));
#3491=FACE_BOUND('',#3490,.F.);
#3493=CARTESIAN_POINT('',(-5.E0,-1.E-1,-7.777499999817E0));
#3494=DIRECTION('',(0.E0,0.E0,-1.E0));
#3495=DIRECTION('',(0.E0,-1.E0,0.E0));
#3496=AXIS2_PLACEMENT_3D('',#3493,#3494,#3495);
#3497=CONICAL_SURFACE('',#3496,1.197499999817E0,4.5E1);
#3498=ORIENTED_EDGE('',*,*,#3477,.T.);
#3499=ORIENTED_EDGE('',*,*,#3467,.T.);
#3501=ORIENTED_EDGE('',*,*,#3500,.F.);
#3502=ORIENTED_EDGE('',*,*,#3464,.F.);
#3503=EDGE_LOOP('',(#3498,#3499,#3501,#3502));
#3504=FACE_OUTER_BOUND('',#3503,.F.);
#3506=CARTESIAN_POINT('',(-5.E0,-1.E-1,-8.8E0));
#3507=DIRECTION('',(0.E0,0.E0,1.E0));
#3508=DIRECTION('',(1.E0,0.E0,0.E0));
#3509=AXIS2_PLACEMENT_3D('',#3506,#3507,#3508);
#3510=CYLINDRICAL_SURFACE('',#3509,1.375E0);
#3511=ORIENTED_EDGE('',*,*,#3500,.T.);
#3512=ORIENTED_EDGE('',*,*,#3452,.F.);
#3513=ORIENTED_EDGE('',*,*,#3422,.F.);
#3514=ORIENTED_EDGE('',*,*,#3449,.T.);
#3515=EDGE_LOOP('',(#3511,#3512,#3513,#3514));
#3516=FACE_OUTER_BOUND('',#3515,.F.);
#3518=CARTESIAN_POINT('',(-5.5E0,0.E0,0.E0));
#3519=DIRECTION('',(1.E0,0.E0,0.E0));
#3520=DIRECTION('',(0.E0,0.E0,-1.E0));
#3521=AXIS2_PLACEMENT_3D('',#3518,#3519,#3520);
#3522=PLANE('',#3521);
#3524=ORIENTED_EDGE('',*,*,#3523,.T.);
#3525=ORIENTED_EDGE('',*,*,#2940,.F.);
#3527=ORIENTED_EDGE('',*,*,#3526,.T.);
#3529=ORIENTED_EDGE('',*,*,#3528,.T.);
#3531=ORIENTED_EDGE('',*,*,#3530,.T.);
#3532=EDGE_LOOP('',(#3524,#3525,#3527,#3529,#3531));
#3533=FACE_OUTER_BOUND('',#3532,.F.);
#3535=CARTESIAN_POINT('',(-5.5E0,0.E0,0.E0));
#3536=DIRECTION('',(1.E0,0.E0,0.E0));
#3537=DIRECTION('',(0.E0,0.E0,-1.E0));
#3538=AXIS2_PLACEMENT_3D('',#3535,#3536,#3537);
#3539=PLANE('',#3538);
#3540=ORIENTED_EDGE('',*,*,#3482,.T.);
#3542=ORIENTED_EDGE('',*,*,#3541,.T.);
#3544=ORIENTED_EDGE('',*,*,#3543,.T.);
#3546=ORIENTED_EDGE('',*,*,#3545,.T.);
#3547=EDGE_LOOP('',(#3540,#3542,#3544,#3546));
#3548=FACE_OUTER_BOUND('',#3547,.F.);
#3550=CARTESIAN_POINT('',(-5.5E0,-6.85E0,-1.05E1));
#3551=DIRECTION('',(0.E0,0.E0,-1.E0));
#3552=DIRECTION('',(0.E0,1.E0,0.E0));
#3553=AXIS2_PLACEMENT_3D('',#3550,#3551,#3552);
#3554=PLANE('',#3553);
#3555=ORIENTED_EDGE('',*,*,#3523,.F.);
#3557=ORIENTED_EDGE('',*,*,#3556,.T.);
#3559=ORIENTED_EDGE('',*,*,#3558,.T.);
#3560=ORIENTED_EDGE('',*,*,#2942,.F.);
#3561=EDGE_LOOP('',(#3555,#3557,#3559,#3560));
#3562=FACE_OUTER_BOUND('',#3561,.F.);
#3564=CARTESIAN_POINT('',(-5.5E0,-6.85E0,-9.5E0));
#3565=DIRECTION('',(0.E0,-1.E0,0.E0));
#3566=DIRECTION('',(0.E0,0.E0,-1.E0));
#3567=AXIS2_PLACEMENT_3D('',#3564,#3565,#3566);
#3568=PLANE('',#3567);
#3569=ORIENTED_EDGE('',*,*,#3530,.F.);
#3571=ORIENTED_EDGE('',*,*,#3570,.T.);
#3573=ORIENTED_EDGE('',*,*,#3572,.T.);
#3574=ORIENTED_EDGE('',*,*,#3556,.F.);
#3575=EDGE_LOOP('',(#3569,#3571,#3573,#3574));
#3576=FACE_OUTER_BOUND('',#3575,.F.);
#3578=CARTESIAN_POINT('',(-5.5E0,-5.E-1,-9.5E0));
#3579=DIRECTION('',(0.E0,0.E0,1.E0));
#3580=DIRECTION('',(0.E0,-1.E0,0.E0));
#3581=AXIS2_PLACEMENT_3D('',#3578,#3579,#3580);
#3582=PLANE('',#3581);
#3583=ORIENTED_EDGE('',*,*,#3528,.F.);
#3584=ORIENTED_EDGE('',*,*,#2795,.T.);
#3586=ORIENTED_EDGE('',*,*,#3585,.T.);
#3587=ORIENTED_EDGE('',*,*,#3570,.F.);
#3588=EDGE_LOOP('',(#3583,#3584,#3586,#3587));
#3589=FACE_OUTER_BOUND('',#3588,.F.);
#3591=CARTESIAN_POINT('',(-4.5E0,0.E0,0.E0));
#3592=DIRECTION('',(1.E0,0.E0,0.E0));
#3593=DIRECTION('',(0.E0,0.E0,-1.E0));
#3594=AXIS2_PLACEMENT_3D('',#3591,#3592,#3593);
#3595=PLANE('',#3594);
#3596=ORIENTED_EDGE('',*,*,#3558,.F.);
#3597=ORIENTED_EDGE('',*,*,#3572,.F.);
#3598=ORIENTED_EDGE('',*,*,#3585,.F.);
#3600=ORIENTED_EDGE('',*,*,#3599,.F.);
#3601=ORIENTED_EDGE('',*,*,#2944,.T.);
#3602=EDGE_LOOP('',(#3596,#3597,#3598,#3600,#3601));
#3603=FACE_OUTER_BOUND('',#3602,.F.);
#3605=CARTESIAN_POINT('',(-4.5E0,0.E0,0.E0));
#3606=DIRECTION('',(1.E0,0.E0,0.E0));
#3607=DIRECTION('',(0.E0,0.E0,-1.E0));
#3608=AXIS2_PLACEMENT_3D('',#3605,#3606,#3607);
#3609=PLANE('',#3608);
#3610=ORIENTED_EDGE('',*,*,#3486,.F.);
#3612=ORIENTED_EDGE('',*,*,#3611,.F.);
#3614=ORIENTED_EDGE('',*,*,#3613,.F.);
#3616=ORIENTED_EDGE('',*,*,#3615,.F.);
#3617=EDGE_LOOP('',(#3610,#3612,#3614,#3616));
#3618=FACE_OUTER_BOUND('',#3617,.F.);
#3620=CARTESIAN_POINT('',(7.3E0,-4.25E0,-9.588163490354E0));
#3621=DIRECTION('',(0.E0,1.736481776669E-1,-9.848077530122E-1));
#3622=DIRECTION('',(0.E0,9.848077530122E-1,1.736481776669E-1));
#3623=AXIS2_PLACEMENT_3D('',#3620,#3621,#3622);
#3624=PLANE('',#3623);
#3625=ORIENTED_EDGE('',*,*,#3526,.F.);
#3626=ORIENTED_EDGE('',*,*,#2938,.F.);
#3627=ORIENTED_EDGE('',*,*,#2530,.T.);
#3628=ORIENTED_EDGE('',*,*,#2797,.F.);
#3629=EDGE_LOOP('',(#3625,#3626,#3627,#3628));
#3630=FACE_OUTER_BOUND('',#3629,.F.);
#3632=CARTESIAN_POINT('',(7.3E0,-4.25E0,-9.588163490354E0));
#3633=DIRECTION('',(0.E0,1.736481776669E-1,-9.848077530122E-1));
#3634=DIRECTION('',(0.E0,9.848077530122E-1,1.736481776669E-1));
#3635=AXIS2_PLACEMENT_3D('',#3632,#3633,#3634);
#3636=PLANE('',#3635);
#3638=ORIENTED_EDGE('',*,*,#3637,.F.);
#3639=ORIENTED_EDGE('',*,*,#2946,.F.);
#3640=ORIENTED_EDGE('',*,*,#3599,.T.);
#3641=ORIENTED_EDGE('',*,*,#2793,.F.);
#3642=EDGE_LOOP('',(#3638,#3639,#3640,#3641));
#3643=FACE_OUTER_BOUND('',#3642,.F.);
#3645=CARTESIAN_POINT('',(7.3E0,-4.25E0,-9.588163490354E0));
#3646=DIRECTION('',(0.E0,1.736481776669E-1,-9.848077530122E-1));
#3647=DIRECTION('',(0.E0,9.848077530122E-1,1.736481776669E-1));
#3648=AXIS2_PLACEMENT_3D('',#3645,#3646,#3647);
#3649=PLANE('',#3648);
#3651=ORIENTED_EDGE('',*,*,#3650,.F.);
#3652=ORIENTED_EDGE('',*,*,#2954,.F.);
#3654=ORIENTED_EDGE('',*,*,#3653,.T.);
#3655=ORIENTED_EDGE('',*,*,#2789,.F.);
#3656=EDGE_LOOP('',(#3651,#3652,#3654,#3655));
#3657=FACE_OUTER_BOUND('',#3656,.F.);
#3659=CARTESIAN_POINT('',(7.3E0,-4.25E0,-9.588163490354E0));
#3660=DIRECTION('',(0.E0,1.736481776669E-1,-9.848077530122E-1));
#3661=DIRECTION('',(0.E0,9.848077530122E-1,1.736481776669E-1));
#3662=AXIS2_PLACEMENT_3D('',#3659,#3660,#3661);
#3663=PLANE('',#3662);
#3664=ORIENTED_EDGE('',*,*,#2840,.T.);
#3665=ORIENTED_EDGE('',*,*,#2808,.F.);
#3666=ORIENTED_EDGE('',*,*,#2620,.F.);
#3667=ORIENTED_EDGE('',*,*,#2933,.F.);
#3668=EDGE_LOOP('',(#3664,#3665,#3666,#3667));
#3669=FACE_OUTER_BOUND('',#3668,.F.);
#3671=CARTESIAN_POINT('',(-5.E-1,0.E0,0.E0));
#3672=DIRECTION('',(1.E0,0.E0,0.E0));
#3673=DIRECTION('',(0.E0,0.E0,-1.E0));
#3674=AXIS2_PLACEMENT_3D('',#3671,#3672,#3673);
#3675=PLANE('',#3674);
#3676=ORIENTED_EDGE('',*,*,#2948,.F.);
#3677=ORIENTED_EDGE('',*,*,#3637,.T.);
#3679=ORIENTED_EDGE('',*,*,#3678,.T.);
#3681=ORIENTED_EDGE('',*,*,#3680,.T.);
#3683=ORIENTED_EDGE('',*,*,#3682,.T.);
#3684=EDGE_LOOP('',(#3676,#3677,#3679,#3681,#3683));
#3685=FACE_OUTER_BOUND('',#3684,.F.);
#3687=CARTESIAN_POINT('',(-5.E-1,0.E0,0.E0));
#3688=DIRECTION('',(1.E0,0.E0,0.E0));
#3689=DIRECTION('',(0.E0,0.E0,-1.E0));
#3690=AXIS2_PLACEMENT_3D('',#3687,#3688,#3689);
#3691=PLANE('',#3690);
#3693=ORIENTED_EDGE('',*,*,#3692,.T.);
#3695=ORIENTED_EDGE('',*,*,#3694,.T.);
#3697=ORIENTED_EDGE('',*,*,#3696,.T.);
#3699=ORIENTED_EDGE('',*,*,#3698,.T.);
#3700=EDGE_LOOP('',(#3693,#3695,#3697,#3699));
#3701=FACE_OUTER_BOUND('',#3700,.F.);
#3703=CARTESIAN_POINT('',(-5.E-1,-5.E-1,-9.5E0));
#3704=DIRECTION('',(0.E0,0.E0,1.E0));
#3705=DIRECTION('',(0.E0,-1.E0,0.E0));
#3706=AXIS2_PLACEMENT_3D('',#3703,#3704,#3705);
#3707=PLANE('',#3706);
#3708=ORIENTED_EDGE('',*,*,#2791,.T.);
#3710=ORIENTED_EDGE('',*,*,#3709,.T.);
#3712=ORIENTED_EDGE('',*,*,#3711,.F.);
#3713=ORIENTED_EDGE('',*,*,#3678,.F.);
#3714=EDGE_LOOP('',(#3708,#3710,#3712,#3713));
#3715=FACE_OUTER_BOUND('',#3714,.F.);
#3717=CARTESIAN_POINT('',(5.E-1,0.E0,0.E0));
#3718=DIRECTION('',(1.E0,0.E0,0.E0));
#3719=DIRECTION('',(0.E0,0.E0,-1.E0));
#3720=AXIS2_PLACEMENT_3D('',#3717,#3718,#3719);
#3721=PLANE('',#3720);
#3722=ORIENTED_EDGE('',*,*,#2952,.T.);
#3724=ORIENTED_EDGE('',*,*,#3723,.F.);
#3726=ORIENTED_EDGE('',*,*,#3725,.F.);
#3727=ORIENTED_EDGE('',*,*,#3709,.F.);
#3728=ORIENTED_EDGE('',*,*,#3653,.F.);
#3729=EDGE_LOOP('',(#3722,#3724,#3726,#3727,#3728));
#3730=FACE_OUTER_BOUND('',#3729,.F.);
#3732=CARTESIAN_POINT('',(5.E-1,0.E0,0.E0));
#3733=DIRECTION('',(1.E0,0.E0,0.E0));
#3734=DIRECTION('',(0.E0,0.E0,-1.E0));
#3735=AXIS2_PLACEMENT_3D('',#3732,#3733,#3734);
#3736=PLANE('',#3735);
#3738=ORIENTED_EDGE('',*,*,#3737,.F.);
#3740=ORIENTED_EDGE('',*,*,#3739,.F.);
#3742=ORIENTED_EDGE('',*,*,#3741,.F.);
#3744=ORIENTED_EDGE('',*,*,#3743,.F.);
#3745=EDGE_LOOP('',(#3738,#3740,#3742,#3744));
#3746=FACE_OUTER_BOUND('',#3745,.F.);
#3748=CARTESIAN_POINT('',(-5.E-1,-6.85E0,-1.05E1));
#3749=DIRECTION('',(0.E0,0.E0,-1.E0));
#3750=DIRECTION('',(0.E0,1.E0,0.E0));
#3751=AXIS2_PLACEMENT_3D('',#3748,#3749,#3750);
#3752=PLANE('',#3751);
#3753=ORIENTED_EDGE('',*,*,#2950,.F.);
#3754=ORIENTED_EDGE('',*,*,#3682,.F.);
#3756=ORIENTED_EDGE('',*,*,#3755,.T.);
#3757=ORIENTED_EDGE('',*,*,#3723,.T.);
#3758=EDGE_LOOP('',(#3753,#3754,#3756,#3757));
#3759=FACE_OUTER_BOUND('',#3758,.F.);
#3761=CARTESIAN_POINT('',(-5.E-1,-6.85E0,-9.5E0));
#3762=DIRECTION('',(0.E0,-1.E0,0.E0));
#3763=DIRECTION('',(0.E0,0.E0,-1.E0));
#3764=AXIS2_PLACEMENT_3D('',#3761,#3762,#3763);
#3765=PLANE('',#3764);
#3766=ORIENTED_EDGE('',*,*,#3680,.F.);
#3767=ORIENTED_EDGE('',*,*,#3711,.T.);
#3768=ORIENTED_EDGE('',*,*,#3725,.T.);
#3769=ORIENTED_EDGE('',*,*,#3755,.F.);
#3770=EDGE_LOOP('',(#3766,#3767,#3768,#3769));
#3771=FACE_OUTER_BOUND('',#3770,.F.);
#3773=CARTESIAN_POINT('',(5.E0,0.E0,-7.6E0));
#3774=DIRECTION('',(0.E0,0.E0,1.E0));
#3775=DIRECTION('',(1.E0,0.E0,0.E0));
#3776=AXIS2_PLACEMENT_3D('',#3773,#3774,#3775);
#3777=PLANE('',#3776);
#3779=ORIENTED_EDGE('',*,*,#3778,.F.);
#3781=ORIENTED_EDGE('',*,*,#3780,.F.);
#3782=EDGE_LOOP('',(#3779,#3781));
#3783=FACE_OUTER_BOUND('',#3782,.F.);
#3784=ORIENTED_EDGE('',*,*,#3692,.F.);
#3786=ORIENTED_EDGE('',*,*,#3785,.T.);
#3787=ORIENTED_EDGE('',*,*,#3737,.T.);
#3789=ORIENTED_EDGE('',*,*,#3788,.F.);
#3790=EDGE_LOOP('',(#3784,#3786,#3787,#3789));
#3791=FACE_BOUND('',#3790,.F.);
#3793=CARTESIAN_POINT('',(0.E0,-1.E-1,-7.777499999817E0));
#3794=DIRECTION('',(0.E0,0.E0,-1.E0));
#3795=DIRECTION('',(0.E0,-1.E0,0.E0));
#3796=AXIS2_PLACEMENT_3D('',#3793,#3794,#3795);
#3797=CONICAL_SURFACE('',#3796,1.197499999817E0,4.5E1);
#3798=ORIENTED_EDGE('',*,*,#3778,.T.);
#3800=ORIENTED_EDGE('',*,*,#3799,.T.);
#3802=ORIENTED_EDGE('',*,*,#3801,.F.);
#3804=ORIENTED_EDGE('',*,*,#3803,.F.);
#3805=EDGE_LOOP('',(#3798,#3800,#3802,#3804));
#3806=FACE_OUTER_BOUND('',#3805,.F.);
#3808=CARTESIAN_POINT('',(0.E0,-1.E-1,-7.777499999817E0));
#3809=DIRECTION('',(0.E0,0.E0,-1.E0));
#3810=DIRECTION('',(0.E0,-1.E0,0.E0));
#3811=AXIS2_PLACEMENT_3D('',#3808,#3809,#3810);
#3812=CONICAL_SURFACE('',#3811,1.197499999817E0,4.5E1);
#3813=ORIENTED_EDGE('',*,*,#3780,.T.);
#3814=ORIENTED_EDGE('',*,*,#3803,.T.);
#3816=ORIENTED_EDGE('',*,*,#3815,.F.);
#3817=ORIENTED_EDGE('',*,*,#3799,.F.);
#3818=EDGE_LOOP('',(#3813,#3814,#3816,#3817));
#3819=FACE_OUTER_BOUND('',#3818,.F.);
#3821=CARTESIAN_POINT('',(0.E0,-1.E-1,-8.8E0));
#3822=DIRECTION('',(0.E0,0.E0,1.E0));
#3823=DIRECTION('',(1.E0,0.E0,0.E0));
#3824=AXIS2_PLACEMENT_3D('',#3821,#3822,#3823);
#3825=CYLINDRICAL_SURFACE('',#3824,1.375E0);
#3826=ORIENTED_EDGE('',*,*,#3815,.T.);
#3828=ORIENTED_EDGE('',*,*,#3827,.F.);
#3830=ORIENTED_EDGE('',*,*,#3829,.F.);
#3832=ORIENTED_EDGE('',*,*,#3831,.T.);
#3833=EDGE_LOOP('',(#3826,#3828,#3830,#3832));
#3834=FACE_OUTER_BOUND('',#3833,.F.);
#3836=CARTESIAN_POINT('',(0.E0,-1.E-1,-8.8E0));
#3837=DIRECTION('',(0.E0,0.E0,1.E0));
#3838=DIRECTION('',(1.E0,0.E0,0.E0));
#3839=AXIS2_PLACEMENT_3D('',#3836,#3837,#3838);
#3840=CYLINDRICAL_SURFACE('',#3839,1.375E0);
#3841=ORIENTED_EDGE('',*,*,#3801,.T.);
#3842=ORIENTED_EDGE('',*,*,#3831,.F.);
#3844=ORIENTED_EDGE('',*,*,#3843,.F.);
#3845=ORIENTED_EDGE('',*,*,#3827,.T.);
#3846=EDGE_LOOP('',(#3841,#3842,#3844,#3845));
#3847=FACE_OUTER_BOUND('',#3846,.F.);
#3849=CARTESIAN_POINT('',(0.E0,-1.E-1,-8.5E0));
#3850=DIRECTION('',(0.E0,0.E0,1.E0));
#3851=DIRECTION('',(-9.996867211887E-1,2.502917255975E-2,0.E0));
#3852=AXIS2_PLACEMENT_3D('',#3849,#3850,#3851);
#3853=TOROIDAL_SURFACE('',#3852,1.675E0,3.E-1);
#3854=ORIENTED_EDGE('',*,*,#3397,.F.);
#3856=ORIENTED_EDGE('',*,*,#3855,.T.);
#3857=ORIENTED_EDGE('',*,*,#3843,.T.);
#3859=ORIENTED_EDGE('',*,*,#3858,.F.);
#3860=EDGE_LOOP('',(#3854,#3856,#3857,#3859));
#3861=FACE_OUTER_BOUND('',#3860,.F.);
#3863=CARTESIAN_POINT('',(0.E0,-1.E-1,-8.5E0));
#3864=DIRECTION('',(0.E0,0.E0,1.E0));
#3865=DIRECTION('',(9.996867211887E-1,-2.502917255975E-2,0.E0));
#3866=AXIS2_PLACEMENT_3D('',#3863,#3864,#3865);
#3867=TOROIDAL_SURFACE('',#3866,1.675E0,3.E-1);
#3868=ORIENTED_EDGE('',*,*,#3395,.F.);
#3869=ORIENTED_EDGE('',*,*,#3858,.T.);
#3870=ORIENTED_EDGE('',*,*,#3829,.T.);
#3871=ORIENTED_EDGE('',*,*,#3855,.F.);
#3872=EDGE_LOOP('',(#3868,#3869,#3870,#3871));
#3873=FACE_OUTER_BOUND('',#3872,.F.);
#3875=CARTESIAN_POINT('',(-5.E-1,-6.E-1,-1.5E0));
#3876=DIRECTION('',(0.E0,-9.999991343502E-1,1.315788334676E-3));
#3877=DIRECTION('',(0.E0,-1.315788334676E-3,-9.999991343502E-1));
#3878=AXIS2_PLACEMENT_3D('',#3875,#3876,#3877);
#3879=PLANE('',#3878);
#3880=ORIENTED_EDGE('',*,*,#3785,.F.);
#3881=ORIENTED_EDGE('',*,*,#3698,.F.);
#3883=ORIENTED_EDGE('',*,*,#3882,.T.);
#3884=ORIENTED_EDGE('',*,*,#3739,.T.);
#3885=EDGE_LOOP('',(#3880,#3881,#3883,#3884));
#3886=FACE_OUTER_BOUND('',#3885,.F.);
#3888=CARTESIAN_POINT('',(-5.E-1,4.E-1,-1.5E0));
#3889=DIRECTION('',(0.E0,0.E0,1.E0));
#3890=DIRECTION('',(0.E0,-1.E0,0.E0));
#3891=AXIS2_PLACEMENT_3D('',#3888,#3889,#3890);
#3892=PLANE('',#3891);
#3893=ORIENTED_EDGE('',*,*,#3696,.F.);
#3895=ORIENTED_EDGE('',*,*,#3894,.T.);
#3896=ORIENTED_EDGE('',*,*,#3741,.T.);
#3897=ORIENTED_EDGE('',*,*,#3882,.F.);
#3898=EDGE_LOOP('',(#3893,#3895,#3896,#3897));
#3899=FACE_OUTER_BOUND('',#3898,.F.);
#3901=CARTESIAN_POINT('',(-5.E-1,4.E-1,-7.6E0));
#3902=DIRECTION('',(0.E0,1.E0,0.E0));
#3903=DIRECTION('',(0.E0,0.E0,1.E0));
#3904=AXIS2_PLACEMENT_3D('',#3901,#3902,#3903);
#3905=PLANE('',#3904);
#3906=ORIENTED_EDGE('',*,*,#3788,.T.);
#3907=ORIENTED_EDGE('',*,*,#3743,.T.);
#3908=ORIENTED_EDGE('',*,*,#3894,.F.);
#3909=ORIENTED_EDGE('',*,*,#3694,.F.);
#3910=EDGE_LOOP('',(#3906,#3907,#3908,#3909));
#3911=FACE_OUTER_BOUND('',#3910,.F.);
#3913=CARTESIAN_POINT('',(4.5E0,0.E0,0.E0));
#3914=DIRECTION('',(1.E0,0.E0,0.E0));
#3915=DIRECTION('',(0.E0,0.E0,-1.E0));
#3916=AXIS2_PLACEMENT_3D('',#3913,#3914,#3915);
#3917=PLANE('',#3916);
#3918=ORIENTED_EDGE('',*,*,#2928,.F.);
#3919=ORIENTED_EDGE('',*,*,#3650,.T.);
#3920=ORIENTED_EDGE('',*,*,#2823,.T.);
#3922=ORIENTED_EDGE('',*,*,#3921,.T.);
#3924=ORIENTED_EDGE('',*,*,#3923,.T.);
#3925=EDGE_LOOP('',(#3918,#3919,#3920,#3922,#3924));
#3926=FACE_OUTER_BOUND('',#3925,.F.);
#3928=CARTESIAN_POINT('',(4.5E0,0.E0,0.E0));
#3929=DIRECTION('',(1.E0,0.E0,0.E0));
#3930=DIRECTION('',(0.E0,0.E0,-1.E0));
#3931=AXIS2_PLACEMENT_3D('',#3928,#3929,#3930);
#3932=PLANE('',#3931);
#3934=ORIENTED_EDGE('',*,*,#3933,.T.);
#3936=ORIENTED_EDGE('',*,*,#3935,.T.);
#3938=ORIENTED_EDGE('',*,*,#3937,.T.);
#3940=ORIENTED_EDGE('',*,*,#3939,.T.);
#3941=EDGE_LOOP('',(#3934,#3936,#3938,#3940));
#3942=FACE_OUTER_BOUND('',#3941,.F.);
#3944=CARTESIAN_POINT('',(4.5E0,-6.85E0,-9.5E0));
#3945=DIRECTION('',(0.E0,-1.E0,0.E0));
#3946=DIRECTION('',(0.E0,0.E0,-1.E0));
#3947=AXIS2_PLACEMENT_3D('',#3944,#3945,#3946);
#3948=PLANE('',#3947);
#3949=ORIENTED_EDGE('',*,*,#3921,.F.);
#3950=ORIENTED_EDGE('',*,*,#2821,.T.);
#3951=ORIENTED_EDGE('',*,*,#2837,.T.);
#3953=ORIENTED_EDGE('',*,*,#3952,.F.);
#3954=EDGE_LOOP('',(#3949,#3950,#3951,#3953));
#3955=FACE_OUTER_BOUND('',#3954,.F.);
#3957=CARTESIAN_POINT('',(4.5E0,-6.85E0,-1.05E1));
#3958=DIRECTION('',(0.E0,0.E0,-1.E0));
#3959=DIRECTION('',(0.E0,1.E0,0.E0));
#3960=AXIS2_PLACEMENT_3D('',#3957,#3958,#3959);
#3961=PLANE('',#3960);
#3962=ORIENTED_EDGE('',*,*,#2930,.F.);
#3963=ORIENTED_EDGE('',*,*,#3923,.F.);
#3964=ORIENTED_EDGE('',*,*,#3952,.T.);
#3965=ORIENTED_EDGE('',*,*,#2835,.T.);
#3966=EDGE_LOOP('',(#3962,#3963,#3964,#3965));
#3967=FACE_OUTER_BOUND('',#3966,.F.);
#3969=CARTESIAN_POINT('',(1.E1,0.E0,-7.6E0));
#3970=DIRECTION('',(0.E0,0.E0,1.E0));
#3971=DIRECTION('',(1.E0,0.E0,0.E0));
#3972=AXIS2_PLACEMENT_3D('',#3969,#3970,#3971);
#3973=PLANE('',#3972);
#3975=ORIENTED_EDGE('',*,*,#3974,.F.);
#3977=ORIENTED_EDGE('',*,*,#3976,.F.);
#3978=EDGE_LOOP('',(#3975,#3977));
#3979=FACE_OUTER_BOUND('',#3978,.F.);
#3980=ORIENTED_EDGE('',*,*,#3933,.F.);
#3982=ORIENTED_EDGE('',*,*,#3981,.T.);
#3983=ORIENTED_EDGE('',*,*,#2850,.T.);
#3985=ORIENTED_EDGE('',*,*,#3984,.F.);
#3986=EDGE_LOOP('',(#3980,#3982,#3983,#3985));
#3987=FACE_BOUND('',#3986,.F.);
#3989=CARTESIAN_POINT('',(5.E0,-1.E-1,-7.777499999817E0));
#3990=DIRECTION('',(0.E0,0.E0,-1.E0));
#3991=DIRECTION('',(0.E0,-1.E0,0.E0));
#3992=AXIS2_PLACEMENT_3D('',#3989,#3990,#3991);
#3993=CONICAL_SURFACE('',#3992,1.197499999817E0,4.5E1);
#3994=ORIENTED_EDGE('',*,*,#3974,.T.);
#3996=ORIENTED_EDGE('',*,*,#3995,.T.);
#3998=ORIENTED_EDGE('',*,*,#3997,.F.);
#4000=ORIENTED_EDGE('',*,*,#3999,.F.);
#4001=EDGE_LOOP('',(#3994,#3996,#3998,#4000));
#4002=FACE_OUTER_BOUND('',#4001,.F.);
#4004=CARTESIAN_POINT('',(5.E0,-1.E-1,-7.777499999817E0));
#4005=DIRECTION('',(0.E0,0.E0,-1.E0));
#4006=DIRECTION('',(0.E0,-1.E0,0.E0));
#4007=AXIS2_PLACEMENT_3D('',#4004,#4005,#4006);
#4008=CONICAL_SURFACE('',#4007,1.197499999817E0,4.5E1);
#4009=ORIENTED_EDGE('',*,*,#3976,.T.);
#4010=ORIENTED_EDGE('',*,*,#3999,.T.);
#4012=ORIENTED_EDGE('',*,*,#4011,.F.);
#4013=ORIENTED_EDGE('',*,*,#3995,.F.);
#4014=EDGE_LOOP('',(#4009,#4010,#4012,#4013));
#4015=FACE_OUTER_BOUND('',#4014,.F.);
#4017=CARTESIAN_POINT('',(5.E0,-1.E-1,-8.8E0));
#4018=DIRECTION('',(0.E0,0.E0,1.E0));
#4019=DIRECTION('',(1.E0,0.E0,0.E0));
#4020=AXIS2_PLACEMENT_3D('',#4017,#4018,#4019);
#4021=CYLINDRICAL_SURFACE('',#4020,1.375E0);
#4022=ORIENTED_EDGE('',*,*,#4011,.T.);
#4024=ORIENTED_EDGE('',*,*,#4023,.F.);
#4026=ORIENTED_EDGE('',*,*,#4025,.F.);
#4028=ORIENTED_EDGE('',*,*,#4027,.T.);
#4029=EDGE_LOOP('',(#4022,#4024,#4026,#4028));
#4030=FACE_OUTER_BOUND('',#4029,.F.);
#4032=CARTESIAN_POINT('',(5.E0,-1.E-1,-8.8E0));
#4033=DIRECTION('',(0.E0,0.E0,1.E0));
#4034=DIRECTION('',(1.E0,0.E0,0.E0));
#4035=AXIS2_PLACEMENT_3D('',#4032,#4033,#4034);
#4036=CYLINDRICAL_SURFACE('',#4035,1.375E0);
#4037=ORIENTED_EDGE('',*,*,#3997,.T.);
#4038=ORIENTED_EDGE('',*,*,#4027,.F.);
#4040=ORIENTED_EDGE('',*,*,#4039,.F.);
#4041=ORIENTED_EDGE('',*,*,#4023,.T.);
#4042=EDGE_LOOP('',(#4037,#4038,#4040,#4041));
#4043=FACE_OUTER_BOUND('',#4042,.F.);
#4045=CARTESIAN_POINT('',(5.E0,-1.E-1,-8.5E0));
#4046=DIRECTION('',(0.E0,0.E0,1.E0));
#4047=DIRECTION('',(-9.996867211887E-1,2.502917255975E-2,0.E0));
#4048=AXIS2_PLACEMENT_3D('',#4045,#4046,#4047);
#4049=TOROIDAL_SURFACE('',#4048,1.675E0,3.E-1);
#4050=ORIENTED_EDGE('',*,*,#3403,.F.);
#4052=ORIENTED_EDGE('',*,*,#4051,.T.);
#4053=ORIENTED_EDGE('',*,*,#4039,.T.);
#4055=ORIENTED_EDGE('',*,*,#4054,.F.);
#4056=EDGE_LOOP('',(#4050,#4052,#4053,#4055));
#4057=FACE_OUTER_BOUND('',#4056,.F.);
#4059=CARTESIAN_POINT('',(5.E0,-1.E-1,-8.5E0));
#4060=DIRECTION('',(0.E0,0.E0,1.E0));
#4061=DIRECTION('',(9.996867211887E-1,-2.502917255975E-2,0.E0));
#4062=AXIS2_PLACEMENT_3D('',#4059,#4060,#4061);
#4063=TOROIDAL_SURFACE('',#4062,1.675E0,3.E-1);
#4064=ORIENTED_EDGE('',*,*,#3401,.F.);
#4065=ORIENTED_EDGE('',*,*,#4054,.T.);
#4066=ORIENTED_EDGE('',*,*,#4025,.T.);
#4067=ORIENTED_EDGE('',*,*,#4051,.F.);
#4068=EDGE_LOOP('',(#4064,#4065,#4066,#4067));
#4069=FACE_OUTER_BOUND('',#4068,.F.);
#4071=CARTESIAN_POINT('',(4.5E0,-6.E-1,-1.5E0));
#4072=DIRECTION('',(0.E0,-9.999991343502E-1,1.315788334676E-3));
#4073=DIRECTION('',(0.E0,-1.315788334676E-3,-9.999991343502E-1));
#4074=AXIS2_PLACEMENT_3D('',#4071,#4072,#4073);
#4075=PLANE('',#4074);
#4076=ORIENTED_EDGE('',*,*,#3981,.F.);
#4077=ORIENTED_EDGE('',*,*,#3939,.F.);
#4079=ORIENTED_EDGE('',*,*,#4078,.T.);
#4080=ORIENTED_EDGE('',*,*,#2852,.T.);
#4081=EDGE_LOOP('',(#4076,#4077,#4079,#4080));
#4082=FACE_OUTER_BOUND('',#4081,.F.);
#4084=CARTESIAN_POINT('',(4.5E0,4.E-1,-1.5E0));
#4085=DIRECTION('',(0.E0,0.E0,1.E0));
#4086=DIRECTION('',(0.E0,-1.E0,0.E0));
#4087=AXIS2_PLACEMENT_3D('',#4084,#4085,#4086);
#4088=PLANE('',#4087);
#4089=ORIENTED_EDGE('',*,*,#3937,.F.);
#4091=ORIENTED_EDGE('',*,*,#4090,.T.);
#4092=ORIENTED_EDGE('',*,*,#2854,.T.);
#4093=ORIENTED_EDGE('',*,*,#4078,.F.);
#4094=EDGE_LOOP('',(#4089,#4091,#4092,#4093));
#4095=FACE_OUTER_BOUND('',#4094,.F.);
#4097=CARTESIAN_POINT('',(4.5E0,4.E-1,-7.6E0));
#4098=DIRECTION('',(0.E0,1.E0,0.E0));
#4099=DIRECTION('',(0.E0,0.E0,1.E0));
#4100=AXIS2_PLACEMENT_3D('',#4097,#4098,#4099);
#4101=PLANE('',#4100);
#4102=ORIENTED_EDGE('',*,*,#3984,.T.);
#4103=ORIENTED_EDGE('',*,*,#2856,.T.);
#4104=ORIENTED_EDGE('',*,*,#4090,.F.);
#4105=ORIENTED_EDGE('',*,*,#3935,.F.);
#4106=EDGE_LOOP('',(#4102,#4103,#4104,#4105));
#4107=FACE_OUTER_BOUND('',#4106,.F.);
#4109=CARTESIAN_POINT('',(-5.5E0,-6.E-1,-1.5E0));
#4110=DIRECTION('',(0.E0,-9.999991343502E-1,1.315788334676E-3));
#4111=DIRECTION('',(0.E0,-1.315788334676E-3,-9.999991343502E-1));
#4112=AXIS2_PLACEMENT_3D('',#4109,#4110,#4111);
#4113=PLANE('',#4112);
#4114=ORIENTED_EDGE('',*,*,#3484,.F.);
#4115=ORIENTED_EDGE('',*,*,#3545,.F.);
#4117=ORIENTED_EDGE('',*,*,#4116,.T.);
#4118=ORIENTED_EDGE('',*,*,#3611,.T.);
#4119=EDGE_LOOP('',(#4114,#4115,#4117,#4118));
#4120=FACE_OUTER_BOUND('',#4119,.F.);
#4122=CARTESIAN_POINT('',(-5.5E0,4.E-1,-1.5E0));
#4123=DIRECTION('',(0.E0,0.E0,1.E0));
#4124=DIRECTION('',(0.E0,-1.E0,0.E0));
#4125=AXIS2_PLACEMENT_3D('',#4122,#4123,#4124);
#4126=PLANE('',#4125);
#4127=ORIENTED_EDGE('',*,*,#3543,.F.);
#4129=ORIENTED_EDGE('',*,*,#4128,.T.);
#4130=ORIENTED_EDGE('',*,*,#3613,.T.);
#4131=ORIENTED_EDGE('',*,*,#4116,.F.);
#4132=EDGE_LOOP('',(#4127,#4129,#4130,#4131));
#4133=FACE_OUTER_BOUND('',#4132,.F.);
#4135=CARTESIAN_POINT('',(-5.5E0,4.E-1,-7.6E0));
#4136=DIRECTION('',(0.E0,1.E0,0.E0));
#4137=DIRECTION('',(0.E0,0.E0,1.E0));
#4138=AXIS2_PLACEMENT_3D('',#4135,#4136,#4137);
#4139=PLANE('',#4138);
#4140=ORIENTED_EDGE('',*,*,#3488,.T.);
#4141=ORIENTED_EDGE('',*,*,#3615,.T.);
#4142=ORIENTED_EDGE('',*,*,#4128,.F.);
#4143=ORIENTED_EDGE('',*,*,#3541,.F.);
#4144=EDGE_LOOP('',(#4140,#4141,#4142,#4143));
#4145=FACE_OUTER_BOUND('',#4144,.F.);
#4147=CARTESIAN_POINT('',(5.E0,-1.000132237302E-1,-8.5E0));
#4148=DIRECTION('',(0.E0,0.E0,1.E0));
#4149=DIRECTION('',(9.333331978256E-4,9.999995644445E-1,0.E0));
#4150=AXIS2_PLACEMENT_3D('',#4147,#4148,#4149);
#4151=TOROIDAL_SURFACE('',#4150,2.8E0,3.E-1);
#4152=ORIENTED_EDGE('',*,*,#3375,.F.);
#4154=ORIENTED_EDGE('',*,*,#4153,.T.);
#4156=ORIENTED_EDGE('',*,*,#4155,.T.);
#4158=ORIENTED_EDGE('',*,*,#4157,.T.);
#4159=EDGE_LOOP('',(#4152,#4154,#4156,#4158));
#4160=FACE_OUTER_BOUND('',#4159,.F.);
#4162=CARTESIAN_POINT('',(-7.7E0,-2.E0,-8.5E0));
#4163=DIRECTION('',(-1.E0,0.E0,0.E0));
#4164=DIRECTION('',(0.E0,-1.E0,0.E0));
#4165=AXIS2_PLACEMENT_3D('',#4162,#4163,#4164);
#4166=CYLINDRICAL_SURFACE('',#4165,3.E-1);
#4167=ORIENTED_EDGE('',*,*,#3385,.T.);
#4169=ORIENTED_EDGE('',*,*,#4168,.F.);
#4171=ORIENTED_EDGE('',*,*,#4170,.T.);
#4173=ORIENTED_EDGE('',*,*,#4172,.T.);
#4174=EDGE_LOOP('',(#4167,#4169,#4171,#4173));
#4175=FACE_OUTER_BOUND('',#4174,.F.);
#4177=CARTESIAN_POINT('',(-7.7E0,-2.E0,-8.5E0));
#4178=DIRECTION('',(-1.E0,0.E0,0.E0));
#4179=DIRECTION('',(0.E0,-1.E0,0.E0));
#4180=AXIS2_PLACEMENT_3D('',#4177,#4178,#4179);
#4181=CYLINDRICAL_SURFACE('',#4180,3.E-1);
#4182=ORIENTED_EDGE('',*,*,#3381,.T.);
#4184=ORIENTED_EDGE('',*,*,#4183,.F.);
#4186=ORIENTED_EDGE('',*,*,#4185,.T.);
#4188=ORIENTED_EDGE('',*,*,#4187,.F.);
#4189=EDGE_LOOP('',(#4182,#4184,#4186,#4188));
#4190=FACE_OUTER_BOUND('',#4189,.F.);
#4192=CARTESIAN_POINT('',(-7.7E0,-2.E0,-8.5E0));
#4193=DIRECTION('',(-1.E0,0.E0,0.E0));
#4194=DIRECTION('',(0.E0,-1.E0,0.E0));
#4195=AXIS2_PLACEMENT_3D('',#4192,#4193,#4194);
#4196=CYLINDRICAL_SURFACE('',#4195,3.E-1);
#4198=ORIENTED_EDGE('',*,*,#4197,.T.);
#4199=ORIENTED_EDGE('',*,*,#4153,.F.);
#4200=ORIENTED_EDGE('',*,*,#3391,.T.);
#4201=ORIENTED_EDGE('',*,*,#3349,.T.);
#4202=EDGE_LOOP('',(#4198,#4199,#4200,#4201));
#4203=FACE_OUTER_BOUND('',#4202,.F.);
#4205=CARTESIAN_POINT('',(-7.7E0,-2.E0,-8.5E0));
#4206=DIRECTION('',(-1.E0,0.E0,0.E0));
#4207=DIRECTION('',(0.E0,-1.E0,0.E0));
#4208=AXIS2_PLACEMENT_3D('',#4205,#4206,#4207);
#4209=CYLINDRICAL_SURFACE('',#4208,3.E-1);
#4210=ORIENTED_EDGE('',*,*,#3377,.T.);
#4211=ORIENTED_EDGE('',*,*,#4157,.F.);
#4213=ORIENTED_EDGE('',*,*,#4212,.T.);
#4215=ORIENTED_EDGE('',*,*,#4214,.F.);
#4216=EDGE_LOOP('',(#4210,#4211,#4213,#4215));
#4217=FACE_OUTER_BOUND('',#4216,.F.);
#4219=CARTESIAN_POINT('',(-5.E0,-1.000132237302E-1,-8.5E0));
#4220=DIRECTION('',(0.E0,0.E0,1.E0));
#4221=DIRECTION('',(9.333331978263E-4,9.999995644445E-1,0.E0));
#4222=AXIS2_PLACEMENT_3D('',#4219,#4220,#4221);
#4223=TOROIDAL_SURFACE('',#4222,2.8E0,3.E-1);
#4224=ORIENTED_EDGE('',*,*,#3383,.F.);
#4225=ORIENTED_EDGE('',*,*,#4187,.T.);
#4227=ORIENTED_EDGE('',*,*,#4226,.T.);
#4228=ORIENTED_EDGE('',*,*,#4168,.T.);
#4229=EDGE_LOOP('',(#4224,#4225,#4227,#4228));
#4230=FACE_OUTER_BOUND('',#4229,.F.);
#4232=CARTESIAN_POINT('',(-5.E0,-1.000132237302E-1,-8.8E0));
#4233=DIRECTION('',(0.E0,0.E0,1.E0));
#4234=DIRECTION('',(1.E0,0.E0,0.E0));
#4235=AXIS2_PLACEMENT_3D('',#4232,#4233,#4234);
#4236=CYLINDRICAL_SURFACE('',#4235,3.1E0);
#4237=ORIENTED_EDGE('',*,*,#4226,.F.);
#4239=ORIENTED_EDGE('',*,*,#4238,.T.);
#4241=ORIENTED_EDGE('',*,*,#4240,.T.);
#4243=ORIENTED_EDGE('',*,*,#4242,.F.);
#4244=EDGE_LOOP('',(#4237,#4239,#4241,#4243));
#4245=FACE_OUTER_BOUND('',#4244,.F.);
#4247=CARTESIAN_POINT('',(-7.7E0,-2.3E0,-8.5E0));
#4248=DIRECTION('',(0.E0,-1.E0,0.E0));
#4249=DIRECTION('',(0.E0,0.E0,1.E0));
#4250=AXIS2_PLACEMENT_3D('',#4247,#4248,#4249);
#4251=PLANE('',#4250);
#4252=ORIENTED_EDGE('',*,*,#4170,.F.);
#4253=ORIENTED_EDGE('',*,*,#4242,.T.);
#4255=ORIENTED_EDGE('',*,*,#4254,.F.);
#4257=ORIENTED_EDGE('',*,*,#4256,.F.);
#4258=EDGE_LOOP('',(#4252,#4253,#4255,#4257));
#4259=FACE_OUTER_BOUND('',#4258,.F.);
#4261=CARTESIAN_POINT('',(-7.7E0,-2.3E0,-8.5E0));
#4262=DIRECTION('',(0.E0,-1.E0,0.E0));
#4263=DIRECTION('',(0.E0,0.E0,1.E0));
#4264=AXIS2_PLACEMENT_3D('',#4261,#4262,#4263);
#4265=PLANE('',#4264);
#4266=ORIENTED_EDGE('',*,*,#4185,.F.);
#4268=ORIENTED_EDGE('',*,*,#4267,.T.);
#4270=ORIENTED_EDGE('',*,*,#4269,.F.);
#4271=ORIENTED_EDGE('',*,*,#4238,.F.);
#4272=EDGE_LOOP('',(#4266,#4268,#4270,#4271));
#4273=FACE_OUTER_BOUND('',#4272,.F.);
#4275=CARTESIAN_POINT('',(-7.7E0,-2.3E0,-8.5E0));
#4276=DIRECTION('',(0.E0,-1.E0,0.E0));
#4277=DIRECTION('',(0.E0,0.E0,1.E0));
#4278=AXIS2_PLACEMENT_3D('',#4275,#4276,#4277);
#4279=PLANE('',#4278);
#4280=ORIENTED_EDGE('',*,*,#4197,.F.);
#4281=ORIENTED_EDGE('',*,*,#3347,.T.);
#4283=ORIENTED_EDGE('',*,*,#4282,.F.);
#4285=ORIENTED_EDGE('',*,*,#4284,.F.);
#4286=EDGE_LOOP('',(#4280,#4281,#4283,#4285));
#4287=FACE_OUTER_BOUND('',#4286,.F.);
#4289=CARTESIAN_POINT('',(-7.7E0,-2.3E0,-8.5E0));
#4290=DIRECTION('',(0.E0,-1.E0,0.E0));
#4291=DIRECTION('',(0.E0,0.E0,1.E0));
#4292=AXIS2_PLACEMENT_3D('',#4289,#4290,#4291);
#4293=PLANE('',#4292);
#4294=ORIENTED_EDGE('',*,*,#4212,.F.);
#4296=ORIENTED_EDGE('',*,*,#4295,.T.);
#4298=ORIENTED_EDGE('',*,*,#4297,.F.);
#4300=ORIENTED_EDGE('',*,*,#4299,.F.);
#4301=EDGE_LOOP('',(#4294,#4296,#4298,#4300));
#4302=FACE_OUTER_BOUND('',#4301,.F.);
#4304=CARTESIAN_POINT('',(-7.7E0,-2.3E0,-1.25E0));
#4305=DIRECTION('',(0.E0,-9.659135562739E-1,-2.588648330814E-1));
#4306=DIRECTION('',(0.E0,-2.588648330814E-1,9.659135562739E-1));
#4307=AXIS2_PLACEMENT_3D('',#4304,#4305,#4306);
#4308=PLANE('',#4307);
#4310=ORIENTED_EDGE('',*,*,#4309,.F.);
#4311=ORIENTED_EDGE('',*,*,#3060,.T.);
#4313=ORIENTED_EDGE('',*,*,#4312,.T.);
#4314=ORIENTED_EDGE('',*,*,#4254,.T.);
#4315=EDGE_LOOP('',(#4310,#4311,#4313,#4314));
#4316=FACE_OUTER_BOUND('',#4315,.F.);
#4318=CARTESIAN_POINT('',(-7.7E0,-2.3E0,-1.25E0));
#4319=DIRECTION('',(0.E0,-9.659135562739E-1,-2.588648330814E-1));
#4320=DIRECTION('',(0.E0,-2.588648330814E-1,9.659135562739E-1));
#4321=AXIS2_PLACEMENT_3D('',#4318,#4319,#4320);
#4322=PLANE('',#4321);
#4324=ORIENTED_EDGE('',*,*,#4323,.F.);
#4325=ORIENTED_EDGE('',*,*,#3064,.T.);
#4327=ORIENTED_EDGE('',*,*,#4326,.F.);
#4328=ORIENTED_EDGE('',*,*,#4269,.T.);
#4329=EDGE_LOOP('',(#4324,#4325,#4327,#4328));
#4330=FACE_OUTER_BOUND('',#4329,.F.);
#4332=CARTESIAN_POINT('',(-7.7E0,-2.3E0,-1.25E0));
#4333=DIRECTION('',(0.E0,-9.659135562739E-1,-2.588648330814E-1));
#4334=DIRECTION('',(0.E0,-2.588648330814E-1,9.659135562739E-1));
#4335=AXIS2_PLACEMENT_3D('',#4332,#4333,#4334);
#4336=PLANE('',#4335);
#4338=ORIENTED_EDGE('',*,*,#4337,.F.);
#4339=ORIENTED_EDGE('',*,*,#3068,.T.);
#4341=ORIENTED_EDGE('',*,*,#4340,.F.);
#4342=ORIENTED_EDGE('',*,*,#4297,.T.);
#4343=EDGE_LOOP('',(#4338,#4339,#4341,#4342));
#4344=FACE_OUTER_BOUND('',#4343,.F.);
#4346=CARTESIAN_POINT('',(-7.7E0,-2.3E0,-1.25E0));
#4347=DIRECTION('',(0.E0,-9.659135562739E-1,-2.588648330814E-1));
#4348=DIRECTION('',(0.E0,-2.588648330814E-1,9.659135562739E-1));
#4349=AXIS2_PLACEMENT_3D('',#4346,#4347,#4348);
#4350=PLANE('',#4349);
#4352=ORIENTED_EDGE('',*,*,#4351,.F.);
#4353=ORIENTED_EDGE('',*,*,#4282,.T.);
#4354=ORIENTED_EDGE('',*,*,#3345,.T.);
#4355=ORIENTED_EDGE('',*,*,#3013,.T.);
#4356=EDGE_LOOP('',(#4352,#4353,#4354,#4355));
#4357=FACE_OUTER_BOUND('',#4356,.F.);
#4359=CARTESIAN_POINT('',(-5.E0,-1.000132237302E-1,-6.249999193808E-1));
#4360=DIRECTION('',(0.E0,0.E0,1.E0));
#4361=DIRECTION('',(0.E0,-1.E0,0.E0));
#4362=AXIS2_PLACEMENT_3D('',#4359,#4360,#4361);
#4363=CONICAL_SURFACE('',#4362,3.267500021606E0,1.500271602077E1);
#4364=ORIENTED_EDGE('',*,*,#4309,.T.);
#4365=ORIENTED_EDGE('',*,*,#4240,.F.);
#4366=ORIENTED_EDGE('',*,*,#4326,.T.);
#4367=ORIENTED_EDGE('',*,*,#3062,.T.);
#4368=EDGE_LOOP('',(#4364,#4365,#4366,#4367));
#4369=FACE_OUTER_BOUND('',#4368,.F.);
#4371=CARTESIAN_POINT('',(-7.7E0,0.E0,0.E0));
#4372=DIRECTION('',(-1.E0,0.E0,0.E0));
#4373=DIRECTION('',(0.E0,-1.E0,0.E0));
#4374=AXIS2_PLACEMENT_3D('',#4371,#4372,#4373);
#4375=PLANE('',#4374);
#4376=ORIENTED_EDGE('',*,*,#3364,.F.);
#4377=ORIENTED_EDGE('',*,*,#3387,.T.);
#4378=ORIENTED_EDGE('',*,*,#4172,.F.);
#4379=ORIENTED_EDGE('',*,*,#4256,.T.);
#4380=ORIENTED_EDGE('',*,*,#4312,.F.);
#4381=ORIENTED_EDGE('',*,*,#3058,.T.);
#4382=ORIENTED_EDGE('',*,*,#3266,.F.);
#4383=ORIENTED_EDGE('',*,*,#3325,.T.);
#4384=EDGE_LOOP('',(#4376,#4377,#4378,#4379,#4380,#4381,#4382,#4383));
#4385=FACE_OUTER_BOUND('',#4384,.F.);
#4387=CARTESIAN_POINT('',(0.E0,-1.000132237302E-1,-6.249999193808E-1));
#4388=DIRECTION('',(0.E0,0.E0,1.E0));
#4389=DIRECTION('',(0.E0,-1.E0,0.E0));
#4390=AXIS2_PLACEMENT_3D('',#4387,#4388,#4389);
#4391=CONICAL_SURFACE('',#4390,3.267500021606E0,1.500271602077E1);
#4392=ORIENTED_EDGE('',*,*,#4323,.T.);
#4394=ORIENTED_EDGE('',*,*,#4393,.F.);
#4395=ORIENTED_EDGE('',*,*,#4340,.T.);
#4396=ORIENTED_EDGE('',*,*,#3066,.T.);
#4397=EDGE_LOOP('',(#4392,#4394,#4395,#4396));
#4398=FACE_OUTER_BOUND('',#4397,.F.);
#4400=CARTESIAN_POINT('',(0.E0,-1.000132237302E-1,-8.8E0));
#4401=DIRECTION('',(0.E0,0.E0,1.E0));
#4402=DIRECTION('',(1.E0,0.E0,0.E0));
#4403=AXIS2_PLACEMENT_3D('',#4400,#4401,#4402);
#4404=CYLINDRICAL_SURFACE('',#4403,3.1E0);
#4406=ORIENTED_EDGE('',*,*,#4405,.F.);
#4407=ORIENTED_EDGE('',*,*,#4299,.T.);
#4408=ORIENTED_EDGE('',*,*,#4393,.T.);
#4409=ORIENTED_EDGE('',*,*,#4267,.F.);
#4410=EDGE_LOOP('',(#4406,#4407,#4408,#4409));
#4411=FACE_OUTER_BOUND('',#4410,.F.);
#4413=CARTESIAN_POINT('',(0.E0,-1.000132237302E-1,-8.5E0));
#4414=DIRECTION('',(0.E0,0.E0,1.E0));
#4415=DIRECTION('',(9.333331978256E-4,9.999995644445E-1,0.E0));
#4416=AXIS2_PLACEMENT_3D('',#4413,#4414,#4415);
#4417=TOROIDAL_SURFACE('',#4416,2.8E0,3.E-1);
#4418=ORIENTED_EDGE('',*,*,#3379,.F.);
#4419=ORIENTED_EDGE('',*,*,#4214,.T.);
#4420=ORIENTED_EDGE('',*,*,#4405,.T.);
#4421=ORIENTED_EDGE('',*,*,#4183,.T.);
#4422=EDGE_LOOP('',(#4418,#4419,#4420,#4421));
#4423=FACE_OUTER_BOUND('',#4422,.F.);
#4425=CARTESIAN_POINT('',(5.E0,-1.000132237302E-1,-6.249999193822E-1));
#4426=DIRECTION('',(0.E0,0.E0,1.E0));
#4427=DIRECTION('',(0.E0,-1.E0,0.E0));
#4428=AXIS2_PLACEMENT_3D('',#4425,#4426,#4427);
#4429=CONICAL_SURFACE('',#4428,3.267500021606E0,1.500271602077E1);
#4430=ORIENTED_EDGE('',*,*,#4337,.T.);
#4432=ORIENTED_EDGE('',*,*,#4431,.F.);
#4433=ORIENTED_EDGE('',*,*,#4351,.T.);
#4434=ORIENTED_EDGE('',*,*,#3011,.T.);
#4435=EDGE_LOOP('',(#4430,#4432,#4433,#4434));
#4436=FACE_OUTER_BOUND('',#4435,.F.);
#4438=CARTESIAN_POINT('',(5.E0,-1.000132237302E-1,-8.8E0));
#4439=DIRECTION('',(0.E0,0.E0,1.E0));
#4440=DIRECTION('',(1.E0,0.E0,0.E0));
#4441=AXIS2_PLACEMENT_3D('',#4438,#4439,#4440);
#4442=CYLINDRICAL_SURFACE('',#4441,3.1E0);
#4443=ORIENTED_EDGE('',*,*,#4155,.F.);
#4444=ORIENTED_EDGE('',*,*,#4284,.T.);
#4445=ORIENTED_EDGE('',*,*,#4431,.T.);
#4446=ORIENTED_EDGE('',*,*,#4295,.F.);
#4447=EDGE_LOOP('',(#4443,#4444,#4445,#4446));
#4448=FACE_OUTER_BOUND('',#4447,.F.);
#4450=CARTESIAN_POINT('',(-4.05E0,0.E0,0.E0));
#4451=DIRECTION('',(9.659258262891E-1,0.E0,-2.588190451025E-1));
#4452=DIRECTION('',(-2.588190451025E-1,0.E0,-9.659258262891E-1));
#4453=AXIS2_PLACEMENT_3D('',#4450,#4451,#4452);
#4454=PLANE('',#4453);
#4455=ORIENTED_EDGE('',*,*,#3138,.T.);
#4456=ORIENTED_EDGE('',*,*,#2983,.T.);
#4457=ORIENTED_EDGE('',*,*,#3280,.T.);
#4458=ORIENTED_EDGE('',*,*,#3194,.T.);
#4459=EDGE_LOOP('',(#4455,#4456,#4457,#4458));
#4460=FACE_OUTER_BOUND('',#4459,.F.);
#4462=CARTESIAN_POINT('',(4.384936490539E0,0.E0,-1.25E0));
#4463=DIRECTION('',(-9.659258262891E-1,0.E0,-2.588190451025E-1));
#4464=DIRECTION('',(-2.588190451025E-1,0.E0,9.659258262891E-1));
#4465=AXIS2_PLACEMENT_3D('',#4462,#4463,#4464);
#4466=PLANE('',#4465);
#4467=ORIENTED_EDGE('',*,*,#3239,.F.);
#4468=ORIENTED_EDGE('',*,*,#3305,.F.);
#4469=ORIENTED_EDGE('',*,*,#2995,.F.);
#4470=ORIENTED_EDGE('',*,*,#3164,.F.);
#4471=EDGE_LOOP('',(#4467,#4468,#4469,#4470));
#4472=FACE_OUTER_BOUND('',#4471,.F.);
#4474=CARTESIAN_POINT('',(-8.4E0,4.2E0,-2.8E0));
#4475=DIRECTION('',(1.E0,0.E0,0.E0));
#4476=DIRECTION('',(0.E0,0.E0,-1.E0));
#4477=AXIS2_PLACEMENT_3D('',#4474,#4475,#4476);
#4478=CYLINDRICAL_SURFACE('',#4477,2.E-1);
#4480=ORIENTED_EDGE('',*,*,#4479,.T.);
#4481=ORIENTED_EDGE('',*,*,#3215,.F.);
#4482=ORIENTED_EDGE('',*,*,#2399,.F.);
#4484=ORIENTED_EDGE('',*,*,#4483,.T.);
#4485=EDGE_LOOP('',(#4480,#4481,#4482,#4484));
#4486=FACE_OUTER_BOUND('',#4485,.F.);
#4488=CARTESIAN_POINT('',(-8.4E0,4.2E0,-2.8E0));
#4489=DIRECTION('',(1.E0,0.E0,0.E0));
#4490=DIRECTION('',(0.E0,0.E0,-1.E0));
#4491=AXIS2_PLACEMENT_3D('',#4488,#4489,#4490);
#4492=CYLINDRICAL_SURFACE('',#4491,2.E-1);
#4494=ORIENTED_EDGE('',*,*,#4493,.F.);
#4496=ORIENTED_EDGE('',*,*,#4495,.T.);
#4497=ORIENTED_EDGE('',*,*,#2700,.T.);
#4498=ORIENTED_EDGE('',*,*,#3223,.F.);
#4499=EDGE_LOOP('',(#4494,#4496,#4497,#4498));
#4500=FACE_OUTER_BOUND('',#4499,.F.);
#4502=CARTESIAN_POINT('',(-5.25E0,4.4E0,-3.E0));
#4503=DIRECTION('',(-1.E0,0.E0,0.E0));
#4504=DIRECTION('',(0.E0,0.E0,1.E0));
#4505=AXIS2_PLACEMENT_3D('',#4502,#4503,#4504);
#4506=PLANE('',#4505);
#4508=ORIENTED_EDGE('',*,*,#4507,.F.);
#4509=ORIENTED_EDGE('',*,*,#2583,.T.);
#4511=ORIENTED_EDGE('',*,*,#4510,.F.);
#4512=ORIENTED_EDGE('',*,*,#3217,.F.);
#4513=ORIENTED_EDGE('',*,*,#4479,.F.);
#4514=EDGE_LOOP('',(#4508,#4509,#4511,#4512,#4513));
#4515=FACE_OUTER_BOUND('',#4514,.F.);
#4517=CARTESIAN_POINT('',(-8.4E0,3.8E0,-3.E0));
#4518=DIRECTION('',(0.E0,0.E0,-1.E0));
#4519=DIRECTION('',(0.E0,1.E0,0.E0));
#4520=AXIS2_PLACEMENT_3D('',#4517,#4518,#4519);
#4521=PLANE('',#4520);
#4522=ORIENTED_EDGE('',*,*,#4507,.T.);
#4523=ORIENTED_EDGE('',*,*,#4483,.F.);
#4524=ORIENTED_EDGE('',*,*,#2397,.F.);
#4525=ORIENTED_EDGE('',*,*,#2585,.T.);
#4526=EDGE_LOOP('',(#4522,#4523,#4524,#4525));
#4527=FACE_OUTER_BOUND('',#4526,.F.);
#4529=CARTESIAN_POINT('',(-8.4E0,3.8E0,-3.E0));
#4530=DIRECTION('',(0.E0,0.E0,-1.E0));
#4531=DIRECTION('',(0.E0,1.E0,0.E0));
#4532=AXIS2_PLACEMENT_3D('',#4529,#4530,#4531);
#4533=PLANE('',#4532);
#4535=ORIENTED_EDGE('',*,*,#4534,.F.);
#4536=ORIENTED_EDGE('',*,*,#2577,.T.);
#4537=ORIENTED_EDGE('',*,*,#2702,.T.);
#4538=ORIENTED_EDGE('',*,*,#4495,.F.);
#4539=EDGE_LOOP('',(#4535,#4536,#4537,#4538));
#4540=FACE_OUTER_BOUND('',#4539,.F.);
#4542=CARTESIAN_POINT('',(-4.75E0,4.4E0,-2.5E0));
#4543=DIRECTION('',(1.E0,0.E0,0.E0));
#4544=DIRECTION('',(0.E0,0.E0,-1.E0));
#4545=AXIS2_PLACEMENT_3D('',#4542,#4543,#4544);
#4546=PLANE('',#4545);
#4547=ORIENTED_EDGE('',*,*,#4534,.T.);
#4548=ORIENTED_EDGE('',*,*,#4493,.T.);
#4549=ORIENTED_EDGE('',*,*,#3221,.T.);
#4551=ORIENTED_EDGE('',*,*,#4550,.T.);
#4552=ORIENTED_EDGE('',*,*,#2579,.T.);
#4553=EDGE_LOOP('',(#4547,#4548,#4549,#4551,#4552));
#4554=FACE_OUTER_BOUND('',#4553,.F.);
#4556=CARTESIAN_POINT('',(-5.25E0,4.4E0,-2.5E0));
#4557=DIRECTION('',(0.E0,0.E0,1.E0));
#4558=DIRECTION('',(1.E0,0.E0,0.E0));
#4559=AXIS2_PLACEMENT_3D('',#4556,#4557,#4558);
#4560=PLANE('',#4559);
#4561=ORIENTED_EDGE('',*,*,#3219,.F.);
#4562=ORIENTED_EDGE('',*,*,#4510,.T.);
#4563=ORIENTED_EDGE('',*,*,#2581,.T.);
#4564=ORIENTED_EDGE('',*,*,#4550,.F.);
#4565=EDGE_LOOP('',(#4561,#4562,#4563,#4564));
#4566=FACE_OUTER_BOUND('',#4565,.F.);
#4568=CARTESIAN_POINT('',(-8.4E0,-3.95E0,0.E0));
#4569=DIRECTION('',(0.E0,-1.E0,0.E0));
#4570=DIRECTION('',(0.E0,0.E0,-1.E0));
#4571=AXIS2_PLACEMENT_3D('',#4568,#4569,#4570);
#4572=PLANE('',#4571);
#4574=ORIENTED_EDGE('',*,*,#4573,.F.);
#4576=ORIENTED_EDGE('',*,*,#4575,.F.);
#4577=ORIENTED_EDGE('',*,*,#3030,.F.);
#4579=ORIENTED_EDGE('',*,*,#4578,.T.);
#4581=ORIENTED_EDGE('',*,*,#4580,.F.);
#4582=ORIENTED_EDGE('',*,*,#2651,.F.);
#4583=ORIENTED_EDGE('',*,*,#3024,.T.);
#4584=ORIENTED_EDGE('',*,*,#2692,.T.);
#4586=ORIENTED_EDGE('',*,*,#4585,.T.);
#4587=ORIENTED_EDGE('',*,*,#2407,.F.);
#4588=ORIENTED_EDGE('',*,*,#3049,.T.);
#4589=ORIENTED_EDGE('',*,*,#2557,.T.);
#4591=ORIENTED_EDGE('',*,*,#4590,.F.);
#4592=ORIENTED_EDGE('',*,*,#2966,.F.);
#4593=ORIENTED_EDGE('',*,*,#3044,.F.);
#4595=ORIENTED_EDGE('',*,*,#4594,.T.);
#4597=ORIENTED_EDGE('',*,*,#4596,.F.);
#4599=ORIENTED_EDGE('',*,*,#4598,.F.);
#4600=ORIENTED_EDGE('',*,*,#3037,.F.);
#4602=ORIENTED_EDGE('',*,*,#4601,.T.);
#4603=EDGE_LOOP('',(#4574,#4576,#4577,#4579,#4581,#4582,#4583,#4584,#4586,#4587,
#4588,#4589,#4591,#4592,#4593,#4595,#4597,#4599,#4600,#4602));
#4604=FACE_OUTER_BOUND('',#4603,.F.);
#4606=CARTESIAN_POINT('',(7.3E0,-3.95E0,-6.5E0));
#4607=DIRECTION('',(0.E0,7.071067811865E-1,7.071067811866E-1));
#4608=DIRECTION('',(0.E0,-7.071067811866E-1,7.071067811865E-1));
#4609=AXIS2_PLACEMENT_3D('',#4606,#4607,#4608);
#4610=PLANE('',#4609);
#4611=ORIENTED_EDGE('',*,*,#2968,.F.);
#4612=ORIENTED_EDGE('',*,*,#4590,.T.);
#4613=ORIENTED_EDGE('',*,*,#2555,.T.);
#4614=ORIENTED_EDGE('',*,*,#2868,.T.);
#4615=EDGE_LOOP('',(#4611,#4612,#4613,#4614));
#4616=FACE_OUTER_BOUND('',#4615,.F.);
#4618=CARTESIAN_POINT('',(7.3E0,-3.95E0,-6.5E0));
#4619=DIRECTION('',(0.E0,7.071067811865E-1,7.071067811866E-1));
#4620=DIRECTION('',(0.E0,-7.071067811866E-1,7.071067811865E-1));
#4621=AXIS2_PLACEMENT_3D('',#4618,#4619,#4620);
#4622=PLANE('',#4621);
#4624=ORIENTED_EDGE('',*,*,#4623,.F.);
#4625=ORIENTED_EDGE('',*,*,#4596,.T.);
#4627=ORIENTED_EDGE('',*,*,#4626,.T.);
#4628=ORIENTED_EDGE('',*,*,#2883,.T.);
#4629=EDGE_LOOP('',(#4624,#4625,#4627,#4628));
#4630=FACE_OUTER_BOUND('',#4629,.F.);
#4632=CARTESIAN_POINT('',(7.3E0,-3.95E0,-6.5E0));
#4633=DIRECTION('',(0.E0,7.071067811865E-1,7.071067811866E-1));
#4634=DIRECTION('',(0.E0,-7.071067811866E-1,7.071067811865E-1));
#4635=AXIS2_PLACEMENT_3D('',#4632,#4633,#4634);
#4636=PLANE('',#4635);
#4638=ORIENTED_EDGE('',*,*,#4637,.T.);
#4639=ORIENTED_EDGE('',*,*,#2902,.T.);
#4640=ORIENTED_EDGE('',*,*,#2645,.F.);
#4641=ORIENTED_EDGE('',*,*,#4580,.T.);
#4642=EDGE_LOOP('',(#4638,#4639,#4640,#4641));
#4643=FACE_OUTER_BOUND('',#4642,.F.);
#4645=CARTESIAN_POINT('',(7.3E0,-3.95E0,-6.5E0));
#4646=DIRECTION('',(0.E0,7.071067811865E-1,7.071067811866E-1));
#4647=DIRECTION('',(0.E0,-7.071067811866E-1,7.071067811865E-1));
#4648=AXIS2_PLACEMENT_3D('',#4645,#4646,#4647);
#4649=PLANE('',#4648);
#4651=ORIENTED_EDGE('',*,*,#4650,.F.);
#4652=ORIENTED_EDGE('',*,*,#4573,.T.);
#4654=ORIENTED_EDGE('',*,*,#4653,.T.);
#4655=ORIENTED_EDGE('',*,*,#2914,.T.);
#4656=EDGE_LOOP('',(#4651,#4652,#4654,#4655));
#4657=FACE_OUTER_BOUND('',#4656,.F.);
#4659=CARTESIAN_POINT('',(-1.6E0,-3.95E0,0.E0));
#4660=DIRECTION('',(-1.E0,0.E0,0.E0));
#4661=DIRECTION('',(0.E0,-1.E0,0.E0));
#4662=AXIS2_PLACEMENT_3D('',#4659,#4660,#4661);
#4663=PLANE('',#4662);
#4664=ORIENTED_EDGE('',*,*,#4598,.T.);
#4665=ORIENTED_EDGE('',*,*,#4623,.T.);
#4666=ORIENTED_EDGE('',*,*,#2881,.F.);
#4667=ORIENTED_EDGE('',*,*,#3039,.T.);
#4668=EDGE_LOOP('',(#4664,#4665,#4666,#4667));
#4669=FACE_OUTER_BOUND('',#4668,.F.);
#4671=CARTESIAN_POINT('',(-3.4E0,-4.25E0,0.E0));
#4672=DIRECTION('',(1.E0,0.E0,0.E0));
#4673=DIRECTION('',(0.E0,1.E0,0.E0));
#4674=AXIS2_PLACEMENT_3D('',#4671,#4672,#4673);
#4675=PLANE('',#4674);
#4676=ORIENTED_EDGE('',*,*,#3042,.F.);
#4677=ORIENTED_EDGE('',*,*,#2885,.T.);
#4678=ORIENTED_EDGE('',*,*,#4626,.F.);
#4679=ORIENTED_EDGE('',*,*,#4594,.F.);
#4680=EDGE_LOOP('',(#4676,#4677,#4678,#4679));
#4681=FACE_OUTER_BOUND('',#4680,.F.);
#4683=CARTESIAN_POINT('',(6.6E0,-4.25E0,0.E0));
#4684=DIRECTION('',(1.E0,0.E0,0.E0));
#4685=DIRECTION('',(0.E0,1.E0,0.E0));
#4686=AXIS2_PLACEMENT_3D('',#4683,#4684,#4685);
#4687=PLANE('',#4686);
#4688=ORIENTED_EDGE('',*,*,#4578,.F.);
#4689=ORIENTED_EDGE('',*,*,#3028,.F.);
#4690=ORIENTED_EDGE('',*,*,#2897,.T.);
#4691=ORIENTED_EDGE('',*,*,#4637,.F.);
#4692=EDGE_LOOP('',(#4688,#4689,#4690,#4691));
#4693=FACE_OUTER_BOUND('',#4692,.F.);
#4695=CARTESIAN_POINT('',(3.4E0,-3.95E0,0.E0));
#4696=DIRECTION('',(-1.E0,0.E0,0.E0));
#4697=DIRECTION('',(0.E0,-1.E0,0.E0));
#4698=AXIS2_PLACEMENT_3D('',#4695,#4696,#4697);
#4699=PLANE('',#4698);
#4700=ORIENTED_EDGE('',*,*,#4575,.T.);
#4701=ORIENTED_EDGE('',*,*,#4650,.T.);
#4702=ORIENTED_EDGE('',*,*,#2912,.F.);
#4703=ORIENTED_EDGE('',*,*,#3032,.T.);
#4704=EDGE_LOOP('',(#4700,#4701,#4702,#4703));
#4705=FACE_OUTER_BOUND('',#4704,.F.);
#4707=CARTESIAN_POINT('',(1.6E0,-4.25E0,0.E0));
#4708=DIRECTION('',(1.E0,0.E0,0.E0));
#4709=DIRECTION('',(0.E0,1.E0,0.E0));
#4710=AXIS2_PLACEMENT_3D('',#4707,#4708,#4709);
#4711=PLANE('',#4710);
#4712=ORIENTED_EDGE('',*,*,#4601,.F.);
#4713=ORIENTED_EDGE('',*,*,#3035,.F.);
#4714=ORIENTED_EDGE('',*,*,#2916,.T.);
#4715=ORIENTED_EDGE('',*,*,#4653,.F.);
#4716=EDGE_LOOP('',(#4712,#4713,#4714,#4715));
#4717=FACE_OUTER_BOUND('',#4716,.F.);
#4719=CARTESIAN_POINT('',(-8.4E0,-3.75E0,-6.636675041929E0));
#4720=DIRECTION('',(1.E0,0.E0,0.E0));
#4721=DIRECTION('',(0.E0,0.E0,-1.E0));
#4722=AXIS2_PLACEMENT_3D('',#4719,#4720,#4721);
#4723=CYLINDRICAL_SURFACE('',#4722,2.E-1);
#4725=ORIENTED_EDGE('',*,*,#4724,.T.);
#4726=ORIENTED_EDGE('',*,*,#2409,.F.);
#4727=ORIENTED_EDGE('',*,*,#4585,.F.);
#4728=ORIENTED_EDGE('',*,*,#2690,.T.);
#4729=EDGE_LOOP('',(#4725,#4726,#4727,#4728));
#4730=FACE_OUTER_BOUND('',#4729,.F.);
#4732=CARTESIAN_POINT('',(-8.4E0,-4.75E0,-7.3E0));
#4733=DIRECTION('',(1.E0,0.E0,0.E0));
#4734=DIRECTION('',(0.E0,0.E0,-1.E0));
#4735=AXIS2_PLACEMENT_3D('',#4732,#4733,#4734);
#4736=CYLINDRICAL_SURFACE('',#4735,1.E0);
#4737=ORIENTED_EDGE('',*,*,#2803,.T.);
#4738=ORIENTED_EDGE('',*,*,#2411,.F.);
#4739=ORIENTED_EDGE('',*,*,#4724,.F.);
#4740=ORIENTED_EDGE('',*,*,#2688,.T.);
#4741=EDGE_LOOP('',(#4737,#4738,#4739,#4740));
#4742=FACE_OUTER_BOUND('',#4741,.F.);
#4744=CARTESIAN_POINT('',(-8.4E0,-3.75E0,-1.05E1));
#4745=DIRECTION('',(0.E0,0.E0,1.E0));
#4746=DIRECTION('',(0.E0,1.E0,0.E0));
#4747=AXIS2_PLACEMENT_3D('',#4744,#4745,#4746);
#4748=PLANE('',#4747);
#4749=ORIENTED_EDGE('',*,*,#2800,.T.);
#4750=ORIENTED_EDGE('',*,*,#2543,.T.);
#4752=ORIENTED_EDGE('',*,*,#4751,.F.);
#4753=ORIENTED_EDGE('',*,*,#2415,.F.);
#4754=EDGE_LOOP('',(#4749,#4750,#4752,#4753));
#4755=FACE_OUTER_BOUND('',#4754,.F.);
#4757=CARTESIAN_POINT('',(-8.4E0,-3.05E0,-1.05E1));
#4758=DIRECTION('',(0.E0,-9.961946980917E-1,8.715574274766E-2));
#4759=DIRECTION('',(0.E0,8.715574274766E-2,9.961946980917E-1));
#4760=AXIS2_PLACEMENT_3D('',#4757,#4758,#4759);
#4761=PLANE('',#4760);
#4762=ORIENTED_EDGE('',*,*,#2417,.F.);
#4763=ORIENTED_EDGE('',*,*,#4751,.T.);
#4764=ORIENTED_EDGE('',*,*,#2541,.T.);
#4766=ORIENTED_EDGE('',*,*,#4765,.F.);
#4767=EDGE_LOOP('',(#4762,#4763,#4764,#4766));
#4768=FACE_OUTER_BOUND('',#4767,.F.);
#4770=CARTESIAN_POINT('',(-8.4E0,-2.587230000515E0,-9.8E0));
#4771=DIRECTION('',(-1.E0,0.E0,0.E0));
#4772=DIRECTION('',(0.E0,0.E0,1.E0));
#4773=AXIS2_PLACEMENT_3D('',#4770,#4771,#4772);
#4774=CYLINDRICAL_SURFACE('',#4773,4.E-1);
#4775=ORIENTED_EDGE('',*,*,#2419,.F.);
#4776=ORIENTED_EDGE('',*,*,#4765,.T.);
#4777=ORIENTED_EDGE('',*,*,#2539,.T.);
#4779=ORIENTED_EDGE('',*,*,#4778,.F.);
#4780=EDGE_LOOP('',(#4775,#4776,#4777,#4779));
#4781=FACE_OUTER_BOUND('',#4780,.F.);
#4783=CARTESIAN_POINT('',(-8.4E0,-2.587230000515E0,-9.4E0));
#4784=DIRECTION('',(0.E0,0.E0,1.E0));
#4785=DIRECTION('',(0.E0,1.E0,0.E0));
#4786=AXIS2_PLACEMENT_3D('',#4783,#4784,#4785);
#4787=PLANE('',#4786);
#4788=ORIENTED_EDGE('',*,*,#2421,.F.);
#4789=ORIENTED_EDGE('',*,*,#4778,.T.);
#4790=ORIENTED_EDGE('',*,*,#2537,.T.);
#4792=ORIENTED_EDGE('',*,*,#4791,.F.);
#4793=EDGE_LOOP('',(#4788,#4789,#4790,#4792));
#4794=FACE_OUTER_BOUND('',#4793,.F.);
#4796=CARTESIAN_POINT('',(-8.4E0,-5.362602261359E-1,-9.4E0));
#4797=DIRECTION('',(0.E0,9.986295347546E-1,5.233595624294E-2));
#4798=DIRECTION('',(0.E0,5.233595624294E-2,-9.986295347546E-1));
#4799=AXIS2_PLACEMENT_3D('',#4796,#4797,#4798);
#4800=PLANE('',#4799);
#4801=ORIENTED_EDGE('',*,*,#2423,.F.);
#4802=ORIENTED_EDGE('',*,*,#4791,.T.);
#4803=ORIENTED_EDGE('',*,*,#2535,.T.);
#4804=ORIENTED_EDGE('',*,*,#2502,.F.);
#4805=EDGE_LOOP('',(#4801,#4802,#4803,#4804));
#4806=FACE_OUTER_BOUND('',#4805,.F.);
#4808=CARTESIAN_POINT('',(8.4E0,3.2E0,-1.05E1));
#4809=DIRECTION('',(0.E0,0.E0,-1.E0));
#4810=DIRECTION('',(0.E0,1.E0,0.E0));
#4811=AXIS2_PLACEMENT_3D('',#4808,#4809,#4810);
#4812=PLANE('',#4811);
#4813=ORIENTED_EDGE('',*,*,#2705,.T.);
#4814=ORIENTED_EDGE('',*,*,#2573,.T.);
#4815=ORIENTED_EDGE('',*,*,#2609,.F.);
#4817=ORIENTED_EDGE('',*,*,#4816,.F.);
#4818=EDGE_LOOP('',(#4813,#4814,#4815,#4817));
#4819=FACE_OUTER_BOUND('',#4818,.F.);
#4821=CARTESIAN_POINT('',(8.4E0,3.135707879751E0,-9.765137702901E0));
#4822=DIRECTION('',(0.E0,-9.961946980917E-1,-8.715574274796E-2));
#4823=DIRECTION('',(0.E0,8.715574274796E-2,-9.961946980917E-1));
#4824=AXIS2_PLACEMENT_3D('',#4821,#4822,#4823);
#4825=PLANE('',#4824);
#4826=ORIENTED_EDGE('',*,*,#2707,.T.);
#4827=ORIENTED_EDGE('',*,*,#4816,.T.);
#4828=ORIENTED_EDGE('',*,*,#2607,.F.);
#4830=ORIENTED_EDGE('',*,*,#4829,.F.);
#4831=EDGE_LOOP('',(#4826,#4827,#4828,#4830));
#4832=FACE_OUTER_BOUND('',#4831,.F.);
#4834=CARTESIAN_POINT('',(8.4E0,2.737230000514E0,-9.8E0));
#4835=DIRECTION('',(-1.E0,0.E0,0.E0));
#4836=DIRECTION('',(0.E0,0.E0,1.E0));
#4837=AXIS2_PLACEMENT_3D('',#4834,#4835,#4836);
#4838=CYLINDRICAL_SURFACE('',#4837,4.E-1);
#4839=ORIENTED_EDGE('',*,*,#2709,.T.);
#4840=ORIENTED_EDGE('',*,*,#4829,.T.);
#4841=ORIENTED_EDGE('',*,*,#2605,.F.);
#4843=ORIENTED_EDGE('',*,*,#4842,.F.);
#4844=EDGE_LOOP('',(#4839,#4840,#4841,#4843));
#4845=FACE_OUTER_BOUND('',#4844,.F.);
#4847=CARTESIAN_POINT('',(8.4E0,3.362602261359E-1,-9.4E0));
#4848=DIRECTION('',(0.E0,0.E0,-1.E0));
#4849=DIRECTION('',(0.E0,1.E0,0.E0));
#4850=AXIS2_PLACEMENT_3D('',#4847,#4848,#4849);
#4851=PLANE('',#4850);
#4852=ORIENTED_EDGE('',*,*,#2711,.T.);
#4853=ORIENTED_EDGE('',*,*,#4842,.T.);
#4854=ORIENTED_EDGE('',*,*,#2603,.F.);
#4855=ORIENTED_EDGE('',*,*,#2663,.F.);
#4856=EDGE_LOOP('',(#4852,#4853,#4854,#4855));
#4857=FACE_OUTER_BOUND('',#4856,.F.);
#4859=CARTESIAN_POINT('',(-8.4E0,3.2E0,-1.05E1));
#4860=DIRECTION('',(0.E0,0.E0,1.E0));
#4861=DIRECTION('',(0.E0,1.E0,0.E0));
#4862=AXIS2_PLACEMENT_3D('',#4859,#4860,#4861);
#4863=PLANE('',#4862);
#4864=ORIENTED_EDGE('',*,*,#2393,.F.);
#4866=ORIENTED_EDGE('',*,*,#4865,.T.);
#4867=ORIENTED_EDGE('',*,*,#2515,.T.);
#4868=ORIENTED_EDGE('',*,*,#2588,.F.);
#4869=EDGE_LOOP('',(#4864,#4866,#4867,#4868));
#4870=FACE_OUTER_BOUND('',#4869,.F.);
#4872=CARTESIAN_POINT('',(-8.4E0,3.135739528090E0,-9.765153968463E0));
#4873=DIRECTION('',(0.E0,9.961982548862E-1,8.711507884261E-2));
#4874=DIRECTION('',(0.E0,8.711507884261E-2,-9.961982548862E-1));
#4875=AXIS2_PLACEMENT_3D('',#4872,#4873,#4874);
#4876=PLANE('',#4875);
#4877=ORIENTED_EDGE('',*,*,#2391,.F.);
#4878=ORIENTED_EDGE('',*,*,#2444,.T.);
#4879=ORIENTED_EDGE('',*,*,#2517,.T.);
#4880=ORIENTED_EDGE('',*,*,#4865,.F.);
#4881=EDGE_LOOP('',(#4877,#4878,#4879,#4880));
#4882=FACE_OUTER_BOUND('',#4881,.F.);
#4884=CLOSED_SHELL('',(#2433,#2448,#2462,#2476,#2506,#2524,#2549,#2565,#2594,
#2614,#2639,#2655,#2669,#2716,#2729,#2742,#2755,#2768,#2781,#2812,#2827,#2844,
#2860,#2875,#2891,#2906,#2922,#2958,#2973,#2989,#3005,#3072,#3087,#3102,#3116,
#3130,#3144,#3158,#3172,#3186,#3201,#3229,#3244,#3257,#3271,#3285,#3299,#3313,
#3334,#3355,#3369,#3413,#3428,#3441,#3456,#3471,#3492,#3505,#3517,#3534,#3549,
#3563,#3577,#3590,#3604,#3619,#3631,#3644,#3658,#3670,#3686,#3702,#3716,#3731,
#3747,#3760,#3772,#3792,#3807,#3820,#3835,#3848,#3862,#3874,#3887,#3900,#3912,
#3927,#3943,#3956,#3968,#3988,#4003,#4016,#4031,#4044,#4058,#4070,#4083,#4096,
#4108,#4121,#4134,#4146,#4161,#4176,#4191,#4204,#4218,#4231,#4246,#4260,#4274,
#4288,#4303,#4317,#4331,#4345,#4358,#4370,#4386,#4399,#4412,#4424,#4437,#4449,
#4461,#4473,#4487,#4501,#4516,#4528,#4541,#4555,#4567,#4605,#4617,#4631,#4644,
#4658,#4670,#4682,#4694,#4706,#4718,#4731,#4743,#4756,#4769,#4782,#4795,#4807,
#4820,#4833,#4846,#4858,#4871,#4883));
#4885=MANIFOLD_SOLID_BREP('',#4884);
#4886=DIRECTION('',(1.E0,0.E0,0.E0));
#4887=VECTOR('',#4886,1.68E1);
#4888=CARTESIAN_POINT('',(-8.4E0,4.2E0,-2.8E0));
#4889=LINE('',#4888,#4887);
#4891=DRAUGHTING_PRE_DEFINED_CURVE_FONT('continuous');
#4892=CURVE_STYLE('',#4891,POSITIVE_LENGTH_MEASURE(2.E-2),#4);
#4893=PRESENTATION_STYLE_ASSIGNMENT((#4892));
#4894=STYLED_ITEM('',(#4893),#4890);
#4896=DIRECTION('',(1.E0,0.E0,0.E0));
#4897=VECTOR('',#4896,1.68E1);
#4898=CARTESIAN_POINT('',(-8.4E0,-3.75E0,-6.636675041929E0));
#4899=LINE('',#4898,#4897);
#4901=CURVE_STYLE('',#4891,POSITIVE_LENGTH_MEASURE(2.E-2),#4);
#4902=PRESENTATION_STYLE_ASSIGNMENT((#4901));
#4903=STYLED_ITEM('',(#4902),#4900);
#4904=DIRECTION('',(1.E0,0.E0,0.E0));
#4905=VECTOR('',#4904,1.68E1);
#4906=CARTESIAN_POINT('',(-8.4E0,-4.75E0,-7.3E0));
#4907=LINE('',#4906,#4905);
#4909=CURVE_STYLE('',#4891,POSITIVE_LENGTH_MEASURE(2.E-2),#4);
#4910=PRESENTATION_STYLE_ASSIGNMENT((#4909));
#4911=STYLED_ITEM('',(#4910),#4908);
#4914=PLANE_ANGLE_MEASURE_WITH_UNIT(PLANE_ANGLE_MEASURE(1.745329251994E-2),
#4913);
#4915=(CONVERSION_BASED_UNIT('DEGREE',#4914)NAMED_UNIT(*)PLANE_ANGLE_UNIT());
#4917=UNCERTAINTY_MEASURE_WITH_UNIT(LENGTH_MEASURE(2.351081199265E-3),#4912,
'distance_accuracy_value',
'Maximum model space distance between geometric entities at asserted connectivities');
#4895=GEOMETRIC_SET('',(#4890,#4900,#4908));
#4921=CARTESIAN_POINT('',(0.E0,0.E0,0.E0));
#4922=DIRECTION('',(0.E0,0.E0,1.E0));
#4923=DIRECTION('',(1.E0,0.E0,0.E0));
#4926=SHAPE_REPRESENTATION_RELATIONSHIP('','',#4925,#4919);
#4927=SHAPE_REPRESENTATION_RELATIONSHIP('','',#4925,#4920);
#4928=MECHANICAL_DESIGN_GEOMETRIC_PRESENTATION_REPRESENTATION('',(#4894,#4903,
#4911),#4918);
#4929=APPLICATION_CONTEXT('automotive_design');
#4930=APPLICATION_PROTOCOL_DEFINITION('international standard',
'automotive_design',2001,#4929);
#4931=PRODUCT_DEFINITION_CONTEXT('part definition',#4929,'design');
#4932=PRODUCT_CONTEXT('',#4929,'mechanical');
#4933=PRODUCT('C-2342079-3','C-2342079-3','NOT SPECIFIED',(#4932));
#4934=PRODUCT_DEFINITION_FORMATION('1','LAST_VERSION',#4933);
#4942=DERIVED_UNIT_ELEMENT(#4941,2.E0);
#4943=DERIVED_UNIT((#4942));
#4944=MEASURE_REPRESENTATION_ITEM('surface area measure',AREA_MEASURE(
1.389607763738E3),#4943);
#4949=DERIVED_UNIT_ELEMENT(#4948,3.E0);
#4950=DERIVED_UNIT((#4949));
#4951=MEASURE_REPRESENTATION_ITEM('volume measure',VOLUME_MEASURE(
8.342492415212E2),#4950);
#4955=CARTESIAN_POINT('centre point',(8.733254954573E-4,-1.334880344758E-1,
-7.274982199843E0));
#4960=DERIVED_UNIT_ELEMENT(#4959,2.E0);
#4961=DERIVED_UNIT((#4960));
#4962=MEASURE_REPRESENTATION_ITEM('surface area measure',AREA_MEASURE(
1.389607763738E3),#4961);
#4967=DERIVED_UNIT_ELEMENT(#4966,3.E0);
#4968=DERIVED_UNIT((#4967));
#4969=MEASURE_REPRESENTATION_ITEM('volume measure',VOLUME_MEASURE(
8.342492415212E2),#4968);
#4973=CARTESIAN_POINT('centre point',(8.733254954573E-4,-1.334880344758E-1,
-7.274982199843E0));
#4978=PRODUCT_RELATED_PRODUCT_CATEGORY('part','',(#4933));
#4980=GENERAL_PROPERTY('','PART_NO','user defined attribute');
#4981=GENERAL_PROPERTY_ASSOCIATION('user defined attribute','',#4980,#4979);
#4982=DESCRIPTIVE_REPRESENTATION_ITEM('PART_NO','2342079');
#4986=GENERAL_PROPERTY('','DWG_TITLE','user defined attribute');
#4987=GENERAL_PROPERTY_ASSOCIATION('user defined attribute','',#4986,#4985);
#4988=DESCRIPTIVE_REPRESENTATION_ITEM('DWG_TITLE',
'HEADER 90 DEG, HIGH TEMPERATURE,');
#4992=GENERAL_PROPERTY('','DWG_TITLE_2','user defined attribute');
#4993=GENERAL_PROPERTY_ASSOCIATION('user defined attribute','',#4992,#4991);
#4994=DESCRIPTIVE_REPRESENTATION_ITEM('DWG_TITLE_2',
'5.0MM PITCH, TAIL LENGTH 2.6mm');
#4998=GENERAL_PROPERTY('','DESC','user defined attribute');
#4999=GENERAL_PROPERTY_ASSOCIATION('user defined attribute','',#4998,#4997);
#5000=DESCRIPTIVE_REPRESENTATION_ITEM('DESC',
'HEADER 90 DEG, HIGH TEMPERATURE, 5.0MM PITCH, TAIL LENGTH 2.6mm');
#5004=GENERAL_PROPERTY('','DOC_STATUS','user defined attribute');
#5005=GENERAL_PROPERTY_ASSOCIATION('user defined attribute','',#5004,#5003);
#5006=DESCRIPTIVE_REPRESENTATION_ITEM('DOC_STATUS','Active');
#5010=GENERAL_PROPERTY('','PROI_CREATED_BY','user defined attribute');
#5011=GENERAL_PROPERTY_ASSOCIATION('user defined attribute','',#5010,#5009);
#5012=DESCRIPTIVE_REPRESENTATION_ITEM('PROI_CREATED_BY','US0T9800');
#5016=GENERAL_PROPERTY('','PROI_CREATED_ON','user defined attribute');
#5017=GENERAL_PROPERTY_ASSOCIATION('user defined attribute','',#5016,#5015);
#5018=DESCRIPTIVE_REPRESENTATION_ITEM('PROI_CREATED_ON',
'4/23/2008 12:18:09 PM');
#5022=GENERAL_PROPERTY('','PROI_LOCATION','user defined attribute');
#5023=GENERAL_PROPERTY_ASSOCIATION('user defined attribute','',#5022,#5021);
#5024=DESCRIPTIVE_REPRESENTATION_ITEM('PROI_LOCATION',
'Root Folder/EMCS MOD SVCS/GPL-124');
#5028=GENERAL_PROPERTY('','MOD_NUM','user defined attribute');
#5029=GENERAL_PROPERTY_ASSOCIATION('user defined attribute','',#5028,#5027);
#5030=DESCRIPTIVE_REPRESENTATION_ITEM('MOD_NUM','MOD59081');
#5034=GENERAL_PROPERTY('','PDMREV','user defined attribute');
#5035=GENERAL_PROPERTY_ASSOCIATION('user defined attribute','',#5034,#5033);
#5036=DESCRIPTIVE_REPRESENTATION_ITEM('PDMREV','1.1+');
#5040=GENERAL_PROPERTY('','PDMDB','user defined attribute');
#5041=GENERAL_PROPERTY_ASSOCIATION('user defined attribute','',#5040,#5039);
#5042=DESCRIPTIVE_REPRESENTATION_ITEM('PDMDB','');
#5046=GENERAL_PROPERTY('','PDMRL','user defined attribute');
#5047=GENERAL_PROPERTY_ASSOCIATION('user defined attribute','',#5046,#5045);
#5048=DESCRIPTIVE_REPRESENTATION_ITEM('PDMRL','Concept');
#5052=GENERAL_PROPERTY('','PROI_REVISION','user defined attribute');
#5053=GENERAL_PROPERTY_ASSOCIATION('user defined attribute','',#5052,#5051);
#5054=DESCRIPTIVE_REPRESENTATION_ITEM('PROI_REVISION','1');
#5058=GENERAL_PROPERTY('','PROI_VERSION','user defined attribute');
#5059=GENERAL_PROPERTY_ASSOCIATION('user defined attribute','',#5058,#5057);
#5060=DESCRIPTIVE_REPRESENTATION_ITEM('PROI_VERSION','1+');
#5064=GENERAL_PROPERTY('','PROI_BRANCH','user defined attribute');
#5065=GENERAL_PROPERTY_ASSOCIATION('user defined attribute','',#5064,#5063);
#5066=DESCRIPTIVE_REPRESENTATION_ITEM('PROI_BRANCH','main');
#5070=GENERAL_PROPERTY('','PROI_RELEASE','user defined attribute');
#5071=GENERAL_PROPERTY_ASSOCIATION('user defined attribute','',#5070,#5069);
#5072=DESCRIPTIVE_REPRESENTATION_ITEM('PROI_RELEASE','Concept');
#5076=GENERAL_PROPERTY('','PTC_MODIFIED','user defined attribute');
#5077=GENERAL_PROPERTY_ASSOCIATION('user defined attribute','',#5076,#5075);
#5078=DESCRIPTIVE_REPRESENTATION_ITEM('PTC_MODIFIED','NO');
#5081=DESCRIPTIVE_REPRESENTATION_ITEM('attribute description','Yes No');
#5086=GENERAL_PROPERTY('','PTC_COMMON_NAME','user defined attribute');
#5087=GENERAL_PROPERTY_ASSOCIATION('user defined attribute','',#5086,#5085);
#5088=DESCRIPTIVE_REPRESENTATION_ITEM('PTC_COMMON_NAME','C-2342079-3');
#5092=GENERAL_PROPERTY('','PTC_ORGANIZATION_ID','user defined attribute');
#5093=GENERAL_PROPERTY_ASSOCIATION('user defined attribute','',#5092,#5091);
#5094=DESCRIPTIVE_REPRESENTATION_ITEM('PTC_ORGANIZATION_ID','TE');
#5098=GENERAL_PROPERTY('','PTC_WM_REVISION','user defined attribute');
#5099=GENERAL_PROPERTY_ASSOCIATION('user defined attribute','',#5098,#5097);
#5100=DESCRIPTIVE_REPRESENTATION_ITEM('PTC_WM_REVISION','GN');
#5104=GENERAL_PROPERTY('','PTC_WM_ITERATION','user defined attribute');
#5105=GENERAL_PROPERTY_ASSOCIATION('user defined attribute','',#5104,#5103);
#5106=DESCRIPTIVE_REPRESENTATION_ITEM('PTC_WM_ITERATION','0');
#5110=GENERAL_PROPERTY('','PTC_WM_VERSION','user defined attribute');
#5111=GENERAL_PROPERTY_ASSOCIATION('user defined attribute','',#5110,#5109);
#5112=DESCRIPTIVE_REPRESENTATION_ITEM('PTC_WM_VERSION','GN.0');
#5116=GENERAL_PROPERTY('','PTC_WM_LIFECYCLE_STATE','user defined attribute');
#5117=GENERAL_PROPERTY_ASSOCIATION('user defined attribute','',#5116,#5115);
#5118=DESCRIPTIVE_REPRESENTATION_ITEM('PTC_WM_LIFECYCLE_STATE','Concept');
#5122=GENERAL_PROPERTY('','PTC_WM_LIFECYCLE','user defined attribute');
#5123=GENERAL_PROPERTY_ASSOCIATION('user defined attribute','',#5122,#5121);
#5124=DESCRIPTIVE_REPRESENTATION_ITEM('PTC_WM_LIFECYCLE',
'TE Standard Lifecycle');
#5128=GENERAL_PROPERTY('','PTC_WM_LOCATION','user defined attribute');
#5129=GENERAL_PROPERTY_ASSOCIATION('user defined attribute','',#5128,#5127);
#5130=DESCRIPTIVE_REPRESENTATION_ITEM('PTC_WM_LOCATION',
'/Libraries/CVM Library/Documentation/GPL-124');
#5134=GENERAL_PROPERTY('','PTC_WM_CREATED_BY','user defined attribute');
#5135=GENERAL_PROPERTY_ASSOCIATION('user defined attribute','',#5134,#5133);
#5136=DESCRIPTIVE_REPRESENTATION_ITEM('PTC_WM_CREATED_BY','Bidger S, Vinod');
#5140=GENERAL_PROPERTY('','PTC_WM_CREATED_ON','user defined attribute');
#5141=GENERAL_PROPERTY_ASSOCIATION('user defined attribute','',#5140,#5139);
#5142=DESCRIPTIVE_REPRESENTATION_ITEM('PTC_WM_CREATED_ON',
'23-Jul-19 06:54:42 PM');
#5146=GENERAL_PROPERTY('','PTC_WM_MODIFIED_BY','user defined attribute');
#5147=GENERAL_PROPERTY_ASSOCIATION('user defined attribute','',#5146,#5145);
#5148=DESCRIPTIVE_REPRESENTATION_ITEM('PTC_WM_MODIFIED_BY','Bidger S, Vinod');
#5152=GENERAL_PROPERTY('','PTC_WM_MODIFIED_ON','user defined attribute');
#5153=GENERAL_PROPERTY_ASSOCIATION('user defined attribute','',#5152,#5151);
#5154=DESCRIPTIVE_REPRESENTATION_ITEM('PTC_WM_MODIFIED_ON',
'23-Jul-19 07:00:44 PM');
#5158=GENERAL_PROPERTY('','PTC_WM_TEAM','user defined attribute');
#5159=GENERAL_PROPERTY_ASSOCIATION('user defined attribute','',#5158,#5157);
#5160=DESCRIPTIVE_REPRESENTATION_ITEM('PTC_WM_TEAM','');
#5164=GENERAL_PROPERTY('','DOC_NUMBER','user defined attribute');
#5165=GENERAL_PROPERTY_ASSOCIATION('user defined attribute','',#5164,#5163);
#5166=DESCRIPTIVE_REPRESENTATION_ITEM('DOC_NUMBER','G-2342079');
#5170=GENERAL_PROPERTY('','EXPORT_RESTRICTED','user defined attribute');
#5171=GENERAL_PROPERTY_ASSOCIATION('user defined attribute','',#5170,#5169);
#5172=DESCRIPTIVE_REPRESENTATION_ITEM('EXPORT_RESTRICTED','NULL');
#5176=GENERAL_PROPERTY('','COMMENTS','user defined attribute');
#5177=GENERAL_PROPERTY_ASSOCIATION('user defined attribute','',#5176,#5175);
#5178=DESCRIPTIVE_REPRESENTATION_ITEM('COMMENTS','-');
#5182=GENERAL_PROPERTY('','DOC_LANGUAGE','user defined attribute');
#5183=GENERAL_PROPERTY_ASSOCIATION('user defined attribute','',#5182,#5181);
#5184=DESCRIPTIVE_REPRESENTATION_ITEM('DOC_LANGUAGE','English');
#5188=GENERAL_PROPERTY('','REASON_DOC_CHANGE','user defined attribute');
#5189=GENERAL_PROPERTY_ASSOCIATION('user defined attribute','',#5188,#5187);
#5190=DESCRIPTIVE_REPRESENTATION_ITEM('REASON_DOC_CHANGE','Not Specified');
#5194=GENERAL_PROPERTY('','SEND_WEIGHT','user defined attribute');
#5195=GENERAL_PROPERTY_ASSOCIATION('user defined attribute','',#5194,#5193);
#5196=DESCRIPTIVE_REPRESENTATION_ITEM('SEND_WEIGHT','NO');
#5200=GENERAL_PROPERTY('','PART_REV','user defined attribute');
#5201=GENERAL_PROPERTY_ASSOCIATION('user defined attribute','',#5200,#5199);
#5202=DESCRIPTIVE_REPRESENTATION_ITEM('PART_REV','A');
#1=DRAUGHTING_PRE_DEFINED_COLOUR('black');
#2=COLOUR_RGB('',0.E0,0.E0,3.6E-1);
#3=COLOUR_RGB('',0.E0,0.E0,4.8E-1);
#4=COLOUR_RGB('',0.E0,0.E0,9.411764705882E-1);
#5=DRAUGHTING_PRE_DEFINED_COLOUR('blue');
#6=COLOUR_RGB('',0.E0,5.8824E-2,4.58824E-1);
#7=COLOUR_RGB('',0.E0,1.80392E-1,4.78431E-1);
#8=COLOUR_RGB('',0.E0,3.6E-1,9.E-2);
#9=COLOUR_RGB('',0.E0,3.6E-1,2.7E-1);
#10=COLOUR_RGB('',0.E0,5.6E-1,6.4E-1);
#11=COLOUR_RGB('',0.E0,5.8E-1,8.E-1);
#12=COLOUR_RGB('',0.E0,7.1E-1,6.6E-1);
#13=COLOUR_RGB('',0.E0,7.13E-1,0.E0);
#14=COLOUR_RGB('',0.E0,9.5E-1,8.4E-1);
#15=DRAUGHTING_PRE_DEFINED_COLOUR('green');
#16=DRAUGHTING_PRE_DEFINED_COLOUR('cyan');
#17=COLOUR_RGB('',1.1765E-2,1.9608E-2,3.9216E-2);
#18=COLOUR_RGB('',4.E-2,0.E0,1.6E-1);
#19=COLOUR_RGB('',3.9216E-2,2.19608E-1,1.21569E-1);
#20=COLOUR_RGB('',3.9216E-2,3.60784E-1,2.E-1);
#21=COLOUR_RGB('',5.098E-2,7.0588E-2,1.01961E-1);
#22=COLOUR_RGB('',9.E-2,0.E0,1.2E-1);
#23=COLOUR_RGB('',9.0196E-2,1.60784E-1,1.09804E-1);
#24=COLOUR_RGB('',9.0196E-2,3.80392E-1,6.70588E-1);
#25=COLOUR_RGB('',1.E-1,0.E0,2.5E-1);
#26=COLOUR_RGB('',1.01961E-1,4.78431E-1,3.88235E-1);
#27=COLOUR_RGB('',1.09804E-1,1.4902E-1,9.0196E-2);
#28=COLOUR_RGB('',1.4902E-1,3.09804E-1,5.29412E-1);
#29=COLOUR_RGB('',1.4902E-1,4.E-1,1.60784E-1);
#30=COLOUR_RGB('',1.6E-1,3.2E-2,0.E0);
#31=COLOUR_RGB('',1.60784E-1,4.5098E-1,7.21569E-1);
#32=COLOUR_RGB('',1.6E-1,4.6E-1,6.5E-1);
#33=COLOUR_RGB('',1.6E-1,1.E0,1.6E-1);
#34=COLOUR_RGB('',2.E-1,3.2E-2,0.E0);
#35=COLOUR_RGB('',2.11765E-1,4.11765E-1,1.4902E-1);
#36=COLOUR_RGB('',2.39216E-1,2.39216E-1,2.31373E-1);
#37=COLOUR_RGB('',2.39216E-1,2.70588E-1,1.80392E-1);
#38=COLOUR_RGB('',2.5098E-1,2.90196E-1,3.29412E-1);
#39=COLOUR_RGB('',2.90196E-1,4.31373E-1,2.E-1);
#40=COLOUR_RGB('',3.1E-1,3.1E-1,5.6E-1);
#41=COLOUR_RGB('',3.09804E-1,6.58824E-1,2.E-1);
#42=COLOUR_RGB('',3.2E-1,1.5E-1,0.E0);
#43=COLOUR_RGB('',3.60784E-1,3.1373E-2,1.68627E-1);
#44=COLOUR_RGB('',3.68627E-1,2.E-1,1.21569E-1);
#45=COLOUR_RGB('',3.88235E-1,2.39216E-1,6.11765E-1);
#46=COLOUR_RGB('',4.E-1,4.E-1,4.E-1);
#47=COLOUR_RGB('',4.11765E-1,5.8824E-2,7.8431E-2);
#48=COLOUR_RGB('',4.11765E-1,3.29412E-1,2.19608E-1);
#49=COLOUR_RGB('',4.2E-1,4.2E-1,1.E0);
#50=COLOUR_RGB('',4.4E-1,8.5E-1,1.E0);
#51=COLOUR_RGB('',4.58824E-1,4.5098E-1,3.09804E-1);
#52=COLOUR_RGB('',4.70588E-1,5.09804E-1,5.4902E-1);
#53=COLOUR_RGB('',4.78431E-1,4.90196E-1,4.58824E-1);
#54=COLOUR_RGB('',4.90196E-1,3.60784E-1,2.19608E-1);
#55=COLOUR_RGB('',4.9E-1,4.9E-1,0.E0);
#56=COLOUR_RGB('',4.9E-1,1.E0,0.E0);
#57=COLOUR_RGB('',5.E-1,0.E0,0.E0);
#58=COLOUR_RGB('',5.E-1,0.E0,2.3E-1);
#59=COLOUR_RGB('',5.E-1,5.E-1,5.E-1);
#60=COLOUR_RGB('',5.21569E-1,2.19608E-1,1.68627E-1);
#61=COLOUR_RGB('',5.3E-1,0.E0,0.E0);
#62=COLOUR_RGB('',5.29412E-1,5.80392E-1,6.5098E-1);
#63=COLOUR_RGB('',5.4E-1,0.E0,4.4E-1);
#64=COLOUR_RGB('',5.5E-1,3.E-1,0.E0);
#65=COLOUR_RGB('',5.6E-1,1.E-1,5.E-2);
#66=COLOUR_RGB('',5.60784E-1,5.80392E-1,6.19608E-1);
#67=COLOUR_RGB('',5.68627E-1,5.8824E-2,4.E-1);
#68=COLOUR_RGB('',5.8E-1,2.2E-1,1.E-2);
#69=COLOUR_RGB('',5.88235E-1,1.21569E-1,1.09804E-1);
#70=COLOUR_RGB('',6.E-1,6.E-1,6.E-1);
#71=COLOUR_RGB('',6.11765E-1,5.60784E-1,3.80392E-1);
#72=COLOUR_RGB('',6.11765E-1,6.11765E-1,6.5098E-1);
#73=COLOUR_RGB('',6.2E-1,0.E0,5.5E-1);
#74=COLOUR_RGB('',6.19608E-1,6.39216E-1,6.90196E-1);
#75=COLOUR_RGB('',6.35294E-1,6.86275E-1,7.4902E-1);
#76=COLOUR_RGB('',6.4E-1,0.E0,2.5E-1);
#77=COLOUR_RGB('',6.4E-1,1.E-2,0.E0);
#78=COLOUR_RGB('',6.39216E-1,5.4902E-1,4.78431E-1);
#79=COLOUR_RGB('',6.5098E-1,6.70588E-1,7.09804E-1);
#80=COLOUR_RGB('',6.70588E-1,1.21569E-1,1.09804E-1);
#81=COLOUR_RGB('',6.78431E-1,4.78431E-1,3.09804E-1);
#82=COLOUR_RGB('',6.8E-1,7.5E-1,1.E0);
#83=COLOUR_RGB('',7.09804E-1,7.0588E-2,2.E-1);
#84=COLOUR_RGB('',7.1E-1,3.1E-1,0.E0);
#85=COLOUR_RGB('',7.2E-1,7.2E-1,7.2E-1);
#86=COLOUR_RGB('',7.29412E-1,7.41176E-1,7.29412E-1);
#87=COLOUR_RGB('',7.41176E-1,7.29412E-1,6.70588E-1);
#88=COLOUR_RGB('',7.4E-1,1.E0,2.6E-1);
#89=COLOUR_RGB('',7.5E-1,3.E-2,0.E0);
#90=COLOUR_RGB('',7.4902E-1,8.90196E-1,7.29412E-1);
#91=COLOUR_RGB('',7.6E-1,0.E0,4.7E-1);
#92=COLOUR_RGB('',7.80392E-1,9.0196E-2,7.0588E-2);
#93=COLOUR_RGB('',7.88235E-1,2.19608E-1,5.4902E-1);
#94=COLOUR_RGB('',8.1E-1,4.E-2,0.E0);
#95=COLOUR_RGB('',8.1E-1,6.1E-1,0.E0);
#96=COLOUR_RGB('',8.2E-1,4.E-2,6.6E-1);
#97=COLOUR_RGB('',8.31373E-1,8.5098E-1,8.58824E-1);
#98=COLOUR_RGB('',8.5098E-1,7.29412E-1,5.4902E-1);
#99=COLOUR_RGB('',8.5E-1,8.5E-1,8.5E-1);
#100=COLOUR_RGB('',8.78431E-1,3.68627E-1,1.21569E-1);
#101=COLOUR_RGB('',8.784E-1,9.49E-1,1.E0);
#102=COLOUR_RGB('',8.90196E-1,5.88235E-1,1.41176E-1);
#103=COLOUR_RGB('',9.E-1,1.E0,0.E0);
#104=COLOUR_RGB('',9.09804E-1,6.11765E-1,7.09804E-1);
#105=COLOUR_RGB('',9.37E-1,7.85E-1,0.E0);
#106=COLOUR_RGB('',9.41176E-1,9.29412E-1,9.01961E-1);
#107=COLOUR_RGB('',9.5E-1,2.2E-1,8.1E-1);
#108=COLOUR_RGB('',9.6E-1,3.7E-1,3.E-1);
#109=COLOUR_RGB('',9.6E-1,7.1E-1,3.75E-1);
#110=COLOUR_RGB('',9.80392E-1,1.E0,1.E0);
#111=COLOUR_RGB('',9.88235E-1,1.09804E-1,7.8431E-2);
#112=COLOUR_RGB('',9.88235E-1,7.21569E-1,1.29412E-1);
#113=COLOUR_RGB('',9.88235E-1,9.21569E-1,8.E-1);
#114=DRAUGHTING_PRE_DEFINED_COLOUR('red');
#115=COLOUR_RGB('',1.E0,0.E0,6.1E-1);
#116=COLOUR_RGB('',1.E0,4.E-2,0.E0);
#117=COLOUR_RGB('',1.E0,2.3E-1,0.E0);
#118=COLOUR_RGB('',1.E0,3.5E-1,5.2E-1);
#119=COLOUR_RGB('',1.E0,3.6E-1,0.E0);
#120=COLOUR_RGB('',1.E0,3.88235E-1,2.11765E-1);
#121=COLOUR_RGB('',1.E0,4.9E-1,3.7E-1);
#122=COLOUR_RGB('',1.E0,5.E-1,0.E0);
#123=COLOUR_RGB('',1.E0,5.6E-1,7.8E-1);
#124=COLOUR_RGB('',1.E0,6.4E-1,4.9E-1);
#125=COLOUR_RGB('',1.E0,6.7E-1,0.E0);
#126=COLOUR_RGB('',1.E0,7.6E-1,6.5E-1);
#127=COLOUR_RGB('',1.E0,8.39216E-1,3.01961E-1);
#128=COLOUR_RGB('',1.E0,8.6E-1,4.E-2);
#129=COLOUR_RGB('',1.E0,9.60784E-1,2.58824E-1);
#130=COLOUR_RGB('',1.E0,9.60784E-1,8.90196E-1);
#131=COLOUR_RGB('',1.E0,9.8E-1,7.2E-1);
#132=DRAUGHTING_PRE_DEFINED_COLOUR('yellow');
#133=COLOUR_RGB('',1.E0,1.E0,3.9216E-2);
#134=DRAUGHTING_PRE_DEFINED_COLOUR('white');
#139=CIRCLE('',#138,4.E-1);
#160=CIRCLE('',#159,2.E-1);
#181=CIRCLE('',#180,2.E-1);
#186=CIRCLE('',#185,1.E0);
#203=CIRCLE('',#202,4.E-1);
#276=CIRCLE('',#275,4.E-1);
#305=CIRCLE('',#304,4.E-1);
#370=CIRCLE('',#369,4.E-1);
#395=CIRCLE('',#394,4.E-1);
#440=CIRCLE('',#439,4.E-1);
#457=CIRCLE('',#456,1.E0);
#462=CIRCLE('',#461,2.E-1);
#483=CIRCLE('',#482,2.E-1);
#504=CIRCLE('',#503,4.E-1);
#745=CIRCLE('',#744,3.435E0);
#826=CIRCLE('',#825,3.435E0);
#835=CIRCLE('',#834,3.435E0);
#992=CIRCLE('',#991,3.E-1);
#1013=CIRCLE('',#1012,3.E-1);
#1022=CIRCLE('',#1021,1.675E0);
#1027=CIRCLE('',#1026,1.675E0);
#1032=CIRCLE('',#1031,1.675E0);
#1037=CIRCLE('',#1036,1.675E0);
#1042=CIRCLE('',#1041,1.675E0);
#1047=CIRCLE('',#1046,1.675E0);
#1052=CIRCLE('',#1051,2.8E0);
#1057=CIRCLE('',#1056,2.8E0);
#1062=CIRCLE('',#1061,2.8E0);
#1071=CIRCLE('',#1070,3.E-1);
#1076=CIRCLE('',#1075,3.E-1);
#1081=CIRCLE('',#1080,1.375E0);
#1086=CIRCLE('',#1085,1.375E0);
#1099=CIRCLE('',#1098,1.02E0);
#1104=CIRCLE('',#1103,1.02E0);
#1129=CIRCLE('',#1128,1.375E0);
#1134=CIRCLE('',#1133,1.375E0);
#1279=CIRCLE('',#1278,1.02E0);
#1284=CIRCLE('',#1283,1.02E0);
#1313=CIRCLE('',#1312,1.375E0);
#1318=CIRCLE('',#1317,1.375E0);
#1327=CIRCLE('',#1326,1.375E0);
#1332=CIRCLE('',#1331,1.375E0);
#1341=CIRCLE('',#1340,3.E-1);
#1346=CIRCLE('',#1345,3.E-1);
#1391=CIRCLE('',#1390,1.02E0);
#1396=CIRCLE('',#1395,1.02E0);
#1425=CIRCLE('',#1424,1.375E0);
#1430=CIRCLE('',#1429,1.375E0);
#1439=CIRCLE('',#1438,1.375E0);
#1444=CIRCLE('',#1443,1.375E0);
#1453=CIRCLE('',#1452,3.E-1);
#1458=CIRCLE('',#1457,3.E-1);
#1484=B_SPLINE_CURVE_WITH_KNOTS('',3,(#1475,#1476,#1477,#1478,#1479,#1480,#1481,
#1482,#1483),.UNSPECIFIED.,.F.,.F.,(4,1,1,1,1,1,4),(0.E0,1.666666666667E-1,
3.333333333333E-1,5.E-1,6.666666666667E-1,8.333333333333E-1,1.E0),
.UNSPECIFIED.);
#1494=B_SPLINE_CURVE_WITH_KNOTS('',3,(#1485,#1486,#1487,#1488,#1489,#1490,#1491,
#1492,#1493),.UNSPECIFIED.,.F.,.F.,(4,1,1,1,1,1,4),(0.E0,1.666666666667E-1,
3.333333333333E-1,5.E-1,6.666666666667E-1,8.333333333333E-1,1.E0),
.UNSPECIFIED.);
#1520=B_SPLINE_CURVE_WITH_KNOTS('',3,(#1511,#1512,#1513,#1514,#1515,#1516,#1517,
#1518,#1519),.UNSPECIFIED.,.F.,.F.,(4,1,1,1,1,1,4),(0.E0,1.666666666667E-1,
3.333333333333E-1,5.E-1,6.666666666667E-1,8.333333333333E-1,1.E0),
.UNSPECIFIED.);
#1530=B_SPLINE_CURVE_WITH_KNOTS('',3,(#1521,#1522,#1523,#1524,#1525,#1526,#1527,
#1528,#1529),.UNSPECIFIED.,.F.,.F.,(4,1,1,1,1,1,4),(0.E0,1.666666666667E-1,
3.333333333333E-1,5.E-1,6.666666666667E-1,8.333333333333E-1,1.E0),
.UNSPECIFIED.);
#1535=CIRCLE('',#1534,3.1E0);
#1540=CIRCLE('',#1539,3.1E0);
#1586=B_SPLINE_CURVE_WITH_KNOTS('',3,(#1581,#1582,#1583,#1584,#1585),
.UNSPECIFIED.,.F.,.F.,(4,1,4),(0.E0,5.E-1,1.E0),.UNSPECIFIED.);
#1596=B_SPLINE_CURVE_WITH_KNOTS('',3,(#1591,#1592,#1593,#1594,#1595),
.UNSPECIFIED.,.F.,.F.,(4,1,4),(0.E0,5.E-1,1.E0),.UNSPECIFIED.);
#1602=B_SPLINE_CURVE_WITH_KNOTS('',3,(#1597,#1598,#1599,#1600,#1601),
.UNSPECIFIED.,.F.,.F.,(4,1,4),(0.E0,5.E-1,1.E0),.UNSPECIFIED.);
#1612=B_SPLINE_CURVE_WITH_KNOTS('',3,(#1607,#1608,#1609,#1610,#1611),
.UNSPECIFIED.,.F.,.F.,(4,1,4),(0.E0,5.E-1,1.E0),.UNSPECIFIED.);
#1618=B_SPLINE_CURVE_WITH_KNOTS('',3,(#1613,#1614,#1615,#1616,#1617),
.UNSPECIFIED.,.F.,.F.,(4,1,4),(0.E0,5.E-1,1.E0),.UNSPECIFIED.);
#1628=B_SPLINE_CURVE_WITH_KNOTS('',3,(#1623,#1624,#1625,#1626,#1627),
.UNSPECIFIED.,.F.,.F.,(4,1,4),(0.E0,5.E-1,1.E0),.UNSPECIFIED.);
#1637=CIRCLE('',#1636,3.E-1);
#1646=CIRCLE('',#1645,3.E-1);
#1667=CIRCLE('',#1666,3.1E0);
#1672=CIRCLE('',#1671,3.1E0);
#1682=B_SPLINE_CURVE_WITH_KNOTS('',3,(#1673,#1674,#1675,#1676,#1677,#1678,#1679,
#1680,#1681),.UNSPECIFIED.,.F.,.F.,(4,1,1,1,1,1,4),(0.E0,1.666666666667E-1,
3.333333333333E-1,5.E-1,6.666666666667E-1,8.333333333333E-1,1.E0),
.UNSPECIFIED.);
#1692=B_SPLINE_CURVE_WITH_KNOTS('',3,(#1683,#1684,#1685,#1686,#1687,#1688,#1689,
#1690,#1691),.UNSPECIFIED.,.F.,.F.,(4,1,1,1,1,1,4),(0.E0,1.666666666667E-1,
3.333333333333E-1,5.E-1,6.666666666667E-1,8.333333333333E-1,1.E0),
.UNSPECIFIED.);
#1697=CIRCLE('',#1696,3.1E0);
#1702=CIRCLE('',#1701,3.1E0);
#1711=CIRCLE('',#1710,2.E-1);
#1720=CIRCLE('',#1719,2.E-1);
#2389=EDGE_CURVE('',#2015,#2016,#139,.T.);
#2391=EDGE_CURVE('',#2016,#2018,#143,.T.);
#2393=EDGE_CURVE('',#2018,#2020,#147,.T.);
#2395=EDGE_CURVE('',#2020,#1879,#151,.T.);
#2397=EDGE_CURVE('',#1879,#1880,#155,.T.);
#2399=EDGE_CURVE('',#1880,#1883,#160,.T.);
#2401=EDGE_CURVE('',#1883,#1884,#164,.T.);
#2403=EDGE_CURVE('',#1884,#1886,#168,.T.);
#2405=EDGE_CURVE('',#1886,#1888,#172,.T.);
#2407=EDGE_CURVE('',#1888,#1995,#176,.T.);
#2409=EDGE_CURVE('',#1995,#1996,#181,.T.);
#2411=EDGE_CURVE('',#1996,#1998,#186,.T.);
#2413=EDGE_CURVE('',#1998,#2034,#190,.T.);
#2415=EDGE_CURVE('',#2034,#2185,#194,.T.);
#2417=EDGE_CURVE('',#2185,#2187,#198,.T.);
#2419=EDGE_CURVE('',#2187,#2189,#203,.T.);
#2421=EDGE_CURVE('',#2189,#2183,#207,.T.);
#2423=EDGE_CURVE('',#2183,#2032,#211,.T.);
#2425=EDGE_CURVE('',#2032,#2023,#215,.T.);
#2427=EDGE_CURVE('',#2023,#2024,#219,.T.);
#2429=EDGE_CURVE('',#2024,#2015,#223,.T.);
#2433=ADVANCED_FACE('',(#2432),#2388,.F.);
#2440=EDGE_CURVE('',#2015,#2007,#227,.T.);
#2442=EDGE_CURVE('',#2007,#2008,#276,.T.);
#2444=EDGE_CURVE('',#2016,#2008,#1876,.T.);
#2448=ADVANCED_FACE('',(#2447),#2438,.F.);
#2455=EDGE_CURVE('',#2024,#2012,#231,.T.);
#2457=EDGE_CURVE('',#2012,#2007,#280,.T.);
#2462=ADVANCED_FACE('',(#2461),#2453,.F.);
#2469=EDGE_CURVE('',#2023,#2027,#259,.T.);
#2471=EDGE_CURVE('',#2027,#2012,#284,.T.);
#2476=ADVANCED_FACE('',(#2475),#2467,.F.);
#2482=EDGE_CURVE('',#2078,#2067,#235,.T.);
#2484=EDGE_CURVE('',#2067,#2068,#239,.T.);
#2486=EDGE_CURVE('',#2080,#2068,#407,.T.);
#2488=EDGE_CURVE('',#2051,#2080,#243,.T.);
#2490=EDGE_CURVE('',#2051,#2052,#427,.T.);
#2492=EDGE_CURVE('',#2052,#2045,#247,.T.);
#2494=EDGE_CURVE('',#2045,#2046,#251,.T.);
#2496=EDGE_CURVE('',#2028,#2046,#357,.T.);
#2498=EDGE_CURVE('',#2027,#2028,#255,.T.);
#2502=EDGE_CURVE('',#2032,#2078,#263,.T.);
#2506=ADVANCED_FACE('',(#2505),#2481,.T.);
#2513=EDGE_CURVE('',#2028,#2030,#353,.T.);
#2515=EDGE_CURVE('',#2010,#2030,#267,.T.);
#2517=EDGE_CURVE('',#2008,#2010,#271,.T.);
#2524=ADVANCED_FACE('',(#2523),#2511,.T.);
#2530=EDGE_CURVE('',#2124,#2125,#288,.T.);
#2532=EDGE_CURVE('',#2124,#2067,#292,.T.);
#2535=EDGE_CURVE('',#2181,#2078,#296,.T.);
#2537=EDGE_CURVE('',#2179,#2181,#300,.T.);
#2539=EDGE_CURVE('',#2177,#2179,#305,.T.);
#2541=EDGE_CURVE('',#2176,#2177,#309,.T.);
#2543=EDGE_CURVE('',#2139,#2176,#313,.T.);
#2545=EDGE_CURVE('',#2125,#2139,#556,.T.);
#2549=ADVANCED_FACE('',(#2548),#2529,.T.);
#2555=EDGE_CURVE('',#2128,#2129,#317,.T.);
#2557=EDGE_CURVE('',#2070,#2128,#1772,.T.);
#2559=EDGE_CURVE('',#2070,#2074,#321,.T.);
#2561=EDGE_CURVE('',#2074,#2129,#325,.T.);
#2565=ADVANCED_FACE('',(#2564),#2554,.T.);
#2571=EDGE_CURVE('',#2046,#2048,#329,.T.);
#2573=EDGE_CURVE('',#2054,#2048,#333,.T.);
#2575=EDGE_CURVE('',#2054,#1891,#491,.T.);
#2577=EDGE_CURVE('',#1967,#1891,#1740,.T.);
#2579=EDGE_CURVE('',#1960,#1967,#337,.T.);
#2581=EDGE_CURVE('',#1959,#1960,#341,.T.);
#2583=EDGE_CURVE('',#1963,#1959,#345,.T.);
#2585=EDGE_CURVE('',#1879,#1963,#1732,.T.);
#2588=EDGE_CURVE('',#2020,#2030,#349,.T.);
#2594=ADVANCED_FACE('',(#2593),#2570,.T.);
#2601=EDGE_CURVE('',#2045,#2152,#361,.T.);
#2603=EDGE_CURVE('',#2152,#2153,#365,.T.);
#2605=EDGE_CURVE('',#2153,#2155,#370,.T.);
#2607=EDGE_CURVE('',#2155,#2157,#374,.T.);
#2609=EDGE_CURVE('',#2157,#2048,#378,.T.);
#2614=ADVANCED_FACE('',(#2613),#2599,.F.);
#2620=EDGE_CURVE('',#2132,#2133,#382,.T.);
#2622=EDGE_CURVE('',#2133,#2141,#568,.T.);
#2624=EDGE_CURVE('',#2141,#2144,#386,.T.);
#2626=EDGE_CURVE('',#2144,#2145,#390,.T.);
#2628=EDGE_CURVE('',#2145,#2147,#395,.T.);
#2630=EDGE_CURVE('',#2147,#2149,#399,.T.);
#2632=EDGE_CURVE('',#2149,#2080,#403,.T.);
#2635=EDGE_CURVE('',#2132,#2068,#411,.T.);
#2639=ADVANCED_FACE('',(#2638),#2619,.F.);
#2645=EDGE_CURVE('',#2136,#2137,#415,.T.);
#2647=EDGE_CURVE('',#2076,#2137,#419,.T.);
#2649=EDGE_CURVE('',#2072,#2076,#423,.T.);
#2651=EDGE_CURVE('',#2072,#2136,#1756,.T.);
#2655=ADVANCED_FACE('',(#2654),#2644,.F.);
#2661=EDGE_CURVE('',#2052,#2167,#512,.T.);
#2663=EDGE_CURVE('',#2167,#2152,#1868,.T.);
#2669=ADVANCED_FACE('',(#2668),#2660,.T.);
#2676=EDGE_CURVE('',#2159,#2051,#431,.T.);
#2678=EDGE_CURVE('',#2165,#2159,#435,.T.);
#2680=EDGE_CURVE('',#2163,#2165,#440,.T.);
#2682=EDGE_CURVE('',#2161,#2163,#444,.T.);
#2684=EDGE_CURVE('',#2056,#2161,#448,.T.);
#2686=EDGE_CURVE('',#2004,#2056,#452,.T.);
#2688=EDGE_CURVE('',#2002,#2004,#457,.T.);
#2690=EDGE_CURVE('',#2001,#2002,#462,.T.);
#2692=EDGE_CURVE('',#1900,#2001,#466,.T.);
#2694=EDGE_CURVE('',#1898,#1900,#470,.T.);
#2696=EDGE_CURVE('',#1896,#1898,#474,.T.);
#2698=EDGE_CURVE('',#1895,#1896,#478,.T.);
#2700=EDGE_CURVE('',#1892,#1895,#483,.T.);
#2702=EDGE_CURVE('',#1891,#1892,#487,.T.);
#2705=EDGE_CURVE('',#2173,#2054,#495,.T.);
#2707=EDGE_CURVE('',#2171,#2173,#499,.T.);
#2709=EDGE_CURVE('',#2169,#2171,#504,.T.);
#2711=EDGE_CURVE('',#2167,#2169,#508,.T.);
#2716=ADVANCED_FACE('',(#2715),#2674,.T.);
#2725=EDGE_CURVE('',#2159,#2149,#516,.T.);
#2729=ADVANCED_FACE('',(#2728),#2721,.T.);
#2738=EDGE_CURVE('',#2165,#2147,#520,.T.);
#2742=ADVANCED_FACE('',(#2741),#2734,.T.);
#2751=EDGE_CURVE('',#2163,#2145,#524,.T.);
#2755=ADVANCED_FACE('',(#2754),#2747,.F.);
#2764=EDGE_CURVE('',#2161,#2144,#528,.T.);
#2768=ADVANCED_FACE('',(#2767),#2760,.T.);
#2774=EDGE_CURVE('',#2056,#2141,#564,.T.);
#2781=ADVANCED_FACE('',(#2780),#2773,.T.);
#2787=EDGE_CURVE('',#2366,#2367,#532,.T.);
#2789=EDGE_CURVE('',#2366,#2331,#536,.T.);
#2791=EDGE_CURVE('',#2330,#2331,#540,.T.);
#2793=EDGE_CURVE('',#2330,#1916,#544,.T.);
#2795=EDGE_CURVE('',#1912,#1916,#548,.T.);
#2797=EDGE_CURVE('',#1912,#2125,#552,.T.);
#2800=EDGE_CURVE('',#2034,#2139,#560,.T.);
#2803=EDGE_CURVE('',#2004,#1998,#1836,.T.);
#2808=EDGE_CURVE('',#2133,#2367,#572,.T.);
#2812=ADVANCED_FACE('',(#2811),#2786,.T.);
#2819=EDGE_CURVE('',#2367,#2362,#584,.T.);
#2821=EDGE_CURVE('',#2354,#2362,#1382,.T.);
#2823=EDGE_CURVE('',#2366,#2354,#1358,.T.);
#2827=ADVANCED_FACE('',(#2826),#2817,.T.);
#2833=EDGE_CURVE('',#2374,#2375,#664,.T.);
#2835=EDGE_CURVE('',#2363,#2375,#576,.T.);
#2837=EDGE_CURVE('',#2362,#2363,#580,.T.);
#2840=EDGE_CURVE('',#2374,#2367,#1218,.T.);
#2844=ADVANCED_FACE('',(#2843),#2832,.T.);
#2850=EDGE_CURVE('',#2382,#2383,#1408,.T.);
#2852=EDGE_CURVE('',#2359,#2382,#588,.T.);
#2854=EDGE_CURVE('',#2358,#2359,#592,.T.);
#2856=EDGE_CURVE('',#2383,#2358,#596,.T.);
#2860=ADVANCED_FACE('',(#2859),#2849,.T.);
#2866=EDGE_CURVE('',#2063,#2084,#600,.T.);
#2868=EDGE_CURVE('',#2129,#2084,#604,.T.);
#2871=EDGE_CURVE('',#2074,#2063,#608,.T.);
#2875=ADVANCED_FACE('',(#2874),#2865,.T.);
#2881=EDGE_CURVE('',#2233,#2237,#612,.T.);
#2883=EDGE_CURVE('',#2082,#2237,#616,.T.);
#2885=EDGE_CURVE('',#2059,#2082,#620,.T.);
#2887=EDGE_CURVE('',#2059,#2233,#624,.T.);
#2891=ADVANCED_FACE('',(#2890),#2880,.T.);
#2897=EDGE_CURVE('',#2276,#2280,#628,.T.);
#2899=EDGE_CURVE('',#2276,#2076,#632,.T.);
#2902=EDGE_CURVE('',#2280,#2137,#636,.T.);
#2906=ADVANCED_FACE('',(#2905),#2896,.T.);
#2912=EDGE_CURVE('',#2278,#2282,#640,.T.);
#2914=EDGE_CURVE('',#2235,#2282,#644,.T.);
#2916=EDGE_CURVE('',#2231,#2235,#648,.T.);
#2918=EDGE_CURVE('',#2231,#2278,#652,.T.);
#2922=ADVANCED_FACE('',(#2921),#2911,.T.);
#2928=EDGE_CURVE('',#2370,#2371,#656,.T.);
#2930=EDGE_CURVE('',#2371,#2375,#660,.T.);
#2933=EDGE_CURVE('',#2374,#2132,#668,.T.);
#2938=EDGE_CURVE('',#2124,#2090,#672,.T.);
#2940=EDGE_CURVE('',#2090,#1910,#676,.T.);
#2942=EDGE_CURVE('',#1910,#1914,#680,.T.);
#2944=EDGE_CURVE('',#2092,#1914,#684,.T.);
#2946=EDGE_CURVE('',#2092,#2334,#688,.T.);
#2948=EDGE_CURVE('',#2334,#2335,#692,.T.);
#2950=EDGE_CURVE('',#2335,#2339,#696,.T.);
#2952=EDGE_CURVE('',#2338,#2339,#700,.T.);
#2954=EDGE_CURVE('',#2338,#2370,#704,.T.);
#2958=ADVANCED_FACE('',(#2957),#2927,.T.);
#2964=EDGE_CURVE('',#2063,#2064,#801,.T.);
#2966=EDGE_CURVE('',#2064,#2088,#708,.T.);
#2968=EDGE_CURVE('',#2088,#2084,#1784,.T.);
#2973=ADVANCED_FACE('',(#2972),#2963,.F.);
#2979=EDGE_CURVE('',#2225,#2229,#712,.T.);
#2981=EDGE_CURVE('',#2229,#1946,#716,.T.);
#2983=EDGE_CURVE('',#1942,#1946,#720,.T.);
#2985=EDGE_CURVE('',#1942,#2225,#724,.T.);
#2989=ADVANCED_FACE('',(#2988),#2978,.T.);
#2995=EDGE_CURVE('',#2270,#2274,#728,.T.);
#2997=EDGE_CURVE('',#2274,#2227,#732,.T.);
#2999=EDGE_CURVE('',#2223,#2227,#736,.T.);
#3001=EDGE_CURVE('',#2223,#2270,#740,.T.);
#3005=ADVANCED_FACE('',(#3004),#2994,.T.);
#3011=EDGE_CURVE('',#2287,#2283,#745,.T.);
#3013=EDGE_CURVE('',#1936,#2287,#749,.T.);
#3015=EDGE_CURVE('',#1936,#1933,#753,.T.);
#3017=EDGE_CURVE('',#1933,#2272,#757,.T.);
#3019=EDGE_CURVE('',#2268,#2272,#761,.T.);
#3021=EDGE_CURVE('',#2268,#1898,#765,.T.);
#3024=EDGE_CURVE('',#2072,#1900,#1760,.T.);
#3028=EDGE_CURVE('',#2276,#2216,#769,.T.);
#3030=EDGE_CURVE('',#2216,#2220,#773,.T.);
#3032=EDGE_CURVE('',#2278,#2220,#777,.T.);
#3035=EDGE_CURVE('',#2231,#2200,#781,.T.);
#3037=EDGE_CURVE('',#2200,#2204,#785,.T.);
#3039=EDGE_CURVE('',#2233,#2204,#789,.T.);
#3042=EDGE_CURVE('',#2059,#2060,#793,.T.);
#3044=EDGE_CURVE('',#2060,#2064,#797,.T.);
#3049=EDGE_CURVE('',#1888,#2070,#1768,.T.);
#3052=EDGE_CURVE('',#1886,#1944,#805,.T.);
#3054=EDGE_CURVE('',#1944,#1948,#809,.T.);
#3056=EDGE_CURVE('',#1948,#1928,#813,.T.);
#3058=EDGE_CURVE('',#1927,#1928,#817,.T.);
#3060=EDGE_CURVE('',#2101,#1927,#821,.T.);
#3062=EDGE_CURVE('',#2105,#2101,#826,.T.);
#3064=EDGE_CURVE('',#2238,#2105,#830,.T.);
#3066=EDGE_CURVE('',#2242,#2238,#835,.T.);
#3068=EDGE_CURVE('',#2283,#2242,#839,.T.);
#3072=ADVANCED_FACE('',(#3071),#3010,.T.);
#3078=EDGE_CURVE('',#2196,#2197,#843,.T.);
#3080=EDGE_CURVE('',#2229,#2196,#939,.T.);
#3083=EDGE_CURVE('',#2197,#2225,#859,.T.);
#3087=ADVANCED_FACE('',(#3086),#3077,.F.);
#3093=EDGE_CURVE('',#2192,#2193,#847,.T.);
#3095=EDGE_CURVE('',#2192,#2196,#983,.T.);
#3098=EDGE_CURVE('',#2193,#2197,#903,.T.);
#3102=ADVANCED_FACE('',(#3101),#3092,.F.);
#3109=EDGE_CURVE('',#2193,#2223,#883,.T.);
#3112=EDGE_CURVE('',#2227,#2192,#955,.T.);
#3116=ADVANCED_FACE('',(#3115),#3107,.F.);
#3122=EDGE_CURVE('',#1940,#1944,#851,.T.);
#3126=EDGE_CURVE('',#1884,#1940,#855,.T.);
#3130=ADVANCED_FACE('',(#3129),#3121,.T.);
#3138=EDGE_CURVE('',#1939,#1942,#863,.T.);
#3140=EDGE_CURVE('',#1939,#2197,#867,.T.);
#3144=ADVANCED_FACE('',(#3143),#3135,.T.);
#3150=EDGE_CURVE('',#2209,#2268,#871,.T.);
#3152=EDGE_CURVE('',#2209,#1896,#875,.T.);
#3158=ADVANCED_FACE('',(#3157),#3149,.T.);
#3164=EDGE_CURVE('',#2213,#2270,#879,.T.);
#3168=EDGE_CURVE('',#2193,#2213,#887,.T.);
#3172=ADVANCED_FACE('',(#3171),#3163,.T.);
#3179=EDGE_CURVE('',#1952,#1940,#891,.T.);
#3181=EDGE_CURVE('',#1948,#1952,#935,.T.);
#3186=ADVANCED_FACE('',(#3185),#3177,.F.);
#3192=EDGE_CURVE('',#1939,#1940,#907,.T.);
#3194=EDGE_CURVE('',#1950,#1939,#895,.T.);
#3196=EDGE_CURVE('',#1950,#1952,#975,.T.);
#3201=ADVANCED_FACE('',(#3200),#3191,.F.);
#3207=EDGE_CURVE('',#2209,#2213,#899,.T.);
#3215=EDGE_CURVE('',#1883,#1971,#911,.T.);
#3217=EDGE_CURVE('',#1971,#1972,#915,.T.);
#3219=EDGE_CURVE('',#1972,#1974,#919,.T.);
#3221=EDGE_CURVE('',#1976,#1974,#923,.T.);
#3223=EDGE_CURVE('',#1976,#1895,#927,.T.);
#3229=ADVANCED_FACE('',(#3228),#3206,.T.);
#3235=EDGE_CURVE('',#2208,#2209,#931,.T.);
#3237=EDGE_CURVE('',#2208,#2212,#959,.T.);
#3239=EDGE_CURVE('',#2212,#2213,#1706,.T.);
#3244=ADVANCED_FACE('',(#3243),#3234,.F.);
#3253=EDGE_CURVE('',#2272,#2208,#947,.T.);
#3257=ADVANCED_FACE('',(#3256),#3249,.F.);
#3264=EDGE_CURVE('',#1930,#1952,#971,.T.);
#3266=EDGE_CURVE('',#1930,#1928,#1658,.T.);
#3271=ADVANCED_FACE('',(#3270),#3262,.F.);
#3278=EDGE_CURVE('',#1950,#2196,#979,.T.);
#3280=EDGE_CURVE('',#1946,#1950,#943,.T.);
#3285=ADVANCED_FACE('',(#3284),#3276,.F.);
#3293=EDGE_CURVE('',#1933,#1934,#1000,.T.);
#3295=EDGE_CURVE('',#2208,#1934,#963,.T.);
#3299=ADVANCED_FACE('',(#3298),#3290,.F.);
#3305=EDGE_CURVE('',#2274,#2212,#951,.T.);
#3307=EDGE_CURVE('',#2192,#2212,#987,.T.);
#3313=ADVANCED_FACE('',(#3312),#3304,.F.);
#3321=EDGE_CURVE('',#1934,#2116,#996,.T.);
#3323=EDGE_CURVE('',#2121,#2116,#967,.T.);
#3325=EDGE_CURVE('',#1930,#2121,#1662,.T.);
#3334=ADVANCED_FACE('',(#3333),#3318,.F.);
#3340=EDGE_CURVE('',#2116,#2117,#992,.T.);
#3345=EDGE_CURVE('',#1924,#1936,#1004,.T.);
#3347=EDGE_CURVE('',#1923,#1924,#1008,.T.);
#3349=EDGE_CURVE('',#1956,#1923,#1013,.T.);
#3351=EDGE_CURVE('',#2117,#1956,#1017,.T.);
#3355=ADVANCED_FACE('',(#3354),#3339,.F.);
#3362=EDGE_CURVE('',#2119,#2117,#1066,.T.);
#3364=EDGE_CURVE('',#2119,#2121,#1637,.T.);
#3369=ADVANCED_FACE('',(#3368),#3360,.F.);
#3375=EDGE_CURVE('',#2298,#2299,#1052,.T.);
#3377=EDGE_CURVE('',#2253,#2299,#1510,.T.);
#3379=EDGE_CURVE('',#2253,#2254,#1057,.T.);
#3381=EDGE_CURVE('',#2108,#2254,#1502,.T.);
#3383=EDGE_CURVE('',#2108,#2109,#1062,.T.);
#3385=EDGE_CURVE('',#1954,#2109,#1498,.T.);
#3387=EDGE_CURVE('',#2119,#1954,#1641,.T.);
#3391=EDGE_CURVE('',#2298,#1956,#1506,.T.);
#3395=EDGE_CURVE('',#2245,#2246,#1032,.T.);
#3397=EDGE_CURVE('',#2246,#2245,#1037,.T.);
#3401=EDGE_CURVE('',#2290,#2291,#1042,.T.);
#3403=EDGE_CURVE('',#2291,#2290,#1047,.T.);
#3407=EDGE_CURVE('',#1979,#1980,#1022,.T.);
#3409=EDGE_CURVE('',#1980,#1979,#1027,.T.);
#3413=ADVANCED_FACE('',(#3394,#3400,#3406,#3412),#3374,.T.);
#3420=EDGE_CURVE('',#1979,#1983,#1071,.T.);
#3422=EDGE_CURVE('',#1983,#1984,#1134,.T.);
#3424=EDGE_CURVE('',#1980,#1984,#1076,.T.);
#3428=ADVANCED_FACE('',(#3427),#3418,.F.);
#3436=EDGE_CURVE('',#1984,#1983,#1086,.T.);
#3441=ADVANCED_FACE('',(#3440),#3433,.F.);
#3447=EDGE_CURVE('',#2100,#2099,#1081,.T.);
#3449=EDGE_CURVE('',#1983,#2099,#1138,.T.);
#3452=EDGE_CURVE('',#1984,#2100,#1090,.T.);
#3456=ADVANCED_FACE('',(#3455),#3446,.T.);
#3462=EDGE_CURVE('',#2096,#2095,#1104,.T.);
#3464=EDGE_CURVE('',#2095,#2099,#1124,.T.);
#3467=EDGE_CURVE('',#2096,#2100,#1094,.T.);
#3471=ADVANCED_FACE('',(#3470),#3461,.T.);
#3477=EDGE_CURVE('',#2095,#2096,#1099,.T.);
#3482=EDGE_CURVE('',#1987,#1988,#1108,.T.);
#3484=EDGE_CURVE('',#1987,#1991,#1112,.T.);
#3486=EDGE_CURVE('',#1991,#1992,#1116,.T.);
#3488=EDGE_CURVE('',#1988,#1992,#1120,.T.);
#3492=ADVANCED_FACE('',(#3481,#3491),#3476,.T.);
#3500=EDGE_CURVE('',#2099,#2100,#1129,.T.);
#3505=ADVANCED_FACE('',(#3504),#3497,.T.);
#3517=ADVANCED_FACE('',(#3516),#3510,.T.);
#3523=EDGE_CURVE('',#1904,#1910,#1142,.T.);
#3526=EDGE_CURVE('',#2090,#1912,#1198,.T.);
#3528=EDGE_CURVE('',#1912,#1903,#1146,.T.);
#3530=EDGE_CURVE('',#1903,#1904,#1150,.T.);
#3534=ADVANCED_FACE('',(#3533),#3522,.F.);
#3541=EDGE_CURVE('',#1988,#2037,#1154,.T.);
#3543=EDGE_CURVE('',#2037,#2038,#1158,.T.);
#3545=EDGE_CURVE('',#2038,#1987,#1162,.T.);
#3549=ADVANCED_FACE('',(#3548),#3539,.F.);
#3556=EDGE_CURVE('',#1904,#1908,#1166,.T.);
#3558=EDGE_CURVE('',#1908,#1914,#1174,.T.);
#3563=ADVANCED_FACE('',(#3562),#3554,.T.);
#3570=EDGE_CURVE('',#1903,#1907,#1170,.T.);
#3572=EDGE_CURVE('',#1907,#1908,#1178,.T.);
#3577=ADVANCED_FACE('',(#3576),#3568,.T.);
#3585=EDGE_CURVE('',#1916,#1907,#1182,.T.);
#3590=ADVANCED_FACE('',(#3589),#3582,.T.);
#3599=EDGE_CURVE('',#2092,#1916,#1206,.T.);
#3604=ADVANCED_FACE('',(#3603),#3595,.T.);
#3611=EDGE_CURVE('',#2042,#1991,#1186,.T.);
#3613=EDGE_CURVE('',#2041,#2042,#1190,.T.);
#3615=EDGE_CURVE('',#1992,#2041,#1194,.T.);
#3619=ADVANCED_FACE('',(#3618),#3609,.T.);
#3631=ADVANCED_FACE('',(#3630),#3624,.F.);
#3637=EDGE_CURVE('',#2334,#2330,#1202,.T.);
#3644=ADVANCED_FACE('',(#3643),#3636,.F.);
#3650=EDGE_CURVE('',#2370,#2366,#1210,.T.);
#3653=EDGE_CURVE('',#2338,#2331,#1214,.T.);
#3658=ADVANCED_FACE('',(#3657),#3649,.F.);
#3670=ADVANCED_FACE('',(#3669),#3663,.F.);
#3678=EDGE_CURVE('',#2330,#2318,#1222,.T.);
#3680=EDGE_CURVE('',#2318,#2319,#1226,.T.);
#3682=EDGE_CURVE('',#2319,#2335,#1230,.T.);
#3686=ADVANCED_FACE('',(#3685),#3675,.F.);
#3692=EDGE_CURVE('',#2342,#2343,#1288,.T.);
#3694=EDGE_CURVE('',#2343,#2314,#1234,.T.);
#3696=EDGE_CURVE('',#2314,#2315,#1238,.T.);
#3698=EDGE_CURVE('',#2315,#2342,#1242,.T.);
#3702=ADVANCED_FACE('',(#3701),#3691,.F.);
#3709=EDGE_CURVE('',#2331,#2326,#1254,.T.);
#3711=EDGE_CURVE('',#2318,#2326,#1274,.T.);
#3716=ADVANCED_FACE('',(#3715),#3707,.T.);
#3723=EDGE_CURVE('',#2327,#2339,#1246,.T.);
#3725=EDGE_CURVE('',#2326,#2327,#1250,.T.);
#3731=ADVANCED_FACE('',(#3730),#3721,.T.);
#3737=EDGE_CURVE('',#2346,#2347,#1296,.T.);
#3739=EDGE_CURVE('',#2323,#2346,#1258,.T.);
#3741=EDGE_CURVE('',#2322,#2323,#1262,.T.);
#3743=EDGE_CURVE('',#2347,#2322,#1266,.T.);
#3747=ADVANCED_FACE('',(#3746),#3736,.T.);
#3755=EDGE_CURVE('',#2319,#2327,#1270,.T.);
#3760=ADVANCED_FACE('',(#3759),#3752,.T.);
#3772=ADVANCED_FACE('',(#3771),#3765,.T.);
#3778=EDGE_CURVE('',#2261,#2262,#1279,.T.);
#3780=EDGE_CURVE('',#2262,#2261,#1284,.T.);
#3785=EDGE_CURVE('',#2342,#2346,#1292,.T.);
#3788=EDGE_CURVE('',#2343,#2347,#1300,.T.);
#3792=ADVANCED_FACE('',(#3783,#3791),#3777,.T.);
#3799=EDGE_CURVE('',#2262,#2266,#1308,.T.);
#3801=EDGE_CURVE('',#2265,#2266,#1327,.T.);
#3803=EDGE_CURVE('',#2261,#2265,#1304,.T.);
#3807=ADVANCED_FACE('',(#3806),#3797,.T.);
#3815=EDGE_CURVE('',#2266,#2265,#1313,.T.);
#3820=ADVANCED_FACE('',(#3819),#3812,.T.);
#3827=EDGE_CURVE('',#2250,#2265,#1336,.T.);
#3829=EDGE_CURVE('',#2249,#2250,#1318,.T.);
#3831=EDGE_CURVE('',#2249,#2266,#1322,.T.);
#3835=ADVANCED_FACE('',(#3834),#3825,.T.);
#3843=EDGE_CURVE('',#2250,#2249,#1332,.T.);
#3848=ADVANCED_FACE('',(#3847),#3840,.T.);
#3855=EDGE_CURVE('',#2246,#2250,#1341,.T.);
#3858=EDGE_CURVE('',#2245,#2249,#1346,.T.);
#3862=ADVANCED_FACE('',(#3861),#3853,.F.);
#3874=ADVANCED_FACE('',(#3873),#3867,.F.);
#3882=EDGE_CURVE('',#2315,#2323,#1350,.T.);
#3887=ADVANCED_FACE('',(#3886),#3879,.T.);
#3894=EDGE_CURVE('',#2314,#2322,#1354,.T.);
#3900=ADVANCED_FACE('',(#3899),#3892,.T.);
#3912=ADVANCED_FACE('',(#3911),#3905,.T.);
#3921=EDGE_CURVE('',#2354,#2355,#1362,.T.);
#3923=EDGE_CURVE('',#2355,#2371,#1366,.T.);
#3927=ADVANCED_FACE('',(#3926),#3917,.F.);
#3933=EDGE_CURVE('',#2378,#2379,#1400,.T.);
#3935=EDGE_CURVE('',#2379,#2350,#1370,.T.);
#3937=EDGE_CURVE('',#2350,#2351,#1374,.T.);
#3939=EDGE_CURVE('',#2351,#2378,#1378,.T.);
#3943=ADVANCED_FACE('',(#3942),#3932,.F.);
#3952=EDGE_CURVE('',#2355,#2363,#1386,.T.);
#3956=ADVANCED_FACE('',(#3955),#3948,.T.);
#3968=ADVANCED_FACE('',(#3967),#3961,.T.);
#3974=EDGE_CURVE('',#2306,#2307,#1391,.T.);
#3976=EDGE_CURVE('',#2307,#2306,#1396,.T.);
#3981=EDGE_CURVE('',#2378,#2382,#1404,.T.);
#3984=EDGE_CURVE('',#2379,#2383,#1412,.T.);
#3988=ADVANCED_FACE('',(#3979,#3987),#3973,.T.);
#3995=EDGE_CURVE('',#2307,#2311,#1420,.T.);
#3997=EDGE_CURVE('',#2310,#2311,#1439,.T.);
#3999=EDGE_CURVE('',#2306,#2310,#1416,.T.);
#4003=ADVANCED_FACE('',(#4002),#3993,.T.);
#4011=EDGE_CURVE('',#2311,#2310,#1425,.T.);
#4016=ADVANCED_FACE('',(#4015),#4008,.T.);
#4023=EDGE_CURVE('',#2295,#2310,#1448,.T.);
#4025=EDGE_CURVE('',#2294,#2295,#1430,.T.);
#4027=EDGE_CURVE('',#2294,#2311,#1434,.T.);
#4031=ADVANCED_FACE('',(#4030),#4021,.T.);
#4039=EDGE_CURVE('',#2295,#2294,#1444,.T.);
#4044=ADVANCED_FACE('',(#4043),#4036,.T.);
#4051=EDGE_CURVE('',#2291,#2295,#1453,.T.);
#4054=EDGE_CURVE('',#2290,#2294,#1458,.T.);
#4058=ADVANCED_FACE('',(#4057),#4049,.F.);
#4070=ADVANCED_FACE('',(#4069),#4063,.F.);
#4078=EDGE_CURVE('',#2351,#2359,#1462,.T.);
#4083=ADVANCED_FACE('',(#4082),#4075,.T.);
#4090=EDGE_CURVE('',#2350,#2358,#1466,.T.);
#4096=ADVANCED_FACE('',(#4095),#4088,.T.);
#4108=ADVANCED_FACE('',(#4107),#4101,.T.);
#4116=EDGE_CURVE('',#2038,#2042,#1470,.T.);
#4121=ADVANCED_FACE('',(#4120),#4113,.T.);
#4128=EDGE_CURVE('',#2037,#2041,#1474,.T.);
#4134=ADVANCED_FACE('',(#4133),#4126,.T.);
#4146=ADVANCED_FACE('',(#4145),#4139,.T.);
#4153=EDGE_CURVE('',#2298,#2302,#1484,.T.);
#4155=EDGE_CURVE('',#2302,#2303,#1697,.T.);
#4157=EDGE_CURVE('',#2303,#2299,#1494,.T.);
#4161=ADVANCED_FACE('',(#4160),#4151,.F.);
#4168=EDGE_CURVE('',#2113,#2109,#1530,.T.);
#4170=EDGE_CURVE('',#2113,#1919,#1544,.T.);
#4172=EDGE_CURVE('',#1919,#1954,#1646,.T.);
#4176=ADVANCED_FACE('',(#4175),#4166,.F.);
#4183=EDGE_CURVE('',#2258,#2254,#1692,.T.);
#4185=EDGE_CURVE('',#2258,#2112,#1552,.T.);
#4187=EDGE_CURVE('',#2108,#2112,#1520,.T.);
#4191=ADVANCED_FACE('',(#4190),#4181,.F.);
#4197=EDGE_CURVE('',#1923,#2302,#1564,.T.);
#4204=ADVANCED_FACE('',(#4203),#4196,.F.);
#4212=EDGE_CURVE('',#2303,#2257,#1572,.T.);
#4214=EDGE_CURVE('',#2253,#2257,#1682,.T.);
#4218=ADVANCED_FACE('',(#4217),#4209,.F.);
#4226=EDGE_CURVE('',#2112,#2113,#1535,.T.);
#4231=ADVANCED_FACE('',(#4230),#4223,.F.);
#4238=EDGE_CURVE('',#2112,#2104,#1560,.T.);
#4240=EDGE_CURVE('',#2104,#2102,#1540,.T.);
#4242=EDGE_CURVE('',#2113,#2102,#1548,.T.);
#4246=ADVANCED_FACE('',(#4245),#4236,.F.);
#4254=EDGE_CURVE('',#1920,#2102,#1590,.T.);
#4256=EDGE_CURVE('',#1919,#1920,#1650,.T.);
#4260=ADVANCED_FACE('',(#4259),#4251,.F.);
#4267=EDGE_CURVE('',#2258,#2239,#1556,.T.);
#4269=EDGE_CURVE('',#2104,#2239,#1606,.T.);
#4274=ADVANCED_FACE('',(#4273),#4265,.F.);
#4282=EDGE_CURVE('',#2286,#1924,#1632,.T.);
#4284=EDGE_CURVE('',#2302,#2286,#1568,.T.);
#4288=ADVANCED_FACE('',(#4287),#4279,.F.);
#4295=EDGE_CURVE('',#2303,#2284,#1576,.T.);
#4297=EDGE_CURVE('',#2241,#2284,#1622,.T.);
#4299=EDGE_CURVE('',#2257,#2241,#1580,.T.);
#4303=ADVANCED_FACE('',(#4302),#4293,.F.);
#4309=EDGE_CURVE('',#2101,#2102,#1586,.T.);
#4312=EDGE_CURVE('',#1927,#1920,#1654,.T.);
#4317=ADVANCED_FACE('',(#4316),#4308,.F.);
#4323=EDGE_CURVE('',#2238,#2239,#1596,.T.);
#4326=EDGE_CURVE('',#2104,#2105,#1602,.T.);
#4331=ADVANCED_FACE('',(#4330),#4322,.F.);
#4337=EDGE_CURVE('',#2283,#2284,#1612,.T.);
#4340=EDGE_CURVE('',#2241,#2242,#1618,.T.);
#4345=ADVANCED_FACE('',(#4344),#4336,.F.);
#4351=EDGE_CURVE('',#2286,#2287,#1628,.T.);
#4358=ADVANCED_FACE('',(#4357),#4350,.F.);
#4370=ADVANCED_FACE('',(#4369),#4363,.F.);
#4386=ADVANCED_FACE('',(#4385),#4375,.F.);
#4393=EDGE_CURVE('',#2241,#2239,#1672,.T.);
#4399=ADVANCED_FACE('',(#4398),#4391,.F.);
#4405=EDGE_CURVE('',#2257,#2258,#1667,.T.);
#4412=ADVANCED_FACE('',(#4411),#4404,.F.);
#4424=ADVANCED_FACE('',(#4423),#4417,.F.);
#4431=EDGE_CURVE('',#2286,#2284,#1702,.T.);
#4437=ADVANCED_FACE('',(#4436),#4429,.F.);
#4449=ADVANCED_FACE('',(#4448),#4442,.F.);
#4461=ADVANCED_FACE('',(#4460),#4454,.F.);
#4473=ADVANCED_FACE('',(#4472),#4466,.F.);
#4479=EDGE_CURVE('',#1964,#1971,#1711,.T.);
#4483=EDGE_CURVE('',#1880,#1964,#1715,.T.);
#4487=ADVANCED_FACE('',(#4486),#4478,.T.);
#4493=EDGE_CURVE('',#1968,#1976,#1720,.T.);
#4495=EDGE_CURVE('',#1968,#1892,#1724,.T.);
#4501=ADVANCED_FACE('',(#4500),#4492,.T.);
#4507=EDGE_CURVE('',#1963,#1964,#1728,.T.);
#4510=EDGE_CURVE('',#1972,#1959,#1748,.T.);
#4516=ADVANCED_FACE('',(#4515),#4506,.F.);
#4528=ADVANCED_FACE('',(#4527),#4521,.T.);
#4534=EDGE_CURVE('',#1967,#1968,#1736,.T.);
#4541=ADVANCED_FACE('',(#4540),#4533,.T.);
#4550=EDGE_CURVE('',#1974,#1960,#1744,.T.);
#4555=ADVANCED_FACE('',(#4554),#4546,.F.);
#4567=ADVANCED_FACE('',(#4566),#4560,.F.);
#4573=EDGE_CURVE('',#2221,#2201,#1816,.T.);
#4575=EDGE_CURVE('',#2220,#2221,#1828,.T.);
#4578=EDGE_CURVE('',#2216,#2217,#1752,.T.);
#4580=EDGE_CURVE('',#2136,#2217,#1808,.T.);
#4585=EDGE_CURVE('',#2001,#1995,#1764,.T.);
#4590=EDGE_CURVE('',#2088,#2128,#1788,.T.);
#4594=EDGE_CURVE('',#2060,#2086,#1776,.T.);
#4596=EDGE_CURVE('',#2205,#2086,#1796,.T.);
#4598=EDGE_CURVE('',#2204,#2205,#1824,.T.);
#4601=EDGE_CURVE('',#2200,#2201,#1780,.T.);
#4605=ADVANCED_FACE('',(#4604),#4572,.T.);
#4617=ADVANCED_FACE('',(#4616),#4610,.F.);
#4623=EDGE_CURVE('',#2205,#2237,#1792,.T.);
#4626=EDGE_CURVE('',#2086,#2082,#1800,.T.);
#4631=ADVANCED_FACE('',(#4630),#4622,.F.);
#4637=EDGE_CURVE('',#2217,#2280,#1804,.T.);
#4644=ADVANCED_FACE('',(#4643),#4636,.F.);
#4650=EDGE_CURVE('',#2221,#2282,#1812,.T.);
#4653=EDGE_CURVE('',#2201,#2235,#1820,.T.);
#4658=ADVANCED_FACE('',(#4657),#4649,.F.);
#4670=ADVANCED_FACE('',(#4669),#4663,.F.);
#4682=ADVANCED_FACE('',(#4681),#4675,.F.);
#4694=ADVANCED_FACE('',(#4693),#4687,.F.);
#4706=ADVANCED_FACE('',(#4705),#4699,.F.);
#4718=ADVANCED_FACE('',(#4717),#4711,.F.);
#4724=EDGE_CURVE('',#2002,#1996,#1832,.T.);
#4731=ADVANCED_FACE('',(#4730),#4723,.T.);
#4743=ADVANCED_FACE('',(#4742),#4736,.F.);
#4751=EDGE_CURVE('',#2185,#2176,#1840,.T.);
#4756=ADVANCED_FACE('',(#4755),#4748,.F.);
#4765=EDGE_CURVE('',#2187,#2177,#1844,.T.);
#4769=ADVANCED_FACE('',(#4768),#4761,.F.);
#4778=EDGE_CURVE('',#2189,#2179,#1848,.T.);
#4782=ADVANCED_FACE('',(#4781),#4774,.F.);
#4791=EDGE_CURVE('',#2183,#2181,#1852,.T.);
#4795=ADVANCED_FACE('',(#4794),#4787,.F.);
#4807=ADVANCED_FACE('',(#4806),#4800,.F.);
#4816=EDGE_CURVE('',#2173,#2157,#1856,.T.);
#4820=ADVANCED_FACE('',(#4819),#4812,.T.);
#4829=EDGE_CURVE('',#2171,#2155,#1860,.T.);
#4833=ADVANCED_FACE('',(#4832),#4825,.T.);
#4842=EDGE_CURVE('',#2169,#2153,#1864,.T.);
#4846=ADVANCED_FACE('',(#4845),#4838,.F.);
#4858=ADVANCED_FACE('',(#4857),#4851,.T.);
#4865=EDGE_CURVE('',#2018,#2010,#1872,.T.);
#4871=ADVANCED_FACE('',(#4870),#4863,.F.);
#4883=ADVANCED_FACE('',(#4882),#4876,.F.);
#4890=TRIMMED_CURVE('A_341',#4889,(PARAMETER_VALUE(0.E0)),(PARAMETER_VALUE
(1.E0)),.T.,.UNSPECIFIED.);
#4900=TRIMMED_CURVE('A_346',#4899,(PARAMETER_VALUE(0.E0)),(PARAMETER_VALUE
(1.E0)),.T.,.UNSPECIFIED.);
#4908=TRIMMED_CURVE('A_347',#4907,(PARAMETER_VALUE(0.E0)),(PARAMETER_VALUE
(1.E0)),.T.,.UNSPECIFIED.);
#4912=(LENGTH_UNIT()NAMED_UNIT(*)SI_UNIT(.MILLI.,.METRE.));
#4913=(NAMED_UNIT(*)PLANE_ANGLE_UNIT()SI_UNIT($,.RADIAN.));
#4916=(NAMED_UNIT(*)SI_UNIT($,.STERADIAN.)SOLID_ANGLE_UNIT());
#4918=(GEOMETRIC_REPRESENTATION_CONTEXT(3)GLOBAL_UNCERTAINTY_ASSIGNED_CONTEXT((
#4917))GLOBAL_UNIT_ASSIGNED_CONTEXT((#4912,#4915,#4916))REPRESENTATION_CONTEXT(
'ID1','3'));
#4919=ADVANCED_BREP_SHAPE_REPRESENTATION('',(#4885),#4918);
#4920=GEOMETRICALLY_BOUNDED_SURFACE_SHAPE_REPRESENTATION('',(#4895),#4918);
#4924=AXIS2_PLACEMENT_3D('',#4921,#4922,#4923);
#4925=SHAPE_REPRESENTATION('',(#4924),#4918);
#4935=PRODUCT_DEFINITION('part definition','',#4934,#4931);
#4936=PRODUCT_DEFINITION_SHAPE('','SHAPE FOR C-2342079-3.',#4935);
#4937=SHAPE_ASPECT('','solid data associated with C-2342079-3',#4936,.F.);
#4938=PROPERTY_DEFINITION('',
'shape for solid data with which properties are associated',#4937);
#4939=SHAPE_REPRESENTATION('',(#4885),#4918);
#4940=SHAPE_DEFINITION_REPRESENTATION(#4938,#4939);
#4941=(LENGTH_UNIT()NAMED_UNIT(*)SI_UNIT(.MILLI.,.METRE.));
#4945=PROPERTY_DEFINITION('geometric validation property','area of C-2342079-3',
#4937);
#4946=REPRESENTATION('surface area',(#4944),#4918);
#4947=PROPERTY_DEFINITION_REPRESENTATION(#4945,#4946);
#4948=(LENGTH_UNIT()NAMED_UNIT(*)SI_UNIT(.MILLI.,.METRE.));
#4952=PROPERTY_DEFINITION('geometric validation property',
'volume of C-2342079-3',#4937);
#4953=REPRESENTATION('volume',(#4951),#4918);
#4954=PROPERTY_DEFINITION_REPRESENTATION(#4952,#4953);
#4956=PROPERTY_DEFINITION('geometric validation property',
'centroid of C-2342079-3',#4937);
#4957=REPRESENTATION('centroid',(#4955),#4918);
#4958=PROPERTY_DEFINITION_REPRESENTATION(#4956,#4957);
#4959=(LENGTH_UNIT()NAMED_UNIT(*)SI_UNIT(.MILLI.,.METRE.));
#4963=PROPERTY_DEFINITION('geometric validation property','area of C-2342079-3',
#4936);
#4964=REPRESENTATION('surface area',(#4962),#4918);
#4965=PROPERTY_DEFINITION_REPRESENTATION(#4963,#4964);
#4966=(LENGTH_UNIT()NAMED_UNIT(*)SI_UNIT(.MILLI.,.METRE.));
#4970=PROPERTY_DEFINITION('geometric validation property',
'volume of C-2342079-3',#4936);
#4971=REPRESENTATION('volume',(#4969),#4918);
#4972=PROPERTY_DEFINITION_REPRESENTATION(#4970,#4971);
#4974=PROPERTY_DEFINITION('geometric validation property',
'centroid of C-2342079-3',#4936);
#4975=REPRESENTATION('centroid',(#4973),#4918);
#4976=PROPERTY_DEFINITION_REPRESENTATION(#4974,#4975);
#4977=SHAPE_DEFINITION_REPRESENTATION(#4936,#4925);
#4979=PROPERTY_DEFINITION('PART_NO','user defined attribute',#4935);
#4983=REPRESENTATION('',(#4982),#4918);
#4984=PROPERTY_DEFINITION_REPRESENTATION(#4979,#4983);
#4985=PROPERTY_DEFINITION('DWG_TITLE','user defined attribute',#4935);
#4989=REPRESENTATION('',(#4988),#4918);
#4990=PROPERTY_DEFINITION_REPRESENTATION(#4985,#4989);
#4991=PROPERTY_DEFINITION('DWG_TITLE_2','user defined attribute',#4935);
#4995=REPRESENTATION('',(#4994),#4918);
#4996=PROPERTY_DEFINITION_REPRESENTATION(#4991,#4995);
#4997=PROPERTY_DEFINITION('DESC','user defined attribute',#4935);
#5001=REPRESENTATION('',(#5000),#4918);
#5002=PROPERTY_DEFINITION_REPRESENTATION(#4997,#5001);
#5003=PROPERTY_DEFINITION('DOC_STATUS','user defined attribute',#4935);
#5007=REPRESENTATION('',(#5006),#4918);
#5008=PROPERTY_DEFINITION_REPRESENTATION(#5003,#5007);
#5009=PROPERTY_DEFINITION('PROI_CREATED_BY','user defined attribute',#4935);
#5013=REPRESENTATION('',(#5012),#4918);
#5014=PROPERTY_DEFINITION_REPRESENTATION(#5009,#5013);
#5015=PROPERTY_DEFINITION('PROI_CREATED_ON','user defined attribute',#4935);
#5019=REPRESENTATION('',(#5018),#4918);
#5020=PROPERTY_DEFINITION_REPRESENTATION(#5015,#5019);
#5021=PROPERTY_DEFINITION('PROI_LOCATION','user defined attribute',#4935);
#5025=REPRESENTATION('',(#5024),#4918);
#5026=PROPERTY_DEFINITION_REPRESENTATION(#5021,#5025);
#5027=PROPERTY_DEFINITION('MOD_NUM','user defined attribute',#4935);
#5031=REPRESENTATION('',(#5030),#4918);
#5032=PROPERTY_DEFINITION_REPRESENTATION(#5027,#5031);
#5033=PROPERTY_DEFINITION('PDMREV','user defined attribute',#4935);
#5037=REPRESENTATION('',(#5036),#4918);
#5038=PROPERTY_DEFINITION_REPRESENTATION(#5033,#5037);
#5039=PROPERTY_DEFINITION('PDMDB','user defined attribute',#4935);
#5043=REPRESENTATION('',(#5042),#4918);
#5044=PROPERTY_DEFINITION_REPRESENTATION(#5039,#5043);
#5045=PROPERTY_DEFINITION('PDMRL','user defined attribute',#4935);
#5049=REPRESENTATION('',(#5048),#4918);
#5050=PROPERTY_DEFINITION_REPRESENTATION(#5045,#5049);
#5051=PROPERTY_DEFINITION('PROI_REVISION','user defined attribute',#4935);
#5055=REPRESENTATION('',(#5054),#4918);
#5056=PROPERTY_DEFINITION_REPRESENTATION(#5051,#5055);
#5057=PROPERTY_DEFINITION('PROI_VERSION','user defined attribute',#4935);
#5061=REPRESENTATION('',(#5060),#4918);
#5062=PROPERTY_DEFINITION_REPRESENTATION(#5057,#5061);
#5063=PROPERTY_DEFINITION('PROI_BRANCH','user defined attribute',#4935);
#5067=REPRESENTATION('',(#5066),#4918);
#5068=PROPERTY_DEFINITION_REPRESENTATION(#5063,#5067);
#5069=PROPERTY_DEFINITION('PROI_RELEASE','user defined attribute',#4935);
#5073=REPRESENTATION('',(#5072),#4918);
#5074=PROPERTY_DEFINITION_REPRESENTATION(#5069,#5073);
#5075=PROPERTY_DEFINITION('PTC_MODIFIED','user defined attribute',#4935);
#5079=REPRESENTATION('',(#5078),#4918);
#5080=PROPERTY_DEFINITION_REPRESENTATION(#5075,#5079);
#5082=REPRESENTATION('',(#5081),#4918);
#5083=PROPERTY_DEFINITION('attribute type designation','Yes No',#5076);
#5084=PROPERTY_DEFINITION_REPRESENTATION(#5083,#5082);
#5085=PROPERTY_DEFINITION('PTC_COMMON_NAME','user defined attribute',#4935);
#5089=REPRESENTATION('',(#5088),#4918);
#5090=PROPERTY_DEFINITION_REPRESENTATION(#5085,#5089);
#5091=PROPERTY_DEFINITION('PTC_ORGANIZATION_ID','user defined attribute',#4935);
#5095=REPRESENTATION('',(#5094),#4918);
#5096=PROPERTY_DEFINITION_REPRESENTATION(#5091,#5095);
#5097=PROPERTY_DEFINITION('PTC_WM_REVISION','user defined attribute',#4935);
#5101=REPRESENTATION('',(#5100),#4918);
#5102=PROPERTY_DEFINITION_REPRESENTATION(#5097,#5101);
#5103=PROPERTY_DEFINITION('PTC_WM_ITERATION','user defined attribute',#4935);
#5107=REPRESENTATION('',(#5106),#4918);
#5108=PROPERTY_DEFINITION_REPRESENTATION(#5103,#5107);
#5109=PROPERTY_DEFINITION('PTC_WM_VERSION','user defined attribute',#4935);
#5113=REPRESENTATION('',(#5112),#4918);
#5114=PROPERTY_DEFINITION_REPRESENTATION(#5109,#5113);
#5115=PROPERTY_DEFINITION('PTC_WM_LIFECYCLE_STATE','user defined attribute',
#4935);
#5119=REPRESENTATION('',(#5118),#4918);
#5120=PROPERTY_DEFINITION_REPRESENTATION(#5115,#5119);
#5121=PROPERTY_DEFINITION('PTC_WM_LIFECYCLE','user defined attribute',#4935);
#5125=REPRESENTATION('',(#5124),#4918);
#5126=PROPERTY_DEFINITION_REPRESENTATION(#5121,#5125);
#5127=PROPERTY_DEFINITION('PTC_WM_LOCATION','user defined attribute',#4935);
#5131=REPRESENTATION('',(#5130),#4918);
#5132=PROPERTY_DEFINITION_REPRESENTATION(#5127,#5131);
#5133=PROPERTY_DEFINITION('PTC_WM_CREATED_BY','user defined attribute',#4935);
#5137=REPRESENTATION('',(#5136),#4918);
#5138=PROPERTY_DEFINITION_REPRESENTATION(#5133,#5137);
#5139=PROPERTY_DEFINITION('PTC_WM_CREATED_ON','user defined attribute',#4935);
#5143=REPRESENTATION('',(#5142),#4918);
#5144=PROPERTY_DEFINITION_REPRESENTATION(#5139,#5143);
#5145=PROPERTY_DEFINITION('PTC_WM_MODIFIED_BY','user defined attribute',#4935);
#5149=REPRESENTATION('',(#5148),#4918);
#5150=PROPERTY_DEFINITION_REPRESENTATION(#5145,#5149);
#5151=PROPERTY_DEFINITION('PTC_WM_MODIFIED_ON','user defined attribute',#4935);
#5155=REPRESENTATION('',(#5154),#4918);
#5156=PROPERTY_DEFINITION_REPRESENTATION(#5151,#5155);
#5157=PROPERTY_DEFINITION('PTC_WM_TEAM','user defined attribute',#4935);
#5161=REPRESENTATION('',(#5160),#4918);
#5162=PROPERTY_DEFINITION_REPRESENTATION(#5157,#5161);
#5163=PROPERTY_DEFINITION('DOC_NUMBER','user defined attribute',#4935);
#5167=REPRESENTATION('',(#5166),#4918);
#5168=PROPERTY_DEFINITION_REPRESENTATION(#5163,#5167);
#5169=PROPERTY_DEFINITION('EXPORT_RESTRICTED','user defined attribute',#4935);
#5173=REPRESENTATION('',(#5172),#4918);
#5174=PROPERTY_DEFINITION_REPRESENTATION(#5169,#5173);
#5175=PROPERTY_DEFINITION('COMMENTS','user defined attribute',#4935);
#5179=REPRESENTATION('',(#5178),#4918);
#5180=PROPERTY_DEFINITION_REPRESENTATION(#5175,#5179);
#5181=PROPERTY_DEFINITION('DOC_LANGUAGE','user defined attribute',#4935);
#5185=REPRESENTATION('',(#5184),#4918);
#5186=PROPERTY_DEFINITION_REPRESENTATION(#5181,#5185);
#5187=PROPERTY_DEFINITION('REASON_DOC_CHANGE','user defined attribute',#4935);
#5191=REPRESENTATION('',(#5190),#4918);
#5192=PROPERTY_DEFINITION_REPRESENTATION(#5187,#5191);
#5193=PROPERTY_DEFINITION('SEND_WEIGHT','user defined attribute',#4935);
#5197=REPRESENTATION('',(#5196),#4918);
#5198=PROPERTY_DEFINITION_REPRESENTATION(#5193,#5197);
#5199=PROPERTY_DEFINITION('PART_REV','user defined attribute',#4935);
#5203=REPRESENTATION('',(#5202),#4918);
#5204=PROPERTY_DEFINITION_REPRESENTATION(#5199,#5203);
ENDSEC;
END-ISO-10303-21;
