ISO-10303-21;
HEADER;
FILE_DESCRIPTION((''),'2;1');
FILE_NAME('C-2342077-3','2019-07-24T03:14:19',('workeradm'),(
'TE Connectivity Ltd.'),'CREO PARAMETRIC BY PTC INC, 2019030',
'CREO PARAMETRIC BY PTC INC, 2019030','');
FILE_SCHEMA(('AUTOMOTIVE_DESIGN { 1 0 10303 214 1 1 1 1 }'));
ENDSEC;
DATA;
#134=DIRECTION('',(0.E0,-1.E0,0.E0));
#135=VECTOR('',#134,5.3E0);
#136=CARTESIAN_POINT('',(-6.215E0,2.925E0,-8.8E0));
#137=LINE('',#136,#135);
#138=DIRECTION('',(0.E0,0.E0,1.E0));
#139=VECTOR('',#138,4.E-1);
#140=CARTESIAN_POINT('',(-6.215E0,2.925E0,-9.2E0));
#141=LINE('',#140,#139);
#142=DIRECTION('',(0.E0,1.E0,0.E0));
#143=VECTOR('',#142,4.E-1);
#144=CARTESIAN_POINT('',(-6.215E0,2.925E0,-9.2E0));
#145=LINE('',#144,#143);
#146=CARTESIAN_POINT('',(-6.215E0,3.325E0,-8.9E0));
#147=DIRECTION('',(1.E0,0.E0,0.E0));
#148=DIRECTION('',(0.E0,0.E0,-1.E0));
#149=AXIS2_PLACEMENT_3D('',#146,#147,#148);
#151=DIRECTION('',(0.E0,0.E0,1.E0));
#152=VECTOR('',#151,8.4E0);
#153=CARTESIAN_POINT('',(-6.215E0,3.625E0,-8.9E0));
#154=LINE('',#153,#152);
#155=DIRECTION('',(0.E0,1.E0,0.E0));
#156=VECTOR('',#155,2.5E-1);
#157=CARTESIAN_POINT('',(-6.215E0,3.625E0,-5.E-1));
#158=LINE('',#157,#156);
#159=DIRECTION('',(0.E0,0.E0,1.E0));
#160=VECTOR('',#159,5.E-1);
#161=CARTESIAN_POINT('',(-6.215E0,3.875E0,-5.E-1));
#162=LINE('',#161,#160);
#163=DIRECTION('',(0.E0,-1.E0,0.E0));
#164=VECTOR('',#163,7.25E0);
#165=CARTESIAN_POINT('',(-6.215E0,3.875E0,0.E0));
#166=LINE('',#165,#164);
#167=DIRECTION('',(0.E0,0.E0,-1.E0));
#168=VECTOR('',#167,8.9E0);
#169=CARTESIAN_POINT('',(-6.215E0,-3.375E0,0.E0));
#170=LINE('',#169,#168);
#171=CARTESIAN_POINT('',(-6.215E0,-3.075E0,-8.9E0));
#172=DIRECTION('',(1.E0,0.E0,0.E0));
#173=DIRECTION('',(0.E0,-1.E0,0.E0));
#174=AXIS2_PLACEMENT_3D('',#171,#172,#173);
#176=DIRECTION('',(0.E0,1.E0,0.E0));
#177=VECTOR('',#176,7.E-1);
#178=CARTESIAN_POINT('',(-6.215E0,-3.075E0,-9.2E0));
#179=LINE('',#178,#177);
#180=DIRECTION('',(0.E0,0.E0,1.E0));
#181=VECTOR('',#180,4.E-1);
#182=CARTESIAN_POINT('',(-6.215E0,-2.375E0,-9.2E0));
#183=LINE('',#182,#181);
#184=DIRECTION('',(-1.E0,0.E0,0.E0));
#185=VECTOR('',#184,4.05E-1);
#186=CARTESIAN_POINT('',(-5.81E0,-2.375E0,-8.8E0));
#187=LINE('',#186,#185);
#188=DIRECTION('',(0.E0,-1.E0,0.E0));
#189=VECTOR('',#188,3.5E0);
#190=CARTESIAN_POINT('',(-5.81E0,1.125E0,-8.8E0));
#191=LINE('',#190,#189);
#192=DIRECTION('',(-1.E0,0.E0,0.E0));
#193=VECTOR('',#192,5.E-1);
#194=CARTESIAN_POINT('',(-5.31E0,1.125E0,-8.8E0));
#195=LINE('',#194,#193);
#196=DIRECTION('',(0.E0,-1.E0,0.E0));
#197=VECTOR('',#196,1.8E0);
#198=CARTESIAN_POINT('',(-5.31E0,2.925E0,-8.8E0));
#199=LINE('',#198,#197);
#200=DIRECTION('',(1.E0,0.E0,0.E0));
#201=VECTOR('',#200,9.05E-1);
#202=CARTESIAN_POINT('',(-6.215E0,2.925E0,-8.8E0));
#203=LINE('',#202,#201);
#204=DIRECTION('',(1.E0,0.E0,0.E0));
#205=VECTOR('',#204,9.05E-1);
#206=CARTESIAN_POINT('',(5.31E0,2.925E0,-8.8E0));
#207=LINE('',#206,#205);
#208=DIRECTION('',(0.E0,1.E0,0.E0));
#209=VECTOR('',#208,1.8E0);
#210=CARTESIAN_POINT('',(5.31E0,1.125E0,-8.8E0));
#211=LINE('',#210,#209);
#212=DIRECTION('',(-1.E0,0.E0,0.E0));
#213=VECTOR('',#212,5.E-1);
#214=CARTESIAN_POINT('',(5.81E0,1.125E0,-8.8E0));
#215=LINE('',#214,#213);
#216=DIRECTION('',(0.E0,1.E0,0.E0));
#217=VECTOR('',#216,3.5E0);
#218=CARTESIAN_POINT('',(5.81E0,-2.375E0,-8.8E0));
#219=LINE('',#218,#217);
#220=DIRECTION('',(-1.E0,0.E0,0.E0));
#221=VECTOR('',#220,4.05E-1);
#222=CARTESIAN_POINT('',(6.215E0,-2.375E0,-8.8E0));
#223=LINE('',#222,#221);
#224=DIRECTION('',(0.E0,0.E0,1.E0));
#225=VECTOR('',#224,4.E-1);
#226=CARTESIAN_POINT('',(-5.81E0,-2.375E0,-9.2E0));
#227=LINE('',#226,#225);
#228=DIRECTION('',(0.E0,-1.E0,0.E0));
#229=VECTOR('',#228,3.5E0);
#230=CARTESIAN_POINT('',(-5.81E0,1.125E0,-9.2E0));
#231=LINE('',#230,#229);
#232=DIRECTION('',(1.E0,0.E0,0.E0));
#233=VECTOR('',#232,4.05E-1);
#234=CARTESIAN_POINT('',(-6.215E0,-2.375E0,-9.2E0));
#235=LINE('',#234,#233);
#236=DIRECTION('',(1.E0,0.E0,0.E0));
#237=VECTOR('',#236,1.243E1);
#238=CARTESIAN_POINT('',(-6.215E0,-3.075E0,-9.2E0));
#239=LINE('',#238,#237);
#240=DIRECTION('',(-1.E0,0.E0,0.E0));
#241=VECTOR('',#240,4.05E-1);
#242=CARTESIAN_POINT('',(6.215E0,-2.375E0,-9.2E0));
#243=LINE('',#242,#241);
#244=DIRECTION('',(0.E0,1.E0,0.E0));
#245=VECTOR('',#244,3.5E0);
#246=CARTESIAN_POINT('',(5.81E0,-2.375E0,-9.2E0));
#247=LINE('',#246,#245);
#248=DIRECTION('',(-1.E0,0.E0,0.E0));
#249=VECTOR('',#248,5.E-1);
#250=CARTESIAN_POINT('',(5.81E0,1.125E0,-9.2E0));
#251=LINE('',#250,#249);
#252=DIRECTION('',(0.E0,1.E0,0.E0));
#253=VECTOR('',#252,1.8E0);
#254=CARTESIAN_POINT('',(5.31E0,1.125E0,-9.2E0));
#255=LINE('',#254,#253);
#256=DIRECTION('',(-1.E0,0.E0,0.E0));
#257=VECTOR('',#256,9.05E-1);
#258=CARTESIAN_POINT('',(6.215E0,2.925E0,-9.2E0));
#259=LINE('',#258,#257);
#260=DIRECTION('',(1.E0,0.E0,0.E0));
#261=VECTOR('',#260,9.05E-1);
#262=CARTESIAN_POINT('',(-6.215E0,2.925E0,-9.2E0));
#263=LINE('',#262,#261);
#264=DIRECTION('',(0.E0,-1.E0,0.E0));
#265=VECTOR('',#264,1.8E0);
#266=CARTESIAN_POINT('',(-5.31E0,2.925E0,-9.2E0));
#267=LINE('',#266,#265);
#268=DIRECTION('',(1.E0,0.E0,0.E0));
#269=VECTOR('',#268,5.E-1);
#270=CARTESIAN_POINT('',(-5.81E0,1.125E0,-9.2E0));
#271=LINE('',#270,#269);
#272=DIRECTION('',(0.E0,0.E0,1.E0));
#273=VECTOR('',#272,4.E-1);
#274=CARTESIAN_POINT('',(-5.81E0,1.125E0,-9.2E0));
#275=LINE('',#274,#273);
#276=DIRECTION('',(0.E0,0.E0,1.E0));
#277=VECTOR('',#276,4.E-1);
#278=CARTESIAN_POINT('',(-5.31E0,1.125E0,-9.2E0));
#279=LINE('',#278,#277);
#280=DIRECTION('',(0.E0,0.E0,1.E0));
#281=VECTOR('',#280,4.E-1);
#282=CARTESIAN_POINT('',(-5.31E0,2.925E0,-9.2E0));
#283=LINE('',#282,#281);
#284=DIRECTION('',(1.E0,0.E0,0.E0));
#285=VECTOR('',#284,1.243E1);
#286=CARTESIAN_POINT('',(-6.215E0,-3.375E0,-8.9E0));
#287=LINE('',#286,#285);
#288=DIRECTION('',(1.E0,0.E0,0.E0));
#289=VECTOR('',#288,1.243E1);
#290=CARTESIAN_POINT('',(-6.215E0,-3.375E0,0.E0));
#291=LINE('',#290,#289);
#292=DIRECTION('',(0.E0,0.E0,1.E0));
#293=VECTOR('',#292,8.E-1);
#294=CARTESIAN_POINT('',(-3.41E0,-3.375E0,-8.4E0));
#295=LINE('',#294,#293);
#296=DIRECTION('',(-1.E0,0.E0,0.E0));
#297=VECTOR('',#296,8.E-1);
#298=CARTESIAN_POINT('',(-3.41E0,-3.375E0,-7.6E0));
#299=LINE('',#298,#297);
#300=DIRECTION('',(0.E0,0.E0,-1.E0));
#301=VECTOR('',#300,8.E-1);
#302=CARTESIAN_POINT('',(-4.21E0,-3.375E0,-7.6E0));
#303=LINE('',#302,#301);
#304=DIRECTION('',(1.E0,0.E0,0.E0));
#305=VECTOR('',#304,8.E-1);
#306=CARTESIAN_POINT('',(-4.21E0,-3.375E0,-8.4E0));
#307=LINE('',#306,#305);
#308=DIRECTION('',(0.E0,0.E0,1.E0));
#309=VECTOR('',#308,8.E-1);
#310=CARTESIAN_POINT('',(4.E-1,-3.375E0,-8.4E0));
#311=LINE('',#310,#309);
#312=DIRECTION('',(-1.E0,0.E0,0.E0));
#313=VECTOR('',#312,8.E-1);
#314=CARTESIAN_POINT('',(4.E-1,-3.375E0,-7.6E0));
#315=LINE('',#314,#313);
#316=DIRECTION('',(0.E0,0.E0,-1.E0));
#317=VECTOR('',#316,8.E-1);
#318=CARTESIAN_POINT('',(-4.E-1,-3.375E0,-7.6E0));
#319=LINE('',#318,#317);
#320=DIRECTION('',(1.E0,0.E0,0.E0));
#321=VECTOR('',#320,8.E-1);
#322=CARTESIAN_POINT('',(-4.E-1,-3.375E0,-8.4E0));
#323=LINE('',#322,#321);
#324=DIRECTION('',(0.E0,0.E0,1.E0));
#325=VECTOR('',#324,8.E-1);
#326=CARTESIAN_POINT('',(4.21E0,-3.375E0,-8.4E0));
#327=LINE('',#326,#325);
#328=DIRECTION('',(-1.E0,0.E0,0.E0));
#329=VECTOR('',#328,8.E-1);
#330=CARTESIAN_POINT('',(4.21E0,-3.375E0,-7.6E0));
#331=LINE('',#330,#329);
#332=DIRECTION('',(0.E0,0.E0,-1.E0));
#333=VECTOR('',#332,8.E-1);
#334=CARTESIAN_POINT('',(3.41E0,-3.375E0,-7.6E0));
#335=LINE('',#334,#333);
#336=DIRECTION('',(1.E0,0.E0,0.E0));
#337=VECTOR('',#336,8.E-1);
#338=CARTESIAN_POINT('',(3.41E0,-3.375E0,-8.4E0));
#339=LINE('',#338,#337);
#340=DIRECTION('',(3.420201433257E-1,-9.396926207859E-1,0.E0));
#341=VECTOR('',#340,5.852977748618E-1);
#342=CARTESIAN_POINT('',(-4.310183628846E0,3.875E0,0.E0));
#343=LINE('',#342,#341);
#344=DIRECTION('',(1.E0,0.E0,0.E0));
#345=VECTOR('',#344,6.E-1);
#346=CARTESIAN_POINT('',(-4.11E0,3.325E0,0.E0));
#347=LINE('',#346,#345);
#348=DIRECTION('',(3.420201433257E-1,9.396926207859E-1,0.E0));
#349=VECTOR('',#348,5.852977748618E-1);
#350=CARTESIAN_POINT('',(-3.51E0,3.325E0,0.E0));
#351=LINE('',#350,#349);
#352=DIRECTION('',(1.E0,0.E0,0.E0));
#353=VECTOR('',#352,9.524816371154E0);
#354=CARTESIAN_POINT('',(-3.309816371154E0,3.875E0,0.E0));
#355=LINE('',#354,#353);
#356=DIRECTION('',(1.E0,0.E0,0.E0));
#357=VECTOR('',#356,1.904816371154E0);
#358=CARTESIAN_POINT('',(-6.215E0,3.875E0,0.E0));
#359=LINE('',#358,#357);
#360=DIRECTION('',(0.E0,-1.E0,0.E0));
#361=VECTOR('',#360,4.6E0);
#362=CARTESIAN_POINT('',(-1.956465234044E0,1.775E0,0.E0));
#363=LINE('',#362,#361);
#364=DIRECTION('',(1.E0,0.E0,0.E0));
#365=VECTOR('',#364,9.540347659563E-1);
#366=CARTESIAN_POINT('',(-2.9105E0,1.775E0,0.E0));
#367=LINE('',#366,#365);
#368=CARTESIAN_POINT('',(-2.9105E0,1.8245E0,0.E0));
#369=DIRECTION('',(0.E0,0.E0,1.E0));
#370=DIRECTION('',(-1.E0,0.E0,0.E0));
#371=AXIS2_PLACEMENT_3D('',#368,#369,#370);
#373=DIRECTION('',(0.E0,-1.E0,0.E0));
#374=VECTOR('',#373,3.010006265674E-1);
#375=CARTESIAN_POINT('',(-2.96E0,2.125500626567E0,0.E0));
#376=LINE('',#375,#374);
#377=CARTESIAN_POINT('',(-2.9105E0,2.125500626567E0,0.E0));
#378=DIRECTION('',(0.E0,0.E0,1.E0));
#379=DIRECTION('',(-2.691449756667E-14,1.E0,0.E0));
#380=AXIS2_PLACEMENT_3D('',#377,#378,#379);
#382=DIRECTION('',(-9.999999999998E-1,5.742013895923E-7,-3.997502110820E-13));
#383=VECTOR('',#382,5.455989944252E-1);
#384=CARTESIAN_POINT('',(-2.364901005575E0,2.175E0,0.E0));
#385=LINE('',#384,#383);
#386=DIRECTION('',(-2.588191087674E-1,-9.659258092301E-1,0.E0));
#387=VECTOR('',#386,1.035276198694E0);
#388=CARTESIAN_POINT('',(-2.096951742501E0,3.175E0,0.E0));
#389=LINE('',#388,#387);
#390=DIRECTION('',(1.E0,0.E0,0.E0));
#391=VECTOR('',#390,3.426096498127E0);
#392=CARTESIAN_POINT('',(-5.523048240628E0,3.175E0,0.E0));
#393=LINE('',#392,#391);
#394=DIRECTION('',(-2.588190451025E-1,9.659258262891E-1,0.E0));
#395=VECTOR('',#394,1.087039989431E0);
#396=CARTESIAN_POINT('',(-5.241701588575E0,2.125E0,0.E0));
#397=LINE('',#396,#395);
#398=DIRECTION('',(-9.999998883565E-1,-4.725323940368E-4,2.905423163970E-7));
#399=VECTOR('',#398,5.319510318690E-1);
#400=CARTESIAN_POINT('',(-4.709750616095E0,2.125251364095E0,
-1.545542850090E-7));
#401=LINE('',#400,#399);
#402=DIRECTION('',(-5.026079445176E-6,9.999999999874E-1,3.048395128808E-12));
#403=VECTOR('',#402,3.005007483975E-1);
#404=CARTESIAN_POINT('',(-4.709749105755E0,1.824750615701E0,
-1.545552010540E-7));
#405=LINE('',#404,#403);
#406=DIRECTION('',(9.999999662521E-1,-2.597995512640E-4,-1.611653788395E-7));
#407=VECTOR('',#406,9.537840997753E-1);
#408=CARTESIAN_POINT('',(-5.663533173342E0,1.824998408382E0,
-8.382252825873E-10));
#409=LINE('',#408,#407);
#410=DIRECTION('',(8.392575471642E-9,1.E0,-8.524339933206E-12));
#411=VECTOR('',#410,4.649996853822E0);
#412=CARTESIAN_POINT('',(-5.663533212367E0,-2.824998445440E0,
-7.985871287169E-10));
#413=LINE('',#412,#411);
#414=DIRECTION('',(-9.999999999996E-1,9.251527350952E-7,-4.752566559436E-10));
#415=VECTOR('',#414,1.680328131610E0);
#416=CARTESIAN_POINT('',(-3.983205080758E0,-2.825E0,0.E0));
#417=LINE('',#416,#415);
#418=CARTESIAN_POINT('',(-3.81E0,-2.725000000001E0,0.E0));
#419=DIRECTION('',(0.E0,0.E0,1.E0));
#420=DIRECTION('',(-4.101958176247E-5,9.999999991587E-1,0.E0));
#421=AXIS2_PLACEMENT_3D('',#418,#419,#420);
#423=CARTESIAN_POINT('',(-3.81E0,-2.725000000001E0,0.E0));
#424=DIRECTION('',(0.E0,0.E0,1.E0));
#425=DIRECTION('',(8.660254037883E-1,-4.999999999934E-1,0.E0));
#426=AXIS2_PLACEMENT_3D('',#423,#424,#425);
#428=DIRECTION('',(-1.E0,0.E0,0.E0));
#429=VECTOR('',#428,1.680329685199E0);
#430=CARTESIAN_POINT('',(-1.956465234044E0,-2.825E0,0.E0));
#431=LINE('',#430,#429);
#432=DIRECTION('',(8.392575853655E-9,1.E0,-8.524339933206E-12));
#433=VECTOR('',#432,4.649996853822E0);
#434=CARTESIAN_POINT('',(-1.853533212367E0,-2.824998445440E0,
-7.985871287169E-10));
#435=LINE('',#434,#433);
#436=DIRECTION('',(-9.999999999996E-1,9.251527350952E-7,-4.752566559436E-10));
#437=VECTOR('',#436,1.680328131610E0);
#438=CARTESIAN_POINT('',(-1.732050807577E-1,-2.825E0,0.E0));
#439=LINE('',#438,#437);
#440=CARTESIAN_POINT('',(0.E0,-2.725000000001E0,0.E0));
#441=DIRECTION('',(0.E0,0.E0,1.E0));
#442=DIRECTION('',(-4.101958176242E-5,9.999999991587E-1,0.E0));
#443=AXIS2_PLACEMENT_3D('',#440,#441,#442);
#445=CARTESIAN_POINT('',(0.E0,-2.725000000001E0,0.E0));
#446=DIRECTION('',(0.E0,0.E0,1.E0));
#447=DIRECTION('',(8.660254037883E-1,-4.999999999934E-1,0.E0));
#448=AXIS2_PLACEMENT_3D('',#445,#446,#447);
#450=DIRECTION('',(-1.E0,0.E0,0.E0));
#451=VECTOR('',#450,1.680329685199E0);
#452=CARTESIAN_POINT('',(1.853534765956E0,-2.825E0,0.E0));
#453=LINE('',#452,#451);
#454=DIRECTION('',(0.E0,-1.E0,0.E0));
#455=VECTOR('',#454,4.6E0);
#456=CARTESIAN_POINT('',(1.853534765956E0,1.775E0,0.E0));
#457=LINE('',#456,#455);
#458=DIRECTION('',(1.E0,0.E0,0.E0));
#459=VECTOR('',#458,9.540347659563E-1);
#460=CARTESIAN_POINT('',(8.995E-1,1.775E0,0.E0));
#461=LINE('',#460,#459);
#462=CARTESIAN_POINT('',(8.995E-1,1.8245E0,0.E0));
#463=DIRECTION('',(0.E0,0.E0,1.E0));
#464=DIRECTION('',(-1.E0,0.E0,0.E0));
#465=AXIS2_PLACEMENT_3D('',#462,#463,#464);
#467=DIRECTION('',(0.E0,-1.E0,0.E0));
#468=VECTOR('',#467,3.010006265674E-1);
#469=CARTESIAN_POINT('',(8.5E-1,2.125500626567E0,0.E0));
#470=LINE('',#469,#468);
#471=CARTESIAN_POINT('',(8.995E-1,2.125500626567E0,0.E0));
#472=DIRECTION('',(0.E0,0.E0,1.E0));
#473=DIRECTION('',(-5.382899513334E-14,1.E0,0.E0));
#474=AXIS2_PLACEMENT_3D('',#471,#472,#473);
#476=DIRECTION('',(-9.999999999998E-1,5.742013887784E-7,-3.997502110820E-13));
#477=VECTOR('',#476,5.455989944252E-1);
#478=CARTESIAN_POINT('',(1.445098994425E0,2.175E0,0.E0));
#479=LINE('',#478,#477);
#480=DIRECTION('',(-2.588191087674E-1,-9.659258092301E-1,0.E0));
#481=VECTOR('',#480,1.035276198694E0);
#482=CARTESIAN_POINT('',(1.713048257499E0,3.175E0,0.E0));
#483=LINE('',#482,#481);
#484=DIRECTION('',(1.E0,0.E0,0.E0));
#485=VECTOR('',#484,3.426096498127E0);
#486=CARTESIAN_POINT('',(-1.713048240628E0,3.175E0,0.E0));
#487=LINE('',#486,#485);
#488=DIRECTION('',(-2.588190451025E-1,9.659258262891E-1,0.E0));
#489=VECTOR('',#488,1.087039989431E0);
#490=CARTESIAN_POINT('',(-1.431701588575E0,2.125E0,0.E0));
#491=LINE('',#490,#489);
#492=DIRECTION('',(-9.999998883565E-1,-4.725323940368E-4,2.905423163970E-7));
#493=VECTOR('',#492,5.319510318690E-1);
#494=CARTESIAN_POINT('',(-8.997506160952E-1,2.125251364095E0,
-1.545542850090E-7));
#495=LINE('',#494,#493);
#496=DIRECTION('',(-5.026079444806E-6,9.999999999874E-1,3.048395128808E-12));
#497=VECTOR('',#496,3.005007483975E-1);
#498=CARTESIAN_POINT('',(-8.997491057545E-1,1.824750615701E0,
-1.545552010540E-7));
#499=LINE('',#498,#497);
#500=DIRECTION('',(9.999999662521E-1,-2.597995512645E-4,-1.611653788395E-7));
#501=VECTOR('',#500,9.537840997753E-1);
#502=CARTESIAN_POINT('',(-1.853533173342E0,1.824998408382E0,
-8.382252825873E-10));
#503=LINE('',#502,#501);
#504=DIRECTION('',(8.392575710400E-9,1.E0,-8.524339933206E-12));
#505=VECTOR('',#504,4.649996853822E0);
#506=CARTESIAN_POINT('',(1.956466787633E0,-2.824998445440E0,
-7.985871287169E-10));
#507=LINE('',#506,#505);
#508=DIRECTION('',(-9.999999999996E-1,9.251527350952E-7,-4.752566559436E-10));
#509=VECTOR('',#508,1.680328131610E0);
#510=CARTESIAN_POINT('',(3.636794919242E0,-2.825E0,0.E0));
#511=LINE('',#510,#509);
#512=CARTESIAN_POINT('',(3.81E0,-2.725000000001E0,0.E0));
#513=DIRECTION('',(0.E0,0.E0,1.E0));
#514=DIRECTION('',(-4.101958176025E-5,9.999999991587E-1,0.E0));
#515=AXIS2_PLACEMENT_3D('',#512,#513,#514);
#517=CARTESIAN_POINT('',(3.81E0,-2.725000000001E0,0.E0));
#518=DIRECTION('',(0.E0,0.E0,1.E0));
#519=DIRECTION('',(8.660254037883E-1,-4.999999999934E-1,0.E0));
#520=AXIS2_PLACEMENT_3D('',#517,#518,#519);
#522=DIRECTION('',(-1.E0,0.E0,0.E0));
#523=VECTOR('',#522,1.680329685199E0);
#524=CARTESIAN_POINT('',(5.663534765956E0,-2.825E0,0.E0));
#525=LINE('',#524,#523);
#526=DIRECTION('',(0.E0,-1.E0,0.E0));
#527=VECTOR('',#526,4.6E0);
#528=CARTESIAN_POINT('',(5.663534765956E0,1.775E0,0.E0));
#529=LINE('',#528,#527);
#530=DIRECTION('',(1.E0,0.E0,0.E0));
#531=VECTOR('',#530,9.540347659563E-1);
#532=CARTESIAN_POINT('',(4.7095E0,1.775E0,0.E0));
#533=LINE('',#532,#531);
#534=CARTESIAN_POINT('',(4.7095E0,1.8245E0,0.E0));
#535=DIRECTION('',(0.E0,0.E0,1.E0));
#536=DIRECTION('',(-1.E0,0.E0,0.E0));
#537=AXIS2_PLACEMENT_3D('',#534,#535,#536);
#539=DIRECTION('',(0.E0,-1.E0,0.E0));
#540=VECTOR('',#539,3.010006265674E-1);
#541=CARTESIAN_POINT('',(4.66E0,2.125500626567E0,0.E0));
#542=LINE('',#541,#540);
#543=CARTESIAN_POINT('',(4.7095E0,2.125500626567E0,0.E0));
#544=DIRECTION('',(0.E0,0.E0,1.E0));
#545=DIRECTION('',(-7.177199351112E-14,1.E0,0.E0));
#546=AXIS2_PLACEMENT_3D('',#543,#544,#545);
#548=DIRECTION('',(-9.999999999998E-1,5.742013887784E-7,-3.997502110820E-13));
#549=VECTOR('',#548,5.455989944252E-1);
#550=CARTESIAN_POINT('',(5.255098994425E0,2.175E0,0.E0));
#551=LINE('',#550,#549);
#552=DIRECTION('',(-2.588191087674E-1,-9.659258092301E-1,0.E0));
#553=VECTOR('',#552,1.035276198694E0);
#554=CARTESIAN_POINT('',(5.523048257499E0,3.175E0,0.E0));
#555=LINE('',#554,#553);
#556=DIRECTION('',(1.E0,0.E0,0.E0));
#557=VECTOR('',#556,3.426096498127E0);
#558=CARTESIAN_POINT('',(2.096951759372E0,3.175E0,0.E0));
#559=LINE('',#558,#557);
#560=DIRECTION('',(-2.588190451025E-1,9.659258262891E-1,0.E0));
#561=VECTOR('',#560,1.087039989431E0);
#562=CARTESIAN_POINT('',(2.378298411425E0,2.125E0,0.E0));
#563=LINE('',#562,#561);
#564=DIRECTION('',(-9.999998883565E-1,-4.725323940393E-4,2.905423163970E-7));
#565=VECTOR('',#564,5.319510318690E-1);
#566=CARTESIAN_POINT('',(2.910249383905E0,2.125251364095E0,-1.545542850090E-7));
#567=LINE('',#566,#565);
#568=DIRECTION('',(-5.026079448131E-6,9.999999999874E-1,3.048395128808E-12));
#569=VECTOR('',#568,3.005007483975E-1);
#570=CARTESIAN_POINT('',(2.910250894245E0,1.824750615701E0,-1.545552010540E-7));
#571=LINE('',#570,#569);
#572=DIRECTION('',(9.999999662521E-1,-2.597995512645E-4,-1.611653788395E-7));
#573=VECTOR('',#572,9.537840997753E-1);
#574=CARTESIAN_POINT('',(1.956466826658E0,1.824998408382E0,
-8.382252825873E-10));
#575=LINE('',#574,#573);
#576=DIRECTION('',(0.E0,0.E0,1.E0));
#577=VECTOR('',#576,5.E-1);
#578=CARTESIAN_POINT('',(-4.310183628846E0,3.875E0,-5.E-1));
#579=LINE('',#578,#577);
#580=DIRECTION('',(1.E0,0.E0,0.E0));
#581=VECTOR('',#580,1.904816371154E0);
#582=CARTESIAN_POINT('',(-6.215E0,3.875E0,-5.E-1));
#583=LINE('',#582,#581);
#584=DIRECTION('',(0.E0,0.E0,1.E0));
#585=VECTOR('',#584,5.E-1);
#586=CARTESIAN_POINT('',(-3.309816371154E0,3.875E0,-5.E-1));
#587=LINE('',#586,#585);
#588=DIRECTION('',(1.E0,0.E0,0.E0));
#589=VECTOR('',#588,9.524816371154E0);
#590=CARTESIAN_POINT('',(-3.309816371154E0,3.875E0,-5.E-1));
#591=LINE('',#590,#589);
#592=DIRECTION('',(-3.420201433257E-1,9.396926207859E-1,0.E0));
#593=VECTOR('',#592,2.660444431190E-1);
#594=CARTESIAN_POINT('',(-4.219191070280E0,3.625E0,-5.E-1));
#595=LINE('',#594,#593);
#596=DIRECTION('',(1.E0,0.E0,0.E0));
#597=VECTOR('',#596,1.995808929720E0);
#598=CARTESIAN_POINT('',(-6.215E0,3.625E0,-5.E-1));
#599=LINE('',#598,#597);
#600=DIRECTION('',(3.420201433257E-1,9.396926207859E-1,0.E0));
#601=VECTOR('',#600,2.660444431190E-1);
#602=CARTESIAN_POINT('',(-3.400808929720E0,3.625E0,-5.E-1));
#603=LINE('',#602,#601);
#604=DIRECTION('',(1.E0,0.E0,0.E0));
#605=VECTOR('',#604,9.615808929720E0);
#606=CARTESIAN_POINT('',(-3.400808929720E0,3.625E0,-5.E-1));
#607=LINE('',#606,#605);
#608=DIRECTION('',(1.E0,0.E0,0.E0));
#609=VECTOR('',#608,8.183821405598E-1);
#610=CARTESIAN_POINT('',(-4.219191070280E0,3.625E0,-1.E0));
#611=LINE('',#610,#609);
#612=DIRECTION('',(0.E0,0.E0,-1.E0));
#613=VECTOR('',#612,5.E-1);
#614=CARTESIAN_POINT('',(-4.219191070280E0,3.625E0,-5.E-1));
#615=LINE('',#614,#613);
#616=DIRECTION('',(1.E0,0.E0,0.E0));
#617=VECTOR('',#616,1.243E1);
#618=CARTESIAN_POINT('',(-6.215E0,3.625E0,-8.9E0));
#619=LINE('',#618,#617);
#620=DIRECTION('',(0.E0,0.E0,-1.E0));
#621=VECTOR('',#620,5.E-1);
#622=CARTESIAN_POINT('',(-3.400808929720E0,3.625E0,-5.E-1));
#623=LINE('',#622,#621);
#624=DIRECTION('',(3.420201433257E-1,9.396926207859E-1,0.E0));
#625=VECTOR('',#624,3.192533317428E-1);
#626=CARTESIAN_POINT('',(-3.51E0,3.325E0,-1.E0));
#627=LINE('',#626,#625);
#628=DIRECTION('',(1.E0,0.E0,0.E0));
#629=VECTOR('',#628,6.E-1);
#630=CARTESIAN_POINT('',(-4.11E0,3.325E0,-1.E0));
#631=LINE('',#630,#629);
#632=DIRECTION('',(3.420201433257E-1,-9.396926207859E-1,0.E0));
#633=VECTOR('',#632,3.192533317428E-1);
#634=CARTESIAN_POINT('',(-4.219191070280E0,3.625E0,-1.E0));
#635=LINE('',#634,#633);
#636=DIRECTION('',(0.E0,0.E0,-1.E0));
#637=VECTOR('',#636,1.E0);
#638=CARTESIAN_POINT('',(-3.51E0,3.325E0,0.E0));
#639=LINE('',#638,#637);
#640=DIRECTION('',(0.E0,0.E0,-1.E0));
#641=VECTOR('',#640,1.E0);
#642=CARTESIAN_POINT('',(-4.11E0,3.325E0,0.E0));
#643=LINE('',#642,#641);
#644=DIRECTION('',(1.E0,0.E0,0.E0));
#645=VECTOR('',#644,1.243E1);
#646=CARTESIAN_POINT('',(-6.215E0,3.325E0,-9.2E0));
#647=LINE('',#646,#645);
#648=DIRECTION('',(0.E0,-1.E0,0.E0));
#649=VECTOR('',#648,5.3E0);
#650=CARTESIAN_POINT('',(6.215E0,2.925E0,-8.8E0));
#651=LINE('',#650,#649);
#652=DIRECTION('',(0.E0,0.E0,1.E0));
#653=VECTOR('',#652,4.E-1);
#654=CARTESIAN_POINT('',(6.215E0,-2.375E0,-9.2E0));
#655=LINE('',#654,#653);
#656=DIRECTION('',(0.E0,1.E0,0.E0));
#657=VECTOR('',#656,7.E-1);
#658=CARTESIAN_POINT('',(6.215E0,-3.075E0,-9.2E0));
#659=LINE('',#658,#657);
#660=CARTESIAN_POINT('',(6.215E0,-3.075E0,-8.9E0));
#661=DIRECTION('',(1.E0,0.E0,0.E0));
#662=DIRECTION('',(0.E0,-1.E0,0.E0));
#663=AXIS2_PLACEMENT_3D('',#660,#661,#662);
#665=DIRECTION('',(0.E0,0.E0,-1.E0));
#666=VECTOR('',#665,8.9E0);
#667=CARTESIAN_POINT('',(6.215E0,-3.375E0,0.E0));
#668=LINE('',#667,#666);
#669=DIRECTION('',(0.E0,-1.E0,0.E0));
#670=VECTOR('',#669,7.25E0);
#671=CARTESIAN_POINT('',(6.215E0,3.875E0,0.E0));
#672=LINE('',#671,#670);
#673=DIRECTION('',(0.E0,0.E0,1.E0));
#674=VECTOR('',#673,5.E-1);
#675=CARTESIAN_POINT('',(6.215E0,3.875E0,-5.E-1));
#676=LINE('',#675,#674);
#677=DIRECTION('',(0.E0,1.E0,0.E0));
#678=VECTOR('',#677,2.5E-1);
#679=CARTESIAN_POINT('',(6.215E0,3.625E0,-5.E-1));
#680=LINE('',#679,#678);
#681=DIRECTION('',(0.E0,0.E0,1.E0));
#682=VECTOR('',#681,8.4E0);
#683=CARTESIAN_POINT('',(6.215E0,3.625E0,-8.9E0));
#684=LINE('',#683,#682);
#685=CARTESIAN_POINT('',(6.215E0,3.325E0,-8.9E0));
#686=DIRECTION('',(1.E0,0.E0,0.E0));
#687=DIRECTION('',(0.E0,0.E0,-1.E0));
#688=AXIS2_PLACEMENT_3D('',#685,#686,#687);
#690=DIRECTION('',(0.E0,1.E0,0.E0));
#691=VECTOR('',#690,4.E-1);
#692=CARTESIAN_POINT('',(6.215E0,2.925E0,-9.2E0));
#693=LINE('',#692,#691);
#694=DIRECTION('',(0.E0,0.E0,1.E0));
#695=VECTOR('',#694,4.E-1);
#696=CARTESIAN_POINT('',(6.215E0,2.925E0,-9.2E0));
#697=LINE('',#696,#695);
#698=DIRECTION('',(0.E0,0.E0,1.E0));
#699=VECTOR('',#698,4.E-1);
#700=CARTESIAN_POINT('',(5.81E0,-2.375E0,-9.2E0));
#701=LINE('',#700,#699);
#702=DIRECTION('',(0.E0,0.E0,1.E0));
#703=VECTOR('',#702,4.E-1);
#704=CARTESIAN_POINT('',(5.81E0,1.125E0,-9.2E0));
#705=LINE('',#704,#703);
#706=DIRECTION('',(0.E0,0.E0,1.E0));
#707=VECTOR('',#706,4.E-1);
#708=CARTESIAN_POINT('',(5.31E0,1.125E0,-9.2E0));
#709=LINE('',#708,#707);
#710=DIRECTION('',(0.E0,0.E0,1.E0));
#711=VECTOR('',#710,4.E-1);
#712=CARTESIAN_POINT('',(5.31E0,2.925E0,-9.2E0));
#713=LINE('',#712,#711);
#714=CARTESIAN_POINT('',(-1.956465234044E0,1.775E0,0.E0));
#715=CARTESIAN_POINT('',(-1.968188667588E0,1.764121060305E0,0.E0));
#716=CARTESIAN_POINT('',(-1.991012185555E0,1.741699959394E0,
-2.029236016250E-3));
#717=CARTESIAN_POINT('',(-2.034926907808E0,1.696473177546E0,
-1.360114501689E-2));
#718=CARTESIAN_POINT('',(-2.086503695764E0,1.641573468390E0,
-4.218873048364E-2));
#719=CARTESIAN_POINT('',(-2.129989273383E0,1.594798982519E0,
-9.321266047451E-2));
#720=CARTESIAN_POINT('',(-2.152174270699E0,1.573241910065E0,
-1.503202927439E-1));
#721=CARTESIAN_POINT('',(-2.156343896178E0,1.572315248328E0,
-1.827633311031E-1));
#722=CARTESIAN_POINT('',(-2.156459827301E0,1.575E0,-1.985293988243E-1));
#724=CARTESIAN_POINT('',(-2.156459827301E0,-2.575E0,-1.985293988243E-1));
#725=CARTESIAN_POINT('',(-2.156333442495E0,-2.575111712462E0,
-1.813416811403E-1));
#726=CARTESIAN_POINT('',(-2.151494169854E0,-2.581206918485E0,
-1.471673565986E-1));
#727=CARTESIAN_POINT('',(-2.127497165536E0,-2.611066502123E0,
-8.898400901347E-2));
#728=CARTESIAN_POINT('',(-2.082357660823E0,-2.667203276412E0,
-3.898739045229E-2));
#729=CARTESIAN_POINT('',(-2.031373842885E0,-2.731759153200E0,
-1.232428901074E-2));
#730=CARTESIAN_POINT('',(-1.989133360788E0,-2.785097055781E0,
-1.798999611744E-3));
#731=CARTESIAN_POINT('',(-1.967501844016E0,-2.811822772207E0,0.E0));
#732=CARTESIAN_POINT('',(-1.956465234044E0,-2.825E0,0.E0));
#734=CARTESIAN_POINT('',(-2.206104332422E0,1.625E0,-1.5E-1));
#735=CARTESIAN_POINT('',(-2.199791180212E0,1.625E0,-1.543683679878E-1));
#736=CARTESIAN_POINT('',(-2.186804110862E0,1.622518619347E0,
-1.626049640801E-1));
#737=CARTESIAN_POINT('',(-2.169977388374E0,1.611305418172E0,
-1.743476610060E-1));
#738=CARTESIAN_POINT('',(-2.158849573433E0,1.594392757607E0,
-1.860485550756E-1));
#739=CARTESIAN_POINT('',(-2.156428048865E0,1.581345102177E0,
-1.942076864101E-1));
#740=CARTESIAN_POINT('',(-2.156459827301E0,1.575E0,-1.985293988243E-1));
#742=CARTESIAN_POINT('',(-2.206104332422E0,1.625E0,-1.5E-1));
#743=CARTESIAN_POINT('',(-2.202727345370E0,1.625E0,-1.357419091409E-1));
#744=CARTESIAN_POINT('',(-2.191946991586E0,1.629142297315E0,
-1.082878170096E-1));
#745=CARTESIAN_POINT('',(-2.158625852864E0,1.648765692826E0,
-6.339983073040E-2));
#746=CARTESIAN_POINT('',(-2.103959621536E0,1.683837835405E0,
-2.693789939785E-2));
#747=CARTESIAN_POINT('',(-2.043300008669E0,1.721157947432E0,
-8.475175711420E-3));
#748=CARTESIAN_POINT('',(-1.993634130300E0,1.751524834564E0,
-1.240628828844E-3));
#749=CARTESIAN_POINT('',(-1.968773324091E0,1.767049646808E0,0.E0));
#750=CARTESIAN_POINT('',(-1.956465234044E0,1.775E0,0.E0));
#752=CARTESIAN_POINT('',(-2.9105E0,1.775E0,-1.5E-1));
#753=DIRECTION('',(1.E0,0.E0,0.E0));
#754=DIRECTION('',(0.E0,0.E0,1.E0));
#755=AXIS2_PLACEMENT_3D('',#752,#753,#754);
#757=DIRECTION('',(1.E0,0.E0,0.E0));
#758=VECTOR('',#757,6.562321770256E-1);
#759=CARTESIAN_POINT('',(-2.910499999988E0,1.625E0,-6.7E0));
#760=LINE('',#759,#758);
#761=DIRECTION('',(1.E0,0.E0,0.E0));
#762=VECTOR('',#761,7.043956675654E-1);
#763=CARTESIAN_POINT('',(-2.910499999987E0,1.625E0,-1.5E-1));
#764=LINE('',#763,#762);
#765=DIRECTION('',(7.353005878252E-3,0.E0,9.999729662869E-1));
#766=VECTOR('',#765,6.550177075608E0);
#767=CARTESIAN_POINT('',(-2.254267822962E0,1.625E0,-6.7E0));
#768=LINE('',#767,#766);
#769=DIRECTION('',(-7.353005878252E-3,0.E0,-9.999729662869E-1));
#770=VECTOR('',#769,6.502014025052E0);
#771=CARTESIAN_POINT('',(-2.156459827301E0,1.575E0,-1.985293988243E-1));
#772=LINE('',#771,#770);
#773=DIRECTION('',(0.E0,-1.E0,0.E0));
#774=VECTOR('',#773,4.15E0);
#775=CARTESIAN_POINT('',(-2.156459827301E0,1.575E0,-1.985293988243E-1));
#776=LINE('',#775,#774);
#777=CARTESIAN_POINT('',(-2.201695553016E0,-2.575E0,-6.350367650294E0));
#778=CARTESIAN_POINT('',(-2.201844076484E0,-2.574999401773E0,
-6.370566118189E0));
#779=CARTESIAN_POINT('',(-2.202135510153E0,-2.571490479694E0,
-6.410199676936E0));
#780=CARTESIAN_POINT('',(-2.202551346776E0,-2.556872913092E0,
-6.466751431174E0));
#781=CARTESIAN_POINT('',(-2.202959323857E0,-2.531892672680E0,-6.522234326E0));
#782=CARTESIAN_POINT('',(-2.203323859692E0,-2.498252712770E0,
-6.571809423063E0));
#783=CARTESIAN_POINT('',(-2.203643790266E0,-2.456283203277E0,
-6.615318422032E0));
#784=CARTESIAN_POINT('',(-2.203902293846E0,-2.408399356754E0,
-6.650473649213E0));
#785=CARTESIAN_POINT('',(-2.204105693951E0,-2.353115750630E0,
-6.678135072244E0));
#786=CARTESIAN_POINT('',(-2.204238088314E0,-2.290947424140E0,
-6.696140060456E0));
#787=CARTESIAN_POINT('',(-2.204269167745E0,-2.247464435053E0,
-6.700366711551E0));
#788=CARTESIAN_POINT('',(-2.204269174648E0,-2.225E0,-6.700367650294E0));
#790=DIRECTION('',(0.E0,1.E0,0.E0));
#791=VECTOR('',#790,3.8E0);
#792=CARTESIAN_POINT('',(-2.204269174648E0,-2.225E0,-6.700367650294E0));
#793=LINE('',#792,#791);
#794=DIRECTION('',(7.353005878252E-3,0.E0,9.999729662869E-1));
#795=VECTOR('',#794,6.152004562996E0);
#796=CARTESIAN_POINT('',(-2.201695553016E0,-2.575E0,-6.350367650294E0));
#797=LINE('',#796,#795);
#798=CARTESIAN_POINT('',(-2.156459827301E0,-2.575E0,-1.985293988243E-1));
#799=CARTESIAN_POINT('',(-2.156462328624E0,-2.588084982143E0,
-1.988695665090E-1));
#800=CARTESIAN_POINT('',(-2.167297520341E0,-2.614167595967E0,
-1.993688639262E-1));
#801=CARTESIAN_POINT('',(-2.193384862925E0,-2.625E0,-1.997560462660E-1));
#802=CARTESIAN_POINT('',(-2.206471992655E0,-2.625E0,-2.E-1));
#804=CARTESIAN_POINT('',(-1.956465234044E0,-2.825E0,0.E0));
#805=CARTESIAN_POINT('',(-1.969661422048E0,-2.813906625970E0,0.E0));
#806=CARTESIAN_POINT('',(-1.996425576126E0,-2.792159694078E0,
-1.817787723179E-3));
#807=CARTESIAN_POINT('',(-2.049832731899E0,-2.749698365690E0,
-1.245657092702E-2));
#808=CARTESIAN_POINT('',(-2.114454434963E0,-2.698497670808E0,
-3.940625288128E-2));
#809=CARTESIAN_POINT('',(-2.170614046260E0,-2.653362960734E0,
-8.985951009579E-2));
#810=CARTESIAN_POINT('',(-2.200416875047E0,-2.629617149010E0,
-1.484282346541E-1));
#811=CARTESIAN_POINT('',(-2.206425581699E0,-2.625E0,-1.827605054816E-1));
#812=CARTESIAN_POINT('',(-2.206471992655E0,-2.625E0,-2.E-1));
#814=CARTESIAN_POINT('',(-3.422701665437E0,-2.625000000011E0,-2.E-1));
#815=CARTESIAN_POINT('',(-3.422701665437E0,-2.625000000011E0,
-1.879222072483E-1));
#816=CARTESIAN_POINT('',(-3.424406765420E0,-2.627207991128E0,
-1.635012833960E-1));
#817=CARTESIAN_POINT('',(-3.432296298307E0,-2.637295833338E0,
-1.275592589458E-1));
#818=CARTESIAN_POINT('',(-3.446195436799E0,-2.654563946590E0,
-9.297321495684E-2));
#819=CARTESIAN_POINT('',(-3.466412869818E0,-2.678561768697E0,
-6.181914979450E-2));
#820=CARTESIAN_POINT('',(-3.494553473083E0,-2.709724709911E0,
-3.479562447429E-2));
#821=CARTESIAN_POINT('',(-3.531343327442E0,-2.746548083744E0,
-1.440913569683E-2));
#822=CARTESIAN_POINT('',(-3.578249344013E0,-2.786955569029E0,
-2.220826060445E-3));
#823=CARTESIAN_POINT('',(-3.615946818661E0,-2.812963343510E0,
-6.885358120518E-12));
#824=CARTESIAN_POINT('',(-3.636794919242E0,-2.825E0,0.E0));
#826=CARTESIAN_POINT('',(-3.810008198151E0,-2.525000000398E0,-2.E-1));
#827=DIRECTION('',(-9.999999991599E-1,-4.099075484559E-5,0.E0));
#828=DIRECTION('',(3.765876499529E-12,-9.185426863567E-8,1.E0));
#829=AXIS2_PLACEMENT_3D('',#826,#827,#828);
#831=CARTESIAN_POINT('',(-4.197298334577E0,-2.625000000008E0,-2.E-1));
#832=CARTESIAN_POINT('',(-4.197298334577E0,-2.625000000008E0,
-1.879235027072E-1));
#833=CARTESIAN_POINT('',(-4.195593554695E0,-2.627207572104E0,
-1.635054256819E-1));
#834=CARTESIAN_POINT('',(-4.187706328873E0,-2.637292494622E0,
-1.275687930969E-1));
#835=CARTESIAN_POINT('',(-4.173810708907E0,-2.654556406338E0,
-9.298598765488E-2));
#836=CARTESIAN_POINT('',(-4.153599351405E0,-2.678547589272E0,
-6.183436396338E-2));
#837=CARTESIAN_POINT('',(-4.125460319833E0,-2.709710446964E0,
-3.480495079971E-2));
#838=CARTESIAN_POINT('',(-4.088671458455E0,-2.746533298271E0,
-1.441655208189E-2));
#839=CARTESIAN_POINT('',(-4.041793502638E0,-2.786922075336E0,
-2.227016356401E-3));
#840=CARTESIAN_POINT('',(-4.004072909198E0,-2.812951953627E0,
-5.229175553391E-12));
#841=CARTESIAN_POINT('',(-3.983205080758E0,-2.825E0,0.E0));
#843=CARTESIAN_POINT('',(-3.81E0,-2.725000000001E0,-2.E-1));
#844=DIRECTION('',(0.E0,0.E0,1.E0));
#845=DIRECTION('',(9.682458365418E-1,2.500000000391E-1,0.E0));
#846=AXIS2_PLACEMENT_3D('',#843,#844,#845);
#848=CARTESIAN_POINT('',(-3.81E0,-2.725000000001E0,-2.E-1));
#849=DIRECTION('',(0.E0,0.E0,1.E0));
#850=DIRECTION('',(-4.096192499636E-5,9.999999991611E-1,0.E0));
#851=AXIS2_PLACEMENT_3D('',#848,#849,#850);
#853=DIRECTION('',(-7.060946226988E-12,1.323313635726E-12,-1.E0));
#854=VECTOR('',#853,6.15E0);
#855=CARTESIAN_POINT('',(-4.197298334577E0,-2.625000000008E0,-2.E-1));
#856=LINE('',#855,#854);
#857=CARTESIAN_POINT('',(-3.422701665380E0,-2.625E0,-6.35E0));
#858=CARTESIAN_POINT('',(-3.422701665380E0,-2.625E0,-6.375904158662E0));
#859=CARTESIAN_POINT('',(-3.423951898267E0,-2.620007465399E0,
-6.424826094580E0));
#860=CARTESIAN_POINT('',(-3.429209717067E0,-2.601798303252E0,
-6.489239048798E0));
#861=CARTESIAN_POINT('',(-3.438479703105E0,-2.575622763252E0,
-6.545736012571E0));
#862=CARTESIAN_POINT('',(-3.453537106492E0,-2.541949444223E0,
-6.596484044012E0));
#863=CARTESIAN_POINT('',(-3.476507008086E0,-2.502308235793E0,
-6.640133643715E0));
#864=CARTESIAN_POINT('',(-3.508217335661E0,-2.460509228466E0,
-6.674680250383E0));
#865=CARTESIAN_POINT('',(-3.549301688397E0,-2.419704285776E0,
-6.700336988954E0));
#866=CARTESIAN_POINT('',(-3.598210314621E0,-2.383729148937E0,
-6.717758016369E0));
#867=CARTESIAN_POINT('',(-3.657906188338E0,-2.352703466714E0,
-6.729433093030E0));
#868=CARTESIAN_POINT('',(-3.731038002427E0,-2.330244463024E0,
-6.736007875359E0));
#869=CARTESIAN_POINT('',(-3.810010634607E0,-2.322377215778E0,
-6.737943714311E0));
#870=CARTESIAN_POINT('',(-3.888969013893E0,-2.330246674383E0,
-6.736007274987E0));
#871=CARTESIAN_POINT('',(-3.962099543210E0,-2.352705568318E0,
-6.729432434699E0));
#872=CARTESIAN_POINT('',(-4.021794996487E0,-2.383732776183E0,
-6.717756391167E0));
#873=CARTESIAN_POINT('',(-4.070697108493E0,-2.419703572475E0,
-6.700337232882E0));
#874=CARTESIAN_POINT('',(-4.111782029812E0,-2.460508338684E0,
-6.674680964714E0));
#875=CARTESIAN_POINT('',(-4.143493144995E0,-2.502308432829E0,
-6.640133514212E0));
#876=CARTESIAN_POINT('',(-4.166462992967E0,-2.541949660869E0,
-6.596483737336E0));
#877=CARTESIAN_POINT('',(-4.181520275916E0,-2.575622722235E0,
-6.545736051632E0));
#878=CARTESIAN_POINT('',(-4.190790267858E0,-2.601798251833E0,
-6.489239197153E0));
#879=CARTESIAN_POINT('',(-4.196048100748E0,-2.620007460983E0,
-6.424826145713E0));
#880=CARTESIAN_POINT('',(-4.197298334620E0,-2.625E0,-6.375904179522E0));
#881=CARTESIAN_POINT('',(-4.197298334620E0,-2.625E0,-6.35E0));
#883=DIRECTION('',(7.353005878244E-3,0.E0,-9.999729662869E-1));
#884=VECTOR('',#883,6.150166261782E0);
#885=CARTESIAN_POINT('',(-5.413528007345E0,-2.625E0,-2.000000000337E-1));
#886=LINE('',#885,#884);
#887=DIRECTION('',(-1.E0,0.E0,1.224252475967E-11));
#888=VECTOR('',#887,1.171007464049E0);
#889=CARTESIAN_POINT('',(-4.197298334620E0,-2.625E0,-6.35E0));
#890=LINE('',#889,#888);
#891=DIRECTION('',(-1.E0,6.691116778940E-12,-2.768702880370E-11));
#892=VECTOR('',#891,1.216229672768E0);
#893=CARTESIAN_POINT('',(-4.197298334577E0,-2.625000000008E0,-2.E-1));
#894=LINE('',#893,#892);
#895=CARTESIAN_POINT('',(-5.413528007345E0,-2.575E0,-2.E-1));
#896=DIRECTION('',(7.353005878252E-3,0.E0,-9.999729662869E-1));
#897=DIRECTION('',(0.E0,-1.E0,0.E0));
#898=AXIS2_PLACEMENT_3D('',#895,#896,#897);
#900=DIRECTION('',(0.E0,1.E0,0.E0));
#901=VECTOR('',#900,3.8E0);
#902=CARTESIAN_POINT('',(-5.415730825352E0,-2.225E0,-6.700367650294E0));
#903=LINE('',#902,#901);
#904=CARTESIAN_POINT('',(-5.418304446984E0,-2.575E0,-6.350367650294E0));
#905=CARTESIAN_POINT('',(-5.418153089401E0,-2.574999377533E0,
-6.370951543990E0));
#906=CARTESIAN_POINT('',(-5.417857949888E0,-2.571341984342E0,
-6.411089079429E0));
#907=CARTESIAN_POINT('',(-5.417445163350E0,-2.556671622670E0,
-6.467226037077E0));
#908=CARTESIAN_POINT('',(-5.417040615401E0,-2.531859936337E0,
-6.522242586647E0));
#909=CARTESIAN_POINT('',(-5.416678239254E0,-2.498460621104E0,
-6.571523976644E0));
#910=CARTESIAN_POINT('',(-5.416359719989E0,-2.456789126915E0,
-6.614841044462E0));
#911=CARTESIAN_POINT('',(-5.416102677805E0,-2.409446616777E0,
-6.649797528832E0));
#912=CARTESIAN_POINT('',(-5.415898135477E0,-2.354472225064E0,
-6.677614288690E0));
#913=CARTESIAN_POINT('',(-5.415762846006E0,-2.291847531881E0,
-6.696012997455E0));
#914=CARTESIAN_POINT('',(-5.415730832634E0,-2.247819784958E0,
-6.700366660002E0));
#915=CARTESIAN_POINT('',(-5.415730825352E0,-2.225E0,-6.700367650294E0));
#917=DIRECTION('',(7.353005878252E-3,0.E0,-9.999729662869E-1));
#918=VECTOR('',#917,6.150166261823E0);
#919=CARTESIAN_POINT('',(-5.463526655660E0,-2.575E0,-2.003676503018E-1));
#920=LINE('',#919,#918);
#921=CARTESIAN_POINT('',(-5.463540172699E0,-2.575006765655E0,
-1.985293988536E-1));
#922=CARTESIAN_POINT('',(-5.463538670827E0,-2.575005263783E0,
-1.987336461323E-1));
#923=CARTESIAN_POINT('',(-5.463535667069E0,-2.575002750068E0,
-1.991421425775E-1));
#924=CARTESIAN_POINT('',(-5.463531161385E0,-2.575000501593E0,
-1.997548936453E-1));
#925=CARTESIAN_POINT('',(-5.463528157572E0,-2.575E0,-2.001633975018E-1));
#926=CARTESIAN_POINT('',(-5.463526655660E0,-2.575E0,-2.003676503018E-1));
#928=DIRECTION('',(-6.741573258933E-14,1.E0,9.161570664553E-12));
#929=VECTOR('',#928,4.150013527404E0);
#930=CARTESIAN_POINT('',(-5.463540172699E0,-2.575006765655E0,
-1.985293988536E-1));
#931=LINE('',#930,#929);
#932=CARTESIAN_POINT('',(-5.463540172699E0,1.575006761749E0,
-1.985293988156E-1));
#933=CARTESIAN_POINT('',(-5.463538670827E0,1.575005259877E0,
-1.987336460943E-1));
#934=CARTESIAN_POINT('',(-5.463535667069E0,1.575002751891E0,
-1.991421425941E-1));
#935=CARTESIAN_POINT('',(-5.463531161385E0,1.575000501072E0,
-1.997548936444E-1));
#936=CARTESIAN_POINT('',(-5.463528157572E0,1.575E0,-2.001633974930E-1));
#937=CARTESIAN_POINT('',(-5.463526655660E0,1.575E0,-2.003676502930E-1));
#939=DIRECTION('',(7.353005878252E-3,0.E0,-9.999729662869E-1));
#940=VECTOR('',#939,6.500175723887E0);
#941=CARTESIAN_POINT('',(-5.463526655660E0,1.575E0,-2.003676502930E-1));
#942=LINE('',#941,#940);
#943=CARTESIAN_POINT('',(-5.365732177038E0,-2.224999999956E0,-6.7E0));
#944=DIRECTION('',(0.E0,1.E0,0.E0));
#945=DIRECTION('',(1.776356839400E-14,0.E0,-1.E0));
#946=AXIS2_PLACEMENT_3D('',#943,#944,#945);
#948=CARTESIAN_POINT('',(-3.81E0,-3.75E-1,-6.75E0));
#949=DIRECTION('',(0.E0,0.E0,1.E0));
#950=DIRECTION('',(-1.E0,0.E0,0.E0));
#951=AXIS2_PLACEMENT_3D('',#948,#949,#950);
#953=CARTESIAN_POINT('',(-3.81E0,-3.75E-1,-6.75E0));
#954=DIRECTION('',(0.E0,0.E0,1.E0));
#955=DIRECTION('',(1.E0,0.E0,0.E0));
#956=AXIS2_PLACEMENT_3D('',#953,#954,#955);
#958=CARTESIAN_POINT('',(-2.370994298008E0,2.925E0,-6.75E0));
#959=DIRECTION('',(0.E0,0.E0,1.E0));
#960=DIRECTION('',(9.659258092301E-1,-2.588191087674E-1,0.E0));
#961=AXIS2_PLACEMENT_3D('',#958,#959,#960);
#963=DIRECTION('',(2.588191087674E-1,9.659258092301E-1,0.E0));
#964=VECTOR('',#963,6.077682560626E-1);
#965=CARTESIAN_POINT('',(-2.480000045918E0,2.325E0,-6.75E0));
#966=LINE('',#965,#964);
#967=DIRECTION('',(1.E0,0.E0,0.E0));
#968=VECTOR('',#967,2.806658791859E-1);
#969=CARTESIAN_POINT('',(-2.760665925104E0,2.325E0,-6.75E0));
#970=LINE('',#969,#968);
#971=CARTESIAN_POINT('',(-2.9105E0,2.125500626567E0,-6.75E0));
#972=DIRECTION('',(0.E0,0.E0,1.E0));
#973=DIRECTION('',(6.005373743335E-1,7.995966871046E-1,0.E0));
#974=AXIS2_PLACEMENT_3D('',#971,#972,#973);
#976=DIRECTION('',(-1.893616055272E-10,-1.E0,0.E0));
#977=VECTOR('',#976,3.010006265375E-1);
#978=CARTESIAN_POINT('',(-3.159999999923E0,2.125500626554E0,-6.75E0));
#979=LINE('',#978,#977);
#980=CARTESIAN_POINT('',(-2.9105E0,1.8245E0,-6.75E0));
#981=DIRECTION('',(0.E0,0.E0,1.E0));
#982=DIRECTION('',(-1.E0,0.E0,0.E0));
#983=AXIS2_PLACEMENT_3D('',#980,#981,#982);
#985=DIRECTION('',(1.E0,-4.393438891118E-11,0.E0));
#986=VECTOR('',#985,6.562321770350E-1);
#987=CARTESIAN_POINT('',(-2.910499999997E0,1.575000000029E0,-6.75E0));
#988=LINE('',#987,#986);
#989=DIRECTION('',(-1.121909582788E-14,1.E0,0.E0));
#990=VECTOR('',#989,3.799999999970E0);
#991=CARTESIAN_POINT('',(-2.254267822962E0,-2.224999999970E0,-6.75E0));
#992=LINE('',#991,#990);
#993=DIRECTION('',(-1.E0,-5.676528490844E-12,0.E0));
#994=VECTOR('',#993,3.111464354076E0);
#995=CARTESIAN_POINT('',(-2.254267822962E0,-2.224999999970E0,-6.75E0));
#996=LINE('',#995,#994);
#997=DIRECTION('',(0.E0,1.E0,0.E0));
#998=VECTOR('',#997,3.799999999988E0);
#999=CARTESIAN_POINT('',(-5.365732177038E0,-2.224999999988E0,-6.75E0));
#1000=LINE('',#999,#998);
#1001=DIRECTION('',(1.E0,2.995966388468E-11,0.E0));
#1002=VECTOR('',#1001,6.562321770216E-1);
#1003=CARTESIAN_POINT('',(-5.365732177038E0,1.575E0,-6.75E0));
#1004=LINE('',#1003,#1002);
#1005=CARTESIAN_POINT('',(-4.7095E0,1.8245E0,-6.75E0));
#1006=DIRECTION('',(0.E0,0.E0,1.E0));
#1007=DIRECTION('',(0.E0,-1.E0,0.E0));
#1008=AXIS2_PLACEMENT_3D('',#1005,#1006,#1007);
#1010=DIRECTION('',(2.988227286917E-11,1.E0,0.E0));
#1011=VECTOR('',#1010,3.010006265481E-1);
#1012=CARTESIAN_POINT('',(-4.460000000029E0,1.824500000003E0,-6.75E0));
#1013=LINE('',#1012,#1011);
#1014=CARTESIAN_POINT('',(-4.7095E0,2.125500626567E0,-6.75E0));
#1015=DIRECTION('',(0.E0,0.E0,1.E0));
#1016=DIRECTION('',(1.E0,0.E0,0.E0));
#1017=AXIS2_PLACEMENT_3D('',#1014,#1015,#1016);
#1019=DIRECTION('',(-9.999999999998E-1,-7.056910124766E-7,-1.476637587204E-12));
#1020=VECTOR('',#1019,4.438974596195E-1);
#1021=CARTESIAN_POINT('',(-4.709500000002E0,2.375000313254E0,
-6.749999999999E0));
#1022=LINE('',#1021,#1020);
#1023=DIRECTION('',(2.588190451025E-1,-9.659258262891E-1,0.E0));
#1024=VECTOR('',#1023,5.560044396040E-1);
#1025=CARTESIAN_POINT('',(-5.297301997753E0,2.912059047745E0,-6.75E0));
#1026=LINE('',#1025,#1024);
#1027=CARTESIAN_POINT('',(-5.249005706438E0,2.925E0,-6.75E0));
#1028=DIRECTION('',(0.E0,0.E0,1.E0));
#1029=DIRECTION('',(0.E0,1.E0,0.E0));
#1030=AXIS2_PLACEMENT_3D('',#1027,#1028,#1029);
#1032=DIRECTION('',(-1.E0,0.E0,0.E0));
#1033=VECTOR('',#1032,2.878011408430E0);
#1034=CARTESIAN_POINT('',(-2.370994298008E0,2.975E0,-6.75E0));
#1035=LINE('',#1034,#1033);
#1036=DIRECTION('',(-1.961161351382E-1,-1.741288209196E-11,-9.805806756909E-1));
#1037=VECTOR('',#1036,9.688137075807E-1);
#1038=CARTESIAN_POINT('',(-4.710001164407E0,-3.750000000799E-1,
-5.799999999991E0));
#1039=LINE('',#1038,#1037);
#1040=CARTESIAN_POINT('',(-3.81E0,-3.75E-1,-5.8E0));
#1041=DIRECTION('',(0.E0,0.E0,1.E0));
#1042=DIRECTION('',(-1.E0,0.E0,0.E0));
#1043=AXIS2_PLACEMENT_3D('',#1040,#1041,#1042);
#1045=CARTESIAN_POINT('',(-3.81E0,-3.75E-1,-5.8E0));
#1046=DIRECTION('',(0.E0,0.E0,1.E0));
#1047=DIRECTION('',(1.E0,0.E0,0.E0));
#1048=AXIS2_PLACEMENT_3D('',#1045,#1046,#1047);
#1050=DIRECTION('',(-1.E0,0.E0,0.E0));
#1051=VECTOR('',#1050,8.E-1);
#1052=CARTESIAN_POINT('',(-3.41E0,-7.75E-1,-5.8E0));
#1053=LINE('',#1052,#1051);
#1054=DIRECTION('',(0.E0,-1.E0,0.E0));
#1055=VECTOR('',#1054,8.E-1);
#1056=CARTESIAN_POINT('',(-3.41E0,2.5E-2,-5.8E0));
#1057=LINE('',#1056,#1055);
#1058=DIRECTION('',(1.E0,0.E0,0.E0));
#1059=VECTOR('',#1058,8.E-1);
#1060=CARTESIAN_POINT('',(-4.21E0,2.5E-2,-5.8E0));
#1061=LINE('',#1060,#1059);
#1062=DIRECTION('',(0.E0,1.E0,0.E0));
#1063=VECTOR('',#1062,8.E-1);
#1064=CARTESIAN_POINT('',(-4.21E0,-7.75E-1,-5.8E0));
#1065=LINE('',#1064,#1063);
#1066=DIRECTION('',(1.961161351382E-1,1.741127774613E-11,-9.805806756909E-1));
#1067=VECTOR('',#1066,9.688137075807E-1);
#1068=CARTESIAN_POINT('',(-2.909998835593E0,-3.749999999201E-1,
-5.799999999991E0));
#1069=LINE('',#1068,#1067);
#1070=DIRECTION('',(0.E0,0.E0,1.E0));
#1071=VECTOR('',#1070,4.8E0);
#1072=CARTESIAN_POINT('',(-4.21E0,-7.75E-1,-5.8E0));
#1073=LINE('',#1072,#1071);
#1074=DIRECTION('',(0.E0,0.E0,1.E0));
#1075=VECTOR('',#1074,4.8E0);
#1076=CARTESIAN_POINT('',(-3.41E0,-7.75E-1,-5.8E0));
#1077=LINE('',#1076,#1075);
#1078=DIRECTION('',(0.E0,1.E0,0.E0));
#1079=VECTOR('',#1078,8.E-1);
#1080=CARTESIAN_POINT('',(-3.41E0,-7.75E-1,-1.E0));
#1081=LINE('',#1080,#1079);
#1082=DIRECTION('',(1.E0,0.E0,0.E0));
#1083=VECTOR('',#1082,8.E-1);
#1084=CARTESIAN_POINT('',(-4.21E0,-7.75E-1,-1.E0));
#1085=LINE('',#1084,#1083);
#1086=DIRECTION('',(0.E0,-1.E0,0.E0));
#1087=VECTOR('',#1086,8.E-1);
#1088=CARTESIAN_POINT('',(-4.21E0,2.5E-2,-1.E0));
#1089=LINE('',#1088,#1087);
#1090=DIRECTION('',(-1.E0,0.E0,0.E0));
#1091=VECTOR('',#1090,8.E-1);
#1092=CARTESIAN_POINT('',(-3.41E0,2.5E-2,-1.E0));
#1093=LINE('',#1092,#1091);
#1094=DIRECTION('',(0.E0,0.E0,1.E0));
#1095=VECTOR('',#1094,4.8E0);
#1096=CARTESIAN_POINT('',(-4.21E0,2.5E-2,-5.8E0));
#1097=LINE('',#1096,#1095);
#1098=DIRECTION('',(0.E0,0.E0,1.E0));
#1099=VECTOR('',#1098,4.8E0);
#1100=CARTESIAN_POINT('',(-3.41E0,2.5E-2,-5.8E0));
#1101=LINE('',#1100,#1099);
#1102=DIRECTION('',(0.E0,0.E0,-1.E0));
#1103=VECTOR('',#1102,6.6E0);
#1104=CARTESIAN_POINT('',(-2.322698007547E0,2.912059044562E0,-1.5E-1));
#1105=LINE('',#1104,#1103);
#1106=DIRECTION('',(0.E0,0.E0,-1.E0));
#1107=VECTOR('',#1106,6.55E0);
#1108=CARTESIAN_POINT('',(-2.370994298008E0,2.975E0,-2.E-1));
#1109=LINE('',#1108,#1107);
#1110=DIRECTION('',(-9.440455202986E-13,0.E0,-1.E0));
#1111=VECTOR('',#1110,6.549999999996E0);
#1112=CARTESIAN_POINT('',(-5.249005706432E0,2.975E0,-2.000000000036E-1));
#1113=LINE('',#1112,#1111);
#1114=DIRECTION('',(1.E0,0.E0,1.262169671614E-12));
#1115=VECTOR('',#1114,2.878011408424E0);
#1116=CARTESIAN_POINT('',(-5.249005706432E0,2.975E0,-2.000000000036E-1));
#1117=LINE('',#1116,#1115);
#1118=DIRECTION('',(0.E0,0.E0,1.E0));
#1119=VECTOR('',#1118,6.6E0);
#1120=CARTESIAN_POINT('',(-5.297301997753E0,2.912059047745E0,-6.75E0));
#1121=LINE('',#1120,#1119);
#1122=CARTESIAN_POINT('',(-5.149929941915E0,2.362059047745E0,
-6.748296291314E0));
#1123=CARTESIAN_POINT('',(-5.151067026185E0,2.366302704011E0,
-6.749433375584E0));
#1124=CARTESIAN_POINT('',(-5.152222907547E0,2.370616511982E0,-6.75E0));
#1125=CARTESIAN_POINT('',(-5.153397459622E0,2.375E0,-6.75E0));
#1127=DIRECTION('',(-2.588190451025E-1,9.659258262891E-1,0.E0));
#1128=VECTOR('',#1127,5.694018992255E-1);
#1129=CARTESIAN_POINT('',(-5.149929941915E0,2.362059047745E0,-1.5E-1));
#1130=LINE('',#1129,#1128);
#1131=CARTESIAN_POINT('',(-4.7095E0,2.375E0,-6.7E0));
#1132=DIRECTION('',(-1.E0,0.E0,0.E0));
#1133=DIRECTION('',(0.E0,6.265674015182E-6,-9.999999999804E-1));
#1134=AXIS2_PLACEMENT_3D('',#1131,#1132,#1133);
#1136=CARTESIAN_POINT('',(-4.46E0,2.125500626567E0,-6.7E0));
#1137=DIRECTION('',(0.E0,1.E0,0.E0));
#1138=DIRECTION('',(0.E0,0.E0,-1.E0));
#1139=AXIS2_PLACEMENT_3D('',#1136,#1137,#1138);
#1141=CARTESIAN_POINT('',(-4.46E0,1.8245E0,-6.7E0));
#1142=DIRECTION('',(0.E0,1.E0,0.E0));
#1143=DIRECTION('',(0.E0,0.E0,-1.E0));
#1144=AXIS2_PLACEMENT_3D('',#1141,#1142,#1143);
#1146=CARTESIAN_POINT('',(-4.7095E0,1.575E0,-6.7E0));
#1147=DIRECTION('',(1.E0,0.E0,0.E0));
#1148=DIRECTION('',(0.E0,0.E0,-1.E0));
#1149=AXIS2_PLACEMENT_3D('',#1146,#1147,#1148);
#1151=DIRECTION('',(7.353005878255E-3,0.E0,-9.999729662869E-1));
#1152=VECTOR('',#1151,6.500175723905E0);
#1153=CARTESIAN_POINT('',(-5.413528007345E0,1.625E0,-1.999999999810E-1));
#1154=LINE('',#1153,#1152);
#1155=DIRECTION('',(9.999999999999E-1,-5.258182683784E-7,-2.702335403127E-11));
#1156=VECTOR('',#1155,7.040280070934E-1);
#1157=CARTESIAN_POINT('',(-5.413528007345E0,1.625E0,-1.999999999810E-1));
#1158=LINE('',#1157,#1156);
#1159=DIRECTION('',(2.765883248930E-11,5.695242892674E-8,-1.E0));
#1160=VECTOR('',#1159,6.5E0);
#1161=CARTESIAN_POINT('',(-4.709500000252E0,1.624999629809E0,-2.E-1));
#1162=LINE('',#1161,#1160);
#1163=DIRECTION('',(1.E0,0.E0,0.E0));
#1164=VECTOR('',#1163,6.562321769655E-1);
#1165=CARTESIAN_POINT('',(-5.365732177038E0,1.625E0,-6.7E0));
#1166=LINE('',#1165,#1164);
#1167=CARTESIAN_POINT('',(-5.413528007345E0,1.575E0,-1.999999999856E-1));
#1168=DIRECTION('',(7.353005878252E-3,0.E0,-9.999729662869E-1));
#1169=DIRECTION('',(-9.999729662869E-1,0.E0,-7.353005878252E-3));
#1170=AXIS2_PLACEMENT_3D('',#1167,#1168,#1169);
#1172=CARTESIAN_POINT('',(-5.413541524387E0,1.575006758430E0,
-1.981617482353E-1));
#1173=DIRECTION('',(7.352807109883E-3,-7.352808290540E-3,-9.999459347574E-1));
#1174=DIRECTION('',(-9.999729662869E-1,0.E0,-7.353005878252E-3));
#1175=AXIS2_PLACEMENT_3D('',#1172,#1173,#1174);
#1177=CARTESIAN_POINT('',(-5.413541529528E0,1.625005406310E0,
-1.985294576401E-1));
#1178=CARTESIAN_POINT('',(-5.413540028470E0,1.625004205536E0,
-1.986927669227E-1));
#1179=CARTESIAN_POINT('',(-5.413537015974E0,1.625002202617E0,
-1.990196077496E-1));
#1180=CARTESIAN_POINT('',(-5.413532513866E0,1.625000400542E0,
-1.995097905739E-1));
#1181=CARTESIAN_POINT('',(-5.413529509255E0,1.625E0,-1.998365980682E-1));
#1182=CARTESIAN_POINT('',(-5.413528007345E0,1.625E0,-1.999999999810E-1));
#1184=CARTESIAN_POINT('',(-5.663533173342E0,1.824998408382E0,
-8.382252825873E-10));
#1185=CARTESIAN_POINT('',(-5.645428319040E0,1.810519190978E0,
-3.375123434409E-6));
#1186=CARTESIAN_POINT('',(-5.610916403638E0,1.782903072841E0,
-3.141151053598E-3));
#1187=CARTESIAN_POINT('',(-5.565331159279E0,1.746437928646E0,
-1.482754720868E-2));
#1188=CARTESIAN_POINT('',(-5.525202692691E0,1.714334023052E0,
-3.215255515214E-2));
#1189=CARTESIAN_POINT('',(-5.491180712806E0,1.687116705005E0,
-5.377862405009E-2));
#1190=CARTESIAN_POINT('',(-5.463021272367E0,1.664589124092E0,
-7.905524269641E-2));
#1191=CARTESIAN_POINT('',(-5.441676236368E0,1.647512959391E0,
-1.060359643875E-1));
#1192=CARTESIAN_POINT('',(-5.425686622527E0,1.634721793576E0,
-1.355089659005E-1));
#1193=CARTESIAN_POINT('',(-5.415662232232E0,1.626701979155E0,
-1.679188046864E-1));
#1194=CARTESIAN_POINT('',(-5.413634788097E0,1.625079871171E0,
-1.884637776048E-1));
#1195=CARTESIAN_POINT('',(-5.413541529528E0,1.625005406310E0,
-1.985294576401E-1));
#1197=CARTESIAN_POINT('',(-4.709749105755E0,1.824750615701E0,
-1.545552010540E-7));
#1198=CARTESIAN_POINT('',(-4.709749117366E0,1.809765215669E0,
-1.873845633099E-5));
#1199=CARTESIAN_POINT('',(-4.709328050562E0,1.780159085466E0,
-3.375160569347E-3));
#1200=CARTESIAN_POINT('',(-4.709497178329E0,1.737325792416E0,
-1.834687059315E-2));
#1201=CARTESIAN_POINT('',(-4.709452264913E0,1.699059303518E0,
-4.246900296600E-2));
#1202=CARTESIAN_POINT('',(-4.709462789935E0,1.667136055323E0,
-7.446814818848E-2));
#1203=CARTESIAN_POINT('',(-4.709465598194E0,1.643114439323E0,
-1.128322818793E-1));
#1204=CARTESIAN_POINT('',(-4.709443829202E0,1.628289799574E0,
-1.555273699237E-1));
#1205=CARTESIAN_POINT('',(-4.709500000252E0,1.624999629809E0,
-1.852085667558E-1));
#1206=CARTESIAN_POINT('',(-4.709500000252E0,1.624999629809E0,-2.E-1));
#1208=CARTESIAN_POINT('',(-4.7095E0,1.8245E0,-6.7E0));
#1209=DIRECTION('',(0.E0,0.E0,1.E0));
#1210=DIRECTION('',(0.E0,-1.E0,0.E0));
#1211=AXIS2_PLACEMENT_3D('',#1208,#1209,#1210);
#1213=CARTESIAN_POINT('',(-4.7095E0,1.8245E0,-2.E-1));
#1214=DIRECTION('',(0.E0,0.E0,1.E0));
#1215=DIRECTION('',(0.E0,-1.E0,0.E0));
#1216=AXIS2_PLACEMENT_3D('',#1213,#1214,#1215);
#1218=DIRECTION('',(-2.068752056862E-5,5.191233923669E-8,-9.999999997860E-1));
#1219=VECTOR('',#1218,6.500000001391E0);
#1220=CARTESIAN_POINT('',(-4.509865531116E0,1.824499662576E0,-2.E-1));
#1221=LINE('',#1220,#1219);
#1222=DIRECTION('',(0.E0,1.E0,0.E0));
#1223=VECTOR('',#1222,3.010006264880E-1);
#1224=CARTESIAN_POINT('',(-4.51E0,1.824500000006E0,-6.7E0));
#1225=LINE('',#1224,#1223);
#1226=DIRECTION('',(-4.455091370531E-4,9.999999007608E-1,0.E0));
#1227=VECTOR('',#1226,3.010009936597E-1);
#1228=CARTESIAN_POINT('',(-4.509865531116E0,1.824499662576E0,-2.E-1));
#1229=LINE('',#1228,#1227);
#1230=DIRECTION('',(-5.695242882426E-8,1.995108352031E-11,-1.E0));
#1231=VECTOR('',#1230,6.5E0);
#1232=CARTESIAN_POINT('',(-4.509999629809E0,2.125500626365E0,-2.E-1));
#1233=LINE('',#1232,#1231);
#1234=CARTESIAN_POINT('',(-4.709749105755E0,1.824750615701E0,
-1.545552010540E-7));
#1235=CARTESIAN_POINT('',(-4.694756507473E0,1.824750627318E0,
1.154435641407E-6));
#1236=CARTESIAN_POINT('',(-4.665126120913E0,1.825110409525E0,
-3.382506928770E-3));
#1237=CARTESIAN_POINT('',(-4.622150467321E0,1.824971949822E0,
-1.842049260433E-2));
#1238=CARTESIAN_POINT('',(-4.583837974276E0,1.825003832372E0,
-4.262877060581E-2));
#1239=CARTESIAN_POINT('',(-4.551858589337E0,1.825014593896E0,
-7.482672958708E-2));
#1240=CARTESIAN_POINT('',(-4.527908220399E0,1.824937651283E0,
-1.131758856372E-1));
#1241=CARTESIAN_POINT('',(-4.513159819008E0,1.825230905112E0,
-1.563732519889E-1));
#1242=CARTESIAN_POINT('',(-4.509865531116E0,1.824499662576E0,
-1.855640372936E-1));
#1243=CARTESIAN_POINT('',(-4.509865531116E0,1.824499662576E0,-2.E-1));
#1245=CARTESIAN_POINT('',(-4.709750616095E0,2.125251364095E0,
-1.545542850090E-7));
#1246=CARTESIAN_POINT('',(-4.694765216062E0,2.125251352483E0,
-1.873839633438E-5));
#1247=CARTESIAN_POINT('',(-4.665159085279E0,2.125672648739E0,
-3.375160597780E-3));
#1248=CARTESIAN_POINT('',(-4.622325792458E0,2.125503428750E0,
-1.834687058851E-2));
#1249=CARTESIAN_POINT('',(-4.584059303495E0,2.125548366877E0,
-4.246900297608E-2));
#1250=CARTESIAN_POINT('',(-4.552136055320E0,2.125537835231E0,
-7.446814819508E-2));
#1251=CARTESIAN_POINT('',(-4.528114439312E0,2.125535028756E0,
-1.128322818996E-1));
#1252=CARTESIAN_POINT('',(-4.513289799572E0,2.125556797235E0,
-1.555273699356E-1));
#1253=CARTESIAN_POINT('',(-4.509999629809E0,2.125500626365E0,
-1.852085667607E-1));
#1254=CARTESIAN_POINT('',(-4.509999629809E0,2.125500626365E0,-2.E-1));
#1256=CARTESIAN_POINT('',(-4.7095E0,2.125500626567E0,-6.7E0));
#1257=DIRECTION('',(0.E0,0.E0,1.E0));
#1258=DIRECTION('',(1.E0,0.E0,0.E0));
#1259=AXIS2_PLACEMENT_3D('',#1256,#1257,#1258);
#1261=CARTESIAN_POINT('',(-4.7095E0,2.125500626567E0,-2.E-1));
#1262=DIRECTION('',(0.E0,0.E0,1.E0));
#1263=DIRECTION('',(1.E0,0.E0,0.E0));
#1264=AXIS2_PLACEMENT_3D('',#1261,#1262,#1263);
#1266=DIRECTION('',(-5.191596143325E-8,-2.068752056261E-5,-9.999999997860E-1));
#1267=VECTOR('',#1266,6.500000001391E0);
#1268=CARTESIAN_POINT('',(-4.709624662595E0,2.325134743007E0,-2.E-1));
#1269=LINE('',#1268,#1267);
#1270=DIRECTION('',(0.E0,0.E0,-1.E0));
#1271=VECTOR('',#1270,6.5E0);
#1272=CARTESIAN_POINT('',(-5.101633650601E0,2.325E0,-2.E-1));
#1273=LINE('',#1272,#1271);
#1274=DIRECTION('',(-9.999999999998E-1,-6.992785053233E-7,0.E0));
#1275=VECTOR('',#1274,3.920086505519E-1);
#1276=CARTESIAN_POINT('',(-4.709625000049E0,2.325000274123E0,-6.7E0));
#1277=LINE('',#1276,#1275);
#1278=DIRECTION('',(-9.999999409268E-1,-3.437242590656E-4,0.E0));
#1279=VECTOR('',#1278,3.920090111628E-1);
#1280=CARTESIAN_POINT('',(-4.709624662595E0,2.325134743007E0,-2.E-1));
#1281=LINE('',#1280,#1279);
#1282=DIRECTION('',(0.E0,0.E0,-1.E0));
#1283=VECTOR('',#1282,6.598296291314E0);
#1284=CARTESIAN_POINT('',(-5.149929941915E0,2.362059047745E0,-1.5E-1));
#1285=LINE('',#1284,#1283);
#1286=CARTESIAN_POINT('',(-5.101633650601E0,2.325E0,-6.7E0));
#1287=CARTESIAN_POINT('',(-5.106660882405E0,2.325E0,-6.705027231804E0));
#1288=CARTESIAN_POINT('',(-5.116209333925E0,2.326508093432E0,
-6.714575683324E0));
#1289=CARTESIAN_POINT('',(-5.128441823575E0,2.332122989967E0,
-6.726808172974E0));
#1290=CARTESIAN_POINT('',(-5.138446077389E0,2.340364047482E0,
-6.736812426788E0));
#1291=CARTESIAN_POINT('',(-5.145903120159E0,2.350670562802E0,
-6.744269469558E0));
#1292=CARTESIAN_POINT('',(-5.148903437219E0,2.358228080065E0,
-6.747269786618E0));
#1293=CARTESIAN_POINT('',(-5.149929941915E0,2.362059047745E0,
-6.748296291314E0));
#1295=CARTESIAN_POINT('',(-5.101633650601E0,2.325E0,-2.E-1));
#1296=CARTESIAN_POINT('',(-5.106936933304E0,2.325E0,-1.956442027610E-1));
#1297=CARTESIAN_POINT('',(-5.117791814648E0,2.326724814448E0,
-1.872299799405E-1));
#1298=CARTESIAN_POINT('',(-5.137616895874E0,2.337200408675E0,
-1.709198438704E-1));
#1299=CARTESIAN_POINT('',(-5.147184760785E0,2.351813892290E0,
-1.587115944781E-1));
#1300=CARTESIAN_POINT('',(-5.149929941915E0,2.362059047745E0,-1.5E-1));
#1302=CARTESIAN_POINT('',(-5.101633650601E0,2.325E0,-2.E-1));
#1303=CARTESIAN_POINT('',(-5.098678971411E0,2.325E0,-1.856104421915E-1));
#1304=CARTESIAN_POINT('',(-5.097694967319E0,2.321768586892E0,
-1.559231810954E-1));
#1305=CARTESIAN_POINT('',(-5.110455330507E0,2.302824002178E0,
-1.010307338572E-1));
#1306=CARTESIAN_POINT('',(-5.142721383026E0,2.261500974413E0,
-4.719889627908E-2));
#1307=CARTESIAN_POINT('',(-5.183023141036E0,2.207869515482E0,
-1.518879784838E-2));
#1308=CARTESIAN_POINT('',(-5.216762449208E0,2.161339373615E0,
-2.226457910053E-3));
#1309=CARTESIAN_POINT('',(-5.233562480542E0,2.137228835736E0,0.E0));
#1310=CARTESIAN_POINT('',(-5.241701588575E0,2.125E0,0.E0));
#1312=CARTESIAN_POINT('',(-4.709750616095E0,2.125251364095E0,
-1.545542850090E-7));
#1313=CARTESIAN_POINT('',(-4.709750627705E0,2.140243970085E0,
1.142695280912E-6));
#1314=CARTESIAN_POINT('',(-4.710110491962E0,2.169874127327E0,
-3.382586300053E-3));
#1315=CARTESIAN_POINT('',(-4.709971652829E0,2.212849825116E0,
-1.842062701223E-2));
#1316=CARTESIAN_POINT('',(-4.710004950584E0,2.251162216823E0,
-4.262893175395E-2));
#1317=CARTESIAN_POINT('',(-4.710010430598E0,2.283141508567E0,
-7.482687641107E-2));
#1318=CARTESIAN_POINT('',(-4.709953196474E0,2.307091834473E0,
-1.131759424891E-1));
#1319=CARTESIAN_POINT('',(-4.710172893596E0,2.321840062181E0,
-1.563732946024E-1));
#1320=CARTESIAN_POINT('',(-4.709624662595E0,2.325134743007E0,
-1.855640500965E-1));
#1321=CARTESIAN_POINT('',(-4.709624662595E0,2.325134743007E0,-2.E-1));
#1323=CARTESIAN_POINT('',(-5.297301997753E0,2.912059047745E0,-1.5E-1));
#1324=CARTESIAN_POINT('',(-5.298199629571E0,2.915409055298E0,
-1.334910324802E-1));
#1325=CARTESIAN_POINT('',(-5.306965373725E0,2.926255967040E0,
-1.018725749048E-1));
#1326=CARTESIAN_POINT('',(-5.332864046736E0,2.952564750084E0,
-6.624670815358E-2));
#1327=CARTESIAN_POINT('',(-5.363412832447E0,2.984861399495E0,
-4.151284229268E-2));
#1328=CARTESIAN_POINT('',(-5.405768189914E0,3.032567692516E0,
-1.897905948055E-2));
#1329=CARTESIAN_POINT('',(-5.447913318579E0,3.084245016390E0,
-7.085788177093E-3));
#1330=CARTESIAN_POINT('',(-5.490139187411E0,3.136543665388E0,
-1.100521871205E-3));
#1331=CARTESIAN_POINT('',(-5.511840329782E0,3.162392183515E0,0.E0));
#1332=CARTESIAN_POINT('',(-5.523048240628E0,3.175E0,0.E0));
#1334=CARTESIAN_POINT('',(-5.241701588575E0,2.125E0,0.E0));
#1335=CARTESIAN_POINT('',(-5.236396567457E0,2.137115946833E0,0.E0));
#1336=CARTESIAN_POINT('',(-5.225840433989E0,2.161379105078E0,
-1.355054896219E-3));
#1337=CARTESIAN_POINT('',(-5.204916397136E0,2.209350953405E0,
-9.599741923556E-3));
#1338=CARTESIAN_POINT('',(-5.179543634141E0,2.267166144361E0,
-3.088153060364E-2));
#1339=CARTESIAN_POINT('',(-5.158706359834E0,2.317880050170E0,
-6.977928732426E-2));
#1340=CARTESIAN_POINT('',(-5.149687422503E0,2.348461908455E0,
-1.125339478419E-1));
#1341=CARTESIAN_POINT('',(-5.149025987656E0,2.358685444521E0,
-1.372429986001E-1));
#1342=CARTESIAN_POINT('',(-5.149929941915E0,2.362059047745E0,-1.5E-1));
#1344=CARTESIAN_POINT('',(-5.297301997753E0,2.912059047745E0,-1.5E-1));
#1345=CARTESIAN_POINT('',(-5.299206771481E0,2.919167760077E0,
-1.546382111081E-1));
#1346=CARTESIAN_POINT('',(-5.299893788892E0,2.934761869899E0,
-1.631147242336E-1));
#1347=CARTESIAN_POINT('',(-5.290135409347E0,2.956559267395E0,
-1.749997517029E-1));
#1348=CARTESIAN_POINT('',(-5.271606405523E0,2.971627376480E0,
-1.868849169363E-1));
#1349=CARTESIAN_POINT('',(-5.256365186983E0,2.975E0,-1.953617888955E-1));
#1350=CARTESIAN_POINT('',(-5.249005706432E0,2.975E0,-2.000000000036E-1));
#1352=CARTESIAN_POINT('',(-5.523048240628E0,3.175E0,0.E0));
#1353=CARTESIAN_POINT('',(-5.508805379465E0,3.163725804303E0,0.E0));
#1354=CARTESIAN_POINT('',(-5.479484169489E0,3.142248133411E0,
-1.851476768780E-3));
#1355=CARTESIAN_POINT('',(-5.420224372263E0,3.101361007809E0,
-1.199966597394E-2));
#1356=CARTESIAN_POINT('',(-5.361750155516E0,3.062193790432E0,
-3.186933061749E-2));
#1357=CARTESIAN_POINT('',(-5.308505947173E0,3.025333131854E0,
-6.539372042808E-2));
#1358=CARTESIAN_POINT('',(-5.273679307289E0,3.000139779968E0,
-9.943074482698E-2));
#1359=CARTESIAN_POINT('',(-5.248913276448E0,2.980229452070E0,
-1.450065249879E-1));
#1360=CARTESIAN_POINT('',(-5.246178526086E0,2.975E0,-1.820563762329E-1));
#1361=CARTESIAN_POINT('',(-5.249005706432E0,2.975E0,-2.000000000036E-1));
#1363=CARTESIAN_POINT('',(-2.370994298008E0,2.975E0,-2.E-1));
#1364=CARTESIAN_POINT('',(-2.373821479759E0,2.975E0,-1.820563668591E-1));
#1365=CARTESIAN_POINT('',(-2.371086907671E0,2.980229273656E0,
-1.450072147589E-1));
#1366=CARTESIAN_POINT('',(-2.346320677748E0,3.000139813646E0,
-9.943051597808E-2));
#1367=CARTESIAN_POINT('',(-2.311493284384E0,3.025333679194E0,
-6.539304518797E-2));
#1368=CARTESIAN_POINT('',(-2.258248372777E0,3.062194791483E0,
-3.186867478494E-2));
#1369=CARTESIAN_POINT('',(-2.199774386300E0,3.101361825329E0,
-1.199936020459E-2));
#1370=CARTESIAN_POINT('',(-2.140515344738E0,3.142248374979E0,
-1.851411884208E-3));
#1371=CARTESIAN_POINT('',(-2.111194611527E0,3.163725798971E0,0.E0));
#1372=CARTESIAN_POINT('',(-2.096951742501E0,3.175E0,0.E0));
#1374=CARTESIAN_POINT('',(-2.370994298008E0,2.975E0,-2.E-1));
#1375=CARTESIAN_POINT('',(-2.363634817200E0,2.975E0,-1.953617888472E-1));
#1376=CARTESIAN_POINT('',(-2.348394250040E0,2.971627555002E0,
-1.868852757168E-1));
#1377=CARTESIAN_POINT('',(-2.329865234993E0,2.956560101544E0,
-1.750002482976E-1));
#1378=CARTESIAN_POINT('',(-2.320106218881E0,2.934762543373E0,
-1.631150831115E-1));
#1379=CARTESIAN_POINT('',(-2.320793233283E0,2.919167757017E0,
-1.546382111528E-1));
#1380=CARTESIAN_POINT('',(-2.322698007547E0,2.912059044562E0,-1.5E-1));
#1382=CARTESIAN_POINT('',(-2.480000045918E0,2.325E0,-1.5E-1));
#1383=CARTESIAN_POINT('',(-2.480000045918E0,2.325E0,-1.403791077429E-1));
#1384=CARTESIAN_POINT('',(-2.478565922025E0,2.323131013227E0,
-1.207983733968E-1));
#1385=CARTESIAN_POINT('',(-2.471865465589E0,2.314398807794E0,
-9.181457204349E-2));
#1386=CARTESIAN_POINT('',(-2.460227903051E0,2.299232439982E0,
-6.385056026314E-2));
#1387=CARTESIAN_POINT('',(-2.443282053166E0,2.277148176941E0,
-3.833970352236E-2));
#1388=CARTESIAN_POINT('',(-2.420988044079E0,2.248094056654E0,
-1.731191243253E-2));
#1389=CARTESIAN_POINT('',(-2.394350634076E0,2.213379505703E0,
-3.366256888859E-3));
#1390=CARTESIAN_POINT('',(-2.374908565064E0,2.188042106337E0,0.E0));
#1391=CARTESIAN_POINT('',(-2.364901005575E0,2.175E0,0.E0));
#1393=CARTESIAN_POINT('',(-2.096951742501E0,3.175E0,0.E0));
#1394=CARTESIAN_POINT('',(-2.108159762029E0,3.162392062236E0,0.E0));
#1395=CARTESIAN_POINT('',(-2.129861025987E0,3.136543345050E0,
-1.100573400977E-3));
#1396=CARTESIAN_POINT('',(-2.172087373082E0,3.084244183106E0,
-7.085857874994E-3));
#1397=CARTESIAN_POINT('',(-2.214232662131E0,3.032566662915E0,
-1.897946561968E-2));
#1398=CARTESIAN_POINT('',(-2.256587707986E0,2.984860770100E0,
-4.151323974594E-2));
#1399=CARTESIAN_POINT('',(-2.287136290657E0,2.952564447524E0,
-6.624706431101E-2));
#1400=CARTESIAN_POINT('',(-2.313034544689E0,2.926256030920E0,
-1.018725664382E-1));
#1401=CARTESIAN_POINT('',(-2.321800366864E0,2.915409084314E0,
-1.334908730919E-1));
#1402=CARTESIAN_POINT('',(-2.322698007547E0,2.912059044562E0,-1.5E-1));
#1404=CARTESIAN_POINT('',(-2.9105E0,2.175000626567E0,-1.5E-1));
#1405=DIRECTION('',(-1.E0,0.E0,0.E0));
#1406=DIRECTION('',(0.E0,-2.088558008021E-6,9.999999999978E-1));
#1407=AXIS2_PLACEMENT_3D('',#1404,#1405,#1406);
#1409=CARTESIAN_POINT('',(-2.96E0,2.125500626567E0,-1.5E-1));
#1410=DIRECTION('',(0.E0,-1.E0,0.E0));
#1411=DIRECTION('',(0.E0,0.E0,1.E0));
#1412=AXIS2_PLACEMENT_3D('',#1409,#1410,#1411);
#1414=CARTESIAN_POINT('',(-2.96E0,1.8245E0,-1.5E-1));
#1415=DIRECTION('',(0.E0,-1.E0,0.E0));
#1416=DIRECTION('',(0.E0,0.E0,1.E0));
#1417=AXIS2_PLACEMENT_3D('',#1414,#1415,#1416);
#1419=CARTESIAN_POINT('',(-2.9105E0,1.8245E0,-6.7E0));
#1420=DIRECTION('',(0.E0,0.E0,1.E0));
#1421=DIRECTION('',(-1.E0,0.E0,0.E0));
#1422=AXIS2_PLACEMENT_3D('',#1419,#1420,#1421);
#1424=CARTESIAN_POINT('',(-2.9105E0,1.8245E0,-1.5E-1));
#1425=DIRECTION('',(0.E0,0.E0,1.E0));
#1426=DIRECTION('',(-1.E0,0.E0,0.E0));
#1427=AXIS2_PLACEMENT_3D('',#1424,#1425,#1426);
#1429=DIRECTION('',(-1.106494031260E-13,0.E0,-1.E0));
#1430=VECTOR('',#1429,6.55E0);
#1431=CARTESIAN_POINT('',(-2.910499999987E0,1.625E0,-1.5E-1));
#1432=LINE('',#1431,#1430);
#1433=CARTESIAN_POINT('',(-3.16E0,1.8245E0,-6.7E0));
#1434=DIRECTION('',(0.E0,-1.E0,0.E0));
#1435=DIRECTION('',(1.776356839400E-14,0.E0,-1.E0));
#1436=AXIS2_PLACEMENT_3D('',#1433,#1434,#1435);
#1438=CARTESIAN_POINT('',(-3.16E0,2.125500626567E0,-6.7E0));
#1439=DIRECTION('',(0.E0,-1.E0,0.E0));
#1440=DIRECTION('',(0.E0,0.E0,-1.E0));
#1441=AXIS2_PLACEMENT_3D('',#1438,#1439,#1440);
#1443=DIRECTION('',(6.349616051152E-6,1.389910654363E-8,-9.999999999798E-1));
#1444=VECTOR('',#1443,6.550040986928E0);
#1445=CARTESIAN_POINT('',(-2.910374999840E0,2.325000274123E0,-1.5E-1));
#1446=LINE('',#1445,#1444);
#1447=CARTESIAN_POINT('',(-2.760665925104E0,2.325E0,-6.75E0));
#1448=CARTESIAN_POINT('',(-2.769261319124E0,2.325E0,-6.750000000118E0));
#1449=CARTESIAN_POINT('',(-2.787048866539E0,2.325000003494E0,
-6.748419515940E0));
#1450=CARTESIAN_POINT('',(-2.815732356951E0,2.324999987770E0,
-6.741582970566E0));
#1451=CARTESIAN_POINT('',(-2.845785112345E0,2.325000045427E0,
-6.730762809605E0));
#1452=CARTESIAN_POINT('',(-2.877277121691E0,2.324999830522E0,
-6.716633296638E0));
#1453=CARTESIAN_POINT('',(-2.899136021851E0,2.325000365163E0,
-6.705646692201E0));
#1454=CARTESIAN_POINT('',(-2.910333409595E0,2.325000365163E0,
-6.700040986796E0));
#1456=DIRECTION('',(-9.999999999998E-1,6.369404638662E-7,0.E0));
#1457=VECTOR('',#1456,4.303749539223E-1);
#1458=CARTESIAN_POINT('',(-2.480000045918E0,2.325E0,-1.5E-1));
#1459=LINE('',#1458,#1457);
#1460=CARTESIAN_POINT('',(-2.9105E0,2.125500626567E0,-6.7E0));
#1461=DIRECTION('',(0.E0,0.E0,1.E0));
#1462=DIRECTION('',(1.252559935718E-3,9.999992155465E-1,0.E0));
#1463=AXIS2_PLACEMENT_3D('',#1460,#1461,#1462);
#1465=CARTESIAN_POINT('',(-2.9105E0,2.125500626567E0,-1.5E-1));
#1466=DIRECTION('',(0.E0,0.E0,1.E0));
#1467=DIRECTION('',(1.253133817713E-3,9.999992148275E-1,0.E0));
#1468=AXIS2_PLACEMENT_3D('',#1465,#1466,#1467);
#1470=DIRECTION('',(4.379790847216E-11,-4.412822948443E-12,-1.E0));
#1471=VECTOR('',#1470,6.55E0);
#1472=CARTESIAN_POINT('',(-3.11E0,2.125500626554E0,-1.5E-1));
#1473=LINE('',#1472,#1471);
#1474=DIRECTION('',(-9.530754266976E-10,-1.E0,0.E0));
#1475=VECTOR('',#1474,3.010006264527E-1);
#1476=CARTESIAN_POINT('',(-3.109999999713E0,2.125500626525E0,-6.7E0));
#1477=LINE('',#1476,#1475);
#1478=DIRECTION('',(0.E0,-1.E0,0.E0));
#1479=VECTOR('',#1478,3.010006264981E-1);
#1480=CARTESIAN_POINT('',(-3.11E0,2.125500626554E0,-1.5E-1));
#1481=LINE('',#1480,#1479);
#1482=DIRECTION('',(0.E0,2.528596500971E-12,-1.E0));
#1483=VECTOR('',#1482,6.55E0);
#1484=CARTESIAN_POINT('',(-3.11E0,1.824500000056E0,-1.5E-1));
#1485=LINE('',#1484,#1483);
#1486=DIRECTION('',(-2.588191087674E-1,-9.659258092301E-1,0.E0));
#1487=VECTOR('',#1486,6.077682560626E-1);
#1488=CARTESIAN_POINT('',(-2.322698007547E0,2.912059044562E0,-1.5E-1));
#1489=LINE('',#1488,#1487);
#1490=DIRECTION('',(0.E0,0.E0,-1.E0));
#1491=VECTOR('',#1490,6.6E0);
#1492=CARTESIAN_POINT('',(-2.480000045918E0,2.325E0,-1.5E-1));
#1493=LINE('',#1492,#1491);
#1494=CARTESIAN_POINT('',(-2.9105E0,1.575E0,-6.7E0));
#1495=DIRECTION('',(1.E0,0.E0,0.E0));
#1496=DIRECTION('',(0.E0,1.332267629550E-14,-1.E0));
#1497=AXIS2_PLACEMENT_3D('',#1494,#1495,#1496);
#1499=CARTESIAN_POINT('',(-2.254267822962E0,1.575E0,-6.7E0));
#1500=DIRECTION('',(7.353005878253E-3,0.E0,9.999729662869E-1));
#1501=DIRECTION('',(9.999729662869E-1,0.E0,-7.353005878254E-3));
#1502=AXIS2_PLACEMENT_3D('',#1499,#1500,#1501);
#1504=CARTESIAN_POINT('',(-2.254267822962E0,1.575E0,-6.7E0));
#1505=DIRECTION('',(0.E0,-1.E0,0.E0));
#1506=DIRECTION('',(0.E0,0.E0,-1.E0));
#1507=AXIS2_PLACEMENT_3D('',#1504,#1505,#1506);
#1509=CARTESIAN_POINT('',(-2.254267822962E0,1.575E0,-6.7E0));
#1510=DIRECTION('',(-1.E0,0.E0,0.E0));
#1511=DIRECTION('',(0.E0,1.E0,0.E0));
#1512=AXIS2_PLACEMENT_3D('',#1509,#1510,#1511);
#1514=CARTESIAN_POINT('',(-2.254267822962E0,-2.224999999962E0,-6.7E0));
#1515=DIRECTION('',(0.E0,1.E0,0.E0));
#1516=DIRECTION('',(9.999729662869E-1,0.E0,-7.353005878272E-3));
#1517=AXIS2_PLACEMENT_3D('',#1514,#1515,#1516);
#1519=CARTESIAN_POINT('',(-2.251694201330E0,-2.575E0,-6.350000000007E0));
#1520=DIRECTION('',(-7.353005878254E-3,1.909378002203E-11,-9.999729662869E-1));
#1521=DIRECTION('',(9.999729662869E-1,0.E0,-7.353005878254E-3));
#1522=AXIS2_PLACEMENT_3D('',#1519,#1520,#1521);
#1524=CARTESIAN_POINT('',(-2.251694201330E0,-2.625E0,-6.349999999986E0));
#1525=CARTESIAN_POINT('',(-2.251841370999E0,-2.624999722275E0,
-6.372875114953E0));
#1526=CARTESIAN_POINT('',(-2.252134791937E0,-2.620988917934E0,
-6.418476385878E0));
#1527=CARTESIAN_POINT('',(-2.252549822951E0,-2.604283426328E0,
-6.482984063730E0));
#1528=CARTESIAN_POINT('',(-2.252958019328E0,-2.575734296447E0,
-6.546426017381E0));
#1529=CARTESIAN_POINT('',(-2.253322494777E0,-2.537289463990E0,
-6.603074445556E0));
#1530=CARTESIAN_POINT('',(-2.253642442794E0,-2.489321249917E0,
-6.652801387280E0));
#1531=CARTESIAN_POINT('',(-2.253900940082E0,-2.434608259356E0,
-6.692978129479E0));
#1532=CARTESIAN_POINT('',(-2.254104344E0,-2.371384433710E0,-6.724591454082E0));
#1533=CARTESIAN_POINT('',(-2.254236734587E0,-2.300493758284E0,
-6.745168164911E0));
#1534=CARTESIAN_POINT('',(-2.254267817242E0,-2.250403713108E0,
-6.749999559650E0));
#1535=CARTESIAN_POINT('',(-2.254267822962E0,-2.224999999970E0,-6.75E0));
#1537=CARTESIAN_POINT('',(-5.368305798670E0,-2.625E0,-6.349999999986E0));
#1538=CARTESIAN_POINT('',(-5.368155781217E0,-2.624999711966E0,
-6.373317826771E0));
#1539=CARTESIAN_POINT('',(-5.367858674061E0,-2.620819200599E0,
-6.419491813156E0));
#1540=CARTESIAN_POINT('',(-5.367446685665E0,-2.604053383305E0,
-6.483526747186E0));
#1541=CARTESIAN_POINT('',(-5.367041920314E0,-2.575696879148E0,
-6.546435383996E0));
#1542=CARTESIAN_POINT('',(-5.366679604093E0,-2.537527087682E0,
-6.602748240862E0));
#1543=CARTESIAN_POINT('',(-5.366361067440E0,-2.489899396022E0,
-6.652255807900E0));
#1544=CARTESIAN_POINT('',(-5.366104031617E0,-2.435805323139E0,
-6.692205420744E0));
#1545=CARTESIAN_POINT('',(-5.365899485381E0,-2.372933961800E0,
-6.723996276805E0));
#1546=CARTESIAN_POINT('',(-5.365764199847E0,-2.301525171281E0,
-6.745022934074E0));
#1547=CARTESIAN_POINT('',(-5.365732183075E0,-2.250803969874E0,
-6.749999535403E0));
#1548=CARTESIAN_POINT('',(-5.365732177038E0,-2.224999999988E0,-6.75E0));
#1550=DIRECTION('',(-7.353005878254E-3,0.E0,-9.999729662869E-1));
#1551=VECTOR('',#1550,6.150166261817E0);
#1552=CARTESIAN_POINT('',(-2.206471992655E0,-2.625E0,-2.E-1));
#1553=LINE('',#1552,#1551);
#1554=DIRECTION('',(-1.E0,-8.818398980971E-12,0.E0));
#1555=VECTOR('',#1554,1.216229672782E0);
#1556=CARTESIAN_POINT('',(-2.206471992655E0,-2.625E0,-2.E-1));
#1557=LINE('',#1556,#1555);
#1558=DIRECTION('',(9.306304597767E-12,1.744006926227E-12,-1.E0));
#1559=VECTOR('',#1558,6.15E0);
#1560=CARTESIAN_POINT('',(-3.422701665437E0,-2.625000000011E0,-2.E-1));
#1561=LINE('',#1560,#1559);
#1562=DIRECTION('',(-1.E0,0.E0,-1.154169501690E-11));
#1563=VECTOR('',#1562,1.171007464049E0);
#1564=CARTESIAN_POINT('',(-2.251694201330E0,-2.625E0,-6.349999999986E0));
#1565=LINE('',#1564,#1563);
#1566=CARTESIAN_POINT('',(-5.368305798668E0,-2.575E0,-6.350000000185E0));
#1567=DIRECTION('',(7.353005878255E-3,5.279677973778E-10,-9.999729662869E-1));
#1568=DIRECTION('',(3.872457909893E-12,-1.E0,-5.279510162382E-10));
#1569=AXIS2_PLACEMENT_3D('',#1566,#1567,#1568);
#1571=CARTESIAN_POINT('',(-5.663533173342E0,1.824998408382E0,
-8.382252825873E-10));
#1572=CARTESIAN_POINT('',(-5.649053954856E0,1.806893552479E0,
-3.375077921114E-6));
#1573=CARTESIAN_POINT('',(-5.621437836624E0,1.772381641153E0,
-3.141152623437E-3));
#1574=CARTESIAN_POINT('',(-5.584972710305E0,1.726796377938E0,
-1.482754073265E-2));
#1575=CARTESIAN_POINT('',(-5.552868805830E0,1.686667911739E0,
-3.215254676021E-2));
#1576=CARTESIAN_POINT('',(-5.525651514536E0,1.652645876861E0,
-5.377858090456E-2));
#1577=CARTESIAN_POINT('',(-5.503123874770E0,1.624486535294E0,
-7.905525810474E-2));
#1578=CARTESIAN_POINT('',(-5.486047704871E0,1.603141507784E0,
-1.060359961497E-1));
#1579=CARTESIAN_POINT('',(-5.473256453805E0,1.587152420322E0,
-1.355092068640E-1));
#1580=CARTESIAN_POINT('',(-5.465236847425E0,1.577127853550E0,
-1.679188188398E-1));
#1581=CARTESIAN_POINT('',(-5.463614431284E0,1.575099881119E0,
-1.884638133274E-1));
#1582=CARTESIAN_POINT('',(-5.463540172699E0,1.575006761749E0,
-1.985293988156E-1));
#1584=CARTESIAN_POINT('',(-5.663533212367E0,-2.824998445440E0,
-7.985871287169E-10));
#1585=CARTESIAN_POINT('',(-5.649145855178E0,-2.807008536144E0,
-3.273293863039E-6));
#1586=CARTESIAN_POINT('',(-5.621661291143E0,-2.772660902213E0,
-3.099168297633E-3));
#1587=CARTESIAN_POINT('',(-5.585170506014E0,-2.727043670533E0,
-1.473947349635E-2));
#1588=CARTESIAN_POINT('',(-5.553015894526E0,-2.686851805835E0,
-3.205670959445E-2));
#1589=CARTESIAN_POINT('',(-5.525829732958E0,-2.652868773662E0,
-5.361680052630E-2));
#1590=CARTESIAN_POINT('',(-5.503306008152E0,-2.624714151327E0,
-7.881820448907E-2));
#1591=CARTESIAN_POINT('',(-5.486215578078E0,-2.603351289815E0,
-1.057276230299E-1));
#1592=CARTESIAN_POINT('',(-5.473383828198E0,-2.587310944549E0,
-1.351299231186E-1));
#1593=CARTESIAN_POINT('',(-5.465270106858E0,-2.577169170700E0,
-1.676468154205E-1));
#1594=CARTESIAN_POINT('',(-5.463615439732E0,-2.575101014278E0,
-1.883574628134E-1));
#1595=CARTESIAN_POINT('',(-5.463540172699E0,-2.575006765655E0,
-1.985293988536E-1));
#1597=CARTESIAN_POINT('',(-5.413541524387E0,-2.575006758430E0,
-1.981617482438E-1));
#1598=DIRECTION('',(7.352807109885E-3,7.352808256343E-3,-9.999459347577E-1));
#1599=DIRECTION('',(1.243449787580E-11,-9.999729662784E-1,-7.353007024587E-3));
#1600=AXIS2_PLACEMENT_3D('',#1597,#1598,#1599);
#1602=CARTESIAN_POINT('',(-5.663533212367E0,-2.824998445440E0,
-7.985871287169E-10));
#1603=CARTESIAN_POINT('',(-5.645543301524E0,-2.810611087200E0,
-3.273250623513E-6));
#1604=CARTESIAN_POINT('',(-5.611195671714E0,-2.783126522909E0,
-3.099169914500E-3));
#1605=CARTESIAN_POINT('',(-5.565578420752E0,-2.746635756106E0,
-1.473946684356E-2));
#1606=CARTESIAN_POINT('',(-5.525386557899E0,-2.714481144430E0,
-3.205670182665E-2));
#1607=CARTESIAN_POINT('',(-5.491403469549E0,-2.687295010772E0,
-5.361675740443E-2));
#1608=CARTESIAN_POINT('',(-5.463248947121E0,-2.664771226355E0,
-7.881822027485E-2));
#1609=CARTESIAN_POINT('',(-5.441886087553E0,-2.647680794408E0,
-1.057276521773E-1));
#1610=CARTESIAN_POINT('',(-5.425846263683E0,-2.634848953483E0,
-1.351301585314E-1));
#1611=CARTESIAN_POINT('',(-5.415704355589E0,-2.626735451127E0,
-1.676468525673E-1));
#1612=CARTESIAN_POINT('',(-5.413635629164E0,-2.625080449060E0,
-1.883574615377E-1));
#1613=CARTESIAN_POINT('',(-5.413541526054E0,-2.625005406604E0,
-1.985294177196E-1));
#1615=CARTESIAN_POINT('',(-5.413541526054E0,-2.625005406604E0,
-1.985294177196E-1));
#1616=CARTESIAN_POINT('',(-5.413540024446E0,-2.625004205340E0,
-1.986927868368E-1));
#1617=CARTESIAN_POINT('',(-5.413537017851E0,-2.625002202708E0,
-1.990195984633E-1));
#1618=CARTESIAN_POINT('',(-5.413532513330E0,-2.625000400516E0,
-1.995097932045E-1));
#1619=CARTESIAN_POINT('',(-5.413529509255E0,-2.625E0,-1.998365981209E-1));
#1620=CARTESIAN_POINT('',(-5.413528007345E0,-2.625E0,-2.000000000337E-1));
#1622=CARTESIAN_POINT('',(-5.365732177038E0,1.575E0,-6.7E0));
#1623=DIRECTION('',(1.E0,0.E0,0.E0));
#1624=DIRECTION('',(0.E0,1.332267629550E-14,-1.E0));
#1625=AXIS2_PLACEMENT_3D('',#1622,#1623,#1624);
#1627=CARTESIAN_POINT('',(-5.365732177038E0,1.575E0,-6.7E0));
#1628=DIRECTION('',(0.E0,-1.E0,0.E0));
#1629=DIRECTION('',(-9.999729662869E-1,0.E0,-7.353005878255E-3));
#1630=AXIS2_PLACEMENT_3D('',#1627,#1628,#1629);
#1632=CARTESIAN_POINT('',(-5.365732177038E0,1.575E0,-6.7E0));
#1633=DIRECTION('',(-7.353005878252E-3,0.E0,9.999729662869E-1));
#1634=DIRECTION('',(0.E0,1.E0,0.E0));
#1635=AXIS2_PLACEMENT_3D('',#1632,#1633,#1634);
#1637=CARTESIAN_POINT('',(-1.853533212367E0,-2.824998445440E0,
-7.985871287169E-10));
#1638=CARTESIAN_POINT('',(-1.839145855178E0,-2.807008536145E0,
-3.273293863151E-6));
#1639=CARTESIAN_POINT('',(-1.811661291145E0,-2.772660902215E0,
-3.099168297513E-3));
#1640=CARTESIAN_POINT('',(-1.775170506021E0,-2.727043670542E0,
-1.473947349375E-2));
#1641=CARTESIAN_POINT('',(-1.743015894538E0,-2.686851805850E0,
-3.205670958710E-2));
#1642=CARTESIAN_POINT('',(-1.715829732971E0,-2.652868773679E0,
-5.361680051419E-2));
#1643=CARTESIAN_POINT('',(-1.693306008165E0,-2.624714151342E0,
-7.881820447253E-2));
#1644=CARTESIAN_POINT('',(-1.676215578090E0,-2.603351289830E0,
-1.057276230078E-1));
#1645=CARTESIAN_POINT('',(-1.663383828208E0,-2.587310944560E0,
-1.351299230906E-1));
#1646=CARTESIAN_POINT('',(-1.655270106861E0,-2.577169170703E0,
-1.676468154024E-1));
#1647=CARTESIAN_POINT('',(-1.653615439732E0,-2.575101014278E0,
-1.883574628064E-1));
#1648=CARTESIAN_POINT('',(-1.653540172699E0,-2.575006765655E0,
-1.985293988536E-1));
#1650=CARTESIAN_POINT('',(-1.853533173342E0,1.824998408382E0,
-8.382252825873E-10));
#1651=CARTESIAN_POINT('',(-1.839053954855E0,1.806893552477E0,
-3.375077922233E-6));
#1652=CARTESIAN_POINT('',(-1.811437836619E0,1.772381641147E0,
-3.141152623999E-3));
#1653=CARTESIAN_POINT('',(-1.774972710291E0,1.726796377920E0,
-1.482754073798E-2));
#1654=CARTESIAN_POINT('',(-1.742868805808E0,1.686667911711E0,
-3.215254677395E-2));
#1655=CARTESIAN_POINT('',(-1.715651514512E0,1.652645876831E0,
-5.377858092689E-2));
#1656=CARTESIAN_POINT('',(-1.693123874747E0,1.624486535266E0,
-7.905525813485E-2));
#1657=CARTESIAN_POINT('',(-1.676047704850E0,1.603141507756E0,
-1.060359961897E-1));
#1658=CARTESIAN_POINT('',(-1.663256453789E0,1.587152420302E0,
-1.355092069139E-1));
#1659=CARTESIAN_POINT('',(-1.655236847421E0,1.577127853546E0,
-1.679188188713E-1));
#1660=CARTESIAN_POINT('',(-1.653614431284E0,1.575099881119E0,
-1.884638133396E-1));
#1661=CARTESIAN_POINT('',(-1.653540172699E0,1.575006761749E0,
-1.985293988156E-1));
#1663=CARTESIAN_POINT('',(-1.603541524387E0,-2.575006758430E0,
-1.981617482438E-1));
#1664=DIRECTION('',(7.352807109885E-3,7.352808256343E-3,-9.999459347576E-1));
#1665=DIRECTION('',(1.238564806272E-11,-9.999729662784E-1,-7.353007024587E-3));
#1666=AXIS2_PLACEMENT_3D('',#1663,#1664,#1665);
#1668=CARTESIAN_POINT('',(-1.603541526054E0,-2.625005406604E0,
-1.985294177196E-1));
#1669=CARTESIAN_POINT('',(-1.603540024446E0,-2.625004205340E0,
-1.986927868369E-1));
#1670=CARTESIAN_POINT('',(-1.603537017851E0,-2.625002202708E0,
-1.990195984634E-1));
#1671=CARTESIAN_POINT('',(-1.603532513330E0,-2.625000400516E0,
-1.995097932046E-1));
#1672=CARTESIAN_POINT('',(-1.603529509255E0,-2.625E0,-1.998365981209E-1));
#1673=CARTESIAN_POINT('',(-1.603528007345E0,-2.625E0,-2.000000000337E-1));
#1675=CARTESIAN_POINT('',(-1.853533212367E0,-2.824998445440E0,
-7.985871287169E-10));
#1676=CARTESIAN_POINT('',(-1.835543301524E0,-2.810611087200E0,
-3.273250623629E-6));
#1677=CARTESIAN_POINT('',(-1.801195671716E0,-2.783126522911E0,
-3.099169914379E-3));
#1678=CARTESIAN_POINT('',(-1.755578420761E0,-2.746635756113E0,
-1.473946684096E-2));
#1679=CARTESIAN_POINT('',(-1.715386557913E0,-2.714481144442E0,
-3.205670181929E-2));
#1680=CARTESIAN_POINT('',(-1.681403469565E0,-2.687295010785E0,
-5.361675739232E-2));
#1681=CARTESIAN_POINT('',(-1.653248947137E0,-2.664771226367E0,
-7.881822025830E-2));
#1682=CARTESIAN_POINT('',(-1.631886087568E0,-2.647680794420E0,
-1.057276521552E-1));
#1683=CARTESIAN_POINT('',(-1.615846263695E0,-2.634848953492E0,
-1.351301585034E-1));
#1684=CARTESIAN_POINT('',(-1.605704355592E0,-2.626735451129E0,
-1.676468525492E-1));
#1685=CARTESIAN_POINT('',(-1.603635629164E0,-2.625080449060E0,
-1.883574615307E-1));
#1686=CARTESIAN_POINT('',(-1.603541526054E0,-2.625005406604E0,
-1.985294177196E-1));
#1688=DIRECTION('',(7.353005878244E-3,0.E0,-9.999729662869E-1));
#1689=VECTOR('',#1688,6.150166261782E0);
#1690=CARTESIAN_POINT('',(-1.603528007345E0,-2.625E0,-2.000000000337E-1));
#1691=LINE('',#1690,#1689);
#1692=DIRECTION('',(-1.E0,0.E0,1.224252475967E-11));
#1693=VECTOR('',#1692,1.171007464049E0);
#1694=CARTESIAN_POINT('',(-3.872983346204E-1,-2.625E0,-6.35E0));
#1695=LINE('',#1694,#1693);
#1696=DIRECTION('',(-1.E0,6.691116778940E-12,-2.768700598271E-11));
#1697=VECTOR('',#1696,1.216229672768E0);
#1698=CARTESIAN_POINT('',(-3.872983345770E-1,-2.625000000008E0,-2.E-1));
#1699=LINE('',#1698,#1697);
#1700=CARTESIAN_POINT('',(-1.603528007345E0,-2.575E0,-2.E-1));
#1701=DIRECTION('',(7.353005878252E-3,0.E0,-9.999729662869E-1));
#1702=DIRECTION('',(0.E0,-1.E0,0.E0));
#1703=AXIS2_PLACEMENT_3D('',#1700,#1701,#1702);
#1705=DIRECTION('',(0.E0,1.E0,0.E0));
#1706=VECTOR('',#1705,3.8E0);
#1707=CARTESIAN_POINT('',(-1.605730825352E0,-2.225E0,-6.700367650294E0));
#1708=LINE('',#1707,#1706);
#1709=CARTESIAN_POINT('',(-1.608304446984E0,-2.575E0,-6.350367650294E0));
#1710=CARTESIAN_POINT('',(-1.608153089401E0,-2.574999377533E0,
-6.370951543990E0));
#1711=CARTESIAN_POINT('',(-1.607857949888E0,-2.571341984342E0,
-6.411089079429E0));
#1712=CARTESIAN_POINT('',(-1.607445163350E0,-2.556671622670E0,
-6.467226037077E0));
#1713=CARTESIAN_POINT('',(-1.607040615401E0,-2.531859936337E0,
-6.522242586647E0));
#1714=CARTESIAN_POINT('',(-1.606678239254E0,-2.498460621104E0,
-6.571523976644E0));
#1715=CARTESIAN_POINT('',(-1.606359719989E0,-2.456789126915E0,
-6.614841044462E0));
#1716=CARTESIAN_POINT('',(-1.606102677805E0,-2.409446616777E0,
-6.649797528832E0));
#1717=CARTESIAN_POINT('',(-1.605898135477E0,-2.354472225064E0,
-6.677614288690E0));
#1718=CARTESIAN_POINT('',(-1.605762846006E0,-2.291847531881E0,
-6.696012997455E0));
#1719=CARTESIAN_POINT('',(-1.605730832634E0,-2.247819784958E0,
-6.700366660002E0));
#1720=CARTESIAN_POINT('',(-1.605730825352E0,-2.225E0,-6.700367650294E0));
#1722=DIRECTION('',(7.353005878252E-3,0.E0,-9.999729662869E-1));
#1723=VECTOR('',#1722,6.150166261823E0);
#1724=CARTESIAN_POINT('',(-1.653526655660E0,-2.575E0,-2.003676503018E-1));
#1725=LINE('',#1724,#1723);
#1726=CARTESIAN_POINT('',(-1.653540172699E0,-2.575006765655E0,
-1.985293988536E-1));
#1727=CARTESIAN_POINT('',(-1.653538670827E0,-2.575005263783E0,
-1.987336461324E-1));
#1728=CARTESIAN_POINT('',(-1.653535667069E0,-2.575002750068E0,
-1.991421425777E-1));
#1729=CARTESIAN_POINT('',(-1.653531161385E0,-2.575000501593E0,
-1.997548936455E-1));
#1730=CARTESIAN_POINT('',(-1.653528157572E0,-2.575E0,-2.001633975019E-1));
#1731=CARTESIAN_POINT('',(-1.653526655660E0,-2.575E0,-2.003676503018E-1));
#1733=DIRECTION('',(-6.762975078802E-14,1.E0,9.161557288416E-12));
#1734=VECTOR('',#1733,4.150013527404E0);
#1735=CARTESIAN_POINT('',(-1.653540172699E0,-2.575006765655E0,
-1.985293988536E-1));
#1736=LINE('',#1735,#1734);
#1737=CARTESIAN_POINT('',(-1.653540172699E0,1.575006761749E0,
-1.985293988156E-1));
#1738=CARTESIAN_POINT('',(-1.653538670827E0,1.575005259877E0,
-1.987336460943E-1));
#1739=CARTESIAN_POINT('',(-1.653535667069E0,1.575002751891E0,
-1.991421425941E-1));
#1740=CARTESIAN_POINT('',(-1.653531161385E0,1.575000501072E0,
-1.997548936444E-1));
#1741=CARTESIAN_POINT('',(-1.653528157572E0,1.575E0,-2.001633974930E-1));
#1742=CARTESIAN_POINT('',(-1.653526655660E0,1.575E0,-2.003676502930E-1));
#1744=DIRECTION('',(7.353005878252E-3,0.E0,-9.999729662869E-1));
#1745=VECTOR('',#1744,6.500175723887E0);
#1746=CARTESIAN_POINT('',(-1.653526655660E0,1.575E0,-2.003676502930E-1));
#1747=LINE('',#1746,#1745);
#1748=CARTESIAN_POINT('',(-1.555732177038E0,-2.224999999956E0,-6.7E0));
#1749=DIRECTION('',(0.E0,1.E0,0.E0));
#1750=DIRECTION('',(0.E0,0.E0,-1.E0));
#1751=AXIS2_PLACEMENT_3D('',#1748,#1749,#1750);
#1753=CARTESIAN_POINT('',(0.E0,-3.75E-1,-6.75E0));
#1754=DIRECTION('',(0.E0,0.E0,1.E0));
#1755=DIRECTION('',(-1.E0,0.E0,0.E0));
#1756=AXIS2_PLACEMENT_3D('',#1753,#1754,#1755);
#1758=CARTESIAN_POINT('',(0.E0,-3.75E-1,-6.75E0));
#1759=DIRECTION('',(0.E0,0.E0,1.E0));
#1760=DIRECTION('',(1.E0,0.E0,0.E0));
#1761=AXIS2_PLACEMENT_3D('',#1758,#1759,#1760);
#1763=DIRECTION('',(-1.104379745557E-14,1.E0,0.E0));
#1764=VECTOR('',#1763,3.799999999970E0);
#1765=CARTESIAN_POINT('',(1.555732177038E0,-2.224999999970E0,-6.75E0));
#1766=LINE('',#1765,#1764);
#1767=DIRECTION('',(-1.E0,-5.676528490844E-12,0.E0));
#1768=VECTOR('',#1767,3.111464354076E0);
#1769=CARTESIAN_POINT('',(1.555732177038E0,-2.224999999970E0,-6.75E0));
#1770=LINE('',#1769,#1768);
#1771=DIRECTION('',(0.E0,1.E0,0.E0));
#1772=VECTOR('',#1771,3.799999999988E0);
#1773=CARTESIAN_POINT('',(-1.555732177038E0,-2.224999999988E0,-6.75E0));
#1774=LINE('',#1773,#1772);
#1775=DIRECTION('',(1.E0,2.995966388468E-11,0.E0));
#1776=VECTOR('',#1775,6.562321770216E-1);
#1777=CARTESIAN_POINT('',(-1.555732177038E0,1.575E0,-6.75E0));
#1778=LINE('',#1777,#1776);
#1779=CARTESIAN_POINT('',(-8.995E-1,1.8245E0,-6.75E0));
#1780=DIRECTION('',(0.E0,0.E0,1.E0));
#1781=DIRECTION('',(0.E0,-1.E0,0.E0));
#1782=AXIS2_PLACEMENT_3D('',#1779,#1780,#1781);
#1784=DIRECTION('',(2.988264171327E-11,1.E0,0.E0));
#1785=VECTOR('',#1784,3.010006265481E-1);
#1786=CARTESIAN_POINT('',(-6.500000000288E-1,1.824500000003E0,-6.75E0));
#1787=LINE('',#1786,#1785);
#1788=CARTESIAN_POINT('',(-8.995E-1,2.125500626567E0,-6.75E0));
#1789=DIRECTION('',(0.E0,0.E0,1.E0));
#1790=DIRECTION('',(1.E0,0.E0,0.E0));
#1791=AXIS2_PLACEMENT_3D('',#1788,#1789,#1790);
#1793=DIRECTION('',(-9.999999999998E-1,-7.056910144775E-7,-1.476637587204E-12));
#1794=VECTOR('',#1793,4.438974596195E-1);
#1795=CARTESIAN_POINT('',(-8.995000000021E-1,2.375000313254E0,
-6.749999999999E0));
#1796=LINE('',#1795,#1794);
#1797=DIRECTION('',(2.588190451025E-1,-9.659258262891E-1,0.E0));
#1798=VECTOR('',#1797,5.560044396040E-1);
#1799=CARTESIAN_POINT('',(-1.487301997753E0,2.912059047745E0,-6.75E0));
#1800=LINE('',#1799,#1798);
#1801=CARTESIAN_POINT('',(-1.439005706438E0,2.925E0,-6.75E0));
#1802=DIRECTION('',(0.E0,0.E0,1.E0));
#1803=DIRECTION('',(0.E0,1.E0,0.E0));
#1804=AXIS2_PLACEMENT_3D('',#1801,#1802,#1803);
#1806=DIRECTION('',(-1.E0,0.E0,0.E0));
#1807=VECTOR('',#1806,2.878011408430E0);
#1808=CARTESIAN_POINT('',(1.439005701992E0,2.975E0,-6.75E0));
#1809=LINE('',#1808,#1807);
#1810=CARTESIAN_POINT('',(1.439005701992E0,2.925E0,-6.75E0));
#1811=DIRECTION('',(0.E0,0.E0,1.E0));
#1812=DIRECTION('',(9.659258092301E-1,-2.588191087673E-1,0.E0));
#1813=AXIS2_PLACEMENT_3D('',#1810,#1811,#1812);
#1815=DIRECTION('',(2.588191087674E-1,9.659258092301E-1,0.E0));
#1816=VECTOR('',#1815,6.077682560626E-1);
#1817=CARTESIAN_POINT('',(1.329999954082E0,2.325E0,-6.75E0));
#1818=LINE('',#1817,#1816);
#1819=DIRECTION('',(1.E0,0.E0,0.E0));
#1820=VECTOR('',#1819,2.806658791859E-1);
#1821=CARTESIAN_POINT('',(1.049334074896E0,2.325E0,-6.75E0));
#1822=LINE('',#1821,#1820);
#1823=CARTESIAN_POINT('',(8.995E-1,2.125500626567E0,-6.75E0));
#1824=DIRECTION('',(0.E0,0.E0,1.E0));
#1825=DIRECTION('',(6.005373743335E-1,7.995966871046E-1,0.E0));
#1826=AXIS2_PLACEMENT_3D('',#1823,#1824,#1825);
#1828=DIRECTION('',(-1.893623432154E-10,-1.E0,0.E0));
#1829=VECTOR('',#1828,3.010006265375E-1);
#1830=CARTESIAN_POINT('',(6.500000000767E-1,2.125500626554E0,-6.75E0));
#1831=LINE('',#1830,#1829);
#1832=CARTESIAN_POINT('',(8.995E-1,1.8245E0,-6.75E0));
#1833=DIRECTION('',(0.E0,0.E0,1.E0));
#1834=DIRECTION('',(-1.E0,0.E0,0.E0));
#1835=AXIS2_PLACEMENT_3D('',#1832,#1833,#1834);
#1837=DIRECTION('',(1.E0,-4.393438891118E-11,0.E0));
#1838=VECTOR('',#1837,6.562321770350E-1);
#1839=CARTESIAN_POINT('',(8.995000000028E-1,1.575000000029E0,-6.75E0));
#1840=LINE('',#1839,#1838);
#1841=DIRECTION('',(-1.961161351382E-1,-1.741127774613E-11,-9.805806756909E-1));
#1842=VECTOR('',#1841,9.688137075807E-1);
#1843=CARTESIAN_POINT('',(-9.000011644066E-1,-3.750000000799E-1,
-5.799999999991E0));
#1844=LINE('',#1843,#1842);
#1845=CARTESIAN_POINT('',(0.E0,-3.75E-1,-5.8E0));
#1846=DIRECTION('',(0.E0,0.E0,1.E0));
#1847=DIRECTION('',(-1.E0,0.E0,0.E0));
#1848=AXIS2_PLACEMENT_3D('',#1845,#1846,#1847);
#1850=CARTESIAN_POINT('',(0.E0,-3.75E-1,-5.8E0));
#1851=DIRECTION('',(0.E0,0.E0,1.E0));
#1852=DIRECTION('',(1.E0,0.E0,0.E0));
#1853=AXIS2_PLACEMENT_3D('',#1850,#1851,#1852);
#1855=DIRECTION('',(1.E0,0.E0,0.E0));
#1856=VECTOR('',#1855,8.E-1);
#1857=CARTESIAN_POINT('',(-4.E-1,-7.75E-1,-5.8E0));
#1858=LINE('',#1857,#1856);
#1859=DIRECTION('',(0.E0,1.E0,0.E0));
#1860=VECTOR('',#1859,8.E-1);
#1861=CARTESIAN_POINT('',(4.E-1,-7.75E-1,-5.8E0));
#1862=LINE('',#1861,#1860);
#1863=DIRECTION('',(-1.E0,0.E0,0.E0));
#1864=VECTOR('',#1863,8.E-1);
#1865=CARTESIAN_POINT('',(4.E-1,2.5E-2,-5.8E0));
#1866=LINE('',#1865,#1864);
#1867=DIRECTION('',(0.E0,-1.E0,0.E0));
#1868=VECTOR('',#1867,8.E-1);
#1869=CARTESIAN_POINT('',(-4.E-1,2.5E-2,-5.8E0));
#1870=LINE('',#1869,#1868);
#1871=DIRECTION('',(1.961161351382E-1,1.741127774613E-11,-9.805806756909E-1));
#1872=VECTOR('',#1871,9.688137075807E-1);
#1873=CARTESIAN_POINT('',(9.000011644066E-1,-3.749999999201E-1,
-5.799999999991E0));
#1874=LINE('',#1873,#1872);
#1875=DIRECTION('',(0.E0,0.E0,1.E0));
#1876=VECTOR('',#1875,4.8E0);
#1877=CARTESIAN_POINT('',(-4.E-1,-7.75E-1,-5.8E0));
#1878=LINE('',#1877,#1876);
#1879=DIRECTION('',(0.E0,0.E0,1.E0));
#1880=VECTOR('',#1879,4.8E0);
#1881=CARTESIAN_POINT('',(4.E-1,-7.75E-1,-5.8E0));
#1882=LINE('',#1881,#1880);
#1883=DIRECTION('',(0.E0,1.E0,0.E0));
#1884=VECTOR('',#1883,8.E-1);
#1885=CARTESIAN_POINT('',(4.E-1,-7.75E-1,-1.E0));
#1886=LINE('',#1885,#1884);
#1887=DIRECTION('',(1.E0,0.E0,0.E0));
#1888=VECTOR('',#1887,8.E-1);
#1889=CARTESIAN_POINT('',(-4.E-1,-7.75E-1,-1.E0));
#1890=LINE('',#1889,#1888);
#1891=DIRECTION('',(0.E0,-1.E0,0.E0));
#1892=VECTOR('',#1891,8.E-1);
#1893=CARTESIAN_POINT('',(-4.E-1,2.5E-2,-1.E0));
#1894=LINE('',#1893,#1892);
#1895=DIRECTION('',(-1.E0,0.E0,0.E0));
#1896=VECTOR('',#1895,8.E-1);
#1897=CARTESIAN_POINT('',(4.E-1,2.5E-2,-1.E0));
#1898=LINE('',#1897,#1896);
#1899=DIRECTION('',(0.E0,0.E0,1.E0));
#1900=VECTOR('',#1899,4.8E0);
#1901=CARTESIAN_POINT('',(-4.E-1,2.5E-2,-5.8E0));
#1902=LINE('',#1901,#1900);
#1903=DIRECTION('',(0.E0,0.E0,1.E0));
#1904=VECTOR('',#1903,4.8E0);
#1905=CARTESIAN_POINT('',(4.E-1,2.5E-2,-5.8E0));
#1906=LINE('',#1905,#1904);
#1907=CARTESIAN_POINT('',(1.555732177038E0,-2.224999999962E0,-6.7E0));
#1908=DIRECTION('',(0.E0,1.E0,0.E0));
#1909=DIRECTION('',(9.999729662869E-1,0.E0,-7.353005878272E-3));
#1910=AXIS2_PLACEMENT_3D('',#1907,#1908,#1909);
#1912=DIRECTION('',(0.E0,1.E0,0.E0));
#1913=VECTOR('',#1912,3.8E0);
#1914=CARTESIAN_POINT('',(1.605730825352E0,-2.225E0,-6.700367650294E0));
#1915=LINE('',#1914,#1913);
#1916=DIRECTION('',(-7.353005878252E-3,0.E0,-9.999729662869E-1));
#1917=VECTOR('',#1916,6.502014025052E0);
#1918=CARTESIAN_POINT('',(1.653540172699E0,1.575E0,-1.985293988243E-1));
#1919=LINE('',#1918,#1917);
#1920=DIRECTION('',(0.E0,-1.E0,0.E0));
#1921=VECTOR('',#1920,4.15E0);
#1922=CARTESIAN_POINT('',(1.653540172699E0,1.575E0,-1.985293988243E-1));
#1923=LINE('',#1922,#1921);
#1924=CARTESIAN_POINT('',(1.608304446984E0,-2.575E0,-6.350367650294E0));
#1925=CARTESIAN_POINT('',(1.608155923516E0,-2.574999401773E0,
-6.370566118189E0));
#1926=CARTESIAN_POINT('',(1.607864489847E0,-2.571490479694E0,
-6.410199676936E0));
#1927=CARTESIAN_POINT('',(1.607448653224E0,-2.556872913092E0,
-6.466751431174E0));
#1928=CARTESIAN_POINT('',(1.607040676143E0,-2.531892672680E0,-6.522234326E0));
#1929=CARTESIAN_POINT('',(1.606676140308E0,-2.498252712770E0,
-6.571809423063E0));
#1930=CARTESIAN_POINT('',(1.606356209734E0,-2.456283203277E0,
-6.615318422032E0));
#1931=CARTESIAN_POINT('',(1.606097706154E0,-2.408399356754E0,
-6.650473649213E0));
#1932=CARTESIAN_POINT('',(1.605894306049E0,-2.353115750630E0,
-6.678135072244E0));
#1933=CARTESIAN_POINT('',(1.605761911686E0,-2.290947424140E0,
-6.696140060456E0));
#1934=CARTESIAN_POINT('',(1.605730832255E0,-2.247464435053E0,
-6.700366711551E0));
#1935=CARTESIAN_POINT('',(1.605730825352E0,-2.225E0,-6.700367650294E0));
#1937=DIRECTION('',(7.353005878252E-3,0.E0,9.999729662869E-1));
#1938=VECTOR('',#1937,6.550177075608E0);
#1939=CARTESIAN_POINT('',(1.555732177038E0,1.625E0,-6.7E0));
#1940=LINE('',#1939,#1938);
#1941=DIRECTION('',(1.E0,0.E0,0.E0));
#1942=VECTOR('',#1941,6.562321770256E-1);
#1943=CARTESIAN_POINT('',(8.995000000123E-1,1.625E0,-6.7E0));
#1944=LINE('',#1943,#1942);
#1945=DIRECTION('',(1.E0,0.E0,0.E0));
#1946=VECTOR('',#1945,7.043956675654E-1);
#1947=CARTESIAN_POINT('',(8.995000000130E-1,1.625E0,-1.5E-1));
#1948=LINE('',#1947,#1946);
#1949=CARTESIAN_POINT('',(8.995E-1,1.575E0,-6.7E0));
#1950=DIRECTION('',(1.E0,0.E0,0.E0));
#1951=DIRECTION('',(0.E0,1.332267629550E-14,-1.E0));
#1952=AXIS2_PLACEMENT_3D('',#1949,#1950,#1951);
#1954=CARTESIAN_POINT('',(6.5E-1,1.8245E0,-6.7E0));
#1955=DIRECTION('',(0.E0,-1.E0,0.E0));
#1956=DIRECTION('',(0.E0,0.E0,-1.E0));
#1957=AXIS2_PLACEMENT_3D('',#1954,#1955,#1956);
#1959=CARTESIAN_POINT('',(6.5E-1,2.125500626567E0,-6.7E0));
#1960=DIRECTION('',(0.E0,-1.E0,0.E0));
#1961=DIRECTION('',(0.E0,0.E0,-1.E0));
#1962=AXIS2_PLACEMENT_3D('',#1959,#1960,#1961);
#1964=CARTESIAN_POINT('',(1.049334074896E0,2.325E0,-6.75E0));
#1965=CARTESIAN_POINT('',(1.040738680876E0,2.325E0,-6.750000000118E0));
#1966=CARTESIAN_POINT('',(1.022951133461E0,2.325000003494E0,-6.748419515940E0));
#1967=CARTESIAN_POINT('',(9.942676430489E-1,2.324999987770E0,
-6.741582970566E0));
#1968=CARTESIAN_POINT('',(9.642148876549E-1,2.325000045427E0,
-6.730762809605E0));
#1969=CARTESIAN_POINT('',(9.327228783087E-1,2.324999830522E0,
-6.716633296638E0));
#1970=CARTESIAN_POINT('',(9.108639781492E-1,2.325000365163E0,
-6.705646692201E0));
#1971=CARTESIAN_POINT('',(8.996665904053E-1,2.325000365163E0,
-6.700040986796E0));
#1973=DIRECTION('',(-9.999999999998E-1,6.369404638662E-7,0.E0));
#1974=VECTOR('',#1973,4.303749539223E-1);
#1975=CARTESIAN_POINT('',(1.329999954082E0,2.325E0,-1.5E-1));
#1976=LINE('',#1975,#1974);
#1977=DIRECTION('',(6.349616044067E-6,1.389910654363E-8,-9.999999999798E-1));
#1978=VECTOR('',#1977,6.550040986928E0);
#1979=CARTESIAN_POINT('',(8.996250001599E-1,2.325000274123E0,-1.5E-1));
#1980=LINE('',#1979,#1978);
#1981=DIRECTION('',(-2.588191087674E-1,-9.659258092301E-1,0.E0));
#1982=VECTOR('',#1981,6.077682560626E-1);
#1983=CARTESIAN_POINT('',(1.487301992453E0,2.912059044562E0,-1.5E-1));
#1984=LINE('',#1983,#1982);
#1985=DIRECTION('',(0.E0,0.E0,-1.E0));
#1986=VECTOR('',#1985,6.6E0);
#1987=CARTESIAN_POINT('',(1.329999954082E0,2.325E0,-1.5E-1));
#1988=LINE('',#1987,#1986);
#1989=DIRECTION('',(0.E0,0.E0,-1.E0));
#1990=VECTOR('',#1989,6.6E0);
#1991=CARTESIAN_POINT('',(1.487301992453E0,2.912059044562E0,-1.5E-1));
#1992=LINE('',#1991,#1990);
#1993=DIRECTION('',(0.E0,0.E0,-1.E0));
#1994=VECTOR('',#1993,6.55E0);
#1995=CARTESIAN_POINT('',(1.439005701992E0,2.975E0,-2.E-1));
#1996=LINE('',#1995,#1994);
#1997=DIRECTION('',(-9.441811200573E-13,0.E0,-1.E0));
#1998=VECTOR('',#1997,6.549999999996E0);
#1999=CARTESIAN_POINT('',(-1.439005706432E0,2.975E0,-2.000000000036E-1));
#2000=LINE('',#1999,#1998);
#2001=DIRECTION('',(1.E0,0.E0,1.262314331789E-12));
#2002=VECTOR('',#2001,2.878011408424E0);
#2003=CARTESIAN_POINT('',(-1.439005706432E0,2.975E0,-2.000000000036E-1));
#2004=LINE('',#2003,#2002);
#2005=DIRECTION('',(0.E0,0.E0,1.E0));
#2006=VECTOR('',#2005,6.6E0);
#2007=CARTESIAN_POINT('',(-1.487301997753E0,2.912059047745E0,-6.75E0));
#2008=LINE('',#2007,#2006);
#2009=CARTESIAN_POINT('',(-1.339929941915E0,2.362059047745E0,
-6.748296291314E0));
#2010=CARTESIAN_POINT('',(-1.341067026185E0,2.366302704011E0,
-6.749433375584E0));
#2011=CARTESIAN_POINT('',(-1.342222907547E0,2.370616511982E0,-6.75E0));
#2012=CARTESIAN_POINT('',(-1.343397459622E0,2.375E0,-6.75E0));
#2014=DIRECTION('',(-2.588190451025E-1,9.659258262891E-1,0.E0));
#2015=VECTOR('',#2014,5.694018992255E-1);
#2016=CARTESIAN_POINT('',(-1.339929941915E0,2.362059047745E0,-1.5E-1));
#2017=LINE('',#2016,#2015);
#2018=CARTESIAN_POINT('',(-8.995E-1,2.375E0,-6.7E0));
#2019=DIRECTION('',(-1.E0,0.E0,0.E0));
#2020=DIRECTION('',(0.E0,6.265674015182E-6,-9.999999999804E-1));
#2021=AXIS2_PLACEMENT_3D('',#2018,#2019,#2020);
#2023=CARTESIAN_POINT('',(-6.5E-1,2.125500626567E0,-6.7E0));
#2024=DIRECTION('',(0.E0,1.E0,0.E0));
#2025=DIRECTION('',(0.E0,0.E0,-1.E0));
#2026=AXIS2_PLACEMENT_3D('',#2023,#2024,#2025);
#2028=CARTESIAN_POINT('',(-6.5E-1,1.8245E0,-6.7E0));
#2029=DIRECTION('',(0.E0,1.E0,0.E0));
#2030=DIRECTION('',(0.E0,0.E0,-1.E0));
#2031=AXIS2_PLACEMENT_3D('',#2028,#2029,#2030);
#2033=CARTESIAN_POINT('',(-8.995E-1,1.575E0,-6.7E0));
#2034=DIRECTION('',(1.E0,0.E0,0.E0));
#2035=DIRECTION('',(0.E0,0.E0,-1.E0));
#2036=AXIS2_PLACEMENT_3D('',#2033,#2034,#2035);
#2038=DIRECTION('',(7.353005878254E-3,0.E0,-9.999729662869E-1));
#2039=VECTOR('',#2038,6.500175723905E0);
#2040=CARTESIAN_POINT('',(-1.603528007345E0,1.625E0,-1.999999999810E-1));
#2041=LINE('',#2040,#2039);
#2042=DIRECTION('',(9.999999999999E-1,-5.258182683784E-7,-2.702493098987E-11));
#2043=VECTOR('',#2042,7.040280070934E-1);
#2044=CARTESIAN_POINT('',(-1.603528007345E0,1.625E0,-1.999999999810E-1));
#2045=LINE('',#2044,#2043);
#2046=DIRECTION('',(2.765867876611E-11,5.695242892674E-8,-1.E0));
#2047=VECTOR('',#2046,6.5E0);
#2048=CARTESIAN_POINT('',(-8.995000002522E-1,1.624999629809E0,-2.E-1));
#2049=LINE('',#2048,#2047);
#2050=DIRECTION('',(1.E0,0.E0,0.E0));
#2051=VECTOR('',#2050,6.562321769655E-1);
#2052=CARTESIAN_POINT('',(-1.555732177038E0,1.625E0,-6.7E0));
#2053=LINE('',#2052,#2051);
#2054=CARTESIAN_POINT('',(-1.603528007345E0,1.575E0,-1.999999999856E-1));
#2055=DIRECTION('',(7.353005878252E-3,0.E0,-9.999729662869E-1));
#2056=DIRECTION('',(-9.999729662869E-1,0.E0,-7.353005878252E-3));
#2057=AXIS2_PLACEMENT_3D('',#2054,#2055,#2056);
#2059=CARTESIAN_POINT('',(-1.603541524387E0,1.575006758430E0,
-1.981617482353E-1));
#2060=DIRECTION('',(7.352807109883E-3,-7.352808290539E-3,-9.999459347574E-1));
#2061=DIRECTION('',(-9.999729662869E-1,0.E0,-7.353005878252E-3));
#2062=AXIS2_PLACEMENT_3D('',#2059,#2060,#2061);
#2064=CARTESIAN_POINT('',(-1.603541529528E0,1.625005406310E0,
-1.985294576400E-1));
#2065=CARTESIAN_POINT('',(-1.603540028470E0,1.625004205536E0,
-1.986927669227E-1));
#2066=CARTESIAN_POINT('',(-1.603537015974E0,1.625002202617E0,
-1.990196077495E-1));
#2067=CARTESIAN_POINT('',(-1.603532513866E0,1.625000400542E0,
-1.995097905739E-1));
#2068=CARTESIAN_POINT('',(-1.603529509255E0,1.625E0,-1.998365980682E-1));
#2069=CARTESIAN_POINT('',(-1.603528007345E0,1.625E0,-1.999999999810E-1));
#2071=CARTESIAN_POINT('',(-1.853533173342E0,1.824998408382E0,
-8.382252825873E-10));
#2072=CARTESIAN_POINT('',(-1.835428319038E0,1.810519190977E0,
-3.375123435512E-6));
#2073=CARTESIAN_POINT('',(-1.800916403631E0,1.782903072836E0,
-3.141151054159E-3));
#2074=CARTESIAN_POINT('',(-1.755331159261E0,1.746437928631E0,
-1.482754721401E-2));
#2075=CARTESIAN_POINT('',(-1.715202692664E0,1.714334023030E0,
-3.215255516588E-2));
#2076=CARTESIAN_POINT('',(-1.681180712776E0,1.687116704981E0,
-5.377862407241E-2));
#2077=CARTESIAN_POINT('',(-1.653021272338E0,1.664589124069E0,
-7.905524272652E-2));
#2078=CARTESIAN_POINT('',(-1.631676236341E0,1.647512959369E0,
-1.060359644274E-1));
#2079=CARTESIAN_POINT('',(-1.615686622507E0,1.634721793559E0,
-1.355089659505E-1));
#2080=CARTESIAN_POINT('',(-1.605662232228E0,1.626701979151E0,
-1.679188047180E-1));
#2081=CARTESIAN_POINT('',(-1.603634788096E0,1.625079871171E0,
-1.884637776170E-1));
#2082=CARTESIAN_POINT('',(-1.603541529528E0,1.625005406310E0,
-1.985294576400E-1));
#2084=CARTESIAN_POINT('',(-8.997491057545E-1,1.824750615701E0,
-1.545552010540E-7));
#2085=CARTESIAN_POINT('',(-8.997491173658E-1,1.809765215669E0,
-1.873845633102E-5));
#2086=CARTESIAN_POINT('',(-8.993280505621E-1,1.780159085466E0,
-3.375160569347E-3));
#2087=CARTESIAN_POINT('',(-8.994971783285E-1,1.737325792416E0,
-1.834687059316E-2));
#2088=CARTESIAN_POINT('',(-8.994522649130E-1,1.699059303518E0,
-4.246900296601E-2));
#2089=CARTESIAN_POINT('',(-8.994627899346E-1,1.667136055323E0,
-7.446814818849E-2));
#2090=CARTESIAN_POINT('',(-8.994655981940E-1,1.643114439323E0,
-1.128322818793E-1));
#2091=CARTESIAN_POINT('',(-8.994438292022E-1,1.628289799574E0,
-1.555273699237E-1));
#2092=CARTESIAN_POINT('',(-8.995000002522E-1,1.624999629809E0,
-1.852085667558E-1));
#2093=CARTESIAN_POINT('',(-8.995000002522E-1,1.624999629809E0,-2.E-1));
#2095=CARTESIAN_POINT('',(-8.995E-1,1.8245E0,-6.7E0));
#2096=DIRECTION('',(0.E0,0.E0,1.E0));
#2097=DIRECTION('',(0.E0,-1.E0,0.E0));
#2098=AXIS2_PLACEMENT_3D('',#2095,#2096,#2097);
#2100=CARTESIAN_POINT('',(-8.995E-1,1.8245E0,-2.E-1));
#2101=DIRECTION('',(0.E0,0.E0,1.E0));
#2102=DIRECTION('',(0.E0,-1.E0,0.E0));
#2103=AXIS2_PLACEMENT_3D('',#2100,#2101,#2102);
#2105=DIRECTION('',(-2.068752056876E-5,5.191233923669E-8,-9.999999997860E-1));
#2106=VECTOR('',#2105,6.500000001391E0);
#2107=CARTESIAN_POINT('',(-6.998655311163E-1,1.824499662576E0,-2.E-1));
#2108=LINE('',#2107,#2106);
#2109=DIRECTION('',(0.E0,1.E0,0.E0));
#2110=VECTOR('',#2109,3.010006264880E-1);
#2111=CARTESIAN_POINT('',(-7.E-1,1.824500000006E0,-6.7E0));
#2112=LINE('',#2111,#2110);
#2113=DIRECTION('',(-4.455091370542E-4,9.999999007608E-1,0.E0));
#2114=VECTOR('',#2113,3.010009936597E-1);
#2115=CARTESIAN_POINT('',(-6.998655311163E-1,1.824499662576E0,-2.E-1));
#2116=LINE('',#2115,#2114);
#2117=DIRECTION('',(-5.695242885842E-8,1.995101519889E-11,-1.E0));
#2118=VECTOR('',#2117,6.5E0);
#2119=CARTESIAN_POINT('',(-6.999996298092E-1,2.125500626365E0,-2.E-1));
#2120=LINE('',#2119,#2118);
#2121=CARTESIAN_POINT('',(-8.997491057545E-1,1.824750615701E0,
-1.545552010540E-7));
#2122=CARTESIAN_POINT('',(-8.847565074725E-1,1.824750627318E0,
1.154435641431E-6));
#2123=CARTESIAN_POINT('',(-8.551261209125E-1,1.825110409525E0,
-3.382506928770E-3));
#2124=CARTESIAN_POINT('',(-8.121504673207E-1,1.824971949822E0,
-1.842049260433E-2));
#2125=CARTESIAN_POINT('',(-7.738379742756E-1,1.825003832372E0,
-4.262877060581E-2));
#2126=CARTESIAN_POINT('',(-7.418585893371E-1,1.825014593896E0,
-7.482672958708E-2));
#2127=CARTESIAN_POINT('',(-7.179082203986E-1,1.824937651283E0,
-1.131758856372E-1));
#2128=CARTESIAN_POINT('',(-7.031598190083E-1,1.825230905112E0,
-1.563732519889E-1));
#2129=CARTESIAN_POINT('',(-6.998655311163E-1,1.824499662576E0,
-1.855640372936E-1));
#2130=CARTESIAN_POINT('',(-6.998655311163E-1,1.824499662576E0,-2.E-1));
#2132=CARTESIAN_POINT('',(-8.997506160952E-1,2.125251364095E0,
-1.545542850090E-7));
#2133=CARTESIAN_POINT('',(-8.847652160618E-1,2.125251352483E0,
-1.873839633437E-5));
#2134=CARTESIAN_POINT('',(-8.551590852792E-1,2.125672648739E0,
-3.375160597780E-3));
#2135=CARTESIAN_POINT('',(-8.123257924585E-1,2.125503428750E0,
-1.834687058850E-2));
#2136=CARTESIAN_POINT('',(-7.740593034953E-1,2.125548366877E0,
-4.246900297608E-2));
#2137=CARTESIAN_POINT('',(-7.421360553204E-1,2.125537835231E0,
-7.446814819508E-2));
#2138=CARTESIAN_POINT('',(-7.181144393122E-1,2.125535028756E0,
-1.128322818996E-1));
#2139=CARTESIAN_POINT('',(-7.032897995724E-1,2.125556797235E0,
-1.555273699356E-1));
#2140=CARTESIAN_POINT('',(-6.999996298092E-1,2.125500626365E0,
-1.852085667607E-1));
#2141=CARTESIAN_POINT('',(-6.999996298092E-1,2.125500626365E0,-2.E-1));
#2143=CARTESIAN_POINT('',(-8.995E-1,2.125500626567E0,-6.7E0));
#2144=DIRECTION('',(0.E0,0.E0,1.E0));
#2145=DIRECTION('',(1.E0,0.E0,0.E0));
#2146=AXIS2_PLACEMENT_3D('',#2143,#2144,#2145);
#2148=CARTESIAN_POINT('',(-8.995E-1,2.125500626567E0,-2.E-1));
#2149=DIRECTION('',(0.E0,0.E0,1.E0));
#2150=DIRECTION('',(1.E0,0.E0,0.E0));
#2151=AXIS2_PLACEMENT_3D('',#2148,#2149,#2150);
#2153=DIRECTION('',(-5.191596143325E-8,-2.068752056261E-5,-9.999999997860E-1));
#2154=VECTOR('',#2153,6.500000001391E0);
#2155=CARTESIAN_POINT('',(-8.996246625955E-1,2.325134743007E0,-2.E-1));
#2156=LINE('',#2155,#2154);
#2157=DIRECTION('',(-9.999999999998E-1,-6.992785053233E-7,0.E0));
#2158=VECTOR('',#2157,3.920086505519E-1);
#2159=CARTESIAN_POINT('',(-8.996250000492E-1,2.325000274123E0,-6.7E0));
#2160=LINE('',#2159,#2158);
#2161=DIRECTION('',(-9.999999409268E-1,-3.437242590656E-4,0.E0));
#2162=VECTOR('',#2161,3.920090111628E-1);
#2163=CARTESIAN_POINT('',(-8.996246625955E-1,2.325134743007E0,-2.E-1));
#2164=LINE('',#2163,#2162);
#2165=DIRECTION('',(0.E0,0.E0,-1.E0));
#2166=VECTOR('',#2165,6.5E0);
#2167=CARTESIAN_POINT('',(-1.291633650601E0,2.325E0,-2.E-1));
#2168=LINE('',#2167,#2166);
#2169=CARTESIAN_POINT('',(-1.291633650601E0,2.325E0,-2.E-1));
#2170=CARTESIAN_POINT('',(-1.288678971411E0,2.325E0,-1.856104421915E-1));
#2171=CARTESIAN_POINT('',(-1.287694967319E0,2.321768586892E0,
-1.559231810954E-1));
#2172=CARTESIAN_POINT('',(-1.300455330507E0,2.302824002178E0,
-1.010307338572E-1));
#2173=CARTESIAN_POINT('',(-1.332721383026E0,2.261500974413E0,
-4.719889627908E-2));
#2174=CARTESIAN_POINT('',(-1.373023141036E0,2.207869515482E0,
-1.518879784838E-2));
#2175=CARTESIAN_POINT('',(-1.406762449208E0,2.161339373615E0,
-2.226457910053E-3));
#2176=CARTESIAN_POINT('',(-1.423562480542E0,2.137228835736E0,0.E0));
#2177=CARTESIAN_POINT('',(-1.431701588575E0,2.125E0,0.E0));
#2179=CARTESIAN_POINT('',(-8.997506160952E-1,2.125251364095E0,
-1.545542850090E-7));
#2180=CARTESIAN_POINT('',(-8.997506277052E-1,2.140243970085E0,
1.142695280893E-6));
#2181=CARTESIAN_POINT('',(-9.001104919622E-1,2.169874127327E0,
-3.382586300052E-3));
#2182=CARTESIAN_POINT('',(-8.999716528293E-1,2.212849825116E0,
-1.842062701223E-2));
#2183=CARTESIAN_POINT('',(-9.000049505837E-1,2.251162216823E0,
-4.262893175395E-2));
#2184=CARTESIAN_POINT('',(-9.000104305978E-1,2.283141508567E0,
-7.482687641107E-2));
#2185=CARTESIAN_POINT('',(-8.999531964744E-1,2.307091834473E0,
-1.131759424891E-1));
#2186=CARTESIAN_POINT('',(-9.001728935957E-1,2.321840062181E0,
-1.563732946024E-1));
#2187=CARTESIAN_POINT('',(-8.996246625955E-1,2.325134743007E0,
-1.855640500965E-1));
#2188=CARTESIAN_POINT('',(-8.996246625955E-1,2.325134743007E0,-2.E-1));
#2190=CARTESIAN_POINT('',(-1.291633650601E0,2.325E0,-2.E-1));
#2191=CARTESIAN_POINT('',(-1.296936933304E0,2.325E0,-1.956442027610E-1));
#2192=CARTESIAN_POINT('',(-1.307791814648E0,2.326724814448E0,
-1.872299799405E-1));
#2193=CARTESIAN_POINT('',(-1.327616895874E0,2.337200408675E0,
-1.709198438704E-1));
#2194=CARTESIAN_POINT('',(-1.337184760785E0,2.351813892290E0,
-1.587115944781E-1));
#2195=CARTESIAN_POINT('',(-1.339929941915E0,2.362059047745E0,-1.5E-1));
#2197=CARTESIAN_POINT('',(-1.487301997753E0,2.912059047745E0,-1.5E-1));
#2198=CARTESIAN_POINT('',(-1.488199629571E0,2.915409055298E0,
-1.334910324802E-1));
#2199=CARTESIAN_POINT('',(-1.496965373725E0,2.926255967040E0,
-1.018725749048E-1));
#2200=CARTESIAN_POINT('',(-1.522864046736E0,2.952564750084E0,
-6.624670815358E-2));
#2201=CARTESIAN_POINT('',(-1.553412832447E0,2.984861399495E0,
-4.151284229268E-2));
#2202=CARTESIAN_POINT('',(-1.595768189914E0,3.032567692516E0,
-1.897905948055E-2));
#2203=CARTESIAN_POINT('',(-1.637913318579E0,3.084245016390E0,
-7.085788177094E-3));
#2204=CARTESIAN_POINT('',(-1.680139187411E0,3.136543665388E0,
-1.100521871205E-3));
#2205=CARTESIAN_POINT('',(-1.701840329782E0,3.162392183515E0,0.E0));
#2206=CARTESIAN_POINT('',(-1.713048240628E0,3.175E0,0.E0));
#2208=CARTESIAN_POINT('',(-1.431701588575E0,2.125E0,0.E0));
#2209=CARTESIAN_POINT('',(-1.426396567457E0,2.137115946833E0,0.E0));
#2210=CARTESIAN_POINT('',(-1.415840433989E0,2.161379105078E0,
-1.355054896219E-3));
#2211=CARTESIAN_POINT('',(-1.394916397136E0,2.209350953405E0,
-9.599741923555E-3));
#2212=CARTESIAN_POINT('',(-1.369543634141E0,2.267166144361E0,
-3.088153060364E-2));
#2213=CARTESIAN_POINT('',(-1.348706359834E0,2.317880050170E0,
-6.977928732426E-2));
#2214=CARTESIAN_POINT('',(-1.339687422503E0,2.348461908455E0,
-1.125339478419E-1));
#2215=CARTESIAN_POINT('',(-1.339025987656E0,2.358685444521E0,
-1.372429986001E-1));
#2216=CARTESIAN_POINT('',(-1.339929941915E0,2.362059047745E0,-1.5E-1));
#2218=CARTESIAN_POINT('',(-1.487301997753E0,2.912059047745E0,-1.5E-1));
#2219=CARTESIAN_POINT('',(-1.489206771481E0,2.919167760077E0,
-1.546382111081E-1));
#2220=CARTESIAN_POINT('',(-1.489893788892E0,2.934761869899E0,
-1.631147242336E-1));
#2221=CARTESIAN_POINT('',(-1.480135409347E0,2.956559267395E0,
-1.749997517029E-1));
#2222=CARTESIAN_POINT('',(-1.461606405523E0,2.971627376480E0,
-1.868849169363E-1));
#2223=CARTESIAN_POINT('',(-1.446365186983E0,2.975E0,-1.953617888955E-1));
#2224=CARTESIAN_POINT('',(-1.439005706432E0,2.975E0,-2.000000000036E-1));
#2226=CARTESIAN_POINT('',(1.439005701992E0,2.975E0,-2.E-1));
#2227=CARTESIAN_POINT('',(1.436178520241E0,2.975E0,-1.820563668591E-1));
#2228=CARTESIAN_POINT('',(1.438913092329E0,2.980229273656E0,
-1.450072147589E-1));
#2229=CARTESIAN_POINT('',(1.463679322252E0,3.000139813646E0,
-9.943051597808E-2));
#2230=CARTESIAN_POINT('',(1.498506715616E0,3.025333679194E0,
-6.539304518797E-2));
#2231=CARTESIAN_POINT('',(1.551751627223E0,3.062194791483E0,
-3.186867478494E-2));
#2232=CARTESIAN_POINT('',(1.610225613700E0,3.101361825329E0,
-1.199936020459E-2));
#2233=CARTESIAN_POINT('',(1.669484655262E0,3.142248374979E0,
-1.851411884208E-3));
#2234=CARTESIAN_POINT('',(1.698805388473E0,3.163725798971E0,0.E0));
#2235=CARTESIAN_POINT('',(1.713048257499E0,3.175E0,0.E0));
#2237=CARTESIAN_POINT('',(-1.713048240628E0,3.175E0,0.E0));
#2238=CARTESIAN_POINT('',(-1.698805379465E0,3.163725804303E0,0.E0));
#2239=CARTESIAN_POINT('',(-1.669484169489E0,3.142248133411E0,
-1.851476768780E-3));
#2240=CARTESIAN_POINT('',(-1.610224372263E0,3.101361007809E0,
-1.199966597394E-2));
#2241=CARTESIAN_POINT('',(-1.551750155516E0,3.062193790432E0,
-3.186933061749E-2));
#2242=CARTESIAN_POINT('',(-1.498505947173E0,3.025333131854E0,
-6.539372042808E-2));
#2243=CARTESIAN_POINT('',(-1.463679307289E0,3.000139779968E0,
-9.943074482698E-2));
#2244=CARTESIAN_POINT('',(-1.438913276448E0,2.980229452070E0,
-1.450065249879E-1));
#2245=CARTESIAN_POINT('',(-1.436178526086E0,2.975E0,-1.820563762329E-1));
#2246=CARTESIAN_POINT('',(-1.439005706432E0,2.975E0,-2.000000000036E-1));
#2248=CARTESIAN_POINT('',(1.439005701992E0,2.975E0,-2.E-1));
#2249=CARTESIAN_POINT('',(1.446365182800E0,2.975E0,-1.953617888472E-1));
#2250=CARTESIAN_POINT('',(1.461605749960E0,2.971627555002E0,
-1.868852757168E-1));
#2251=CARTESIAN_POINT('',(1.480134765007E0,2.956560101544E0,
-1.750002482976E-1));
#2252=CARTESIAN_POINT('',(1.489893781119E0,2.934762543373E0,
-1.631150831115E-1));
#2253=CARTESIAN_POINT('',(1.489206766717E0,2.919167757017E0,
-1.546382111528E-1));
#2254=CARTESIAN_POINT('',(1.487301992453E0,2.912059044562E0,-1.5E-1));
#2256=CARTESIAN_POINT('',(1.713048257499E0,3.175E0,0.E0));
#2257=CARTESIAN_POINT('',(1.701840237971E0,3.162392062236E0,0.E0));
#2258=CARTESIAN_POINT('',(1.680138974013E0,3.136543345050E0,
-1.100573400978E-3));
#2259=CARTESIAN_POINT('',(1.637912626918E0,3.084244183106E0,
-7.085857874994E-3));
#2260=CARTESIAN_POINT('',(1.595767337869E0,3.032566662915E0,
-1.897946561968E-2));
#2261=CARTESIAN_POINT('',(1.553412292014E0,2.984860770100E0,
-4.151323974594E-2));
#2262=CARTESIAN_POINT('',(1.522863709343E0,2.952564447524E0,
-6.624706431101E-2));
#2263=CARTESIAN_POINT('',(1.496965455311E0,2.926256030920E0,
-1.018725664382E-1));
#2264=CARTESIAN_POINT('',(1.488199633136E0,2.915409084314E0,
-1.334908730919E-1));
#2265=CARTESIAN_POINT('',(1.487301992453E0,2.912059044562E0,-1.5E-1));
#2267=CARTESIAN_POINT('',(1.329999954082E0,2.325E0,-1.5E-1));
#2268=CARTESIAN_POINT('',(1.329999954082E0,2.325E0,-1.403700260583E-1));
#2269=CARTESIAN_POINT('',(1.331435938491E0,2.323128588555E0,
-1.207790662514E-1));
#2270=CARTESIAN_POINT('',(1.338143755431E0,2.314386790726E0,
-9.179225868755E-2));
#2271=CARTESIAN_POINT('',(1.349761560094E0,2.299246171880E0,
-6.387148432733E-2));
#2272=CARTESIAN_POINT('',(1.366725525368E0,2.277138300403E0,
-3.832574371545E-2));
#2273=CARTESIAN_POINT('',(1.389023143774E0,2.248079476359E0,
-1.731008696707E-2));
#2274=CARTESIAN_POINT('',(1.415599022921E0,2.213445113986E0,
-3.386097891115E-3));
#2275=CARTESIAN_POINT('',(1.435068807734E0,2.188071594682E0,0.E0));
#2276=CARTESIAN_POINT('',(1.445098994425E0,2.175E0,0.E0));
#2278=CARTESIAN_POINT('',(8.995E-1,2.175000626567E0,-1.5E-1));
#2279=DIRECTION('',(-1.E0,0.E0,0.E0));
#2280=DIRECTION('',(0.E0,-2.088558008021E-6,9.999999999978E-1));
#2281=AXIS2_PLACEMENT_3D('',#2278,#2279,#2280);
#2283=CARTESIAN_POINT('',(8.5E-1,2.125500626567E0,-1.5E-1));
#2284=DIRECTION('',(0.E0,-1.E0,0.E0));
#2285=DIRECTION('',(0.E0,0.E0,1.E0));
#2286=AXIS2_PLACEMENT_3D('',#2283,#2284,#2285);
#2288=CARTESIAN_POINT('',(8.5E-1,1.8245E0,-1.5E-1));
#2289=DIRECTION('',(0.E0,-1.E0,0.E0));
#2290=DIRECTION('',(0.E0,0.E0,1.E0));
#2291=AXIS2_PLACEMENT_3D('',#2288,#2289,#2290);
#2293=CARTESIAN_POINT('',(1.603895667578E0,1.625E0,-1.5E-1));
#2294=CARTESIAN_POINT('',(1.607272654630E0,1.625E0,-1.357419091409E-1));
#2295=CARTESIAN_POINT('',(1.618053008414E0,1.629142297315E0,
-1.082878170096E-1));
#2296=CARTESIAN_POINT('',(1.651374147136E0,1.648765692826E0,
-6.339983073040E-2));
#2297=CARTESIAN_POINT('',(1.706040378464E0,1.683837835405E0,
-2.693789939785E-2));
#2298=CARTESIAN_POINT('',(1.766699991331E0,1.721157947432E0,
-8.475175711420E-3));
#2299=CARTESIAN_POINT('',(1.816365869700E0,1.751524834564E0,
-1.240628828844E-3));
#2300=CARTESIAN_POINT('',(1.841226675909E0,1.767049646808E0,0.E0));
#2301=CARTESIAN_POINT('',(1.853534765956E0,1.775E0,0.E0));
#2303=CARTESIAN_POINT('',(8.995E-1,1.775E0,-1.5E-1));
#2304=DIRECTION('',(1.E0,0.E0,0.E0));
#2305=DIRECTION('',(0.E0,0.E0,1.E0));
#2306=AXIS2_PLACEMENT_3D('',#2303,#2304,#2305);
#2308=CARTESIAN_POINT('',(1.603895667578E0,1.625E0,-1.5E-1));
#2309=CARTESIAN_POINT('',(1.610208819788E0,1.625E0,-1.543683679878E-1));
#2310=CARTESIAN_POINT('',(1.623195889138E0,1.622518619347E0,
-1.626049640801E-1));
#2311=CARTESIAN_POINT('',(1.640022611626E0,1.611305418172E0,
-1.743476610060E-1));
#2312=CARTESIAN_POINT('',(1.651150426567E0,1.594392757607E0,
-1.860485550756E-1));
#2313=CARTESIAN_POINT('',(1.653571951135E0,1.581345102177E0,
-1.942076864101E-1));
#2314=CARTESIAN_POINT('',(1.653540172699E0,1.575E0,-1.985293988243E-1));
#2316=CARTESIAN_POINT('',(1.853534765956E0,1.775E0,0.E0));
#2317=CARTESIAN_POINT('',(1.841811332412E0,1.764121060305E0,0.E0));
#2318=CARTESIAN_POINT('',(1.818987814445E0,1.741699959394E0,
-2.029236016250E-3));
#2319=CARTESIAN_POINT('',(1.775073092192E0,1.696473177546E0,
-1.360114501689E-2));
#2320=CARTESIAN_POINT('',(1.723496304236E0,1.641573468390E0,
-4.218873048364E-2));
#2321=CARTESIAN_POINT('',(1.680010726617E0,1.594798982519E0,
-9.321266047451E-2));
#2322=CARTESIAN_POINT('',(1.657825729301E0,1.573241910065E0,
-1.503202927439E-1));
#2323=CARTESIAN_POINT('',(1.653656103822E0,1.572315248328E0,
-1.827633311031E-1));
#2324=CARTESIAN_POINT('',(1.653540172699E0,1.575E0,-1.985293988243E-1));
#2326=CARTESIAN_POINT('',(1.653540172699E0,-2.575E0,-1.985293988243E-1));
#2327=CARTESIAN_POINT('',(1.653666557505E0,-2.575111712462E0,
-1.813416811403E-1));
#2328=CARTESIAN_POINT('',(1.658505830146E0,-2.581206918485E0,
-1.471673565986E-1));
#2329=CARTESIAN_POINT('',(1.682502834464E0,-2.611066502123E0,
-8.898400901347E-2));
#2330=CARTESIAN_POINT('',(1.727642339177E0,-2.667203276412E0,
-3.898739045229E-2));
#2331=CARTESIAN_POINT('',(1.778626157115E0,-2.731759153200E0,
-1.232428901074E-2));
#2332=CARTESIAN_POINT('',(1.820866639212E0,-2.785097055781E0,
-1.798999611744E-3));
#2333=CARTESIAN_POINT('',(1.842498155984E0,-2.811822772207E0,0.E0));
#2334=CARTESIAN_POINT('',(1.853534765956E0,-2.825E0,0.E0));
#2336=CARTESIAN_POINT('',(1.653540172699E0,-2.575E0,-1.985293988243E-1));
#2337=CARTESIAN_POINT('',(1.653537671376E0,-2.588084982143E0,
-1.988695665090E-1));
#2338=CARTESIAN_POINT('',(1.642702479659E0,-2.614167595967E0,
-1.993688639262E-1));
#2339=CARTESIAN_POINT('',(1.616615137075E0,-2.625E0,-1.997560462660E-1));
#2340=CARTESIAN_POINT('',(1.603528007345E0,-2.625E0,-2.E-1));
#2342=CARTESIAN_POINT('',(1.853534765956E0,-2.825E0,0.E0));
#2343=CARTESIAN_POINT('',(1.840338577952E0,-2.813906625970E0,0.E0));
#2344=CARTESIAN_POINT('',(1.813574423874E0,-2.792159694078E0,
-1.817787723179E-3));
#2345=CARTESIAN_POINT('',(1.760167268101E0,-2.749698365690E0,
-1.245657092703E-2));
#2346=CARTESIAN_POINT('',(1.695545565037E0,-2.698497670808E0,
-3.940625288127E-2));
#2347=CARTESIAN_POINT('',(1.639385953740E0,-2.653362960734E0,
-8.985951009579E-2));
#2348=CARTESIAN_POINT('',(1.609583124953E0,-2.629617149010E0,
-1.484282346541E-1));
#2349=CARTESIAN_POINT('',(1.603574418301E0,-2.625E0,-1.827605054816E-1));
#2350=CARTESIAN_POINT('',(1.603528007345E0,-2.625E0,-2.E-1));
#2352=CARTESIAN_POINT('',(3.872983345632E-1,-2.625000000011E0,-2.E-1));
#2353=CARTESIAN_POINT('',(3.872983345632E-1,-2.625000000011E0,
-1.879222072483E-1));
#2354=CARTESIAN_POINT('',(3.855932345796E-1,-2.627207991128E0,
-1.635012833960E-1));
#2355=CARTESIAN_POINT('',(3.777037016929E-1,-2.637295833338E0,
-1.275592589459E-1));
#2356=CARTESIAN_POINT('',(3.638045632013E-1,-2.654563946589E0,
-9.297321495693E-2));
#2357=CARTESIAN_POINT('',(3.435871301822E-1,-2.678561768697E0,
-6.181914979460E-2));
#2358=CARTESIAN_POINT('',(3.154465269168E-1,-2.709724709911E0,
-3.479562447439E-2));
#2359=CARTESIAN_POINT('',(2.786566725581E-1,-2.746548083744E0,
-1.440913569691E-2));
#2360=CARTESIAN_POINT('',(2.317506559869E-1,-2.786955569029E0,
-2.220826060493E-3));
#2361=CARTESIAN_POINT('',(1.940531813396E-1,-2.812963343510E0,
-6.885358120572E-12));
#2362=CARTESIAN_POINT('',(1.732050807577E-1,-2.825E0,0.E0));
#2364=CARTESIAN_POINT('',(-8.198150959780E-6,-2.525000000398E0,-2.E-1));
#2365=DIRECTION('',(-9.999999991599E-1,-4.099075484579E-5,0.E0));
#2366=DIRECTION('',(3.765175630587E-12,-9.185426419478E-8,1.E0));
#2367=AXIS2_PLACEMENT_3D('',#2364,#2365,#2366);
#2369=CARTESIAN_POINT('',(-3.872983345770E-1,-2.625000000008E0,-2.E-1));
#2370=CARTESIAN_POINT('',(-3.872983345770E-1,-2.625000000008E0,
-1.879235027072E-1));
#2371=CARTESIAN_POINT('',(-3.855935546954E-1,-2.627207572104E0,
-1.635054256819E-1));
#2372=CARTESIAN_POINT('',(-3.777063288732E-1,-2.637292494622E0,
-1.275687930969E-1));
#2373=CARTESIAN_POINT('',(-3.638107089072E-1,-2.654556406338E0,
-9.298598765495E-2));
#2374=CARTESIAN_POINT('',(-3.435993514046E-1,-2.678547589272E0,
-6.183436396346E-2));
#2375=CARTESIAN_POINT('',(-3.154603198333E-1,-2.709710446963E0,
-3.480495079977E-2));
#2376=CARTESIAN_POINT('',(-2.786714584546E-1,-2.746533298271E0,
-1.441655208193E-2));
#2377=CARTESIAN_POINT('',(-2.317935026380E-1,-2.786922075336E0,
-2.227016356409E-3));
#2378=CARTESIAN_POINT('',(-1.940729091978E-1,-2.812951953627E0,
-5.229191604621E-12));
#2379=CARTESIAN_POINT('',(-1.732050807577E-1,-2.825E0,0.E0));
#2381=CARTESIAN_POINT('',(0.E0,-2.725000000001E0,-2.E-1));
#2382=DIRECTION('',(0.E0,0.E0,1.E0));
#2383=DIRECTION('',(9.682458365418E-1,2.500000000391E-1,0.E0));
#2384=AXIS2_PLACEMENT_3D('',#2381,#2382,#2383);
#2386=CARTESIAN_POINT('',(0.E0,-2.725000000001E0,-2.E-1));
#2387=DIRECTION('',(0.E0,0.E0,1.E0));
#2388=DIRECTION('',(-4.096192499551E-5,9.999999991611E-1,0.E0));
#2389=AXIS2_PLACEMENT_3D('',#2386,#2387,#2388);
#2391=DIRECTION('',(-7.061036489023E-12,1.323241426098E-12,-1.E0));
#2392=VECTOR('',#2391,6.15E0);
#2393=CARTESIAN_POINT('',(-3.872983345770E-1,-2.625000000008E0,-2.E-1));
#2394=LINE('',#2393,#2392);
#2395=CARTESIAN_POINT('',(3.872983346204E-1,-2.625E0,-6.35E0));
#2396=CARTESIAN_POINT('',(3.872983346204E-1,-2.625E0,-6.375904158662E0));
#2397=CARTESIAN_POINT('',(3.860481017331E-1,-2.620007465399E0,
-6.424826094580E0));
#2398=CARTESIAN_POINT('',(3.807902829328E-1,-2.601798303252E0,
-6.489239048798E0));
#2399=CARTESIAN_POINT('',(3.715202968950E-1,-2.575622763252E0,
-6.545736012571E0));
#2400=CARTESIAN_POINT('',(3.564628935078E-1,-2.541949444223E0,
-6.596484044012E0));
#2401=CARTESIAN_POINT('',(3.334929919141E-1,-2.502308235793E0,
-6.640133643715E0));
#2402=CARTESIAN_POINT('',(3.017826643387E-1,-2.460509228466E0,
-6.674680250383E0));
#2403=CARTESIAN_POINT('',(2.606983116030E-1,-2.419704285776E0,
-6.700336988954E0));
#2404=CARTESIAN_POINT('',(2.117896853795E-1,-2.383729148937E0,
-6.717758016369E0));
#2405=CARTESIAN_POINT('',(1.520938116621E-1,-2.352703466714E0,
-6.729433093030E0));
#2406=CARTESIAN_POINT('',(7.896199757344E-2,-2.330244463024E0,
-6.736007875359E0));
#2407=CARTESIAN_POINT('',(-1.063460664215E-5,-2.322377215778E0,
-6.737943714311E0));
#2408=CARTESIAN_POINT('',(-7.896901389342E-2,-2.330246674383E0,
-6.736007274987E0));
#2409=CARTESIAN_POINT('',(-1.520995432104E-1,-2.352705568318E0,
-6.729432434699E0));
#2410=CARTESIAN_POINT('',(-2.117949964866E-1,-2.383732776183E0,
-6.717756391167E0));
#2411=CARTESIAN_POINT('',(-2.606971084929E-1,-2.419703572475E0,
-6.700337232882E0));
#2412=CARTESIAN_POINT('',(-3.017820298124E-1,-2.460508338684E0,
-6.674680964714E0));
#2413=CARTESIAN_POINT('',(-3.334931449954E-1,-2.502308432829E0,
-6.640133514212E0));
#2414=CARTESIAN_POINT('',(-3.564629929672E-1,-2.541949660869E0,
-6.596483737336E0));
#2415=CARTESIAN_POINT('',(-3.715202759165E-1,-2.575622722235E0,
-6.545736051632E0));
#2416=CARTESIAN_POINT('',(-3.807902678578E-1,-2.601798251833E0,
-6.489239197153E0));
#2417=CARTESIAN_POINT('',(-3.860481007475E-1,-2.620007460983E0,
-6.424826145713E0));
#2418=CARTESIAN_POINT('',(-3.872983346204E-1,-2.625E0,-6.375904179522E0));
#2419=CARTESIAN_POINT('',(-3.872983346204E-1,-2.625E0,-6.35E0));
#2421=CARTESIAN_POINT('',(1.558305798670E0,-2.625E0,-6.349999999986E0));
#2422=CARTESIAN_POINT('',(1.558158629001E0,-2.624999722275E0,
-6.372875114953E0));
#2423=CARTESIAN_POINT('',(1.557865208063E0,-2.620988917934E0,
-6.418476385878E0));
#2424=CARTESIAN_POINT('',(1.557450177049E0,-2.604283426328E0,
-6.482984063730E0));
#2425=CARTESIAN_POINT('',(1.557041980672E0,-2.575734296447E0,
-6.546426017381E0));
#2426=CARTESIAN_POINT('',(1.556677505223E0,-2.537289463990E0,
-6.603074445556E0));
#2427=CARTESIAN_POINT('',(1.556357557206E0,-2.489321249917E0,
-6.652801387280E0));
#2428=CARTESIAN_POINT('',(1.556099059918E0,-2.434608259356E0,
-6.692978129479E0));
#2429=CARTESIAN_POINT('',(1.555895656E0,-2.371384433710E0,-6.724591454082E0));
#2430=CARTESIAN_POINT('',(1.555763265413E0,-2.300493758284E0,
-6.745168164911E0));
#2431=CARTESIAN_POINT('',(1.555732182758E0,-2.250403713108E0,
-6.749999559650E0));
#2432=CARTESIAN_POINT('',(1.555732177038E0,-2.224999999970E0,-6.75E0));
#2434=CARTESIAN_POINT('',(-1.558305798670E0,-2.625E0,-6.349999999986E0));
#2435=CARTESIAN_POINT('',(-1.558155781217E0,-2.624999711966E0,
-6.373317826771E0));
#2436=CARTESIAN_POINT('',(-1.557858674061E0,-2.620819200599E0,
-6.419491813156E0));
#2437=CARTESIAN_POINT('',(-1.557446685665E0,-2.604053383305E0,
-6.483526747186E0));
#2438=CARTESIAN_POINT('',(-1.557041920314E0,-2.575696879148E0,
-6.546435383996E0));
#2439=CARTESIAN_POINT('',(-1.556679604093E0,-2.537527087683E0,
-6.602748240862E0));
#2440=CARTESIAN_POINT('',(-1.556361067440E0,-2.489899396022E0,
-6.652255807900E0));
#2441=CARTESIAN_POINT('',(-1.556104031617E0,-2.435805323139E0,
-6.692205420744E0));
#2442=CARTESIAN_POINT('',(-1.555899485381E0,-2.372933961800E0,
-6.723996276805E0));
#2443=CARTESIAN_POINT('',(-1.555764199847E0,-2.301525171281E0,
-6.745022934074E0));
#2444=CARTESIAN_POINT('',(-1.555732183075E0,-2.250803969874E0,
-6.749999535403E0));
#2445=CARTESIAN_POINT('',(-1.555732177038E0,-2.224999999988E0,-6.75E0));
#2447=CARTESIAN_POINT('',(1.558305798670E0,-2.575E0,-6.350000000007E0));
#2448=DIRECTION('',(-7.353005878254E-3,1.909379402756E-11,-9.999729662869E-1));
#2449=DIRECTION('',(9.999729662869E-1,0.E0,-7.353005878254E-3));
#2450=AXIS2_PLACEMENT_3D('',#2447,#2448,#2449);
#2452=DIRECTION('',(7.353005878252E-3,0.E0,9.999729662869E-1));
#2453=VECTOR('',#2452,6.152004562996E0);
#2454=CARTESIAN_POINT('',(1.608304446984E0,-2.575E0,-6.350367650294E0));
#2455=LINE('',#2454,#2453);
#2456=DIRECTION('',(-7.353005878254E-3,0.E0,-9.999729662869E-1));
#2457=VECTOR('',#2456,6.150166261817E0);
#2458=CARTESIAN_POINT('',(1.603528007345E0,-2.625E0,-2.E-1));
#2459=LINE('',#2458,#2457);
#2460=DIRECTION('',(-1.E0,-8.818398980971E-12,0.E0));
#2461=VECTOR('',#2460,1.216229672782E0);
#2462=CARTESIAN_POINT('',(1.603528007345E0,-2.625E0,-2.E-1));
#2463=LINE('',#2462,#2461);
#2464=DIRECTION('',(9.306169204715E-12,1.744006926227E-12,-1.E0));
#2465=VECTOR('',#2464,6.15E0);
#2466=CARTESIAN_POINT('',(3.872983345632E-1,-2.625000000011E0,-2.E-1));
#2467=LINE('',#2466,#2465);
#2468=DIRECTION('',(-1.E0,0.E0,-1.154169501690E-11));
#2469=VECTOR('',#2468,1.171007464049E0);
#2470=CARTESIAN_POINT('',(1.558305798670E0,-2.625E0,-6.349999999986E0));
#2471=LINE('',#2470,#2469);
#2472=CARTESIAN_POINT('',(-1.558305798668E0,-2.575E0,-6.350000000185E0));
#2473=DIRECTION('',(7.353005878254E-3,5.279654144639E-10,-9.999729662869E-1));
#2474=DIRECTION('',(3.881339694090E-12,-1.E0,-5.279510162382E-10));
#2475=AXIS2_PLACEMENT_3D('',#2472,#2473,#2474);
#2477=CARTESIAN_POINT('',(8.995E-1,1.8245E0,-6.7E0));
#2478=DIRECTION('',(0.E0,0.E0,1.E0));
#2479=DIRECTION('',(-1.E0,0.E0,0.E0));
#2480=AXIS2_PLACEMENT_3D('',#2477,#2478,#2479);
#2482=CARTESIAN_POINT('',(8.995E-1,1.8245E0,-1.5E-1));
#2483=DIRECTION('',(0.E0,0.E0,1.E0));
#2484=DIRECTION('',(-1.E0,0.E0,0.E0));
#2485=AXIS2_PLACEMENT_3D('',#2482,#2483,#2484);
#2487=DIRECTION('',(-1.107511029450E-13,0.E0,-1.E0));
#2488=VECTOR('',#2487,6.55E0);
#2489=CARTESIAN_POINT('',(8.995000000130E-1,1.625E0,-1.5E-1));
#2490=LINE('',#2489,#2488);
#2491=DIRECTION('',(-9.530757955417E-10,-1.E0,0.E0));
#2492=VECTOR('',#2491,3.010006264527E-1);
#2493=CARTESIAN_POINT('',(7.000000002869E-1,2.125500626525E0,-6.7E0));
#2494=LINE('',#2493,#2492);
#2495=DIRECTION('',(0.E0,-1.E0,0.E0));
#2496=VECTOR('',#2495,3.010006264981E-1);
#2497=CARTESIAN_POINT('',(7.E-1,2.125500626554E0,-1.5E-1));
#2498=LINE('',#2497,#2496);
#2499=DIRECTION('',(0.E0,2.528630400910E-12,-1.E0));
#2500=VECTOR('',#2499,6.55E0);
#2501=CARTESIAN_POINT('',(7.E-1,1.824500000056E0,-1.5E-1));
#2502=LINE('',#2501,#2500);
#2503=CARTESIAN_POINT('',(8.995E-1,2.125500626567E0,-6.7E0));
#2504=DIRECTION('',(0.E0,0.E0,1.E0));
#2505=DIRECTION('',(1.252559935364E-3,9.999992155465E-1,0.E0));
#2506=AXIS2_PLACEMENT_3D('',#2503,#2504,#2505);
#2508=CARTESIAN_POINT('',(8.995E-1,2.125500626567E0,-1.5E-1));
#2509=DIRECTION('',(0.E0,0.E0,1.E0));
#2510=DIRECTION('',(1.253133817712E-3,9.999992148275E-1,0.E0));
#2511=AXIS2_PLACEMENT_3D('',#2508,#2509,#2510);
#2513=DIRECTION('',(4.379795932207E-11,-4.412822948443E-12,-1.E0));
#2514=VECTOR('',#2513,6.55E0);
#2515=CARTESIAN_POINT('',(7.E-1,2.125500626554E0,-1.5E-1));
#2516=LINE('',#2515,#2514);
#2517=DIRECTION('',(0.E0,0.E0,-1.E0));
#2518=VECTOR('',#2517,6.598296291314E0);
#2519=CARTESIAN_POINT('',(-1.339929941915E0,2.362059047745E0,-1.5E-1));
#2520=LINE('',#2519,#2518);
#2521=CARTESIAN_POINT('',(-1.291633650601E0,2.325E0,-6.7E0));
#2522=CARTESIAN_POINT('',(-1.296660882405E0,2.325E0,-6.705027231804E0));
#2523=CARTESIAN_POINT('',(-1.306209333925E0,2.326508093432E0,
-6.714575683324E0));
#2524=CARTESIAN_POINT('',(-1.318441823575E0,2.332122989967E0,
-6.726808172974E0));
#2525=CARTESIAN_POINT('',(-1.328446077389E0,2.340364047482E0,
-6.736812426788E0));
#2526=CARTESIAN_POINT('',(-1.335903120159E0,2.350670562802E0,
-6.744269469558E0));
#2527=CARTESIAN_POINT('',(-1.338903437219E0,2.358228080065E0,
-6.747269786618E0));
#2528=CARTESIAN_POINT('',(-1.339929941915E0,2.362059047745E0,
-6.748296291314E0));
#2530=CARTESIAN_POINT('',(-1.555732177038E0,1.575E0,-6.7E0));
#2531=DIRECTION('',(1.E0,0.E0,0.E0));
#2532=DIRECTION('',(0.E0,1.332267629550E-14,-1.E0));
#2533=AXIS2_PLACEMENT_3D('',#2530,#2531,#2532);
#2535=CARTESIAN_POINT('',(-1.555732177038E0,1.575E0,-6.7E0));
#2536=DIRECTION('',(0.E0,-1.E0,0.E0));
#2537=DIRECTION('',(-9.999729662869E-1,0.E0,-7.353005878254E-3));
#2538=AXIS2_PLACEMENT_3D('',#2535,#2536,#2537);
#2540=CARTESIAN_POINT('',(-1.555732177038E0,1.575E0,-6.7E0));
#2541=DIRECTION('',(-7.353005878252E-3,0.E0,9.999729662869E-1));
#2542=DIRECTION('',(0.E0,1.E0,0.E0));
#2543=AXIS2_PLACEMENT_3D('',#2540,#2541,#2542);
#2545=CARTESIAN_POINT('',(1.555732177038E0,1.575E0,-6.7E0));
#2546=DIRECTION('',(7.353005878253E-3,0.E0,9.999729662869E-1));
#2547=DIRECTION('',(9.999729662869E-1,0.E0,-7.353005878254E-3));
#2548=AXIS2_PLACEMENT_3D('',#2545,#2546,#2547);
#2550=CARTESIAN_POINT('',(1.555732177038E0,1.575E0,-6.7E0));
#2551=DIRECTION('',(0.E0,-1.E0,0.E0));
#2552=DIRECTION('',(0.E0,0.E0,-1.E0));
#2553=AXIS2_PLACEMENT_3D('',#2550,#2551,#2552);
#2555=CARTESIAN_POINT('',(1.555732177038E0,1.575E0,-6.7E0));
#2556=DIRECTION('',(-1.E0,0.E0,0.E0));
#2557=DIRECTION('',(0.E0,1.E0,0.E0));
#2558=AXIS2_PLACEMENT_3D('',#2555,#2556,#2557);
#2560=CARTESIAN_POINT('',(1.956466787633E0,-2.824998445440E0,
-7.985871287169E-10));
#2561=CARTESIAN_POINT('',(1.970854144823E0,-2.807008536143E0,
-3.273293863449E-6));
#2562=CARTESIAN_POINT('',(1.998338708862E0,-2.772660902207E0,
-3.099168298020E-3));
#2563=CARTESIAN_POINT('',(2.034829494003E0,-2.727043670512E0,
-1.473947350233E-2));
#2564=CARTESIAN_POINT('',(2.066984105500E0,-2.686851805802E0,
-3.205670961078E-2));
#2565=CARTESIAN_POINT('',(2.094170267071E0,-2.652868773626E0,
-5.361680055296E-2));
#2566=CARTESIAN_POINT('',(2.116693991875E0,-2.624714151292E0,
-7.881820452537E-2));
#2567=CARTESIAN_POINT('',(2.133784421948E0,-2.603351289782E0,
-1.057276230782E-1));
#2568=CARTESIAN_POINT('',(2.146616171822E0,-2.587310944523E0,
-1.351299231798E-1));
#2569=CARTESIAN_POINT('',(2.154729893146E0,-2.577169170694E0,
-1.676468154599E-1));
#2570=CARTESIAN_POINT('',(2.156384560268E0,-2.575101014278E0,
-1.883574628287E-1));
#2571=CARTESIAN_POINT('',(2.156459827301E0,-2.575006765655E0,
-1.985293988536E-1));
#2573=CARTESIAN_POINT('',(1.956466826658E0,1.824998408382E0,
-8.382252825873E-10));
#2574=CARTESIAN_POINT('',(1.970946045145E0,1.806893552478E0,
-3.375077921658E-6));
#2575=CARTESIAN_POINT('',(1.998562163379E0,1.772381641149E0,
-3.141152623766E-3));
#2576=CARTESIAN_POINT('',(2.035027289703E0,1.726796377927E0,
-1.482754073589E-2));
#2577=CARTESIAN_POINT('',(2.067131194183E0,1.686667911722E0,
-3.215254676865E-2));
#2578=CARTESIAN_POINT('',(2.094348485479E0,1.652645876843E0,
-5.377858091831E-2));
#2579=CARTESIAN_POINT('',(2.116876125244E0,1.624486535277E0,
-7.905525812331E-2));
#2580=CARTESIAN_POINT('',(2.133952295142E0,1.603141507767E0,
-1.060359961744E-1));
#2581=CARTESIAN_POINT('',(2.146743546205E0,1.587152420309E0,
-1.355092068948E-1));
#2582=CARTESIAN_POINT('',(2.154763152577E0,1.577127853548E0,
-1.679188188593E-1));
#2583=CARTESIAN_POINT('',(2.156385568716E0,1.575099881119E0,
-1.884638133349E-1));
#2584=CARTESIAN_POINT('',(2.156459827301E0,1.575006761749E0,
-1.985293988156E-1));
#2586=CARTESIAN_POINT('',(2.206458475613E0,-2.575006758430E0,
-1.981617482438E-1));
#2587=DIRECTION('',(7.352807109885E-3,7.352808256343E-3,-9.999459347576E-1));
#2588=DIRECTION('',(1.242561609160E-11,-9.999729662784E-1,-7.353007024588E-3));
#2589=AXIS2_PLACEMENT_3D('',#2586,#2587,#2588);
#2591=CARTESIAN_POINT('',(2.206458473946E0,-2.625005406604E0,
-1.985294177196E-1));
#2592=CARTESIAN_POINT('',(2.206459975554E0,-2.625004205340E0,
-1.986927868368E-1));
#2593=CARTESIAN_POINT('',(2.206462982149E0,-2.625002202708E0,
-1.990195984633E-1));
#2594=CARTESIAN_POINT('',(2.206467486670E0,-2.625000400516E0,
-1.995097932045E-1));
#2595=CARTESIAN_POINT('',(2.206470490745E0,-2.625E0,-1.998365981209E-1));
#2596=CARTESIAN_POINT('',(2.206471992655E0,-2.625E0,-2.000000000337E-1));
#2598=CARTESIAN_POINT('',(1.956466787633E0,-2.824998445440E0,
-7.985871287169E-10));
#2599=CARTESIAN_POINT('',(1.974456698478E0,-2.810611087199E0,
-3.273250623910E-6));
#2600=CARTESIAN_POINT('',(2.008804328292E0,-2.783126522904E0,
-3.099169914886E-3));
#2601=CARTESIAN_POINT('',(2.054421579268E0,-2.746635756089E0,
-1.473946684954E-2));
#2602=CARTESIAN_POINT('',(2.094613442134E0,-2.714481144404E0,
-3.205670184297E-2));
#2603=CARTESIAN_POINT('',(2.128596530487E0,-2.687295010743E0,
-5.361675743109E-2));
#2604=CARTESIAN_POINT('',(2.156751052914E0,-2.664771226327E0,
-7.881822031114E-2));
#2605=CARTESIAN_POINT('',(2.178113912480E0,-2.647680794382E0,
-1.057276522256E-1));
#2606=CARTESIAN_POINT('',(2.194153736342E0,-2.634848953463E0,
-1.351301585926E-1));
#2607=CARTESIAN_POINT('',(2.204295644416E0,-2.626735451122E0,
-1.676468526068E-1));
#2608=CARTESIAN_POINT('',(2.206364370836E0,-2.625080449060E0,
-1.883574615530E-1));
#2609=CARTESIAN_POINT('',(2.206458473946E0,-2.625005406604E0,
-1.985294177196E-1));
#2611=DIRECTION('',(7.353005878244E-3,0.E0,-9.999729662869E-1));
#2612=VECTOR('',#2611,6.150166261782E0);
#2613=CARTESIAN_POINT('',(2.206471992655E0,-2.625E0,-2.000000000337E-1));
#2614=LINE('',#2613,#2612);
#2615=DIRECTION('',(-1.E0,0.E0,1.224252475967E-11));
#2616=VECTOR('',#2615,1.171007464049E0);
#2617=CARTESIAN_POINT('',(3.422701665380E0,-2.625E0,-6.35E0));
#2618=LINE('',#2617,#2616);
#2619=DIRECTION('',(-1.E0,6.691116778940E-12,-2.768700598271E-11));
#2620=VECTOR('',#2619,1.216229672768E0);
#2621=CARTESIAN_POINT('',(3.422701665423E0,-2.625000000008E0,-2.E-1));
#2622=LINE('',#2621,#2620);
#2623=CARTESIAN_POINT('',(2.206471992655E0,-2.575E0,-2.E-1));
#2624=DIRECTION('',(7.353005878252E-3,0.E0,-9.999729662869E-1));
#2625=DIRECTION('',(0.E0,-1.E0,0.E0));
#2626=AXIS2_PLACEMENT_3D('',#2623,#2624,#2625);
#2628=DIRECTION('',(0.E0,1.E0,0.E0));
#2629=VECTOR('',#2628,3.8E0);
#2630=CARTESIAN_POINT('',(2.204269174648E0,-2.225E0,-6.700367650294E0));
#2631=LINE('',#2630,#2629);
#2632=CARTESIAN_POINT('',(2.201695553016E0,-2.575E0,-6.350367650294E0));
#2633=CARTESIAN_POINT('',(2.201846910599E0,-2.574999377533E0,
-6.370951543990E0));
#2634=CARTESIAN_POINT('',(2.202142050112E0,-2.571341984342E0,
-6.411089079429E0));
#2635=CARTESIAN_POINT('',(2.202554836650E0,-2.556671622670E0,
-6.467226037077E0));
#2636=CARTESIAN_POINT('',(2.202959384599E0,-2.531859936337E0,
-6.522242586647E0));
#2637=CARTESIAN_POINT('',(2.203321760746E0,-2.498460621104E0,
-6.571523976644E0));
#2638=CARTESIAN_POINT('',(2.203640280011E0,-2.456789126915E0,
-6.614841044462E0));
#2639=CARTESIAN_POINT('',(2.203897322195E0,-2.409446616777E0,
-6.649797528832E0));
#2640=CARTESIAN_POINT('',(2.204101864523E0,-2.354472225064E0,
-6.677614288690E0));
#2641=CARTESIAN_POINT('',(2.204237153994E0,-2.291847531881E0,
-6.696012997455E0));
#2642=CARTESIAN_POINT('',(2.204269167366E0,-2.247819784958E0,
-6.700366660002E0));
#2643=CARTESIAN_POINT('',(2.204269174648E0,-2.225E0,-6.700367650294E0));
#2645=DIRECTION('',(7.353005878252E-3,0.E0,-9.999729662869E-1));
#2646=VECTOR('',#2645,6.150166261823E0);
#2647=CARTESIAN_POINT('',(2.156473344340E0,-2.575E0,-2.003676503018E-1));
#2648=LINE('',#2647,#2646);
#2649=CARTESIAN_POINT('',(2.156459827301E0,-2.575006765655E0,
-1.985293988536E-1));
#2650=CARTESIAN_POINT('',(2.156461329173E0,-2.575005263783E0,
-1.987336461323E-1));
#2651=CARTESIAN_POINT('',(2.156464332931E0,-2.575002750068E0,
-1.991421425775E-1));
#2652=CARTESIAN_POINT('',(2.156468838615E0,-2.575000501593E0,
-1.997548936453E-1));
#2653=CARTESIAN_POINT('',(2.156471842428E0,-2.575E0,-2.001633975018E-1));
#2654=CARTESIAN_POINT('',(2.156473344340E0,-2.575E0,-2.003676503018E-1));
#2656=DIRECTION('',(-6.752274168867E-14,1.E0,9.161570664553E-12));
#2657=VECTOR('',#2656,4.150013527404E0);
#2658=CARTESIAN_POINT('',(2.156459827301E0,-2.575006765655E0,
-1.985293988536E-1));
#2659=LINE('',#2658,#2657);
#2660=CARTESIAN_POINT('',(2.156459827301E0,1.575006761749E0,
-1.985293988156E-1));
#2661=CARTESIAN_POINT('',(2.156461329173E0,1.575005259877E0,
-1.987336460943E-1));
#2662=CARTESIAN_POINT('',(2.156464332931E0,1.575002751891E0,
-1.991421425942E-1));
#2663=CARTESIAN_POINT('',(2.156468838615E0,1.575000501072E0,
-1.997548936444E-1));
#2664=CARTESIAN_POINT('',(2.156471842428E0,1.575E0,-2.001633974931E-1));
#2665=CARTESIAN_POINT('',(2.156473344340E0,1.575E0,-2.003676502930E-1));
#2667=DIRECTION('',(7.353005878252E-3,0.E0,-9.999729662869E-1));
#2668=VECTOR('',#2667,6.500175723887E0);
#2669=CARTESIAN_POINT('',(2.156473344340E0,1.575E0,-2.003676502930E-1));
#2670=LINE('',#2669,#2668);
#2671=CARTESIAN_POINT('',(2.254267822962E0,-2.224999999956E0,-6.7E0));
#2672=DIRECTION('',(0.E0,1.E0,0.E0));
#2673=DIRECTION('',(0.E0,0.E0,-1.E0));
#2674=AXIS2_PLACEMENT_3D('',#2671,#2672,#2673);
#2676=CARTESIAN_POINT('',(3.81E0,-3.75E-1,-6.75E0));
#2677=DIRECTION('',(0.E0,0.E0,1.E0));
#2678=DIRECTION('',(-1.E0,0.E0,0.E0));
#2679=AXIS2_PLACEMENT_3D('',#2676,#2677,#2678);
#2681=CARTESIAN_POINT('',(3.81E0,-3.75E-1,-6.75E0));
#2682=DIRECTION('',(0.E0,0.E0,1.E0));
#2683=DIRECTION('',(1.E0,0.E0,0.E0));
#2684=AXIS2_PLACEMENT_3D('',#2681,#2682,#2683);
#2686=DIRECTION('',(-1.075163350172E-14,1.E0,0.E0));
#2687=VECTOR('',#2686,3.799999999970E0);
#2688=CARTESIAN_POINT('',(5.365732177038E0,-2.224999999970E0,-6.75E0));
#2689=LINE('',#2688,#2687);
#2690=DIRECTION('',(-1.E0,-5.676528490844E-12,0.E0));
#2691=VECTOR('',#2690,3.111464354076E0);
#2692=CARTESIAN_POINT('',(5.365732177038E0,-2.224999999970E0,-6.75E0));
#2693=LINE('',#2692,#2691);
#2694=DIRECTION('',(0.E0,1.E0,0.E0));
#2695=VECTOR('',#2694,3.799999999988E0);
#2696=CARTESIAN_POINT('',(2.254267822962E0,-2.224999999988E0,-6.75E0));
#2697=LINE('',#2696,#2695);
#2698=DIRECTION('',(1.E0,2.995966388468E-11,0.E0));
#2699=VECTOR('',#2698,6.562321770216E-1);
#2700=CARTESIAN_POINT('',(2.254267822962E0,1.575E0,-6.75E0));
#2701=LINE('',#2700,#2699);
#2702=CARTESIAN_POINT('',(2.9105E0,1.8245E0,-6.75E0));
#2703=DIRECTION('',(0.E0,0.E0,1.E0));
#2704=DIRECTION('',(0.E0,-1.E0,0.E0));
#2705=AXIS2_PLACEMENT_3D('',#2702,#2703,#2704);
#2707=DIRECTION('',(2.988374824554E-11,1.E0,0.E0));
#2708=VECTOR('',#2707,3.010006265481E-1);
#2709=CARTESIAN_POINT('',(3.159999999971E0,1.824500000003E0,-6.75E0));
#2710=LINE('',#2709,#2708);
#2711=CARTESIAN_POINT('',(2.9105E0,2.125500626567E0,-6.75E0));
#2712=DIRECTION('',(0.E0,0.E0,1.E0));
#2713=DIRECTION('',(1.E0,0.E0,0.E0));
#2714=AXIS2_PLACEMENT_3D('',#2711,#2712,#2713);
#2716=DIRECTION('',(-9.999999999998E-1,-7.056910134771E-7,-1.476637587204E-12));
#2717=VECTOR('',#2716,4.438974596195E-1);
#2718=CARTESIAN_POINT('',(2.910499999998E0,2.375000313254E0,-6.749999999999E0));
#2719=LINE('',#2718,#2717);
#2720=DIRECTION('',(2.588190451025E-1,-9.659258262891E-1,0.E0));
#2721=VECTOR('',#2720,5.560044396040E-1);
#2722=CARTESIAN_POINT('',(2.322698002247E0,2.912059047745E0,-6.75E0));
#2723=LINE('',#2722,#2721);
#2724=CARTESIAN_POINT('',(2.370994293562E0,2.925E0,-6.75E0));
#2725=DIRECTION('',(0.E0,0.E0,1.E0));
#2726=DIRECTION('',(0.E0,1.E0,0.E0));
#2727=AXIS2_PLACEMENT_3D('',#2724,#2725,#2726);
#2729=DIRECTION('',(-1.E0,0.E0,0.E0));
#2730=VECTOR('',#2729,2.878011408430E0);
#2731=CARTESIAN_POINT('',(5.249005701992E0,2.975E0,-6.75E0));
#2732=LINE('',#2731,#2730);
#2733=CARTESIAN_POINT('',(5.249005701992E0,2.925E0,-6.75E0));
#2734=DIRECTION('',(0.E0,0.E0,1.E0));
#2735=DIRECTION('',(9.659258092301E-1,-2.588191087674E-1,0.E0));
#2736=AXIS2_PLACEMENT_3D('',#2733,#2734,#2735);
#2738=DIRECTION('',(2.588191087674E-1,9.659258092301E-1,0.E0));
#2739=VECTOR('',#2738,6.077682560626E-1);
#2740=CARTESIAN_POINT('',(5.139999954082E0,2.325E0,-6.75E0));
#2741=LINE('',#2740,#2739);
#2742=DIRECTION('',(1.E0,0.E0,0.E0));
#2743=VECTOR('',#2742,2.806658791859E-1);
#2744=CARTESIAN_POINT('',(4.859334074896E0,2.325E0,-6.75E0));
#2745=LINE('',#2744,#2743);
#2746=CARTESIAN_POINT('',(4.7095E0,2.125500626567E0,-6.75E0));
#2747=DIRECTION('',(0.E0,0.E0,1.E0));
#2748=DIRECTION('',(6.005373743335E-1,7.995966871046E-1,0.E0));
#2749=AXIS2_PLACEMENT_3D('',#2746,#2747,#2748);
#2751=DIRECTION('',(-1.893586547745E-10,-1.E0,0.E0));
#2752=VECTOR('',#2751,3.010006265375E-1);
#2753=CARTESIAN_POINT('',(4.460000000077E0,2.125500626554E0,-6.75E0));
#2754=LINE('',#2753,#2752);
#2755=CARTESIAN_POINT('',(4.7095E0,1.8245E0,-6.75E0));
#2756=DIRECTION('',(0.E0,0.E0,1.E0));
#2757=DIRECTION('',(-1.E0,0.E0,0.E0));
#2758=AXIS2_PLACEMENT_3D('',#2755,#2756,#2757);
#2760=DIRECTION('',(1.E0,-4.393438891118E-11,0.E0));
#2761=VECTOR('',#2760,6.562321770350E-1);
#2762=CARTESIAN_POINT('',(4.709500000003E0,1.575000000029E0,-6.75E0));
#2763=LINE('',#2762,#2761);
#2764=DIRECTION('',(-1.961161351382E-1,-1.741122044806E-11,-9.805806756909E-1));
#2765=VECTOR('',#2764,9.688137075807E-1);
#2766=CARTESIAN_POINT('',(2.909998835593E0,-3.750000000799E-1,
-5.799999999991E0));
#2767=LINE('',#2766,#2765);
#2768=CARTESIAN_POINT('',(3.81E0,-3.75E-1,-5.8E0));
#2769=DIRECTION('',(0.E0,0.E0,1.E0));
#2770=DIRECTION('',(-1.E0,0.E0,0.E0));
#2771=AXIS2_PLACEMENT_3D('',#2768,#2769,#2770);
#2773=CARTESIAN_POINT('',(3.81E0,-3.75E-1,-5.8E0));
#2774=DIRECTION('',(0.E0,0.E0,1.E0));
#2775=DIRECTION('',(1.E0,0.E0,0.E0));
#2776=AXIS2_PLACEMENT_3D('',#2773,#2774,#2775);
#2778=DIRECTION('',(1.E0,0.E0,0.E0));
#2779=VECTOR('',#2778,8.E-1);
#2780=CARTESIAN_POINT('',(3.41E0,-7.75E-1,-5.8E0));
#2781=LINE('',#2780,#2779);
#2782=DIRECTION('',(0.E0,1.E0,0.E0));
#2783=VECTOR('',#2782,8.E-1);
#2784=CARTESIAN_POINT('',(4.21E0,-7.75E-1,-5.8E0));
#2785=LINE('',#2784,#2783);
#2786=DIRECTION('',(-1.E0,0.E0,0.E0));
#2787=VECTOR('',#2786,8.E-1);
#2788=CARTESIAN_POINT('',(4.21E0,2.5E-2,-5.8E0));
#2789=LINE('',#2788,#2787);
#2790=DIRECTION('',(0.E0,-1.E0,0.E0));
#2791=VECTOR('',#2790,8.E-1);
#2792=CARTESIAN_POINT('',(3.41E0,2.5E-2,-5.8E0));
#2793=LINE('',#2792,#2791);
#2794=DIRECTION('',(1.961161351382E-1,1.741196532291E-11,-9.805806756909E-1));
#2795=VECTOR('',#2794,9.688137075807E-1);
#2796=CARTESIAN_POINT('',(4.710001164407E0,-3.749999999201E-1,
-5.799999999991E0));
#2797=LINE('',#2796,#2795);
#2798=DIRECTION('',(0.E0,0.E0,1.E0));
#2799=VECTOR('',#2798,4.8E0);
#2800=CARTESIAN_POINT('',(3.41E0,-7.75E-1,-5.8E0));
#2801=LINE('',#2800,#2799);
#2802=DIRECTION('',(0.E0,0.E0,1.E0));
#2803=VECTOR('',#2802,4.8E0);
#2804=CARTESIAN_POINT('',(4.21E0,-7.75E-1,-5.8E0));
#2805=LINE('',#2804,#2803);
#2806=DIRECTION('',(0.E0,1.E0,0.E0));
#2807=VECTOR('',#2806,8.E-1);
#2808=CARTESIAN_POINT('',(4.21E0,-7.75E-1,-1.E0));
#2809=LINE('',#2808,#2807);
#2810=DIRECTION('',(1.E0,0.E0,0.E0));
#2811=VECTOR('',#2810,8.E-1);
#2812=CARTESIAN_POINT('',(3.41E0,-7.75E-1,-1.E0));
#2813=LINE('',#2812,#2811);
#2814=DIRECTION('',(0.E0,-1.E0,0.E0));
#2815=VECTOR('',#2814,8.E-1);
#2816=CARTESIAN_POINT('',(3.41E0,2.5E-2,-1.E0));
#2817=LINE('',#2816,#2815);
#2818=DIRECTION('',(-1.E0,0.E0,0.E0));
#2819=VECTOR('',#2818,8.E-1);
#2820=CARTESIAN_POINT('',(4.21E0,2.5E-2,-1.E0));
#2821=LINE('',#2820,#2819);
#2822=DIRECTION('',(0.E0,0.E0,1.E0));
#2823=VECTOR('',#2822,4.8E0);
#2824=CARTESIAN_POINT('',(3.41E0,2.5E-2,-5.8E0));
#2825=LINE('',#2824,#2823);
#2826=DIRECTION('',(0.E0,0.E0,1.E0));
#2827=VECTOR('',#2826,4.8E0);
#2828=CARTESIAN_POINT('',(4.21E0,2.5E-2,-5.8E0));
#2829=LINE('',#2828,#2827);
#2830=CARTESIAN_POINT('',(5.365732177038E0,-2.224999999962E0,-6.7E0));
#2831=DIRECTION('',(0.E0,1.E0,0.E0));
#2832=DIRECTION('',(9.999729662869E-1,0.E0,-7.353005878272E-3));
#2833=AXIS2_PLACEMENT_3D('',#2830,#2831,#2832);
#2835=DIRECTION('',(0.E0,1.E0,0.E0));
#2836=VECTOR('',#2835,3.8E0);
#2837=CARTESIAN_POINT('',(5.415730825352E0,-2.225E0,-6.700367650294E0));
#2838=LINE('',#2837,#2836);
#2839=DIRECTION('',(-7.353005878252E-3,0.E0,-9.999729662869E-1));
#2840=VECTOR('',#2839,6.502014025052E0);
#2841=CARTESIAN_POINT('',(5.463540172699E0,1.575E0,-1.985293988243E-1));
#2842=LINE('',#2841,#2840);
#2843=DIRECTION('',(0.E0,-1.E0,0.E0));
#2844=VECTOR('',#2843,4.15E0);
#2845=CARTESIAN_POINT('',(5.463540172699E0,1.575E0,-1.985293988243E-1));
#2846=LINE('',#2845,#2844);
#2847=CARTESIAN_POINT('',(5.418304446984E0,-2.575E0,-6.350367650294E0));
#2848=CARTESIAN_POINT('',(5.418155923516E0,-2.574999401773E0,
-6.370566118189E0));
#2849=CARTESIAN_POINT('',(5.417864489847E0,-2.571490479694E0,
-6.410199676936E0));
#2850=CARTESIAN_POINT('',(5.417448653224E0,-2.556872913092E0,
-6.466751431174E0));
#2851=CARTESIAN_POINT('',(5.417040676143E0,-2.531892672680E0,-6.522234326E0));
#2852=CARTESIAN_POINT('',(5.416676140308E0,-2.498252712770E0,
-6.571809423063E0));
#2853=CARTESIAN_POINT('',(5.416356209734E0,-2.456283203277E0,
-6.615318422032E0));
#2854=CARTESIAN_POINT('',(5.416097706154E0,-2.408399356754E0,
-6.650473649213E0));
#2855=CARTESIAN_POINT('',(5.415894306049E0,-2.353115750630E0,
-6.678135072244E0));
#2856=CARTESIAN_POINT('',(5.415761911686E0,-2.290947424140E0,
-6.696140060456E0));
#2857=CARTESIAN_POINT('',(5.415730832255E0,-2.247464435053E0,
-6.700366711551E0));
#2858=CARTESIAN_POINT('',(5.415730825352E0,-2.225E0,-6.700367650294E0));
#2860=DIRECTION('',(7.353005878252E-3,0.E0,9.999729662869E-1));
#2861=VECTOR('',#2860,6.550177075608E0);
#2862=CARTESIAN_POINT('',(5.365732177038E0,1.625E0,-6.7E0));
#2863=LINE('',#2862,#2861);
#2864=DIRECTION('',(1.E0,0.E0,0.E0));
#2865=VECTOR('',#2864,6.562321770256E-1);
#2866=CARTESIAN_POINT('',(4.709500000012E0,1.625E0,-6.7E0));
#2867=LINE('',#2866,#2865);
#2868=DIRECTION('',(1.E0,0.E0,0.E0));
#2869=VECTOR('',#2868,7.043956675654E-1);
#2870=CARTESIAN_POINT('',(4.709500000013E0,1.625E0,-1.5E-1));
#2871=LINE('',#2870,#2869);
#2872=CARTESIAN_POINT('',(4.7095E0,1.575E0,-6.7E0));
#2873=DIRECTION('',(1.E0,0.E0,0.E0));
#2874=DIRECTION('',(0.E0,1.332267629550E-14,-1.E0));
#2875=AXIS2_PLACEMENT_3D('',#2872,#2873,#2874);
#2877=CARTESIAN_POINT('',(4.46E0,1.8245E0,-6.7E0));
#2878=DIRECTION('',(0.E0,-1.E0,0.E0));
#2879=DIRECTION('',(1.776356839400E-14,0.E0,-1.E0));
#2880=AXIS2_PLACEMENT_3D('',#2877,#2878,#2879);
#2882=CARTESIAN_POINT('',(4.46E0,2.125500626567E0,-6.7E0));
#2883=DIRECTION('',(0.E0,-1.E0,0.E0));
#2884=DIRECTION('',(1.776356839400E-14,0.E0,-1.E0));
#2885=AXIS2_PLACEMENT_3D('',#2882,#2883,#2884);
#2887=CARTESIAN_POINT('',(4.859334074896E0,2.325E0,-6.75E0));
#2888=CARTESIAN_POINT('',(4.850738680876E0,2.325E0,-6.750000000118E0));
#2889=CARTESIAN_POINT('',(4.832951133461E0,2.325000003494E0,-6.748419515940E0));
#2890=CARTESIAN_POINT('',(4.804267643049E0,2.324999987770E0,-6.741582970566E0));
#2891=CARTESIAN_POINT('',(4.774214887655E0,2.325000045427E0,-6.730762809605E0));
#2892=CARTESIAN_POINT('',(4.742722878309E0,2.324999830522E0,-6.716633296638E0));
#2893=CARTESIAN_POINT('',(4.720863978149E0,2.325000365163E0,-6.705646692201E0));
#2894=CARTESIAN_POINT('',(4.709666590405E0,2.325000365163E0,-6.700040986796E0));
#2896=DIRECTION('',(-9.999999999998E-1,6.369404638662E-7,0.E0));
#2897=VECTOR('',#2896,4.303749539223E-1);
#2898=CARTESIAN_POINT('',(5.139999954082E0,2.325E0,-1.5E-1));
#2899=LINE('',#2898,#2897);
#2900=DIRECTION('',(6.349616036101E-6,1.389910661143E-8,-9.999999999798E-1));
#2901=VECTOR('',#2900,6.550040986928E0);
#2902=CARTESIAN_POINT('',(4.709625000160E0,2.325000274123E0,-1.5E-1));
#2903=LINE('',#2902,#2901);
#2904=DIRECTION('',(-2.588191087674E-1,-9.659258092301E-1,0.E0));
#2905=VECTOR('',#2904,6.077682560626E-1);
#2906=CARTESIAN_POINT('',(5.297301992453E0,2.912059044562E0,-1.5E-1));
#2907=LINE('',#2906,#2905);
#2908=DIRECTION('',(0.E0,0.E0,-1.E0));
#2909=VECTOR('',#2908,6.6E0);
#2910=CARTESIAN_POINT('',(5.139999954082E0,2.325E0,-1.5E-1));
#2911=LINE('',#2910,#2909);
#2912=DIRECTION('',(0.E0,0.E0,-1.E0));
#2913=VECTOR('',#2912,6.6E0);
#2914=CARTESIAN_POINT('',(5.297301992453E0,2.912059044562E0,-1.5E-1));
#2915=LINE('',#2914,#2913);
#2916=DIRECTION('',(0.E0,0.E0,-1.E0));
#2917=VECTOR('',#2916,6.55E0);
#2918=CARTESIAN_POINT('',(5.249005701992E0,2.975E0,-2.E-1));
#2919=LINE('',#2918,#2917);
#2920=DIRECTION('',(-9.441133201779E-13,0.E0,-1.E0));
#2921=VECTOR('',#2920,6.549999999996E0);
#2922=CARTESIAN_POINT('',(2.370994293568E0,2.975E0,-2.000000000036E-1));
#2923=LINE('',#2922,#2921);
#2924=DIRECTION('',(1.E0,0.E0,1.262266111731E-12));
#2925=VECTOR('',#2924,2.878011408424E0);
#2926=CARTESIAN_POINT('',(2.370994293568E0,2.975E0,-2.000000000036E-1));
#2927=LINE('',#2926,#2925);
#2928=DIRECTION('',(0.E0,0.E0,1.E0));
#2929=VECTOR('',#2928,6.6E0);
#2930=CARTESIAN_POINT('',(2.322698002247E0,2.912059047745E0,-6.75E0));
#2931=LINE('',#2930,#2929);
#2932=CARTESIAN_POINT('',(2.470070058085E0,2.362059047745E0,-6.748296291314E0));
#2933=CARTESIAN_POINT('',(2.468932973815E0,2.366302704011E0,-6.749433375584E0));
#2934=CARTESIAN_POINT('',(2.467777092453E0,2.370616511982E0,-6.75E0));
#2935=CARTESIAN_POINT('',(2.466602540378E0,2.375E0,-6.75E0));
#2937=DIRECTION('',(-2.588190451025E-1,9.659258262891E-1,0.E0));
#2938=VECTOR('',#2937,5.694018992255E-1);
#2939=CARTESIAN_POINT('',(2.470070058085E0,2.362059047745E0,-1.5E-1));
#2940=LINE('',#2939,#2938);
#2941=CARTESIAN_POINT('',(2.9105E0,2.375E0,-6.7E0));
#2942=DIRECTION('',(-1.E0,0.E0,0.E0));
#2943=DIRECTION('',(0.E0,6.265674015182E-6,-9.999999999804E-1));
#2944=AXIS2_PLACEMENT_3D('',#2941,#2942,#2943);
#2946=CARTESIAN_POINT('',(3.16E0,2.125500626567E0,-6.7E0));
#2947=DIRECTION('',(0.E0,1.E0,0.E0));
#2948=DIRECTION('',(0.E0,0.E0,-1.E0));
#2949=AXIS2_PLACEMENT_3D('',#2946,#2947,#2948);
#2951=CARTESIAN_POINT('',(3.16E0,1.8245E0,-6.7E0));
#2952=DIRECTION('',(0.E0,1.E0,0.E0));
#2953=DIRECTION('',(0.E0,0.E0,-1.E0));
#2954=AXIS2_PLACEMENT_3D('',#2951,#2952,#2953);
#2956=CARTESIAN_POINT('',(2.9105E0,1.575E0,-6.7E0));
#2957=DIRECTION('',(1.E0,0.E0,0.E0));
#2958=DIRECTION('',(0.E0,0.E0,-1.E0));
#2959=AXIS2_PLACEMENT_3D('',#2956,#2957,#2958);
#2961=DIRECTION('',(7.353005878255E-3,0.E0,-9.999729662869E-1));
#2962=VECTOR('',#2961,6.500175723905E0);
#2963=CARTESIAN_POINT('',(2.206471992655E0,1.625E0,-1.999999999810E-1));
#2964=LINE('',#2963,#2962);
#2965=DIRECTION('',(9.999999999999E-1,-5.258182683784E-7,-2.702500983780E-11));
#2966=VECTOR('',#2965,7.040280070934E-1);
#2967=CARTESIAN_POINT('',(2.206471992655E0,1.625E0,-1.999999999810E-1));
#2968=LINE('',#2967,#2966);
#2969=DIRECTION('',(2.765849088221E-11,5.695242892674E-8,-1.E0));
#2970=VECTOR('',#2969,6.5E0);
#2971=CARTESIAN_POINT('',(2.910499999748E0,1.624999629809E0,-2.E-1));
#2972=LINE('',#2971,#2970);
#2973=DIRECTION('',(1.E0,0.E0,0.E0));
#2974=VECTOR('',#2973,6.562321769655E-1);
#2975=CARTESIAN_POINT('',(2.254267822962E0,1.625E0,-6.7E0));
#2976=LINE('',#2975,#2974);
#2977=CARTESIAN_POINT('',(2.206471992655E0,1.575E0,-1.999999999856E-1));
#2978=DIRECTION('',(7.353005878252E-3,0.E0,-9.999729662869E-1));
#2979=DIRECTION('',(-9.999729662869E-1,0.E0,-7.353005878252E-3));
#2980=AXIS2_PLACEMENT_3D('',#2977,#2978,#2979);
#2982=CARTESIAN_POINT('',(2.206458475613E0,1.575006758430E0,
-1.981617482353E-1));
#2983=DIRECTION('',(7.352807109883E-3,-7.352808290539E-3,-9.999459347574E-1));
#2984=DIRECTION('',(-9.999729662869E-1,0.E0,-7.353005878252E-3));
#2985=AXIS2_PLACEMENT_3D('',#2982,#2983,#2984);
#2987=CARTESIAN_POINT('',(2.206458470472E0,1.625005406310E0,
-1.985294576401E-1));
#2988=CARTESIAN_POINT('',(2.206459971530E0,1.625004205536E0,
-1.986927669228E-1));
#2989=CARTESIAN_POINT('',(2.206462984026E0,1.625002202617E0,
-1.990196077496E-1));
#2990=CARTESIAN_POINT('',(2.206467486134E0,1.625000400542E0,
-1.995097905739E-1));
#2991=CARTESIAN_POINT('',(2.206470490745E0,1.625E0,-1.998365980682E-1));
#2992=CARTESIAN_POINT('',(2.206471992655E0,1.625E0,-1.999999999810E-1));
#2994=CARTESIAN_POINT('',(1.956466826658E0,1.824998408382E0,
-8.382252825873E-10));
#2995=CARTESIAN_POINT('',(1.974571680961E0,1.810519190977E0,
-3.375123434954E-6));
#2996=CARTESIAN_POINT('',(2.009083596366E0,1.782903072838E0,
-3.141151053927E-3));
#2997=CARTESIAN_POINT('',(2.054668840732E0,1.746437928637E0,
-1.482754721192E-2));
#2998=CARTESIAN_POINT('',(2.094797307326E0,1.714334023038E0,
-3.215255516057E-2));
#2999=CARTESIAN_POINT('',(2.128819287212E0,1.687116704990E0,
-5.377862406383E-2));
#3000=CARTESIAN_POINT('',(2.156978727651E0,1.664589124078E0,
-7.905524271498E-2));
#3001=CARTESIAN_POINT('',(2.178323763648E0,1.647512959377E0,
-1.060359644121E-1));
#3002=CARTESIAN_POINT('',(2.194313377485E0,1.634721793566E0,
-1.355089659314E-1));
#3003=CARTESIAN_POINT('',(2.204337767771E0,1.626701979152E0,
-1.679188047060E-1));
#3004=CARTESIAN_POINT('',(2.206365211903E0,1.625079871171E0,
-1.884637776123E-1));
#3005=CARTESIAN_POINT('',(2.206458470472E0,1.625005406310E0,
-1.985294576401E-1));
#3007=CARTESIAN_POINT('',(2.910250894245E0,1.824750615701E0,
-1.545552010540E-7));
#3008=CARTESIAN_POINT('',(2.910250882634E0,1.809765215669E0,
-1.873845633103E-5));
#3009=CARTESIAN_POINT('',(2.910671949438E0,1.780159085466E0,
-3.375160569347E-3));
#3010=CARTESIAN_POINT('',(2.910502821671E0,1.737325792416E0,
-1.834687059316E-2));
#3011=CARTESIAN_POINT('',(2.910547735087E0,1.699059303518E0,
-4.246900296601E-2));
#3012=CARTESIAN_POINT('',(2.910537210065E0,1.667136055323E0,
-7.446814818849E-2));
#3013=CARTESIAN_POINT('',(2.910534401806E0,1.643114439323E0,
-1.128322818793E-1));
#3014=CARTESIAN_POINT('',(2.910556170798E0,1.628289799574E0,
-1.555273699237E-1));
#3015=CARTESIAN_POINT('',(2.910499999748E0,1.624999629809E0,
-1.852085667558E-1));
#3016=CARTESIAN_POINT('',(2.910499999748E0,1.624999629809E0,-2.E-1));
#3018=CARTESIAN_POINT('',(2.9105E0,1.8245E0,-6.7E0));
#3019=DIRECTION('',(0.E0,0.E0,1.E0));
#3020=DIRECTION('',(0.E0,-1.E0,0.E0));
#3021=AXIS2_PLACEMENT_3D('',#3018,#3019,#3020);
#3023=CARTESIAN_POINT('',(2.9105E0,1.8245E0,-2.E-1));
#3024=DIRECTION('',(0.E0,0.E0,1.E0));
#3025=DIRECTION('',(0.E0,-1.E0,0.E0));
#3026=AXIS2_PLACEMENT_3D('',#3023,#3024,#3025);
#3028=DIRECTION('',(-2.068752056876E-5,5.191233930501E-8,-9.999999997860E-1));
#3029=VECTOR('',#3028,6.500000001391E0);
#3030=CARTESIAN_POINT('',(3.110134468884E0,1.824499662576E0,-2.E-1));
#3031=LINE('',#3030,#3029);
#3032=DIRECTION('',(0.E0,1.E0,0.E0));
#3033=VECTOR('',#3032,3.010006264880E-1);
#3034=CARTESIAN_POINT('',(3.11E0,1.824500000006E0,-6.7E0));
#3035=LINE('',#3034,#3033);
#3036=DIRECTION('',(-4.455091370531E-4,9.999999007608E-1,0.E0));
#3037=VECTOR('',#3036,3.010009936597E-1);
#3038=CARTESIAN_POINT('',(3.110134468884E0,1.824499662576E0,-2.E-1));
#3039=LINE('',#3038,#3037);
#3040=DIRECTION('',(-5.695242889258E-8,1.995108352031E-11,-1.E0));
#3041=VECTOR('',#3040,6.5E0);
#3042=CARTESIAN_POINT('',(3.110000370191E0,2.125500626365E0,-2.E-1));
#3043=LINE('',#3042,#3041);
#3044=CARTESIAN_POINT('',(2.910250894245E0,1.824750615701E0,
-1.545552010540E-7));
#3045=CARTESIAN_POINT('',(2.925243492527E0,1.824750627318E0,1.154435641409E-6));
#3046=CARTESIAN_POINT('',(2.954873879087E0,1.825110409525E0,
-3.382506928771E-3));
#3047=CARTESIAN_POINT('',(2.997849532679E0,1.824971949822E0,
-1.842049260433E-2));
#3048=CARTESIAN_POINT('',(3.036162025724E0,1.825003832372E0,
-4.262877060581E-2));
#3049=CARTESIAN_POINT('',(3.068141410663E0,1.825014593896E0,
-7.482672958708E-2));
#3050=CARTESIAN_POINT('',(3.092091779601E0,1.824937651283E0,
-1.131758856372E-1));
#3051=CARTESIAN_POINT('',(3.106840180992E0,1.825230905112E0,
-1.563732519889E-1));
#3052=CARTESIAN_POINT('',(3.110134468884E0,1.824499662576E0,
-1.855640372936E-1));
#3053=CARTESIAN_POINT('',(3.110134468884E0,1.824499662576E0,-2.E-1));
#3055=CARTESIAN_POINT('',(2.910249383905E0,2.125251364095E0,
-1.545542850090E-7));
#3056=CARTESIAN_POINT('',(2.925234783938E0,2.125251352483E0,
-1.873839633437E-5));
#3057=CARTESIAN_POINT('',(2.954840914721E0,2.125672648739E0,
-3.375160597780E-3));
#3058=CARTESIAN_POINT('',(2.997674207542E0,2.125503428750E0,
-1.834687058850E-2));
#3059=CARTESIAN_POINT('',(3.035940696505E0,2.125548366877E0,
-4.246900297608E-2));
#3060=CARTESIAN_POINT('',(3.067863944680E0,2.125537835231E0,
-7.446814819508E-2));
#3061=CARTESIAN_POINT('',(3.091885560688E0,2.125535028756E0,
-1.128322818996E-1));
#3062=CARTESIAN_POINT('',(3.106710200428E0,2.125556797235E0,
-1.555273699356E-1));
#3063=CARTESIAN_POINT('',(3.110000370191E0,2.125500626365E0,
-1.852085667607E-1));
#3064=CARTESIAN_POINT('',(3.110000370191E0,2.125500626365E0,-2.E-1));
#3066=CARTESIAN_POINT('',(2.9105E0,2.125500626567E0,-6.7E0));
#3067=DIRECTION('',(0.E0,0.E0,1.E0));
#3068=DIRECTION('',(1.E0,0.E0,0.E0));
#3069=AXIS2_PLACEMENT_3D('',#3066,#3067,#3068);
#3071=CARTESIAN_POINT('',(2.9105E0,2.125500626567E0,-2.E-1));
#3072=DIRECTION('',(0.E0,0.E0,1.E0));
#3073=DIRECTION('',(1.E0,0.E0,0.E0));
#3074=AXIS2_PLACEMENT_3D('',#3071,#3072,#3073);
#3076=DIRECTION('',(-5.191596191150E-8,-2.068752056261E-5,-9.999999997860E-1));
#3077=VECTOR('',#3076,6.500000001391E0);
#3078=CARTESIAN_POINT('',(2.910375337405E0,2.325134743007E0,-2.E-1));
#3079=LINE('',#3078,#3077);
#3080=DIRECTION('',(-9.999999999998E-1,-6.992785053233E-7,0.E0));
#3081=VECTOR('',#3080,3.920086505519E-1);
#3082=CARTESIAN_POINT('',(2.910374999951E0,2.325000274123E0,-6.7E0));
#3083=LINE('',#3082,#3081);
#3084=DIRECTION('',(-9.999999409268E-1,-3.437242590656E-4,0.E0));
#3085=VECTOR('',#3084,3.920090111628E-1);
#3086=CARTESIAN_POINT('',(2.910375337405E0,2.325134743007E0,-2.E-1));
#3087=LINE('',#3086,#3085);
#3088=DIRECTION('',(0.E0,0.E0,-1.E0));
#3089=VECTOR('',#3088,6.5E0);
#3090=CARTESIAN_POINT('',(2.518366349399E0,2.325E0,-2.E-1));
#3091=LINE('',#3090,#3089);
#3092=CARTESIAN_POINT('',(2.518366349399E0,2.325E0,-2.E-1));
#3093=CARTESIAN_POINT('',(2.521321028589E0,2.325E0,-1.856104421915E-1));
#3094=CARTESIAN_POINT('',(2.522305032681E0,2.321768586892E0,
-1.559231810954E-1));
#3095=CARTESIAN_POINT('',(2.509544669493E0,2.302824002178E0,
-1.010307338572E-1));
#3096=CARTESIAN_POINT('',(2.477278616974E0,2.261500974413E0,
-4.719889627908E-2));
#3097=CARTESIAN_POINT('',(2.436976858964E0,2.207869515482E0,
-1.518879784838E-2));
#3098=CARTESIAN_POINT('',(2.403237550792E0,2.161339373616E0,
-2.226457910053E-3));
#3099=CARTESIAN_POINT('',(2.386437519458E0,2.137228835736E0,0.E0));
#3100=CARTESIAN_POINT('',(2.378298411425E0,2.125E0,0.E0));
#3102=CARTESIAN_POINT('',(2.910249383905E0,2.125251364095E0,
-1.545542850090E-7));
#3103=CARTESIAN_POINT('',(2.910249372295E0,2.140243970085E0,1.142695280894E-6));
#3104=CARTESIAN_POINT('',(2.909889508038E0,2.169874127327E0,
-3.382586300055E-3));
#3105=CARTESIAN_POINT('',(2.910028347171E0,2.212849825116E0,
-1.842062701223E-2));
#3106=CARTESIAN_POINT('',(2.909995049416E0,2.251162216823E0,
-4.262893175395E-2));
#3107=CARTESIAN_POINT('',(2.909989569402E0,2.283141508567E0,
-7.482687641108E-2));
#3108=CARTESIAN_POINT('',(2.910046803526E0,2.307091834473E0,
-1.131759424891E-1));
#3109=CARTESIAN_POINT('',(2.909827106404E0,2.321840062181E0,
-1.563732946024E-1));
#3110=CARTESIAN_POINT('',(2.910375337405E0,2.325134743007E0,
-1.855640500965E-1));
#3111=CARTESIAN_POINT('',(2.910375337405E0,2.325134743007E0,-2.E-1));
#3113=CARTESIAN_POINT('',(2.518366349399E0,2.325E0,-2.E-1));
#3114=CARTESIAN_POINT('',(2.513063066696E0,2.325E0,-1.956442027610E-1));
#3115=CARTESIAN_POINT('',(2.502208185352E0,2.326724814448E0,
-1.872299799405E-1));
#3116=CARTESIAN_POINT('',(2.482383104126E0,2.337200408675E0,
-1.709198438704E-1));
#3117=CARTESIAN_POINT('',(2.472815239215E0,2.351813892290E0,
-1.587115944781E-1));
#3118=CARTESIAN_POINT('',(2.470070058085E0,2.362059047745E0,-1.5E-1));
#3120=CARTESIAN_POINT('',(2.322698002247E0,2.912059047745E0,-1.5E-1));
#3121=CARTESIAN_POINT('',(2.321800370429E0,2.915409055298E0,
-1.334910324802E-1));
#3122=CARTESIAN_POINT('',(2.313034626275E0,2.926255967040E0,
-1.018725749048E-1));
#3123=CARTESIAN_POINT('',(2.287135953264E0,2.952564750084E0,
-6.624670815358E-2));
#3124=CARTESIAN_POINT('',(2.256587167553E0,2.984861399495E0,
-4.151284229268E-2));
#3125=CARTESIAN_POINT('',(2.214231810086E0,3.032567692516E0,
-1.897905948055E-2));
#3126=CARTESIAN_POINT('',(2.172086681421E0,3.084245016390E0,
-7.085788177094E-3));
#3127=CARTESIAN_POINT('',(2.129860812589E0,3.136543665388E0,
-1.100521871205E-3));
#3128=CARTESIAN_POINT('',(2.108159670218E0,3.162392183515E0,0.E0));
#3129=CARTESIAN_POINT('',(2.096951759372E0,3.175E0,0.E0));
#3131=CARTESIAN_POINT('',(2.378298411425E0,2.125E0,0.E0));
#3132=CARTESIAN_POINT('',(2.383603432543E0,2.137115946833E0,0.E0));
#3133=CARTESIAN_POINT('',(2.394159566011E0,2.161379105078E0,
-1.355054896219E-3));
#3134=CARTESIAN_POINT('',(2.415083602864E0,2.209350953405E0,
-9.599741923556E-3));
#3135=CARTESIAN_POINT('',(2.440456365859E0,2.267166144361E0,
-3.088153060364E-2));
#3136=CARTESIAN_POINT('',(2.461293640166E0,2.317880050170E0,
-6.977928732426E-2));
#3137=CARTESIAN_POINT('',(2.470312577497E0,2.348461908455E0,
-1.125339478419E-1));
#3138=CARTESIAN_POINT('',(2.470974012344E0,2.358685444521E0,
-1.372429986001E-1));
#3139=CARTESIAN_POINT('',(2.470070058085E0,2.362059047745E0,-1.5E-1));
#3141=CARTESIAN_POINT('',(2.322698002247E0,2.912059047745E0,-1.5E-1));
#3142=CARTESIAN_POINT('',(2.320793228519E0,2.919167760077E0,
-1.546382111081E-1));
#3143=CARTESIAN_POINT('',(2.320106211108E0,2.934761869899E0,
-1.631147242336E-1));
#3144=CARTESIAN_POINT('',(2.329864590653E0,2.956559267395E0,
-1.749997517029E-1));
#3145=CARTESIAN_POINT('',(2.348393594477E0,2.971627376480E0,
-1.868849169363E-1));
#3146=CARTESIAN_POINT('',(2.363634813017E0,2.975E0,-1.953617888955E-1));
#3147=CARTESIAN_POINT('',(2.370994293568E0,2.975E0,-2.000000000036E-1));
#3149=CARTESIAN_POINT('',(5.249005701992E0,2.975E0,-2.E-1));
#3150=CARTESIAN_POINT('',(5.246178520241E0,2.975E0,-1.820563668591E-1));
#3151=CARTESIAN_POINT('',(5.248913092329E0,2.980229273656E0,
-1.450072147589E-1));
#3152=CARTESIAN_POINT('',(5.273679322252E0,3.000139813646E0,
-9.943051597808E-2));
#3153=CARTESIAN_POINT('',(5.308506715616E0,3.025333679194E0,
-6.539304518797E-2));
#3154=CARTESIAN_POINT('',(5.361751627223E0,3.062194791483E0,
-3.186867478494E-2));
#3155=CARTESIAN_POINT('',(5.420225613700E0,3.101361825329E0,
-1.199936020459E-2));
#3156=CARTESIAN_POINT('',(5.479484655262E0,3.142248374979E0,
-1.851411884209E-3));
#3157=CARTESIAN_POINT('',(5.508805388473E0,3.163725798971E0,0.E0));
#3158=CARTESIAN_POINT('',(5.523048257499E0,3.175E0,0.E0));
#3160=CARTESIAN_POINT('',(2.096951759372E0,3.175E0,0.E0));
#3161=CARTESIAN_POINT('',(2.111194620535E0,3.163725804303E0,0.E0));
#3162=CARTESIAN_POINT('',(2.140515830511E0,3.142248133411E0,
-1.851476768781E-3));
#3163=CARTESIAN_POINT('',(2.199775627737E0,3.101361007809E0,
-1.199966597394E-2));
#3164=CARTESIAN_POINT('',(2.258249844484E0,3.062193790432E0,
-3.186933061749E-2));
#3165=CARTESIAN_POINT('',(2.311494052827E0,3.025333131854E0,
-6.539372042808E-2));
#3166=CARTESIAN_POINT('',(2.346320692711E0,3.000139779968E0,
-9.943074482698E-2));
#3167=CARTESIAN_POINT('',(2.371086723552E0,2.980229452070E0,
-1.450065249879E-1));
#3168=CARTESIAN_POINT('',(2.373821473914E0,2.975E0,-1.820563762329E-1));
#3169=CARTESIAN_POINT('',(2.370994293568E0,2.975E0,-2.000000000036E-1));
#3171=CARTESIAN_POINT('',(5.249005701992E0,2.975E0,-2.E-1));
#3172=CARTESIAN_POINT('',(5.256365182800E0,2.975E0,-1.953617888472E-1));
#3173=CARTESIAN_POINT('',(5.271605749960E0,2.971627555002E0,
-1.868852757168E-1));
#3174=CARTESIAN_POINT('',(5.290134765007E0,2.956560101544E0,
-1.750002482976E-1));
#3175=CARTESIAN_POINT('',(5.299893781119E0,2.934762543373E0,
-1.631150831115E-1));
#3176=CARTESIAN_POINT('',(5.299206766717E0,2.919167757017E0,
-1.546382111528E-1));
#3177=CARTESIAN_POINT('',(5.297301992453E0,2.912059044562E0,-1.5E-1));
#3179=CARTESIAN_POINT('',(5.523048257499E0,3.175E0,0.E0));
#3180=CARTESIAN_POINT('',(5.511840237971E0,3.162392062236E0,0.E0));
#3181=CARTESIAN_POINT('',(5.490138974013E0,3.136543345050E0,
-1.100573400978E-3));
#3182=CARTESIAN_POINT('',(5.447912626918E0,3.084244183106E0,
-7.085857874994E-3));
#3183=CARTESIAN_POINT('',(5.405767337869E0,3.032566662915E0,
-1.897946561968E-2));
#3184=CARTESIAN_POINT('',(5.363412292014E0,2.984860770100E0,
-4.151323974594E-2));
#3185=CARTESIAN_POINT('',(5.332863709343E0,2.952564447524E0,
-6.624706431101E-2));
#3186=CARTESIAN_POINT('',(5.306965455311E0,2.926256030920E0,
-1.018725664382E-1));
#3187=CARTESIAN_POINT('',(5.298199633136E0,2.915409084314E0,
-1.334908730919E-1));
#3188=CARTESIAN_POINT('',(5.297301992453E0,2.912059044562E0,-1.5E-1));
#3190=CARTESIAN_POINT('',(5.139999954082E0,2.325E0,-1.5E-1));
#3191=CARTESIAN_POINT('',(5.139999954082E0,2.325E0,-1.403700260583E-1));
#3192=CARTESIAN_POINT('',(5.141435938491E0,2.323128588555E0,
-1.207790662514E-1));
#3193=CARTESIAN_POINT('',(5.148143755431E0,2.314386790726E0,
-9.179225868755E-2));
#3194=CARTESIAN_POINT('',(5.159761560094E0,2.299246171880E0,
-6.387148432733E-2));
#3195=CARTESIAN_POINT('',(5.176725525368E0,2.277138300403E0,
-3.832574371545E-2));
#3196=CARTESIAN_POINT('',(5.199023143774E0,2.248079476359E0,
-1.731008696708E-2));
#3197=CARTESIAN_POINT('',(5.225599022921E0,2.213445113986E0,
-3.386097891115E-3));
#3198=CARTESIAN_POINT('',(5.245068807734E0,2.188071594682E0,0.E0));
#3199=CARTESIAN_POINT('',(5.255098994425E0,2.175E0,0.E0));
#3201=CARTESIAN_POINT('',(4.7095E0,2.175000626567E0,-1.5E-1));
#3202=DIRECTION('',(-1.E0,0.E0,0.E0));
#3203=DIRECTION('',(0.E0,-2.088558008021E-6,9.999999999978E-1));
#3204=AXIS2_PLACEMENT_3D('',#3201,#3202,#3203);
#3206=CARTESIAN_POINT('',(4.66E0,2.125500626567E0,-1.5E-1));
#3207=DIRECTION('',(0.E0,-1.E0,0.E0));
#3208=DIRECTION('',(0.E0,0.E0,1.E0));
#3209=AXIS2_PLACEMENT_3D('',#3206,#3207,#3208);
#3211=CARTESIAN_POINT('',(4.66E0,1.8245E0,-1.5E-1));
#3212=DIRECTION('',(0.E0,-1.E0,0.E0));
#3213=DIRECTION('',(0.E0,0.E0,1.E0));
#3214=AXIS2_PLACEMENT_3D('',#3211,#3212,#3213);
#3216=CARTESIAN_POINT('',(5.413895667578E0,1.625E0,-1.5E-1));
#3217=CARTESIAN_POINT('',(5.417272654630E0,1.625E0,-1.357419091409E-1));
#3218=CARTESIAN_POINT('',(5.428053008414E0,1.629142297315E0,
-1.082878170096E-1));
#3219=CARTESIAN_POINT('',(5.461374147136E0,1.648765692826E0,
-6.339983073040E-2));
#3220=CARTESIAN_POINT('',(5.516040378464E0,1.683837835405E0,
-2.693789939785E-2));
#3221=CARTESIAN_POINT('',(5.576699991331E0,1.721157947432E0,
-8.475175711421E-3));
#3222=CARTESIAN_POINT('',(5.626365869700E0,1.751524834564E0,
-1.240628828844E-3));
#3223=CARTESIAN_POINT('',(5.651226675909E0,1.767049646808E0,0.E0));
#3224=CARTESIAN_POINT('',(5.663534765956E0,1.775E0,0.E0));
#3226=CARTESIAN_POINT('',(4.7095E0,1.775E0,-1.5E-1));
#3227=DIRECTION('',(1.E0,0.E0,0.E0));
#3228=DIRECTION('',(0.E0,0.E0,1.E0));
#3229=AXIS2_PLACEMENT_3D('',#3226,#3227,#3228);
#3231=CARTESIAN_POINT('',(5.413895667578E0,1.625E0,-1.5E-1));
#3232=CARTESIAN_POINT('',(5.420208819788E0,1.625E0,-1.543683679879E-1));
#3233=CARTESIAN_POINT('',(5.433195889138E0,1.622518619347E0,
-1.626049640801E-1));
#3234=CARTESIAN_POINT('',(5.450022611626E0,1.611305418172E0,
-1.743476610060E-1));
#3235=CARTESIAN_POINT('',(5.461150426567E0,1.594392757607E0,
-1.860485550756E-1));
#3236=CARTESIAN_POINT('',(5.463571951135E0,1.581345102177E0,
-1.942076864101E-1));
#3237=CARTESIAN_POINT('',(5.463540172699E0,1.575E0,-1.985293988243E-1));
#3239=CARTESIAN_POINT('',(5.663534765956E0,1.775E0,0.E0));
#3240=CARTESIAN_POINT('',(5.651811332412E0,1.764121060305E0,0.E0));
#3241=CARTESIAN_POINT('',(5.628987814445E0,1.741699959394E0,
-2.029236016250E-3));
#3242=CARTESIAN_POINT('',(5.585073092192E0,1.696473177546E0,
-1.360114501689E-2));
#3243=CARTESIAN_POINT('',(5.533496304236E0,1.641573468390E0,
-4.218873048364E-2));
#3244=CARTESIAN_POINT('',(5.490010726617E0,1.594798982519E0,
-9.321266047451E-2));
#3245=CARTESIAN_POINT('',(5.467825729301E0,1.573241910065E0,
-1.503202927439E-1));
#3246=CARTESIAN_POINT('',(5.463656103822E0,1.572315248328E0,
-1.827633311031E-1));
#3247=CARTESIAN_POINT('',(5.463540172699E0,1.575E0,-1.985293988243E-1));
#3249=CARTESIAN_POINT('',(5.463540172699E0,-2.575E0,-1.985293988243E-1));
#3250=CARTESIAN_POINT('',(5.463666557505E0,-2.575111712462E0,
-1.813416811403E-1));
#3251=CARTESIAN_POINT('',(5.468505830146E0,-2.581206918485E0,
-1.471673565986E-1));
#3252=CARTESIAN_POINT('',(5.492502834464E0,-2.611066502123E0,
-8.898400901347E-2));
#3253=CARTESIAN_POINT('',(5.537642339177E0,-2.667203276412E0,
-3.898739045229E-2));
#3254=CARTESIAN_POINT('',(5.588626157115E0,-2.731759153200E0,
-1.232428901074E-2));
#3255=CARTESIAN_POINT('',(5.630866639212E0,-2.785097055781E0,
-1.798999611744E-3));
#3256=CARTESIAN_POINT('',(5.652498155984E0,-2.811822772207E0,0.E0));
#3257=CARTESIAN_POINT('',(5.663534765956E0,-2.825E0,0.E0));
#3259=CARTESIAN_POINT('',(5.463540172699E0,-2.575E0,-1.985293988243E-1));
#3260=CARTESIAN_POINT('',(5.463537671376E0,-2.588084982143E0,
-1.988695665090E-1));
#3261=CARTESIAN_POINT('',(5.452702479659E0,-2.614167595967E0,
-1.993688639262E-1));
#3262=CARTESIAN_POINT('',(5.426615137075E0,-2.625E0,-1.997560462660E-1));
#3263=CARTESIAN_POINT('',(5.413528007345E0,-2.625E0,-2.E-1));
#3265=CARTESIAN_POINT('',(5.663534765956E0,-2.825E0,0.E0));
#3266=CARTESIAN_POINT('',(5.650338577952E0,-2.813906625970E0,0.E0));
#3267=CARTESIAN_POINT('',(5.623574423874E0,-2.792159694078E0,
-1.817787723180E-3));
#3268=CARTESIAN_POINT('',(5.570167268101E0,-2.749698365690E0,
-1.245657092702E-2));
#3269=CARTESIAN_POINT('',(5.505545565037E0,-2.698497670808E0,
-3.940625288127E-2));
#3270=CARTESIAN_POINT('',(5.449385953740E0,-2.653362960734E0,
-8.985951009579E-2));
#3271=CARTESIAN_POINT('',(5.419583124953E0,-2.629617149010E0,
-1.484282346541E-1));
#3272=CARTESIAN_POINT('',(5.413574418301E0,-2.625E0,-1.827605054816E-1));
#3273=CARTESIAN_POINT('',(5.413528007345E0,-2.625E0,-2.E-1));
#3275=CARTESIAN_POINT('',(4.197298334563E0,-2.625000000011E0,-2.E-1));
#3276=CARTESIAN_POINT('',(4.197298334563E0,-2.625000000011E0,
-1.879222072483E-1));
#3277=CARTESIAN_POINT('',(4.195593234580E0,-2.627207991128E0,
-1.635012833960E-1));
#3278=CARTESIAN_POINT('',(4.187703701693E0,-2.637295833338E0,
-1.275592589459E-1));
#3279=CARTESIAN_POINT('',(4.173804563201E0,-2.654563946589E0,
-9.297321495694E-2));
#3280=CARTESIAN_POINT('',(4.153587130182E0,-2.678561768697E0,
-6.181914979461E-2));
#3281=CARTESIAN_POINT('',(4.125446526917E0,-2.709724709911E0,
-3.479562447440E-2));
#3282=CARTESIAN_POINT('',(4.088656672558E0,-2.746548083744E0,
-1.440913569692E-2));
#3283=CARTESIAN_POINT('',(4.041750655987E0,-2.786955569029E0,
-2.220826060502E-3));
#3284=CARTESIAN_POINT('',(4.004053181340E0,-2.812963343510E0,
-6.885358120581E-12));
#3285=CARTESIAN_POINT('',(3.983205080758E0,-2.825E0,0.E0));
#3287=CARTESIAN_POINT('',(3.809991801849E0,-2.525000000398E0,-2.E-1));
#3288=DIRECTION('',(-9.999999991599E-1,-4.099075484271E-5,0.E0));
#3289=DIRECTION('',(3.765876499529E-12,-9.185426419478E-8,1.E0));
#3290=AXIS2_PLACEMENT_3D('',#3287,#3288,#3289);
#3292=CARTESIAN_POINT('',(3.422701665423E0,-2.625000000008E0,-2.E-1));
#3293=CARTESIAN_POINT('',(3.422701665423E0,-2.625000000008E0,
-1.879235027072E-1));
#3294=CARTESIAN_POINT('',(3.424406445305E0,-2.627207572104E0,
-1.635054256819E-1));
#3295=CARTESIAN_POINT('',(3.432293671127E0,-2.637292494622E0,
-1.275687930969E-1));
#3296=CARTESIAN_POINT('',(3.446189291093E0,-2.654556406338E0,
-9.298598765492E-2));
#3297=CARTESIAN_POINT('',(3.466400648595E0,-2.678547589272E0,
-6.183436396343E-2));
#3298=CARTESIAN_POINT('',(3.494539680167E0,-2.709710446963E0,
-3.480495079976E-2));
#3299=CARTESIAN_POINT('',(3.531328541545E0,-2.746533298271E0,
-1.441655208193E-2));
#3300=CARTESIAN_POINT('',(3.578206497362E0,-2.786922075336E0,
-2.227016356426E-3));
#3301=CARTESIAN_POINT('',(3.615927090802E0,-2.812951953627E0,
-5.229202305449E-12));
#3302=CARTESIAN_POINT('',(3.636794919242E0,-2.825E0,0.E0));
#3304=CARTESIAN_POINT('',(3.81E0,-2.725000000001E0,-2.E-1));
#3305=DIRECTION('',(0.E0,0.E0,1.E0));
#3306=DIRECTION('',(9.682458365418E-1,2.500000000391E-1,0.E0));
#3307=AXIS2_PLACEMENT_3D('',#3304,#3305,#3306);
#3309=CARTESIAN_POINT('',(3.81E0,-2.725000000001E0,-2.E-1));
#3310=DIRECTION('',(0.E0,0.E0,1.E0));
#3311=DIRECTION('',(-4.096192499303E-5,9.999999991611E-1,0.E0));
#3312=AXIS2_PLACEMENT_3D('',#3309,#3310,#3311);
#3314=DIRECTION('',(-7.061162855871E-12,1.323313635726E-12,-1.E0));
#3315=VECTOR('',#3314,6.15E0);
#3316=CARTESIAN_POINT('',(3.422701665423E0,-2.625000000008E0,-2.E-1));
#3317=LINE('',#3316,#3315);
#3318=CARTESIAN_POINT('',(4.197298334620E0,-2.625E0,-6.35E0));
#3319=CARTESIAN_POINT('',(4.197298334620E0,-2.625E0,-6.375904158662E0));
#3320=CARTESIAN_POINT('',(4.196048101733E0,-2.620007465399E0,
-6.424826094580E0));
#3321=CARTESIAN_POINT('',(4.190790282933E0,-2.601798303252E0,
-6.489239048798E0));
#3322=CARTESIAN_POINT('',(4.181520296895E0,-2.575622763252E0,
-6.545736012571E0));
#3323=CARTESIAN_POINT('',(4.166462893508E0,-2.541949444223E0,
-6.596484044012E0));
#3324=CARTESIAN_POINT('',(4.143492991914E0,-2.502308235793E0,
-6.640133643715E0));
#3325=CARTESIAN_POINT('',(4.111782664339E0,-2.460509228466E0,
-6.674680250383E0));
#3326=CARTESIAN_POINT('',(4.070698311603E0,-2.419704285776E0,
-6.700336988954E0));
#3327=CARTESIAN_POINT('',(4.021789685379E0,-2.383729148937E0,
-6.717758016369E0));
#3328=CARTESIAN_POINT('',(3.962093811662E0,-2.352703466714E0,
-6.729433093030E0));
#3329=CARTESIAN_POINT('',(3.888961997573E0,-2.330244463024E0,
-6.736007875359E0));
#3330=CARTESIAN_POINT('',(3.809989365393E0,-2.322377215778E0,
-6.737943714311E0));
#3331=CARTESIAN_POINT('',(3.731030986107E0,-2.330246674383E0,
-6.736007274987E0));
#3332=CARTESIAN_POINT('',(3.657900456790E0,-2.352705568318E0,
-6.729432434699E0));
#3333=CARTESIAN_POINT('',(3.598205003513E0,-2.383732776183E0,
-6.717756391167E0));
#3334=CARTESIAN_POINT('',(3.549302891507E0,-2.419703572475E0,
-6.700337232882E0));
#3335=CARTESIAN_POINT('',(3.508217970188E0,-2.460508338684E0,
-6.674680964714E0));
#3336=CARTESIAN_POINT('',(3.476506855005E0,-2.502308432829E0,
-6.640133514212E0));
#3337=CARTESIAN_POINT('',(3.453537007033E0,-2.541949660869E0,
-6.596483737336E0));
#3338=CARTESIAN_POINT('',(3.438479724084E0,-2.575622722235E0,
-6.545736051632E0));
#3339=CARTESIAN_POINT('',(3.429209732142E0,-2.601798251833E0,
-6.489239197153E0));
#3340=CARTESIAN_POINT('',(3.423951899252E0,-2.620007460983E0,
-6.424826145713E0));
#3341=CARTESIAN_POINT('',(3.422701665380E0,-2.625E0,-6.375904179522E0));
#3342=CARTESIAN_POINT('',(3.422701665380E0,-2.625E0,-6.35E0));
#3344=CARTESIAN_POINT('',(5.368305798670E0,-2.625E0,-6.349999999986E0));
#3345=CARTESIAN_POINT('',(5.368158629001E0,-2.624999722275E0,
-6.372875114953E0));
#3346=CARTESIAN_POINT('',(5.367865208063E0,-2.620988917934E0,
-6.418476385878E0));
#3347=CARTESIAN_POINT('',(5.367450177049E0,-2.604283426328E0,
-6.482984063730E0));
#3348=CARTESIAN_POINT('',(5.367041980672E0,-2.575734296447E0,
-6.546426017381E0));
#3349=CARTESIAN_POINT('',(5.366677505223E0,-2.537289463990E0,
-6.603074445556E0));
#3350=CARTESIAN_POINT('',(5.366357557206E0,-2.489321249917E0,
-6.652801387280E0));
#3351=CARTESIAN_POINT('',(5.366099059918E0,-2.434608259356E0,
-6.692978129479E0));
#3352=CARTESIAN_POINT('',(5.365895656E0,-2.371384433710E0,-6.724591454082E0));
#3353=CARTESIAN_POINT('',(5.365763265413E0,-2.300493758284E0,
-6.745168164911E0));
#3354=CARTESIAN_POINT('',(5.365732182758E0,-2.250403713108E0,
-6.749999559650E0));
#3355=CARTESIAN_POINT('',(5.365732177038E0,-2.224999999970E0,-6.75E0));
#3357=CARTESIAN_POINT('',(2.251694201330E0,-2.625E0,-6.349999999986E0));
#3358=CARTESIAN_POINT('',(2.251844218783E0,-2.624999711966E0,
-6.373317826771E0));
#3359=CARTESIAN_POINT('',(2.252141325939E0,-2.620819200599E0,
-6.419491813156E0));
#3360=CARTESIAN_POINT('',(2.252553314335E0,-2.604053383305E0,
-6.483526747186E0));
#3361=CARTESIAN_POINT('',(2.252958079686E0,-2.575696879148E0,
-6.546435383996E0));
#3362=CARTESIAN_POINT('',(2.253320395907E0,-2.537527087682E0,
-6.602748240862E0));
#3363=CARTESIAN_POINT('',(2.253638932560E0,-2.489899396022E0,
-6.652255807900E0));
#3364=CARTESIAN_POINT('',(2.253895968383E0,-2.435805323139E0,
-6.692205420744E0));
#3365=CARTESIAN_POINT('',(2.254100514619E0,-2.372933961800E0,
-6.723996276805E0));
#3366=CARTESIAN_POINT('',(2.254235800153E0,-2.301525171281E0,
-6.745022934074E0));
#3367=CARTESIAN_POINT('',(2.254267816925E0,-2.250803969874E0,
-6.749999535403E0));
#3368=CARTESIAN_POINT('',(2.254267822962E0,-2.224999999988E0,-6.75E0));
#3370=CARTESIAN_POINT('',(5.368305798670E0,-2.575E0,-6.350000000007E0));
#3371=DIRECTION('',(-7.353005878255E-3,1.908994234258E-11,-9.999729662869E-1));
#3372=DIRECTION('',(9.999729662869E-1,0.E0,-7.353005878255E-3));
#3373=AXIS2_PLACEMENT_3D('',#3370,#3371,#3372);
#3375=DIRECTION('',(7.353005878252E-3,0.E0,9.999729662869E-1));
#3376=VECTOR('',#3375,6.152004562996E0);
#3377=CARTESIAN_POINT('',(5.418304446984E0,-2.575E0,-6.350367650294E0));
#3378=LINE('',#3377,#3376);
#3379=DIRECTION('',(-7.353005878254E-3,0.E0,-9.999729662869E-1));
#3380=VECTOR('',#3379,6.150166261817E0);
#3381=CARTESIAN_POINT('',(5.413528007345E0,-2.625E0,-2.E-1));
#3382=LINE('',#3381,#3380);
#3383=DIRECTION('',(-1.E0,-8.818398980971E-12,0.E0));
#3384=VECTOR('',#3383,1.216229672782E0);
#3385=CARTESIAN_POINT('',(5.413528007345E0,-2.625E0,-2.E-1));
#3386=LINE('',#3385,#3384);
#3387=DIRECTION('',(9.306087968884E-12,1.744006926227E-12,-1.E0));
#3388=VECTOR('',#3387,6.15E0);
#3389=CARTESIAN_POINT('',(4.197298334563E0,-2.625000000011E0,-2.E-1));
#3390=LINE('',#3389,#3388);
#3391=DIRECTION('',(-1.E0,0.E0,-1.154169501690E-11));
#3392=VECTOR('',#3391,1.171007464049E0);
#3393=CARTESIAN_POINT('',(5.368305798670E0,-2.625E0,-6.349999999986E0));
#3394=LINE('',#3393,#3392);
#3395=CARTESIAN_POINT('',(2.251694201332E0,-2.575E0,-6.350000000185E0));
#3396=DIRECTION('',(7.353005878254E-3,5.279638471878E-10,-9.999729662869E-1));
#3397=DIRECTION('',(3.881339694090E-12,-1.E0,-5.279510162381E-10));
#3398=AXIS2_PLACEMENT_3D('',#3395,#3396,#3397);
#3400=CARTESIAN_POINT('',(4.7095E0,1.8245E0,-6.7E0));
#3401=DIRECTION('',(0.E0,0.E0,1.E0));
#3402=DIRECTION('',(-1.E0,0.E0,0.E0));
#3403=AXIS2_PLACEMENT_3D('',#3400,#3401,#3402);
#3405=CARTESIAN_POINT('',(4.7095E0,1.8245E0,-1.5E-1));
#3406=DIRECTION('',(0.E0,0.E0,1.E0));
#3407=DIRECTION('',(-1.E0,0.E0,0.E0));
#3408=AXIS2_PLACEMENT_3D('',#3405,#3406,#3407);
#3410=DIRECTION('',(-1.106494031260E-13,0.E0,-1.E0));
#3411=VECTOR('',#3410,6.55E0);
#3412=CARTESIAN_POINT('',(4.709500000013E0,1.625E0,-1.5E-1));
#3413=LINE('',#3412,#3411);
#3414=DIRECTION('',(-9.530754266976E-10,-1.E0,0.E0));
#3415=VECTOR('',#3414,3.010006264527E-1);
#3416=CARTESIAN_POINT('',(4.510000000287E0,2.125500626525E0,-6.7E0));
#3417=LINE('',#3416,#3415);
#3418=DIRECTION('',(0.E0,-1.E0,0.E0));
#3419=VECTOR('',#3418,3.010006264981E-1);
#3420=CARTESIAN_POINT('',(4.51E0,2.125500626554E0,-1.5E-1));
#3421=LINE('',#3420,#3419);
#3422=DIRECTION('',(0.E0,2.528596500971E-12,-1.E0));
#3423=VECTOR('',#3422,6.55E0);
#3424=CARTESIAN_POINT('',(4.51E0,1.824500000056E0,-1.5E-1));
#3425=LINE('',#3424,#3423);
#3426=CARTESIAN_POINT('',(4.7095E0,2.125500626567E0,-6.7E0));
#3427=DIRECTION('',(0.E0,0.E0,1.E0));
#3428=DIRECTION('',(1.252559934972E-3,9.999992155465E-1,0.E0));
#3429=AXIS2_PLACEMENT_3D('',#3426,#3427,#3428);
#3431=CARTESIAN_POINT('',(4.7095E0,2.125500626567E0,-1.5E-1));
#3432=DIRECTION('',(0.E0,0.E0,1.E0));
#3433=DIRECTION('',(1.253133817710E-3,9.999992148275E-1,0.E0));
#3434=AXIS2_PLACEMENT_3D('',#3431,#3432,#3433);
#3436=DIRECTION('',(4.379804407191E-11,-4.412822948443E-12,-1.E0));
#3437=VECTOR('',#3436,6.55E0);
#3438=CARTESIAN_POINT('',(4.51E0,2.125500626554E0,-1.5E-1));
#3439=LINE('',#3438,#3437);
#3440=DIRECTION('',(0.E0,0.E0,-1.E0));
#3441=VECTOR('',#3440,6.598296291314E0);
#3442=CARTESIAN_POINT('',(2.470070058085E0,2.362059047745E0,-1.5E-1));
#3443=LINE('',#3442,#3441);
#3444=CARTESIAN_POINT('',(2.518366349399E0,2.325E0,-6.7E0));
#3445=CARTESIAN_POINT('',(2.513339117595E0,2.325E0,-6.705027231804E0));
#3446=CARTESIAN_POINT('',(2.503790666075E0,2.326508093432E0,-6.714575683324E0));
#3447=CARTESIAN_POINT('',(2.491558176425E0,2.332122989967E0,-6.726808172974E0));
#3448=CARTESIAN_POINT('',(2.481553922611E0,2.340364047482E0,-6.736812426788E0));
#3449=CARTESIAN_POINT('',(2.474096879841E0,2.350670562802E0,-6.744269469558E0));
#3450=CARTESIAN_POINT('',(2.471096562781E0,2.358228080065E0,-6.747269786618E0));
#3451=CARTESIAN_POINT('',(2.470070058085E0,2.362059047745E0,-6.748296291314E0));
#3453=CARTESIAN_POINT('',(2.254267822962E0,1.575E0,-6.7E0));
#3454=DIRECTION('',(1.E0,0.E0,0.E0));
#3455=DIRECTION('',(0.E0,1.332267629550E-14,-1.E0));
#3456=AXIS2_PLACEMENT_3D('',#3453,#3454,#3455);
#3458=CARTESIAN_POINT('',(2.254267822962E0,1.575E0,-6.7E0));
#3459=DIRECTION('',(0.E0,-1.E0,0.E0));
#3460=DIRECTION('',(-9.999729662869E-1,0.E0,-7.353005878272E-3));
#3461=AXIS2_PLACEMENT_3D('',#3458,#3459,#3460);
#3463=CARTESIAN_POINT('',(2.254267822962E0,1.575E0,-6.7E0));
#3464=DIRECTION('',(-7.353005878252E-3,0.E0,9.999729662869E-1));
#3465=DIRECTION('',(0.E0,1.E0,0.E0));
#3466=AXIS2_PLACEMENT_3D('',#3463,#3464,#3465);
#3468=CARTESIAN_POINT('',(5.365732177038E0,1.575E0,-6.7E0));
#3469=DIRECTION('',(7.353005878253E-3,0.E0,9.999729662869E-1));
#3470=DIRECTION('',(9.999729662869E-1,0.E0,-7.353005878255E-3));
#3471=AXIS2_PLACEMENT_3D('',#3468,#3469,#3470);
#3473=CARTESIAN_POINT('',(5.365732177038E0,1.575E0,-6.7E0));
#3474=DIRECTION('',(0.E0,-1.E0,0.E0));
#3475=DIRECTION('',(0.E0,0.E0,-1.E0));
#3476=AXIS2_PLACEMENT_3D('',#3473,#3474,#3475);
#3478=CARTESIAN_POINT('',(5.365732177038E0,1.575E0,-6.7E0));
#3479=DIRECTION('',(-1.E0,0.E0,0.E0));
#3480=DIRECTION('',(0.E0,1.E0,0.E0));
#3481=AXIS2_PLACEMENT_3D('',#3478,#3479,#3480);
#3483=DIRECTION('',(0.E0,-1.E0,0.E0));
#3484=VECTOR('',#3483,1.9E0);
#3485=CARTESIAN_POINT('',(-3.41E0,-3.375E0,-8.4E0));
#3486=LINE('',#3485,#3484);
#3487=DIRECTION('',(0.E0,-1.E0,0.E0));
#3488=VECTOR('',#3487,1.9E0);
#3489=CARTESIAN_POINT('',(-4.21E0,-3.375E0,-8.4E0));
#3490=LINE('',#3489,#3488);
#3491=DIRECTION('',(0.E0,-1.E0,0.E0));
#3492=VECTOR('',#3491,1.9E0);
#3493=CARTESIAN_POINT('',(-4.21E0,-3.375E0,-7.6E0));
#3494=LINE('',#3493,#3492);
#3495=DIRECTION('',(0.E0,-1.E0,0.E0));
#3496=VECTOR('',#3495,1.9E0);
#3497=CARTESIAN_POINT('',(-3.41E0,-3.375E0,-7.6E0));
#3498=LINE('',#3497,#3496);
#3499=DIRECTION('',(0.E0,0.E0,1.E0));
#3500=VECTOR('',#3499,8.E-1);
#3501=CARTESIAN_POINT('',(-3.41E0,-5.275E0,-8.4E0));
#3502=LINE('',#3501,#3500);
#3503=DIRECTION('',(1.E0,0.E0,0.E0));
#3504=VECTOR('',#3503,8.E-1);
#3505=CARTESIAN_POINT('',(-4.21E0,-5.275E0,-8.4E0));
#3506=LINE('',#3505,#3504);
#3507=DIRECTION('',(0.E0,0.E0,-1.E0));
#3508=VECTOR('',#3507,8.E-1);
#3509=CARTESIAN_POINT('',(-4.21E0,-5.275E0,-7.6E0));
#3510=LINE('',#3509,#3508);
#3511=DIRECTION('',(-1.E0,0.E0,0.E0));
#3512=VECTOR('',#3511,8.E-1);
#3513=CARTESIAN_POINT('',(-3.41E0,-5.275E0,-7.6E0));
#3514=LINE('',#3513,#3512);
#3515=DIRECTION('',(0.E0,-1.E0,0.E0));
#3516=VECTOR('',#3515,1.9E0);
#3517=CARTESIAN_POINT('',(4.E-1,-3.375E0,-8.4E0));
#3518=LINE('',#3517,#3516);
#3519=DIRECTION('',(0.E0,-1.E0,0.E0));
#3520=VECTOR('',#3519,1.9E0);
#3521=CARTESIAN_POINT('',(-4.E-1,-3.375E0,-8.4E0));
#3522=LINE('',#3521,#3520);
#3523=DIRECTION('',(0.E0,-1.E0,0.E0));
#3524=VECTOR('',#3523,1.9E0);
#3525=CARTESIAN_POINT('',(-4.E-1,-3.375E0,-7.6E0));
#3526=LINE('',#3525,#3524);
#3527=DIRECTION('',(0.E0,-1.E0,0.E0));
#3528=VECTOR('',#3527,1.9E0);
#3529=CARTESIAN_POINT('',(4.E-1,-3.375E0,-7.6E0));
#3530=LINE('',#3529,#3528);
#3531=DIRECTION('',(0.E0,0.E0,1.E0));
#3532=VECTOR('',#3531,8.E-1);
#3533=CARTESIAN_POINT('',(4.E-1,-5.275E0,-8.4E0));
#3534=LINE('',#3533,#3532);
#3535=DIRECTION('',(1.E0,0.E0,0.E0));
#3536=VECTOR('',#3535,8.E-1);
#3537=CARTESIAN_POINT('',(-4.E-1,-5.275E0,-8.4E0));
#3538=LINE('',#3537,#3536);
#3539=DIRECTION('',(0.E0,0.E0,-1.E0));
#3540=VECTOR('',#3539,8.E-1);
#3541=CARTESIAN_POINT('',(-4.E-1,-5.275E0,-7.6E0));
#3542=LINE('',#3541,#3540);
#3543=DIRECTION('',(-1.E0,0.E0,0.E0));
#3544=VECTOR('',#3543,8.E-1);
#3545=CARTESIAN_POINT('',(4.E-1,-5.275E0,-7.6E0));
#3546=LINE('',#3545,#3544);
#3547=DIRECTION('',(0.E0,-1.E0,0.E0));
#3548=VECTOR('',#3547,1.9E0);
#3549=CARTESIAN_POINT('',(4.21E0,-3.375E0,-8.4E0));
#3550=LINE('',#3549,#3548);
#3551=DIRECTION('',(0.E0,-1.E0,0.E0));
#3552=VECTOR('',#3551,1.9E0);
#3553=CARTESIAN_POINT('',(3.41E0,-3.375E0,-8.4E0));
#3554=LINE('',#3553,#3552);
#3555=DIRECTION('',(0.E0,-1.E0,0.E0));
#3556=VECTOR('',#3555,1.9E0);
#3557=CARTESIAN_POINT('',(3.41E0,-3.375E0,-7.6E0));
#3558=LINE('',#3557,#3556);
#3559=DIRECTION('',(0.E0,-1.E0,0.E0));
#3560=VECTOR('',#3559,1.9E0);
#3561=CARTESIAN_POINT('',(4.21E0,-3.375E0,-7.6E0));
#3562=LINE('',#3561,#3560);
#3563=DIRECTION('',(0.E0,0.E0,1.E0));
#3564=VECTOR('',#3563,8.E-1);
#3565=CARTESIAN_POINT('',(4.21E0,-5.275E0,-8.4E0));
#3566=LINE('',#3565,#3564);
#3567=DIRECTION('',(1.E0,0.E0,0.E0));
#3568=VECTOR('',#3567,8.E-1);
#3569=CARTESIAN_POINT('',(3.41E0,-5.275E0,-8.4E0));
#3570=LINE('',#3569,#3568);
#3571=DIRECTION('',(0.E0,0.E0,-1.E0));
#3572=VECTOR('',#3571,8.E-1);
#3573=CARTESIAN_POINT('',(3.41E0,-5.275E0,-7.6E0));
#3574=LINE('',#3573,#3572);
#3575=DIRECTION('',(-1.E0,0.E0,0.E0));
#3576=VECTOR('',#3575,8.E-1);
#3577=CARTESIAN_POINT('',(4.21E0,-5.275E0,-7.6E0));
#3578=LINE('',#3577,#3576);
#3579=CARTESIAN_POINT('',(-6.215E0,3.875E0,-5.E-1));
#3580=CARTESIAN_POINT('',(-6.215E0,3.875E0,0.E0));
#3581=VERTEX_POINT('',#3579);
#3582=VERTEX_POINT('',#3580);
#3583=CARTESIAN_POINT('',(-6.215E0,-3.375E0,0.E0));
#3584=VERTEX_POINT('',#3583);
#3585=CARTESIAN_POINT('',(-6.215E0,-3.375E0,-8.9E0));
#3586=VERTEX_POINT('',#3585);
#3587=CARTESIAN_POINT('',(-6.215E0,-3.075E0,-9.2E0));
#3588=VERTEX_POINT('',#3587);
#3589=CARTESIAN_POINT('',(-6.215E0,3.325E0,-9.2E0));
#3590=CARTESIAN_POINT('',(-6.215E0,3.625E0,-8.9E0));
#3591=VERTEX_POINT('',#3589);
#3592=VERTEX_POINT('',#3590);
#3593=CARTESIAN_POINT('',(-6.215E0,3.625E0,-5.E-1));
#3594=VERTEX_POINT('',#3593);
#3595=CARTESIAN_POINT('',(6.215E0,3.875E0,-5.E-1));
#3596=CARTESIAN_POINT('',(6.215E0,3.875E0,0.E0));
#3597=VERTEX_POINT('',#3595);
#3598=VERTEX_POINT('',#3596);
#3599=CARTESIAN_POINT('',(6.215E0,-3.375E0,0.E0));
#3600=VERTEX_POINT('',#3599);
#3601=CARTESIAN_POINT('',(6.215E0,-3.375E0,-8.9E0));
#3602=VERTEX_POINT('',#3601);
#3603=CARTESIAN_POINT('',(6.215E0,-3.075E0,-9.2E0));
#3604=VERTEX_POINT('',#3603);
#3605=CARTESIAN_POINT('',(6.215E0,3.325E0,-9.2E0));
#3606=CARTESIAN_POINT('',(6.215E0,3.625E0,-8.9E0));
#3607=VERTEX_POINT('',#3605);
#3608=VERTEX_POINT('',#3606);
#3609=CARTESIAN_POINT('',(6.215E0,3.625E0,-5.E-1));
#3610=VERTEX_POINT('',#3609);
#3611=CARTESIAN_POINT('',(-4.11E0,3.325E0,-1.E0));
#3612=CARTESIAN_POINT('',(-3.51E0,3.325E0,-1.E0));
#3613=VERTEX_POINT('',#3611);
#3614=VERTEX_POINT('',#3612);
#3615=CARTESIAN_POINT('',(-4.310183628846E0,3.875E0,-5.E-1));
#3616=CARTESIAN_POINT('',(-4.310183628846E0,3.875E0,0.E0));
#3617=VERTEX_POINT('',#3615);
#3618=VERTEX_POINT('',#3616);
#3619=CARTESIAN_POINT('',(-3.309816371154E0,3.875E0,-5.E-1));
#3620=CARTESIAN_POINT('',(-3.309816371154E0,3.875E0,0.E0));
#3621=VERTEX_POINT('',#3619);
#3622=VERTEX_POINT('',#3620);
#3623=CARTESIAN_POINT('',(-4.11E0,3.325E0,0.E0));
#3624=VERTEX_POINT('',#3623);
#3625=CARTESIAN_POINT('',(-3.51E0,3.325E0,0.E0));
#3626=VERTEX_POINT('',#3625);
#3627=CARTESIAN_POINT('',(-4.219191070280E0,3.625E0,-1.E0));
#3628=CARTESIAN_POINT('',(-3.400808929720E0,3.625E0,-1.E0));
#3629=VERTEX_POINT('',#3627);
#3630=VERTEX_POINT('',#3628);
#3631=CARTESIAN_POINT('',(-4.219191070280E0,3.625E0,-5.E-1));
#3632=VERTEX_POINT('',#3631);
#3633=CARTESIAN_POINT('',(-3.400808929720E0,3.625E0,-5.E-1));
#3634=VERTEX_POINT('',#3633);
#3635=CARTESIAN_POINT('',(-4.710001164408E0,-3.75E-1,-5.8E0));
#3636=CARTESIAN_POINT('',(-2.909998835592E0,-3.75E-1,-5.8E0));
#3637=VERTEX_POINT('',#3635);
#3638=VERTEX_POINT('',#3636);
#3639=CARTESIAN_POINT('',(-4.900001164408E0,-3.75E-1,-6.75E0));
#3640=CARTESIAN_POINT('',(-2.719998835592E0,-3.75E-1,-6.75E0));
#3641=VERTEX_POINT('',#3639);
#3642=VERTEX_POINT('',#3640);
#3643=CARTESIAN_POINT('',(-5.31E0,1.125E0,-8.8E0));
#3644=CARTESIAN_POINT('',(-5.81E0,1.125E0,-8.8E0));
#3645=VERTEX_POINT('',#3643);
#3646=VERTEX_POINT('',#3644);
#3647=CARTESIAN_POINT('',(-5.31E0,2.925E0,-8.8E0));
#3648=VERTEX_POINT('',#3647);
#3649=CARTESIAN_POINT('',(-6.215E0,2.925E0,-8.8E0));
#3650=CARTESIAN_POINT('',(-6.215E0,-2.375E0,-8.8E0));
#3651=VERTEX_POINT('',#3649);
#3652=VERTEX_POINT('',#3650);
#3653=CARTESIAN_POINT('',(-6.215E0,2.925E0,-9.2E0));
#3654=VERTEX_POINT('',#3653);
#3655=CARTESIAN_POINT('',(6.215E0,2.925E0,-8.8E0));
#3656=CARTESIAN_POINT('',(6.215E0,-2.375E0,-8.8E0));
#3657=VERTEX_POINT('',#3655);
#3658=VERTEX_POINT('',#3656);
#3659=CARTESIAN_POINT('',(-5.81E0,1.125E0,-9.2E0));
#3660=CARTESIAN_POINT('',(-5.31E0,1.125E0,-9.2E0));
#3661=VERTEX_POINT('',#3659);
#3662=VERTEX_POINT('',#3660);
#3663=CARTESIAN_POINT('',(-5.31E0,2.925E0,-9.2E0));
#3664=VERTEX_POINT('',#3663);
#3665=CARTESIAN_POINT('',(6.215E0,2.925E0,-9.2E0));
#3666=VERTEX_POINT('',#3665);
#3667=CARTESIAN_POINT('',(-4.21E0,-7.75E-1,-1.E0));
#3668=CARTESIAN_POINT('',(-3.41E0,-7.75E-1,-1.E0));
#3669=VERTEX_POINT('',#3667);
#3670=VERTEX_POINT('',#3668);
#3671=CARTESIAN_POINT('',(-3.41E0,2.5E-2,-1.E0));
#3672=VERTEX_POINT('',#3671);
#3673=CARTESIAN_POINT('',(-4.21E0,2.5E-2,-1.E0));
#3674=VERTEX_POINT('',#3673);
#3675=CARTESIAN_POINT('',(-5.81E0,-2.375E0,-8.8E0));
#3676=VERTEX_POINT('',#3675);
#3677=CARTESIAN_POINT('',(5.31E0,1.125E0,-8.8E0));
#3678=CARTESIAN_POINT('',(5.31E0,2.925E0,-8.8E0));
#3679=VERTEX_POINT('',#3677);
#3680=VERTEX_POINT('',#3678);
#3681=CARTESIAN_POINT('',(5.81E0,-2.375E0,-8.8E0));
#3682=CARTESIAN_POINT('',(5.81E0,1.125E0,-8.8E0));
#3683=VERTEX_POINT('',#3681);
#3684=VERTEX_POINT('',#3682);
#3685=CARTESIAN_POINT('',(5.31E0,1.125E0,-9.2E0));
#3686=CARTESIAN_POINT('',(5.31E0,2.925E0,-9.2E0));
#3687=VERTEX_POINT('',#3685);
#3688=VERTEX_POINT('',#3686);
#3689=CARTESIAN_POINT('',(5.81E0,1.125E0,-9.2E0));
#3690=VERTEX_POINT('',#3689);
#3691=CARTESIAN_POINT('',(-6.215E0,-2.375E0,-9.2E0));
#3692=VERTEX_POINT('',#3691);
#3693=CARTESIAN_POINT('',(6.215E0,-2.375E0,-9.2E0));
#3694=VERTEX_POINT('',#3693);
#3695=CARTESIAN_POINT('',(-5.81E0,-2.375E0,-9.2E0));
#3696=VERTEX_POINT('',#3695);
#3697=CARTESIAN_POINT('',(5.81E0,-2.375E0,-9.2E0));
#3698=VERTEX_POINT('',#3697);
#3699=CARTESIAN_POINT('',(-3.41E0,-7.75E-1,-5.8E0));
#3700=VERTEX_POINT('',#3699);
#3701=CARTESIAN_POINT('',(-3.41E0,2.5E-2,-5.8E0));
#3702=VERTEX_POINT('',#3701);
#3703=CARTESIAN_POINT('',(-4.21E0,2.5E-2,-5.8E0));
#3704=VERTEX_POINT('',#3703);
#3705=CARTESIAN_POINT('',(-4.21E0,-7.75E-1,-5.8E0));
#3706=VERTEX_POINT('',#3705);
#3707=CARTESIAN_POINT('',(-3.41E0,-5.275E0,-8.4E0));
#3708=CARTESIAN_POINT('',(-3.41E0,-5.275E0,-7.6E0));
#3709=VERTEX_POINT('',#3707);
#3710=VERTEX_POINT('',#3708);
#3711=CARTESIAN_POINT('',(-4.21E0,-5.275E0,-7.6E0));
#3712=VERTEX_POINT('',#3711);
#3713=CARTESIAN_POINT('',(-4.21E0,-5.275E0,-8.4E0));
#3714=VERTEX_POINT('',#3713);
#3715=CARTESIAN_POINT('',(-3.41E0,-3.375E0,-8.4E0));
#3716=CARTESIAN_POINT('',(-3.41E0,-3.375E0,-7.6E0));
#3717=VERTEX_POINT('',#3715);
#3718=VERTEX_POINT('',#3716);
#3719=CARTESIAN_POINT('',(-4.21E0,-3.375E0,-7.6E0));
#3720=VERTEX_POINT('',#3719);
#3721=CARTESIAN_POINT('',(-4.21E0,-3.375E0,-8.4E0));
#3722=VERTEX_POINT('',#3721);
#3723=CARTESIAN_POINT('',(-4.7095E0,1.625E0,-2.E-1));
#3724=CARTESIAN_POINT('',(-4.51E0,1.8245E0,-2.E-1));
#3725=VERTEX_POINT('',#3723);
#3726=VERTEX_POINT('',#3724);
#3727=CARTESIAN_POINT('',(-4.709749105755E0,1.824750615701E0,
-1.545552010540E-7));
#3728=CARTESIAN_POINT('',(-4.709750616095E0,2.125251364095E0,
-1.545542850090E-7));
#3729=VERTEX_POINT('',#3727);
#3730=VERTEX_POINT('',#3728);
#3731=CARTESIAN_POINT('',(-4.509999629809E0,2.125500626365E0,-2.E-1));
#3732=VERTEX_POINT('',#3731);
#3733=CARTESIAN_POINT('',(-4.709750000174E0,2.325000469926E0,-2.E-1));
#3734=VERTEX_POINT('',#3733);
#3735=CARTESIAN_POINT('',(-2.480000045918E0,2.325E0,-1.5E-1));
#3736=CARTESIAN_POINT('',(-2.480000045918E0,2.325E0,-6.75E0));
#3737=VERTEX_POINT('',#3735);
#3738=VERTEX_POINT('',#3736);
#3739=CARTESIAN_POINT('',(-2.96E0,1.8245E0,0.E0));
#3740=CARTESIAN_POINT('',(-2.9105E0,1.775E0,0.E0));
#3741=VERTEX_POINT('',#3739);
#3742=VERTEX_POINT('',#3740);
#3743=CARTESIAN_POINT('',(-3.11E0,1.8245E0,-1.5E-1));
#3744=CARTESIAN_POINT('',(-2.9105E0,1.625E0,-1.5E-1));
#3745=VERTEX_POINT('',#3743);
#3746=VERTEX_POINT('',#3744);
#3747=CARTESIAN_POINT('',(-2.96E0,2.125500626567E0,0.E0));
#3748=VERTEX_POINT('',#3747);
#3749=CARTESIAN_POINT('',(-3.11E0,2.125500626554E0,-1.5E-1));
#3750=VERTEX_POINT('',#3749);
#3751=CARTESIAN_POINT('',(-2.9105E0,2.175000626567E0,0.E0));
#3752=VERTEX_POINT('',#3751);
#3753=CARTESIAN_POINT('',(-2.910249999803E0,2.325000469925E0,-1.5E-1));
#3754=VERTEX_POINT('',#3753);
#3755=CARTESIAN_POINT('',(-2.364901005575E0,2.175E0,0.E0));
#3756=VERTEX_POINT('',#3755);
#3757=CARTESIAN_POINT('',(-2.156459827301E0,1.575E0,-1.985293988243E-1));
#3758=CARTESIAN_POINT('',(-2.204269174648E0,1.575E0,-6.700367650294E0));
#3759=VERTEX_POINT('',#3757);
#3760=VERTEX_POINT('',#3758);
#3761=VERTEX_POINT('',#742);
#3762=VERTEX_POINT('',#750);
#3763=CARTESIAN_POINT('',(-1.956465234044E0,-2.825E0,0.E0));
#3764=VERTEX_POINT('',#3763);
#3765=CARTESIAN_POINT('',(-2.156459827301E0,-2.575E0,-1.985293988243E-1));
#3766=VERTEX_POINT('',#3765);
#3767=CARTESIAN_POINT('',(-2.254267822962E0,1.625E0,-6.7E0));
#3768=VERTEX_POINT('',#3767);
#3769=CARTESIAN_POINT('',(-2.322698007547E0,2.912059044562E0,-6.75E0));
#3770=CARTESIAN_POINT('',(-2.370994298008E0,2.975E0,-6.75E0));
#3771=VERTEX_POINT('',#3769);
#3772=VERTEX_POINT('',#3770);
#3773=CARTESIAN_POINT('',(-2.370994298008E0,2.975E0,-2.E-1));
#3774=VERTEX_POINT('',#3773);
#3775=CARTESIAN_POINT('',(-5.249005706438E0,2.975E0,-6.75E0));
#3776=VERTEX_POINT('',#3775);
#3777=CARTESIAN_POINT('',(-2.096951742501E0,3.175E0,0.E0));
#3778=VERTEX_POINT('',#3777);
#3779=CARTESIAN_POINT('',(-5.249005706432E0,2.975E0,-2.000000000036E-1));
#3780=VERTEX_POINT('',#3779);
#3781=CARTESIAN_POINT('',(-5.523048240628E0,3.175E0,0.E0));
#3782=VERTEX_POINT('',#3781);
#3783=CARTESIAN_POINT('',(-2.322698007547E0,2.912059044562E0,-1.5E-1));
#3784=VERTEX_POINT('',#3783);
#3785=CARTESIAN_POINT('',(-5.297301997753E0,2.912059047745E0,-6.75E0));
#3786=VERTEX_POINT('',#3785);
#3787=VERTEX_POINT('',#1323);
#3788=CARTESIAN_POINT('',(-5.101633650601E0,2.325E0,-2.E-1));
#3789=CARTESIAN_POINT('',(-5.101633650601E0,2.325E0,-6.7E0));
#3790=VERTEX_POINT('',#3788);
#3791=VERTEX_POINT('',#3789);
#3792=VERTEX_POINT('',#1310);
#3793=VERTEX_POINT('',#1342);
#3794=CARTESIAN_POINT('',(-2.206471992655E0,-2.625E0,-2.E-1));
#3795=CARTESIAN_POINT('',(-2.251694201330E0,-2.625E0,-6.349999999986E0));
#3796=VERTEX_POINT('',#3794);
#3797=VERTEX_POINT('',#3795);
#3798=CARTESIAN_POINT('',(-5.153397459622E0,2.375E0,-6.75E0));
#3799=VERTEX_POINT('',#3798);
#3800=CARTESIAN_POINT('',(-3.422701665437E0,-2.625000000011E0,-2.E-1));
#3801=VERTEX_POINT('',#3800);
#3802=CARTESIAN_POINT('',(-3.636794919242E0,-2.825E0,0.E0));
#3803=VERTEX_POINT('',#3802);
#3804=CARTESIAN_POINT('',(-5.149929941915E0,2.362059047745E0,
-6.748296291314E0));
#3805=VERTEX_POINT('',#3804);
#3806=CARTESIAN_POINT('',(-2.201695553016E0,-2.575E0,-6.350367650294E0));
#3807=VERTEX_POINT('',#3806);
#3808=CARTESIAN_POINT('',(-2.760665925793E0,2.324999999082E0,-6.75E0));
#3809=CARTESIAN_POINT('',(-3.159999998852E0,2.125500626567E0,-6.75E0));
#3810=VERTEX_POINT('',#3808);
#3811=VERTEX_POINT('',#3809);
#3812=CARTESIAN_POINT('',(-2.910250114293E0,2.325000470069E0,-6.7E0));
#3813=CARTESIAN_POINT('',(-3.11E0,2.125500626567E0,-6.7E0));
#3814=VERTEX_POINT('',#3812);
#3815=VERTEX_POINT('',#3813);
#3816=CARTESIAN_POINT('',(-3.159999999980E0,1.824500000016E0,-6.75E0));
#3817=VERTEX_POINT('',#3816);
#3818=CARTESIAN_POINT('',(-3.11E0,1.824500000072E0,-6.7E0));
#3819=VERTEX_POINT('',#3818);
#3820=CARTESIAN_POINT('',(-2.9105E0,1.575E0,-6.75E0));
#3821=VERTEX_POINT('',#3820);
#3822=CARTESIAN_POINT('',(-2.9105E0,1.625E0,-6.7E0));
#3823=VERTEX_POINT('',#3822);
#3824=CARTESIAN_POINT('',(-2.254267822962E0,1.575E0,-6.75E0));
#3825=VERTEX_POINT('',#3824);
#3826=CARTESIAN_POINT('',(-3.810008203916E0,-2.525000000398E0,0.E0));
#3827=VERTEX_POINT('',#3826);
#3828=CARTESIAN_POINT('',(-3.810016384770E0,-2.325000000337E0,-2.E-1));
#3829=VERTEX_POINT('',#3828);
#3830=CARTESIAN_POINT('',(-4.197298334618E0,-2.624999999989E0,-2.E-1));
#3831=VERTEX_POINT('',#3830);
#3832=CARTESIAN_POINT('',(-3.983205080607E0,-2.824999999913E0,0.E0));
#3833=VERTEX_POINT('',#3832);
#3834=VERTEX_POINT('',#857);
#3835=VERTEX_POINT('',#881);
#3836=CARTESIAN_POINT('',(-2.204269174648E0,-2.225E0,-6.700367650294E0));
#3837=VERTEX_POINT('',#3836);
#3838=CARTESIAN_POINT('',(-2.254267822962E0,-2.224999999970E0,-6.75E0));
#3839=VERTEX_POINT('',#3838);
#3840=CARTESIAN_POINT('',(-5.365732177038E0,-2.224999999988E0,-6.75E0));
#3841=VERTEX_POINT('',#3840);
#3842=CARTESIAN_POINT('',(-4.E-1,-7.75E-1,-1.E0));
#3843=CARTESIAN_POINT('',(4.E-1,-7.75E-1,-1.E0));
#3844=VERTEX_POINT('',#3842);
#3845=VERTEX_POINT('',#3843);
#3846=CARTESIAN_POINT('',(4.E-1,2.5E-2,-1.E0));
#3847=VERTEX_POINT('',#3846);
#3848=CARTESIAN_POINT('',(-4.E-1,2.5E-2,-1.E0));
#3849=VERTEX_POINT('',#3848);
#3850=CARTESIAN_POINT('',(4.E-1,-7.75E-1,-5.8E0));
#3851=VERTEX_POINT('',#3850);
#3852=CARTESIAN_POINT('',(4.E-1,2.5E-2,-5.8E0));
#3853=VERTEX_POINT('',#3852);
#3854=CARTESIAN_POINT('',(-4.E-1,2.5E-2,-5.8E0));
#3855=VERTEX_POINT('',#3854);
#3856=CARTESIAN_POINT('',(-4.E-1,-7.75E-1,-5.8E0));
#3857=VERTEX_POINT('',#3856);
#3858=CARTESIAN_POINT('',(4.E-1,-5.275E0,-8.4E0));
#3859=CARTESIAN_POINT('',(4.E-1,-5.275E0,-7.6E0));
#3860=VERTEX_POINT('',#3858);
#3861=VERTEX_POINT('',#3859);
#3862=CARTESIAN_POINT('',(-4.E-1,-5.275E0,-7.6E0));
#3863=VERTEX_POINT('',#3862);
#3864=CARTESIAN_POINT('',(-4.E-1,-5.275E0,-8.4E0));
#3865=VERTEX_POINT('',#3864);
#3866=CARTESIAN_POINT('',(4.E-1,-3.375E0,-8.4E0));
#3867=VERTEX_POINT('',#3866);
#3868=CARTESIAN_POINT('',(4.E-1,-3.375E0,-7.6E0));
#3869=VERTEX_POINT('',#3868);
#3870=CARTESIAN_POINT('',(-4.E-1,-3.375E0,-7.6E0));
#3871=VERTEX_POINT('',#3870);
#3872=CARTESIAN_POINT('',(-4.E-1,-3.375E0,-8.4E0));
#3873=VERTEX_POINT('',#3872);
#3874=CARTESIAN_POINT('',(3.41E0,-7.75E-1,-1.E0));
#3875=CARTESIAN_POINT('',(4.21E0,-7.75E-1,-1.E0));
#3876=VERTEX_POINT('',#3874);
#3877=VERTEX_POINT('',#3875);
#3878=CARTESIAN_POINT('',(4.21E0,2.5E-2,-1.E0));
#3879=VERTEX_POINT('',#3878);
#3880=CARTESIAN_POINT('',(3.41E0,2.5E-2,-1.E0));
#3881=VERTEX_POINT('',#3880);
#3882=CARTESIAN_POINT('',(4.21E0,-7.75E-1,-5.8E0));
#3883=VERTEX_POINT('',#3882);
#3884=CARTESIAN_POINT('',(4.21E0,2.5E-2,-5.8E0));
#3885=VERTEX_POINT('',#3884);
#3886=CARTESIAN_POINT('',(3.41E0,2.5E-2,-5.8E0));
#3887=VERTEX_POINT('',#3886);
#3888=CARTESIAN_POINT('',(3.41E0,-7.75E-1,-5.8E0));
#3889=VERTEX_POINT('',#3888);
#3890=CARTESIAN_POINT('',(4.21E0,-5.275E0,-8.4E0));
#3891=CARTESIAN_POINT('',(4.21E0,-5.275E0,-7.6E0));
#3892=VERTEX_POINT('',#3890);
#3893=VERTEX_POINT('',#3891);
#3894=CARTESIAN_POINT('',(3.41E0,-5.275E0,-7.6E0));
#3895=VERTEX_POINT('',#3894);
#3896=CARTESIAN_POINT('',(3.41E0,-5.275E0,-8.4E0));
#3897=VERTEX_POINT('',#3896);
#3898=CARTESIAN_POINT('',(4.21E0,-3.375E0,-8.4E0));
#3899=VERTEX_POINT('',#3898);
#3900=CARTESIAN_POINT('',(4.21E0,-3.375E0,-7.6E0));
#3901=VERTEX_POINT('',#3900);
#3902=CARTESIAN_POINT('',(3.41E0,-3.375E0,-7.6E0));
#3903=VERTEX_POINT('',#3902);
#3904=CARTESIAN_POINT('',(3.41E0,-3.375E0,-8.4E0));
#3905=VERTEX_POINT('',#3904);
#3906=CARTESIAN_POINT('',(-5.365732177038E0,1.575E0,-6.75E0));
#3907=VERTEX_POINT('',#3906);
#3908=CARTESIAN_POINT('',(-5.415730825352E0,-2.225E0,-6.700367650294E0));
#3909=CARTESIAN_POINT('',(-5.415730825352E0,1.575E0,-6.700367650294E0));
#3910=VERTEX_POINT('',#3908);
#3911=VERTEX_POINT('',#3909);
#3912=VERTEX_POINT('',#1537);
#3913=VERTEX_POINT('',#904);
#3914=CARTESIAN_POINT('',(-5.463526655660E0,-2.575E0,-2.003676503018E-1));
#3915=VERTEX_POINT('',#3914);
#3916=CARTESIAN_POINT('',(-5.413528007345E0,-2.625E0,-2.000000000337E-1));
#3917=VERTEX_POINT('',#3916);
#3918=CARTESIAN_POINT('',(-5.463526655660E0,1.575E0,-2.003676502930E-1));
#3919=VERTEX_POINT('',#3918);
#3920=CARTESIAN_POINT('',(-5.413528007345E0,1.625E0,-1.999999999810E-1));
#3921=CARTESIAN_POINT('',(-5.365732177038E0,1.625E0,-6.7E0));
#3922=VERTEX_POINT('',#3920);
#3923=VERTEX_POINT('',#3921);
#3924=VERTEX_POINT('',#932);
#3925=VERTEX_POINT('',#1177);
#3926=VERTEX_POINT('',#1184);
#3927=CARTESIAN_POINT('',(-4.709500000072E0,1.625E0,-6.7E0));
#3928=VERTEX_POINT('',#3927);
#3929=CARTESIAN_POINT('',(-4.709500000016E0,1.575000000020E0,-6.75E0));
#3930=VERTEX_POINT('',#3929);
#3931=CARTESIAN_POINT('',(-4.46E0,1.8245E0,-6.75E0));
#3932=VERTEX_POINT('',#3931);
#3933=CARTESIAN_POINT('',(-4.51E0,1.8245E0,-6.7E0));
#3934=VERTEX_POINT('',#3933);
#3935=CARTESIAN_POINT('',(-4.460000000020E0,2.125500626551E0,-6.75E0));
#3936=VERTEX_POINT('',#3935);
#3937=CARTESIAN_POINT('',(-4.51E0,2.125500626494E0,-6.7E0));
#3938=VERTEX_POINT('',#3937);
#3939=CARTESIAN_POINT('',(-4.709500000001E0,2.375000626567E0,-6.75E0));
#3940=VERTEX_POINT('',#3939);
#3941=CARTESIAN_POINT('',(-4.709750000197E0,2.325000469925E0,-6.7E0));
#3942=VERTEX_POINT('',#3941);
#3943=CARTESIAN_POINT('',(-5.663533212367E0,-2.824998445440E0,
-7.985871287169E-10));
#3944=VERTEX_POINT('',#3943);
#3945=CARTESIAN_POINT('',(-5.463540172699E0,-2.575006765655E0,
-1.985293988536E-1));
#3946=VERTEX_POINT('',#3945);
#3947=VERTEX_POINT('',#1615);
#3948=CARTESIAN_POINT('',(-9.000011644083E-1,-3.75E-1,-5.8E0));
#3949=CARTESIAN_POINT('',(9.000011644083E-1,-3.75E-1,-5.8E0));
#3950=VERTEX_POINT('',#3948);
#3951=VERTEX_POINT('',#3949);
#3952=CARTESIAN_POINT('',(-1.090001164408E0,-3.75E-1,-6.75E0));
#3953=CARTESIAN_POINT('',(1.090001164408E0,-3.75E-1,-6.75E0));
#3954=VERTEX_POINT('',#3952);
#3955=VERTEX_POINT('',#3953);
#3956=VERTEX_POINT('',#2395);
#3957=VERTEX_POINT('',#2419);
#3958=CARTESIAN_POINT('',(1.732050805595E-1,-2.824999999886E0,0.E0));
#3959=CARTESIAN_POINT('',(-8.203916343125E-6,-2.525000000398E0,0.E0));
#3960=VERTEX_POINT('',#3958);
#3961=VERTEX_POINT('',#3959);
#3962=CARTESIAN_POINT('',(3.872983346167E-1,-2.624999999986E0,-2.E-1));
#3963=CARTESIAN_POINT('',(-1.638476999816E-5,-2.325000000337E0,-2.E-1));
#3964=VERTEX_POINT('',#3962);
#3965=VERTEX_POINT('',#3963);
#3966=CARTESIAN_POINT('',(-3.872983346176E-1,-2.624999999989E0,-2.E-1));
#3967=VERTEX_POINT('',#3966);
#3968=CARTESIAN_POINT('',(-1.732050806073E-1,-2.824999999913E0,0.E0));
#3969=VERTEX_POINT('',#3968);
#3970=CARTESIAN_POINT('',(8.5E-1,1.8245E0,0.E0));
#3971=CARTESIAN_POINT('',(8.995E-1,1.775E0,0.E0));
#3972=VERTEX_POINT('',#3970);
#3973=VERTEX_POINT('',#3971);
#3974=CARTESIAN_POINT('',(7.E-1,1.8245E0,-1.5E-1));
#3975=CARTESIAN_POINT('',(8.995E-1,1.625E0,-1.5E-1));
#3976=VERTEX_POINT('',#3974);
#3977=VERTEX_POINT('',#3975);
#3978=CARTESIAN_POINT('',(8.5E-1,2.125500626567E0,0.E0));
#3979=VERTEX_POINT('',#3978);
#3980=CARTESIAN_POINT('',(7.E-1,2.125500626554E0,-1.5E-1));
#3981=VERTEX_POINT('',#3980);
#3982=CARTESIAN_POINT('',(8.995E-1,2.175000626567E0,0.E0));
#3983=VERTEX_POINT('',#3982);
#3984=CARTESIAN_POINT('',(8.997500001966E-1,2.325000469925E0,-1.5E-1));
#3985=VERTEX_POINT('',#3984);
#3986=CARTESIAN_POINT('',(1.445098994425E0,2.175E0,0.E0));
#3987=VERTEX_POINT('',#3986);
#3988=CARTESIAN_POINT('',(1.329999954082E0,2.325E0,-1.5E-1));
#3989=VERTEX_POINT('',#3988);
#3990=CARTESIAN_POINT('',(-8.995E-1,1.625E0,-2.E-1));
#3991=CARTESIAN_POINT('',(-7.E-1,1.8245E0,-2.E-1));
#3992=VERTEX_POINT('',#3990);
#3993=VERTEX_POINT('',#3991);
#3994=CARTESIAN_POINT('',(-8.997491057545E-1,1.824750615701E0,
-1.545552010540E-7));
#3995=CARTESIAN_POINT('',(-8.997506160952E-1,2.125251364095E0,
-1.545542850090E-7));
#3996=VERTEX_POINT('',#3994);
#3997=VERTEX_POINT('',#3995);
#3998=CARTESIAN_POINT('',(-6.999996298092E-1,2.125500626365E0,-2.E-1));
#3999=VERTEX_POINT('',#3998);
#4000=CARTESIAN_POINT('',(-8.997500001744E-1,2.325000469926E0,-2.E-1));
#4001=VERTEX_POINT('',#4000);
#4002=CARTESIAN_POINT('',(1.329999954082E0,2.325E0,-6.75E0));
#4003=VERTEX_POINT('',#4002);
#4004=CARTESIAN_POINT('',(2.909998835592E0,-3.75E-1,-5.8E0));
#4005=CARTESIAN_POINT('',(4.710001164408E0,-3.75E-1,-5.8E0));
#4006=VERTEX_POINT('',#4004);
#4007=VERTEX_POINT('',#4005);
#4008=CARTESIAN_POINT('',(2.719998835592E0,-3.75E-1,-6.75E0));
#4009=CARTESIAN_POINT('',(4.900001164408E0,-3.75E-1,-6.75E0));
#4010=VERTEX_POINT('',#4008);
#4011=VERTEX_POINT('',#4009);
#4012=VERTEX_POINT('',#3318);
#4013=VERTEX_POINT('',#3342);
#4014=CARTESIAN_POINT('',(3.983205080559E0,-2.824999999886E0,0.E0));
#4015=CARTESIAN_POINT('',(3.809991796084E0,-2.525000000398E0,0.E0));
#4016=VERTEX_POINT('',#4014);
#4017=VERTEX_POINT('',#4015);
#4018=CARTESIAN_POINT('',(4.197298334617E0,-2.624999999986E0,-2.E-1));
#4019=CARTESIAN_POINT('',(3.809983615230E0,-2.325000000337E0,-2.E-1));
#4020=VERTEX_POINT('',#4018);
#4021=VERTEX_POINT('',#4019);
#4022=CARTESIAN_POINT('',(3.422701665382E0,-2.624999999989E0,-2.E-1));
#4023=VERTEX_POINT('',#4022);
#4024=CARTESIAN_POINT('',(3.636794919393E0,-2.824999999913E0,0.E0));
#4025=VERTEX_POINT('',#4024);
#4026=CARTESIAN_POINT('',(4.66E0,1.8245E0,0.E0));
#4027=CARTESIAN_POINT('',(4.7095E0,1.775E0,0.E0));
#4028=VERTEX_POINT('',#4026);
#4029=VERTEX_POINT('',#4027);
#4030=CARTESIAN_POINT('',(4.51E0,1.8245E0,-1.5E-1));
#4031=CARTESIAN_POINT('',(4.7095E0,1.625E0,-1.5E-1));
#4032=VERTEX_POINT('',#4030);
#4033=VERTEX_POINT('',#4031);
#4034=CARTESIAN_POINT('',(4.66E0,2.125500626567E0,0.E0));
#4035=VERTEX_POINT('',#4034);
#4036=CARTESIAN_POINT('',(4.51E0,2.125500626554E0,-1.5E-1));
#4037=VERTEX_POINT('',#4036);
#4038=CARTESIAN_POINT('',(4.7095E0,2.175000626567E0,0.E0));
#4039=VERTEX_POINT('',#4038);
#4040=CARTESIAN_POINT('',(4.709750000197E0,2.325000469925E0,-1.5E-1));
#4041=VERTEX_POINT('',#4040);
#4042=CARTESIAN_POINT('',(5.255098994425E0,2.175E0,0.E0));
#4043=VERTEX_POINT('',#4042);
#4044=CARTESIAN_POINT('',(5.139999954082E0,2.325E0,-1.5E-1));
#4045=VERTEX_POINT('',#4044);
#4046=CARTESIAN_POINT('',(2.9105E0,1.625E0,-2.E-1));
#4047=CARTESIAN_POINT('',(3.11E0,1.8245E0,-2.E-1));
#4048=VERTEX_POINT('',#4046);
#4049=VERTEX_POINT('',#4047);
#4050=CARTESIAN_POINT('',(2.910250894245E0,1.824750615701E0,
-1.545552010540E-7));
#4051=CARTESIAN_POINT('',(2.910249383905E0,2.125251364095E0,
-1.545542850090E-7));
#4052=VERTEX_POINT('',#4050);
#4053=VERTEX_POINT('',#4051);
#4054=CARTESIAN_POINT('',(3.110000370191E0,2.125500626365E0,-2.E-1));
#4055=VERTEX_POINT('',#4054);
#4056=CARTESIAN_POINT('',(2.910249999826E0,2.325000469926E0,-2.E-1));
#4057=VERTEX_POINT('',#4056);
#4058=CARTESIAN_POINT('',(5.139999954082E0,2.325E0,-6.75E0));
#4059=VERTEX_POINT('',#4058);
#4060=CARTESIAN_POINT('',(1.605730825352E0,-2.225E0,-6.700367650294E0));
#4061=CARTESIAN_POINT('',(1.605730825352E0,1.575E0,-6.700367650294E0));
#4062=VERTEX_POINT('',#4060);
#4063=VERTEX_POINT('',#4061);
#4064=CARTESIAN_POINT('',(1.555732177038E0,-2.224999999970E0,-6.75E0));
#4065=CARTESIAN_POINT('',(1.555732177038E0,1.575E0,-6.75E0));
#4066=VERTEX_POINT('',#4064);
#4067=VERTEX_POINT('',#4065);
#4068=VERTEX_POINT('',#1924);
#4069=VERTEX_POINT('',#2421);
#4070=CARTESIAN_POINT('',(1.603528007345E0,-2.625E0,-2.E-1));
#4071=VERTEX_POINT('',#4070);
#4072=VERTEX_POINT('',#1964);
#4073=VERTEX_POINT('',#1971);
#4074=CARTESIAN_POINT('',(7.E-1,2.125500626567E0,-6.7E0));
#4075=VERTEX_POINT('',#4074);
#4076=CARTESIAN_POINT('',(6.500000011475E-1,2.125500626567E0,-6.75E0));
#4077=VERTEX_POINT('',#4076);
#4078=CARTESIAN_POINT('',(6.500000000197E-1,1.824500000016E0,-6.75E0));
#4079=VERTEX_POINT('',#4078);
#4080=CARTESIAN_POINT('',(7.E-1,1.824500000072E0,-6.7E0));
#4081=VERTEX_POINT('',#4080);
#4082=CARTESIAN_POINT('',(8.995E-1,1.575E0,-6.75E0));
#4083=VERTEX_POINT('',#4082);
#4084=CARTESIAN_POINT('',(8.995E-1,1.625E0,-6.7E0));
#4085=VERTEX_POINT('',#4084);
#4086=CARTESIAN_POINT('',(1.555732177038E0,1.625E0,-6.7E0));
#4087=VERTEX_POINT('',#4086);
#4088=CARTESIAN_POINT('',(1.653540172699E0,1.575E0,-1.985293988243E-1));
#4089=VERTEX_POINT('',#4088);
#4090=VERTEX_POINT('',#2293);
#4091=VERTEX_POINT('',#2301);
#4092=VERTEX_POINT('',#2326);
#4093=VERTEX_POINT('',#2334);
#4094=CARTESIAN_POINT('',(1.487301992453E0,2.912059044562E0,-6.75E0));
#4095=CARTESIAN_POINT('',(1.439005701992E0,2.975E0,-6.75E0));
#4096=VERTEX_POINT('',#4094);
#4097=VERTEX_POINT('',#4095);
#4098=CARTESIAN_POINT('',(1.439005701992E0,2.975E0,-2.E-1));
#4099=VERTEX_POINT('',#4098);
#4100=VERTEX_POINT('',#2235);
#4101=VERTEX_POINT('',#2265);
#4102=CARTESIAN_POINT('',(-1.439005706438E0,2.975E0,-6.75E0));
#4103=CARTESIAN_POINT('',(-1.487301997753E0,2.912059047745E0,-6.75E0));
#4104=VERTEX_POINT('',#4102);
#4105=VERTEX_POINT('',#4103);
#4106=CARTESIAN_POINT('',(-1.439005706432E0,2.975E0,-2.000000000036E-1));
#4107=VERTEX_POINT('',#4106);
#4108=VERTEX_POINT('',#2197);
#4109=VERTEX_POINT('',#2206);
#4110=CARTESIAN_POINT('',(-1.555732177038E0,-2.224999999988E0,-6.75E0));
#4111=CARTESIAN_POINT('',(-1.555732177038E0,1.575E0,-6.75E0));
#4112=VERTEX_POINT('',#4110);
#4113=VERTEX_POINT('',#4111);
#4114=CARTESIAN_POINT('',(-1.605730825352E0,-2.225E0,-6.700367650294E0));
#4115=CARTESIAN_POINT('',(-1.605730825352E0,1.575E0,-6.700367650294E0));
#4116=VERTEX_POINT('',#4114);
#4117=VERTEX_POINT('',#4115);
#4118=VERTEX_POINT('',#2434);
#4119=VERTEX_POINT('',#1709);
#4120=CARTESIAN_POINT('',(-1.603528007345E0,-2.625E0,-2.000000000337E-1));
#4121=VERTEX_POINT('',#4120);
#4122=CARTESIAN_POINT('',(-1.653526655660E0,-2.575E0,-2.003676503018E-1));
#4123=VERTEX_POINT('',#4122);
#4124=VERTEX_POINT('',#1668);
#4125=VERTEX_POINT('',#1726);
#4126=VERTEX_POINT('',#1637);
#4127=CARTESIAN_POINT('',(-1.653526655660E0,1.575E0,-2.003676502930E-1));
#4128=VERTEX_POINT('',#4127);
#4129=CARTESIAN_POINT('',(-1.603528007345E0,1.625E0,-1.999999999810E-1));
#4130=CARTESIAN_POINT('',(-1.555732177038E0,1.625E0,-6.7E0));
#4131=VERTEX_POINT('',#4129);
#4132=VERTEX_POINT('',#4130);
#4133=VERTEX_POINT('',#1737);
#4134=VERTEX_POINT('',#2064);
#4135=VERTEX_POINT('',#2071);
#4136=CARTESIAN_POINT('',(-8.995000000724E-1,1.625E0,-6.7E0));
#4137=VERTEX_POINT('',#4136);
#4138=CARTESIAN_POINT('',(-8.995000000163E-1,1.575000000020E0,-6.75E0));
#4139=VERTEX_POINT('',#4138);
#4140=CARTESIAN_POINT('',(-6.5E-1,1.8245E0,-6.75E0));
#4141=VERTEX_POINT('',#4140);
#4142=CARTESIAN_POINT('',(-7.E-1,1.8245E0,-6.7E0));
#4143=VERTEX_POINT('',#4142);
#4144=CARTESIAN_POINT('',(-6.500000000198E-1,2.125500626551E0,-6.75E0));
#4145=VERTEX_POINT('',#4144);
#4146=CARTESIAN_POINT('',(-7.E-1,2.125500626494E0,-6.7E0));
#4147=VERTEX_POINT('',#4146);
#4148=CARTESIAN_POINT('',(-8.995000000010E-1,2.375000626567E0,-6.75E0));
#4149=VERTEX_POINT('',#4148);
#4150=CARTESIAN_POINT('',(-8.997500001966E-1,2.325000469925E0,-6.7E0));
#4151=VERTEX_POINT('',#4150);
#4152=VERTEX_POINT('',#2009);
#4153=VERTEX_POINT('',#2012);
#4154=CARTESIAN_POINT('',(-1.291633650601E0,2.325E0,-6.7E0));
#4155=VERTEX_POINT('',#4154);
#4156=CARTESIAN_POINT('',(-1.291633650601E0,2.325E0,-2.E-1));
#4157=VERTEX_POINT('',#4156);
#4158=VERTEX_POINT('',#2177);
#4159=VERTEX_POINT('',#2216);
#4160=CARTESIAN_POINT('',(5.415730825352E0,-2.225E0,-6.700367650294E0));
#4161=CARTESIAN_POINT('',(5.415730825352E0,1.575E0,-6.700367650294E0));
#4162=VERTEX_POINT('',#4160);
#4163=VERTEX_POINT('',#4161);
#4164=CARTESIAN_POINT('',(5.365732177038E0,-2.224999999970E0,-6.75E0));
#4165=CARTESIAN_POINT('',(5.365732177038E0,1.575E0,-6.75E0));
#4166=VERTEX_POINT('',#4164);
#4167=VERTEX_POINT('',#4165);
#4168=VERTEX_POINT('',#2847);
#4169=VERTEX_POINT('',#3344);
#4170=CARTESIAN_POINT('',(5.413528007345E0,-2.625E0,-2.E-1));
#4171=VERTEX_POINT('',#4170);
#4172=VERTEX_POINT('',#2887);
#4173=VERTEX_POINT('',#2894);
#4174=CARTESIAN_POINT('',(4.51E0,2.125500626567E0,-6.7E0));
#4175=VERTEX_POINT('',#4174);
#4176=CARTESIAN_POINT('',(4.460000001148E0,2.125500626567E0,-6.75E0));
#4177=VERTEX_POINT('',#4176);
#4178=CARTESIAN_POINT('',(4.460000000020E0,1.824500000016E0,-6.75E0));
#4179=VERTEX_POINT('',#4178);
#4180=CARTESIAN_POINT('',(4.51E0,1.824500000072E0,-6.7E0));
#4181=VERTEX_POINT('',#4180);
#4182=CARTESIAN_POINT('',(4.7095E0,1.575E0,-6.75E0));
#4183=VERTEX_POINT('',#4182);
#4184=CARTESIAN_POINT('',(4.7095E0,1.625E0,-6.7E0));
#4185=VERTEX_POINT('',#4184);
#4186=CARTESIAN_POINT('',(5.365732177038E0,1.625E0,-6.7E0));
#4187=VERTEX_POINT('',#4186);
#4188=CARTESIAN_POINT('',(5.463540172699E0,1.575E0,-1.985293988243E-1));
#4189=VERTEX_POINT('',#4188);
#4190=VERTEX_POINT('',#3216);
#4191=VERTEX_POINT('',#3224);
#4192=VERTEX_POINT('',#3249);
#4193=VERTEX_POINT('',#3257);
#4194=CARTESIAN_POINT('',(5.297301992453E0,2.912059044562E0,-6.75E0));
#4195=CARTESIAN_POINT('',(5.249005701992E0,2.975E0,-6.75E0));
#4196=VERTEX_POINT('',#4194);
#4197=VERTEX_POINT('',#4195);
#4198=CARTESIAN_POINT('',(5.249005701992E0,2.975E0,-2.E-1));
#4199=VERTEX_POINT('',#4198);
#4200=VERTEX_POINT('',#3158);
#4201=VERTEX_POINT('',#3188);
#4202=CARTESIAN_POINT('',(2.370994293562E0,2.975E0,-6.75E0));
#4203=CARTESIAN_POINT('',(2.322698002247E0,2.912059047745E0,-6.75E0));
#4204=VERTEX_POINT('',#4202);
#4205=VERTEX_POINT('',#4203);
#4206=CARTESIAN_POINT('',(2.370994293568E0,2.975E0,-2.000000000036E-1));
#4207=VERTEX_POINT('',#4206);
#4208=VERTEX_POINT('',#3120);
#4209=VERTEX_POINT('',#3129);
#4210=CARTESIAN_POINT('',(2.254267822962E0,-2.224999999988E0,-6.75E0));
#4211=CARTESIAN_POINT('',(2.254267822962E0,1.575E0,-6.75E0));
#4212=VERTEX_POINT('',#4210);
#4213=VERTEX_POINT('',#4211);
#4214=CARTESIAN_POINT('',(2.204269174648E0,-2.225E0,-6.700367650294E0));
#4215=CARTESIAN_POINT('',(2.204269174648E0,1.575E0,-6.700367650294E0));
#4216=VERTEX_POINT('',#4214);
#4217=VERTEX_POINT('',#4215);
#4218=VERTEX_POINT('',#3357);
#4219=VERTEX_POINT('',#2632);
#4220=CARTESIAN_POINT('',(2.206471992655E0,-2.625E0,-2.000000000337E-1));
#4221=VERTEX_POINT('',#4220);
#4222=CARTESIAN_POINT('',(2.156473344340E0,-2.575E0,-2.003676503018E-1));
#4223=VERTEX_POINT('',#4222);
#4224=VERTEX_POINT('',#2591);
#4225=VERTEX_POINT('',#2649);
#4226=VERTEX_POINT('',#2560);
#4227=CARTESIAN_POINT('',(2.156473344340E0,1.575E0,-2.003676502930E-1));
#4228=VERTEX_POINT('',#4227);
#4229=CARTESIAN_POINT('',(2.206471992655E0,1.625E0,-1.999999999810E-1));
#4230=CARTESIAN_POINT('',(2.254267822962E0,1.625E0,-6.7E0));
#4231=VERTEX_POINT('',#4229);
#4232=VERTEX_POINT('',#4230);
#4233=VERTEX_POINT('',#2660);
#4234=VERTEX_POINT('',#2987);
#4235=VERTEX_POINT('',#2994);
#4236=CARTESIAN_POINT('',(2.910499999928E0,1.625E0,-6.7E0));
#4237=VERTEX_POINT('',#4236);
#4238=CARTESIAN_POINT('',(2.910499999984E0,1.575000000020E0,-6.75E0));
#4239=VERTEX_POINT('',#4238);
#4240=CARTESIAN_POINT('',(3.16E0,1.8245E0,-6.75E0));
#4241=VERTEX_POINT('',#4240);
#4242=CARTESIAN_POINT('',(3.11E0,1.8245E0,-6.7E0));
#4243=VERTEX_POINT('',#4242);
#4244=CARTESIAN_POINT('',(3.159999999980E0,2.125500626551E0,-6.75E0));
#4245=VERTEX_POINT('',#4244);
#4246=CARTESIAN_POINT('',(3.11E0,2.125500626494E0,-6.7E0));
#4247=VERTEX_POINT('',#4246);
#4248=CARTESIAN_POINT('',(2.910499999999E0,2.375000626567E0,-6.75E0));
#4249=VERTEX_POINT('',#4248);
#4250=CARTESIAN_POINT('',(2.910249999803E0,2.325000469925E0,-6.7E0));
#4251=VERTEX_POINT('',#4250);
#4252=VERTEX_POINT('',#2932);
#4253=VERTEX_POINT('',#2935);
#4254=CARTESIAN_POINT('',(2.518366349399E0,2.325E0,-6.7E0));
#4255=VERTEX_POINT('',#4254);
#4256=CARTESIAN_POINT('',(2.518366349399E0,2.325E0,-2.E-1));
#4257=VERTEX_POINT('',#4256);
#4258=VERTEX_POINT('',#3100);
#4259=VERTEX_POINT('',#3139);
#4260=CARTESIAN_POINT('',(-6.215E0,0.E0,0.E0));
#4261=DIRECTION('',(1.E0,0.E0,0.E0));
#4262=DIRECTION('',(0.E0,0.E0,-1.E0));
#4263=AXIS2_PLACEMENT_3D('',#4260,#4261,#4262);
#4264=PLANE('',#4263);
#4266=ORIENTED_EDGE('',*,*,#4265,.F.);
#4268=ORIENTED_EDGE('',*,*,#4267,.F.);
#4270=ORIENTED_EDGE('',*,*,#4269,.T.);
#4272=ORIENTED_EDGE('',*,*,#4271,.T.);
#4274=ORIENTED_EDGE('',*,*,#4273,.T.);
#4276=ORIENTED_EDGE('',*,*,#4275,.T.);
#4278=ORIENTED_EDGE('',*,*,#4277,.T.);
#4280=ORIENTED_EDGE('',*,*,#4279,.T.);
#4282=ORIENTED_EDGE('',*,*,#4281,.T.);
#4284=ORIENTED_EDGE('',*,*,#4283,.T.);
#4286=ORIENTED_EDGE('',*,*,#4285,.T.);
#4288=ORIENTED_EDGE('',*,*,#4287,.T.);
#4289=EDGE_LOOP('',(#4266,#4268,#4270,#4272,#4274,#4276,#4278,#4280,#4282,#4284,
#4286,#4288));
#4290=FACE_OUTER_BOUND('',#4289,.F.);
#4292=CARTESIAN_POINT('',(-6.215E0,0.E0,-8.8E0));
#4293=DIRECTION('',(0.E0,0.E0,-1.E0));
#4294=DIRECTION('',(1.E0,0.E0,0.E0));
#4295=AXIS2_PLACEMENT_3D('',#4292,#4293,#4294);
#4296=PLANE('',#4295);
#4297=ORIENTED_EDGE('',*,*,#4265,.T.);
#4299=ORIENTED_EDGE('',*,*,#4298,.F.);
#4301=ORIENTED_EDGE('',*,*,#4300,.F.);
#4303=ORIENTED_EDGE('',*,*,#4302,.F.);
#4305=ORIENTED_EDGE('',*,*,#4304,.F.);
#4307=ORIENTED_EDGE('',*,*,#4306,.F.);
#4308=EDGE_LOOP('',(#4297,#4299,#4301,#4303,#4305,#4307));
#4309=FACE_OUTER_BOUND('',#4308,.F.);
#4311=CARTESIAN_POINT('',(-6.215E0,0.E0,-8.8E0));
#4312=DIRECTION('',(0.E0,0.E0,-1.E0));
#4313=DIRECTION('',(1.E0,0.E0,0.E0));
#4314=AXIS2_PLACEMENT_3D('',#4311,#4312,#4313);
#4315=PLANE('',#4314);
#4317=ORIENTED_EDGE('',*,*,#4316,.F.);
#4319=ORIENTED_EDGE('',*,*,#4318,.F.);
#4321=ORIENTED_EDGE('',*,*,#4320,.F.);
#4323=ORIENTED_EDGE('',*,*,#4322,.F.);
#4325=ORIENTED_EDGE('',*,*,#4324,.F.);
#4327=ORIENTED_EDGE('',*,*,#4326,.F.);
#4328=EDGE_LOOP('',(#4317,#4319,#4321,#4323,#4325,#4327));
#4329=FACE_OUTER_BOUND('',#4328,.F.);
#4331=CARTESIAN_POINT('',(-5.81E0,-2.375E0,-9.2E0));
#4332=DIRECTION('',(0.E0,-1.E0,0.E0));
#4333=DIRECTION('',(-1.E0,0.E0,0.E0));
#4334=AXIS2_PLACEMENT_3D('',#4331,#4332,#4333);
#4335=PLANE('',#4334);
#4336=ORIENTED_EDGE('',*,*,#4287,.F.);
#4338=ORIENTED_EDGE('',*,*,#4337,.T.);
#4340=ORIENTED_EDGE('',*,*,#4339,.T.);
#4341=ORIENTED_EDGE('',*,*,#4298,.T.);
#4342=EDGE_LOOP('',(#4336,#4338,#4340,#4341));
#4343=FACE_OUTER_BOUND('',#4342,.F.);
#4345=CARTESIAN_POINT('',(-6.215E0,-3.075E0,-9.2E0));
#4346=DIRECTION('',(0.E0,0.E0,-1.E0));
#4347=DIRECTION('',(0.E0,1.E0,0.E0));
#4348=AXIS2_PLACEMENT_3D('',#4345,#4346,#4347);
#4349=PLANE('',#4348);
#4351=ORIENTED_EDGE('',*,*,#4350,.T.);
#4352=ORIENTED_EDGE('',*,*,#4337,.F.);
#4353=ORIENTED_EDGE('',*,*,#4285,.F.);
#4355=ORIENTED_EDGE('',*,*,#4354,.T.);
#4357=ORIENTED_EDGE('',*,*,#4356,.T.);
#4359=ORIENTED_EDGE('',*,*,#4358,.T.);
#4361=ORIENTED_EDGE('',*,*,#4360,.T.);
#4363=ORIENTED_EDGE('',*,*,#4362,.T.);
#4365=ORIENTED_EDGE('',*,*,#4364,.T.);
#4367=ORIENTED_EDGE('',*,*,#4366,.F.);
#4369=ORIENTED_EDGE('',*,*,#4368,.T.);
#4371=ORIENTED_EDGE('',*,*,#4370,.F.);
#4372=ORIENTED_EDGE('',*,*,#4269,.F.);
#4374=ORIENTED_EDGE('',*,*,#4373,.T.);
#4376=ORIENTED_EDGE('',*,*,#4375,.T.);
#4378=ORIENTED_EDGE('',*,*,#4377,.F.);
#4379=EDGE_LOOP('',(#4351,#4352,#4353,#4355,#4357,#4359,#4361,#4363,#4365,#4367,
#4369,#4371,#4372,#4374,#4376,#4378));
#4380=FACE_OUTER_BOUND('',#4379,.F.);
#4382=CARTESIAN_POINT('',(-5.81E0,1.125E0,-9.2E0));
#4383=DIRECTION('',(1.E0,0.E0,0.E0));
#4384=DIRECTION('',(0.E0,-1.E0,0.E0));
#4385=AXIS2_PLACEMENT_3D('',#4382,#4383,#4384);
#4386=PLANE('',#4385);
#4387=ORIENTED_EDGE('',*,*,#4350,.F.);
#4389=ORIENTED_EDGE('',*,*,#4388,.T.);
#4390=ORIENTED_EDGE('',*,*,#4300,.T.);
#4391=ORIENTED_EDGE('',*,*,#4339,.F.);
#4392=EDGE_LOOP('',(#4387,#4389,#4390,#4391));
#4393=FACE_OUTER_BOUND('',#4392,.F.);
#4395=CARTESIAN_POINT('',(-5.31E0,1.125E0,-9.2E0));
#4396=DIRECTION('',(0.E0,-1.E0,0.E0));
#4397=DIRECTION('',(-1.E0,0.E0,0.E0));
#4398=AXIS2_PLACEMENT_3D('',#4395,#4396,#4397);
#4399=PLANE('',#4398);
#4400=ORIENTED_EDGE('',*,*,#4377,.T.);
#4402=ORIENTED_EDGE('',*,*,#4401,.T.);
#4403=ORIENTED_EDGE('',*,*,#4302,.T.);
#4404=ORIENTED_EDGE('',*,*,#4388,.F.);
#4405=EDGE_LOOP('',(#4400,#4402,#4403,#4404));
#4406=FACE_OUTER_BOUND('',#4405,.F.);
#4408=CARTESIAN_POINT('',(-5.31E0,2.925E0,-9.2E0));
#4409=DIRECTION('',(1.E0,0.E0,0.E0));
#4410=DIRECTION('',(0.E0,-1.E0,0.E0));
#4411=AXIS2_PLACEMENT_3D('',#4408,#4409,#4410);
#4412=PLANE('',#4411);
#4413=ORIENTED_EDGE('',*,*,#4375,.F.);
#4415=ORIENTED_EDGE('',*,*,#4414,.T.);
#4416=ORIENTED_EDGE('',*,*,#4304,.T.);
#4417=ORIENTED_EDGE('',*,*,#4401,.F.);
#4418=EDGE_LOOP('',(#4413,#4415,#4416,#4417));
#4419=FACE_OUTER_BOUND('',#4418,.F.);
#4421=CARTESIAN_POINT('',(-6.215E0,2.925E0,-9.2E0));
#4422=DIRECTION('',(0.E0,1.E0,0.E0));
#4423=DIRECTION('',(1.E0,0.E0,0.E0));
#4424=AXIS2_PLACEMENT_3D('',#4421,#4422,#4423);
#4425=PLANE('',#4424);
#4426=ORIENTED_EDGE('',*,*,#4267,.T.);
#4427=ORIENTED_EDGE('',*,*,#4306,.T.);
#4428=ORIENTED_EDGE('',*,*,#4414,.F.);
#4429=ORIENTED_EDGE('',*,*,#4373,.F.);
#4430=EDGE_LOOP('',(#4426,#4427,#4428,#4429));
#4431=FACE_OUTER_BOUND('',#4430,.F.);
#4433=CARTESIAN_POINT('',(-6.215E0,-3.075E0,-8.9E0));
#4434=DIRECTION('',(1.E0,0.E0,0.E0));
#4435=DIRECTION('',(0.E0,0.E0,-1.E0));
#4436=AXIS2_PLACEMENT_3D('',#4433,#4434,#4435);
#4437=CYLINDRICAL_SURFACE('',#4436,3.E-1);
#4438=ORIENTED_EDGE('',*,*,#4283,.F.);
#4440=ORIENTED_EDGE('',*,*,#4439,.T.);
#4442=ORIENTED_EDGE('',*,*,#4441,.T.);
#4443=ORIENTED_EDGE('',*,*,#4354,.F.);
#4444=EDGE_LOOP('',(#4438,#4440,#4442,#4443));
#4445=FACE_OUTER_BOUND('',#4444,.F.);
#4447=CARTESIAN_POINT('',(-6.215E0,-3.375E0,0.E0));
#4448=DIRECTION('',(0.E0,-1.E0,0.E0));
#4449=DIRECTION('',(0.E0,0.E0,-1.E0));
#4450=AXIS2_PLACEMENT_3D('',#4447,#4448,#4449);
#4451=PLANE('',#4450);
#4452=ORIENTED_EDGE('',*,*,#4281,.F.);
#4454=ORIENTED_EDGE('',*,*,#4453,.T.);
#4456=ORIENTED_EDGE('',*,*,#4455,.T.);
#4457=ORIENTED_EDGE('',*,*,#4439,.F.);
#4458=EDGE_LOOP('',(#4452,#4454,#4456,#4457));
#4459=FACE_OUTER_BOUND('',#4458,.F.);
#4461=ORIENTED_EDGE('',*,*,#4460,.T.);
#4463=ORIENTED_EDGE('',*,*,#4462,.T.);
#4465=ORIENTED_EDGE('',*,*,#4464,.T.);
#4467=ORIENTED_EDGE('',*,*,#4466,.T.);
#4468=EDGE_LOOP('',(#4461,#4463,#4465,#4467));
#4469=FACE_BOUND('',#4468,.F.);
#4471=ORIENTED_EDGE('',*,*,#4470,.T.);
#4473=ORIENTED_EDGE('',*,*,#4472,.T.);
#4475=ORIENTED_EDGE('',*,*,#4474,.T.);
#4477=ORIENTED_EDGE('',*,*,#4476,.T.);
#4478=EDGE_LOOP('',(#4471,#4473,#4475,#4477));
#4479=FACE_BOUND('',#4478,.F.);
#4481=ORIENTED_EDGE('',*,*,#4480,.T.);
#4483=ORIENTED_EDGE('',*,*,#4482,.T.);
#4485=ORIENTED_EDGE('',*,*,#4484,.T.);
#4487=ORIENTED_EDGE('',*,*,#4486,.T.);
#4488=EDGE_LOOP('',(#4481,#4483,#4485,#4487));
#4489=FACE_BOUND('',#4488,.F.);
#4491=CARTESIAN_POINT('',(-6.215E0,3.875E0,0.E0));
#4492=DIRECTION('',(0.E0,0.E0,1.E0));
#4493=DIRECTION('',(0.E0,-1.E0,0.E0));
#4494=AXIS2_PLACEMENT_3D('',#4491,#4492,#4493);
#4495=PLANE('',#4494);
#4497=ORIENTED_EDGE('',*,*,#4496,.T.);
#4499=ORIENTED_EDGE('',*,*,#4498,.T.);
#4501=ORIENTED_EDGE('',*,*,#4500,.T.);
#4503=ORIENTED_EDGE('',*,*,#4502,.T.);
#4505=ORIENTED_EDGE('',*,*,#4504,.T.);
#4506=ORIENTED_EDGE('',*,*,#4453,.F.);
#4507=ORIENTED_EDGE('',*,*,#4279,.F.);
#4509=ORIENTED_EDGE('',*,*,#4508,.T.);
#4510=EDGE_LOOP('',(#4497,#4499,#4501,#4503,#4505,#4506,#4507,#4509));
#4511=FACE_OUTER_BOUND('',#4510,.F.);
#4513=ORIENTED_EDGE('',*,*,#4512,.F.);
#4515=ORIENTED_EDGE('',*,*,#4514,.F.);
#4517=ORIENTED_EDGE('',*,*,#4516,.F.);
#4519=ORIENTED_EDGE('',*,*,#4518,.F.);
#4521=ORIENTED_EDGE('',*,*,#4520,.F.);
#4523=ORIENTED_EDGE('',*,*,#4522,.F.);
#4525=ORIENTED_EDGE('',*,*,#4524,.F.);
#4527=ORIENTED_EDGE('',*,*,#4526,.F.);
#4529=ORIENTED_EDGE('',*,*,#4528,.F.);
#4531=ORIENTED_EDGE('',*,*,#4530,.F.);
#4533=ORIENTED_EDGE('',*,*,#4532,.F.);
#4535=ORIENTED_EDGE('',*,*,#4534,.F.);
#4537=ORIENTED_EDGE('',*,*,#4536,.F.);
#4539=ORIENTED_EDGE('',*,*,#4538,.F.);
#4541=ORIENTED_EDGE('',*,*,#4540,.F.);
#4543=ORIENTED_EDGE('',*,*,#4542,.F.);
#4545=ORIENTED_EDGE('',*,*,#4544,.F.);
#4546=EDGE_LOOP('',(#4513,#4515,#4517,#4519,#4521,#4523,#4525,#4527,#4529,#4531,
#4533,#4535,#4537,#4539,#4541,#4543,#4545));
#4547=FACE_BOUND('',#4546,.F.);
#4549=ORIENTED_EDGE('',*,*,#4548,.F.);
#4551=ORIENTED_EDGE('',*,*,#4550,.F.);
#4553=ORIENTED_EDGE('',*,*,#4552,.F.);
#4555=ORIENTED_EDGE('',*,*,#4554,.F.);
#4557=ORIENTED_EDGE('',*,*,#4556,.F.);
#4559=ORIENTED_EDGE('',*,*,#4558,.F.);
#4561=ORIENTED_EDGE('',*,*,#4560,.F.);
#4563=ORIENTED_EDGE('',*,*,#4562,.F.);
#4565=ORIENTED_EDGE('',*,*,#4564,.F.);
#4567=ORIENTED_EDGE('',*,*,#4566,.F.);
#4569=ORIENTED_EDGE('',*,*,#4568,.F.);
#4571=ORIENTED_EDGE('',*,*,#4570,.F.);
#4573=ORIENTED_EDGE('',*,*,#4572,.F.);
#4575=ORIENTED_EDGE('',*,*,#4574,.F.);
#4577=ORIENTED_EDGE('',*,*,#4576,.F.);
#4579=ORIENTED_EDGE('',*,*,#4578,.F.);
#4581=ORIENTED_EDGE('',*,*,#4580,.F.);
#4582=EDGE_LOOP('',(#4549,#4551,#4553,#4555,#4557,#4559,#4561,#4563,#4565,#4567,
#4569,#4571,#4573,#4575,#4577,#4579,#4581));
#4583=FACE_BOUND('',#4582,.F.);
#4585=ORIENTED_EDGE('',*,*,#4584,.F.);
#4587=ORIENTED_EDGE('',*,*,#4586,.F.);
#4589=ORIENTED_EDGE('',*,*,#4588,.F.);
#4591=ORIENTED_EDGE('',*,*,#4590,.F.);
#4593=ORIENTED_EDGE('',*,*,#4592,.F.);
#4595=ORIENTED_EDGE('',*,*,#4594,.F.);
#4597=ORIENTED_EDGE('',*,*,#4596,.F.);
#4599=ORIENTED_EDGE('',*,*,#4598,.F.);
#4601=ORIENTED_EDGE('',*,*,#4600,.F.);
#4603=ORIENTED_EDGE('',*,*,#4602,.F.);
#4605=ORIENTED_EDGE('',*,*,#4604,.F.);
#4607=ORIENTED_EDGE('',*,*,#4606,.F.);
#4609=ORIENTED_EDGE('',*,*,#4608,.F.);
#4611=ORIENTED_EDGE('',*,*,#4610,.F.);
#4613=ORIENTED_EDGE('',*,*,#4612,.F.);
#4615=ORIENTED_EDGE('',*,*,#4614,.F.);
#4617=ORIENTED_EDGE('',*,*,#4616,.F.);
#4618=EDGE_LOOP('',(#4585,#4587,#4589,#4591,#4593,#4595,#4597,#4599,#4601,#4603,
#4605,#4607,#4609,#4611,#4613,#4615,#4617));
#4619=FACE_BOUND('',#4618,.F.);
#4621=CARTESIAN_POINT('',(-4.310183628846E0,3.875E0,0.E0));
#4622=DIRECTION('',(-9.396926207859E-1,-3.420201433257E-1,0.E0));
#4623=DIRECTION('',(3.420201433257E-1,-9.396926207859E-1,0.E0));
#4624=AXIS2_PLACEMENT_3D('',#4621,#4622,#4623);
#4625=PLANE('',#4624);
#4627=ORIENTED_EDGE('',*,*,#4626,.F.);
#4629=ORIENTED_EDGE('',*,*,#4628,.F.);
#4631=ORIENTED_EDGE('',*,*,#4630,.T.);
#4633=ORIENTED_EDGE('',*,*,#4632,.T.);
#4635=ORIENTED_EDGE('',*,*,#4634,.F.);
#4636=ORIENTED_EDGE('',*,*,#4496,.F.);
#4637=EDGE_LOOP('',(#4627,#4629,#4631,#4633,#4635,#4636));
#4638=FACE_OUTER_BOUND('',#4637,.F.);
#4640=CARTESIAN_POINT('',(-6.215E0,3.875E0,-5.E-1));
#4641=DIRECTION('',(0.E0,1.E0,0.E0));
#4642=DIRECTION('',(0.E0,0.E0,1.E0));
#4643=AXIS2_PLACEMENT_3D('',#4640,#4641,#4642);
#4644=PLANE('',#4643);
#4645=ORIENTED_EDGE('',*,*,#4626,.T.);
#4646=ORIENTED_EDGE('',*,*,#4508,.F.);
#4647=ORIENTED_EDGE('',*,*,#4277,.F.);
#4649=ORIENTED_EDGE('',*,*,#4648,.T.);
#4650=EDGE_LOOP('',(#4645,#4646,#4647,#4649));
#4651=FACE_OUTER_BOUND('',#4650,.F.);
#4653=CARTESIAN_POINT('',(-6.215E0,3.875E0,-5.E-1));
#4654=DIRECTION('',(0.E0,1.E0,0.E0));
#4655=DIRECTION('',(0.E0,0.E0,1.E0));
#4656=AXIS2_PLACEMENT_3D('',#4653,#4654,#4655);
#4657=PLANE('',#4656);
#4659=ORIENTED_EDGE('',*,*,#4658,.F.);
#4661=ORIENTED_EDGE('',*,*,#4660,.T.);
#4663=ORIENTED_EDGE('',*,*,#4662,.T.);
#4664=ORIENTED_EDGE('',*,*,#4502,.F.);
#4665=EDGE_LOOP('',(#4659,#4661,#4663,#4664));
#4666=FACE_OUTER_BOUND('',#4665,.F.);
#4668=CARTESIAN_POINT('',(-6.215E0,3.625E0,-5.E-1));
#4669=DIRECTION('',(0.E0,0.E0,-1.E0));
#4670=DIRECTION('',(0.E0,1.E0,0.E0));
#4671=AXIS2_PLACEMENT_3D('',#4668,#4669,#4670);
#4672=PLANE('',#4671);
#4673=ORIENTED_EDGE('',*,*,#4628,.T.);
#4674=ORIENTED_EDGE('',*,*,#4648,.F.);
#4675=ORIENTED_EDGE('',*,*,#4275,.F.);
#4677=ORIENTED_EDGE('',*,*,#4676,.T.);
#4678=EDGE_LOOP('',(#4673,#4674,#4675,#4677));
#4679=FACE_OUTER_BOUND('',#4678,.F.);
#4681=CARTESIAN_POINT('',(-6.215E0,3.625E0,-5.E-1));
#4682=DIRECTION('',(0.E0,0.E0,-1.E0));
#4683=DIRECTION('',(0.E0,1.E0,0.E0));
#4684=AXIS2_PLACEMENT_3D('',#4681,#4682,#4683);
#4685=PLANE('',#4684);
#4687=ORIENTED_EDGE('',*,*,#4686,.F.);
#4689=ORIENTED_EDGE('',*,*,#4688,.T.);
#4691=ORIENTED_EDGE('',*,*,#4690,.T.);
#4692=ORIENTED_EDGE('',*,*,#4660,.F.);
#4693=EDGE_LOOP('',(#4687,#4689,#4691,#4692));
#4694=FACE_OUTER_BOUND('',#4693,.F.);
#4696=CARTESIAN_POINT('',(-6.215E0,3.625E0,-8.9E0));
#4697=DIRECTION('',(0.E0,1.E0,0.E0));
#4698=DIRECTION('',(0.E0,0.E0,1.E0));
#4699=AXIS2_PLACEMENT_3D('',#4696,#4697,#4698);
#4700=PLANE('',#4699);
#4702=ORIENTED_EDGE('',*,*,#4701,.F.);
#4703=ORIENTED_EDGE('',*,*,#4630,.F.);
#4704=ORIENTED_EDGE('',*,*,#4676,.F.);
#4705=ORIENTED_EDGE('',*,*,#4273,.F.);
#4707=ORIENTED_EDGE('',*,*,#4706,.T.);
#4709=ORIENTED_EDGE('',*,*,#4708,.T.);
#4710=ORIENTED_EDGE('',*,*,#4688,.F.);
#4712=ORIENTED_EDGE('',*,*,#4711,.T.);
#4713=EDGE_LOOP('',(#4702,#4703,#4704,#4705,#4707,#4709,#4710,#4712));
#4714=FACE_OUTER_BOUND('',#4713,.F.);
#4716=CARTESIAN_POINT('',(-6.215E0,0.E0,-1.E0));
#4717=DIRECTION('',(0.E0,0.E0,1.E0));
#4718=DIRECTION('',(1.E0,0.E0,0.E0));
#4719=AXIS2_PLACEMENT_3D('',#4716,#4717,#4718);
#4720=PLANE('',#4719);
#4721=ORIENTED_EDGE('',*,*,#4701,.T.);
#4723=ORIENTED_EDGE('',*,*,#4722,.F.);
#4725=ORIENTED_EDGE('',*,*,#4724,.F.);
#4726=ORIENTED_EDGE('',*,*,#4632,.F.);
#4727=EDGE_LOOP('',(#4721,#4723,#4725,#4726));
#4728=FACE_OUTER_BOUND('',#4727,.F.);
#4730=CARTESIAN_POINT('',(-3.51E0,3.325E0,0.E0));
#4731=DIRECTION('',(9.396926207859E-1,-3.420201433257E-1,0.E0));
#4732=DIRECTION('',(3.420201433257E-1,9.396926207859E-1,0.E0));
#4733=AXIS2_PLACEMENT_3D('',#4730,#4731,#4732);
#4734=PLANE('',#4733);
#4735=ORIENTED_EDGE('',*,*,#4658,.T.);
#4736=ORIENTED_EDGE('',*,*,#4500,.F.);
#4738=ORIENTED_EDGE('',*,*,#4737,.T.);
#4739=ORIENTED_EDGE('',*,*,#4722,.T.);
#4740=ORIENTED_EDGE('',*,*,#4711,.F.);
#4741=ORIENTED_EDGE('',*,*,#4686,.T.);
#4742=EDGE_LOOP('',(#4735,#4736,#4738,#4739,#4740,#4741));
#4743=FACE_OUTER_BOUND('',#4742,.F.);
#4745=CARTESIAN_POINT('',(-4.11E0,3.325E0,0.E0));
#4746=DIRECTION('',(0.E0,-1.E0,0.E0));
#4747=DIRECTION('',(1.E0,0.E0,0.E0));
#4748=AXIS2_PLACEMENT_3D('',#4745,#4746,#4747);
#4749=PLANE('',#4748);
#4750=ORIENTED_EDGE('',*,*,#4498,.F.);
#4751=ORIENTED_EDGE('',*,*,#4634,.T.);
#4752=ORIENTED_EDGE('',*,*,#4724,.T.);
#4753=ORIENTED_EDGE('',*,*,#4737,.F.);
#4754=EDGE_LOOP('',(#4750,#4751,#4752,#4753));
#4755=FACE_OUTER_BOUND('',#4754,.F.);
#4757=CARTESIAN_POINT('',(-6.215E0,3.325E0,-8.9E0));
#4758=DIRECTION('',(1.E0,0.E0,0.E0));
#4759=DIRECTION('',(0.E0,0.E0,-1.E0));
#4760=AXIS2_PLACEMENT_3D('',#4757,#4758,#4759);
#4761=CYLINDRICAL_SURFACE('',#4760,3.E-1);
#4762=ORIENTED_EDGE('',*,*,#4271,.F.);
#4763=ORIENTED_EDGE('',*,*,#4370,.T.);
#4765=ORIENTED_EDGE('',*,*,#4764,.T.);
#4766=ORIENTED_EDGE('',*,*,#4706,.F.);
#4767=EDGE_LOOP('',(#4762,#4763,#4765,#4766));
#4768=FACE_OUTER_BOUND('',#4767,.F.);
#4770=CARTESIAN_POINT('',(6.215E0,0.E0,0.E0));
#4771=DIRECTION('',(1.E0,0.E0,0.E0));
#4772=DIRECTION('',(0.E0,0.E0,-1.E0));
#4773=AXIS2_PLACEMENT_3D('',#4770,#4771,#4772);
#4774=PLANE('',#4773);
#4775=ORIENTED_EDGE('',*,*,#4316,.T.);
#4777=ORIENTED_EDGE('',*,*,#4776,.F.);
#4778=ORIENTED_EDGE('',*,*,#4356,.F.);
#4779=ORIENTED_EDGE('',*,*,#4441,.F.);
#4780=ORIENTED_EDGE('',*,*,#4455,.F.);
#4781=ORIENTED_EDGE('',*,*,#4504,.F.);
#4782=ORIENTED_EDGE('',*,*,#4662,.F.);
#4783=ORIENTED_EDGE('',*,*,#4690,.F.);
#4784=ORIENTED_EDGE('',*,*,#4708,.F.);
#4785=ORIENTED_EDGE('',*,*,#4764,.F.);
#4786=ORIENTED_EDGE('',*,*,#4368,.F.);
#4788=ORIENTED_EDGE('',*,*,#4787,.T.);
#4789=EDGE_LOOP('',(#4775,#4777,#4778,#4779,#4780,#4781,#4782,#4783,#4784,#4785,
#4786,#4788));
#4790=FACE_OUTER_BOUND('',#4789,.F.);
#4792=CARTESIAN_POINT('',(6.215E0,-2.375E0,-9.2E0));
#4793=DIRECTION('',(0.E0,-1.E0,0.E0));
#4794=DIRECTION('',(-1.E0,0.E0,0.E0));
#4795=AXIS2_PLACEMENT_3D('',#4792,#4793,#4794);
#4796=PLANE('',#4795);
#4797=ORIENTED_EDGE('',*,*,#4776,.T.);
#4798=ORIENTED_EDGE('',*,*,#4326,.T.);
#4800=ORIENTED_EDGE('',*,*,#4799,.F.);
#4801=ORIENTED_EDGE('',*,*,#4358,.F.);
#4802=EDGE_LOOP('',(#4797,#4798,#4800,#4801));
#4803=FACE_OUTER_BOUND('',#4802,.F.);
#4805=CARTESIAN_POINT('',(5.81E0,-2.375E0,-9.2E0));
#4806=DIRECTION('',(-1.E0,0.E0,0.E0));
#4807=DIRECTION('',(0.E0,1.E0,0.E0));
#4808=AXIS2_PLACEMENT_3D('',#4805,#4806,#4807);
#4809=PLANE('',#4808);
#4810=ORIENTED_EDGE('',*,*,#4360,.F.);
#4811=ORIENTED_EDGE('',*,*,#4799,.T.);
#4812=ORIENTED_EDGE('',*,*,#4324,.T.);
#4814=ORIENTED_EDGE('',*,*,#4813,.F.);
#4815=EDGE_LOOP('',(#4810,#4811,#4812,#4814));
#4816=FACE_OUTER_BOUND('',#4815,.F.);
#4818=CARTESIAN_POINT('',(5.81E0,1.125E0,-9.2E0));
#4819=DIRECTION('',(0.E0,-1.E0,0.E0));
#4820=DIRECTION('',(-1.E0,0.E0,0.E0));
#4821=AXIS2_PLACEMENT_3D('',#4818,#4819,#4820);
#4822=PLANE('',#4821);
#4823=ORIENTED_EDGE('',*,*,#4362,.F.);
#4824=ORIENTED_EDGE('',*,*,#4813,.T.);
#4825=ORIENTED_EDGE('',*,*,#4322,.T.);
#4827=ORIENTED_EDGE('',*,*,#4826,.F.);
#4828=EDGE_LOOP('',(#4823,#4824,#4825,#4827));
#4829=FACE_OUTER_BOUND('',#4828,.F.);
#4831=CARTESIAN_POINT('',(5.31E0,1.125E0,-9.2E0));
#4832=DIRECTION('',(-1.E0,0.E0,0.E0));
#4833=DIRECTION('',(0.E0,1.E0,0.E0));
#4834=AXIS2_PLACEMENT_3D('',#4831,#4832,#4833);
#4835=PLANE('',#4834);
#4836=ORIENTED_EDGE('',*,*,#4364,.F.);
#4837=ORIENTED_EDGE('',*,*,#4826,.T.);
#4838=ORIENTED_EDGE('',*,*,#4320,.T.);
#4840=ORIENTED_EDGE('',*,*,#4839,.F.);
#4841=EDGE_LOOP('',(#4836,#4837,#4838,#4840));
#4842=FACE_OUTER_BOUND('',#4841,.F.);
#4844=CARTESIAN_POINT('',(5.31E0,2.925E0,-9.2E0));
#4845=DIRECTION('',(0.E0,1.E0,0.E0));
#4846=DIRECTION('',(1.E0,0.E0,0.E0));
#4847=AXIS2_PLACEMENT_3D('',#4844,#4845,#4846);
#4848=PLANE('',#4847);
#4849=ORIENTED_EDGE('',*,*,#4787,.F.);
#4850=ORIENTED_EDGE('',*,*,#4366,.T.);
#4851=ORIENTED_EDGE('',*,*,#4839,.T.);
#4852=ORIENTED_EDGE('',*,*,#4318,.T.);
#4853=EDGE_LOOP('',(#4849,#4850,#4851,#4852));
#4854=FACE_OUTER_BOUND('',#4853,.F.);
#4856=CARTESIAN_POINT('',(-1.956465234044E0,1.33261E1,-2.E-1));
#4857=DIRECTION('',(0.E0,-1.E0,0.E0));
#4858=DIRECTION('',(0.E0,0.E0,1.E0));
#4859=AXIS2_PLACEMENT_3D('',#4856,#4857,#4858);
#4860=CYLINDRICAL_SURFACE('',#4859,2.E-1);
#4862=ORIENTED_EDGE('',*,*,#4861,.F.);
#4863=ORIENTED_EDGE('',*,*,#4512,.T.);
#4865=ORIENTED_EDGE('',*,*,#4864,.F.);
#4867=ORIENTED_EDGE('',*,*,#4866,.F.);
#4868=EDGE_LOOP('',(#4862,#4863,#4865,#4867));
#4869=FACE_OUTER_BOUND('',#4868,.F.);
#4871=CARTESIAN_POINT('',(-2.156569625953E0,1.571353141318E0,
-2.082139315902E-1));
#4872=CARTESIAN_POINT('',(-2.155898660706E0,1.579135554014E0,
-2.025326097307E-1));
#4873=CARTESIAN_POINT('',(-2.158173760426E0,1.593932921974E0,
-1.931549145291E-1));
#4874=CARTESIAN_POINT('',(-2.170496798581E0,1.612014648159E0,
-1.802972407725E-1));
#4875=CARTESIAN_POINT('',(-2.189082683093E0,1.623977828706E0,
-1.673917078008E-1));
#4876=CARTESIAN_POINT('',(-2.204370082717E0,1.625778324611E0,
-1.579137736594E-1));
#4877=CARTESIAN_POINT('',(-2.212331512105E0,1.624714967698E0,
-1.521653491372E-1));
#4878=CARTESIAN_POINT('',(-2.157350682399E0,1.567244919874E0,
-1.904425582689E-1));
#4879=CARTESIAN_POINT('',(-2.156145467360E0,1.575170607311E0,
-1.849042917683E-1));
#4880=CARTESIAN_POINT('',(-2.157630686174E0,1.590614324876E0,
-1.757786502879E-1));
#4881=CARTESIAN_POINT('',(-2.169310672847E0,1.609611441426E0,
-1.632847400159E-1));
#4882=CARTESIAN_POINT('',(-2.187054034168E0,1.622250642632E0,
-1.507581051425E-1));
#4883=CARTESIAN_POINT('',(-2.201343945222E0,1.624836628651E0,
-1.415647067519E-1));
#4884=CARTESIAN_POINT('',(-2.208805757864E0,1.624496656644E0,
-1.359830340570E-1));
#4885=CARTESIAN_POINT('',(-2.153946078743E0,1.567475037769E0,
-1.551063942517E-1));
#4886=CARTESIAN_POINT('',(-2.151818787450E0,1.575458550332E0,
-1.503697547723E-1));
#4887=CARTESIAN_POINT('',(-2.151913640804E0,1.591436554127E0,
-1.424076923379E-1));
#4888=CARTESIAN_POINT('',(-2.162205581993E0,1.611219464938E0,
-1.312254091609E-1));
#4889=CARTESIAN_POINT('',(-2.178200972149E0,1.624537378688E0,
-1.199217725116E-1));
#4890=CARTESIAN_POINT('',(-2.190632894730E0,1.628336094350E0,
-1.116889603779E-1));
#4891=CARTESIAN_POINT('',(-2.197115552993E0,1.629189673226E0,
-1.067496252766E-1));
#4892=CARTESIAN_POINT('',(-2.131417665014E0,1.590177895276E0,
-9.485537598319E-2));
#4893=CARTESIAN_POINT('',(-2.128695301393E0,1.597442295524E0,
-9.225526731064E-2));
#4894=CARTESIAN_POINT('',(-2.127446022437E0,1.612296854725E0,
-8.716396030831E-2));
#4895=CARTESIAN_POINT('',(-2.135158301477E0,1.630734176154E0,
-7.893436103478E-2));
#4896=CARTESIAN_POINT('',(-2.147591929869E0,1.643297091450E0,
-7.038934693926E-2));
#4897=CARTESIAN_POINT('',(-2.156815613813E0,1.648037410972E0,
-6.458530050060E-2));
#4898=CARTESIAN_POINT('',(-2.161666371945E0,1.650149229158E0,
-6.143732982998E-2));
#4899=CARTESIAN_POINT('',(-2.087528364375E0,1.638051362118E0,
-4.268628266246E-2));
#4900=CARTESIAN_POINT('',(-2.085613129590E0,1.643581331070E0,
-4.199483578872E-2));
#4901=CARTESIAN_POINT('',(-2.084446983010E0,1.654951465673E0,
-3.976314761229E-2));
#4902=CARTESIAN_POINT('',(-2.089118701282E0,1.669180303933E0,
-3.511264727218E-2));
#4903=CARTESIAN_POINT('',(-2.096945971217E0,1.679022133279E0,
-3.018692386764E-2));
#4904=CARTESIAN_POINT('',(-2.102751315081E0,1.683123805471E0,
-2.733193395943E-2));
#4905=CARTESIAN_POINT('',(-2.105942451371E0,1.685115145541E0,
-2.615939998529E-2));
#4906=CARTESIAN_POINT('',(-2.035477354977E0,1.694402514536E0,
-1.374286915946E-2));
#4907=CARTESIAN_POINT('',(-2.034462379638E0,1.697669912141E0,
-1.356259405505E-2));
#4908=CARTESIAN_POINT('',(-2.033740601428E0,1.704228608663E0,
-1.280620257741E-2));
#4909=CARTESIAN_POINT('',(-2.035794834674E0,1.712524337624E0,
-1.114069994347E-2));
#4910=CARTESIAN_POINT('',(-2.039626416652E0,1.718402658512E0,
-9.423983069367E-3));
#4911=CARTESIAN_POINT('',(-2.042656650112E0,1.720814771002E0,
-8.551156155438E-3));
#4912=CARTESIAN_POINT('',(-2.044346713603E0,1.721832517199E0,
-8.280972679429E-3));
#4913=CARTESIAN_POINT('',(-1.991291503844E0,1.740866940470E0,
-2.056300080849E-3));
#4914=CARTESIAN_POINT('',(-1.990785703341E0,1.742187419755E0,
-2.020626218853E-3));
#4915=CARTESIAN_POINT('',(-1.990361307447E0,1.744778742016E0,
-1.884761695272E-3));
#4916=CARTESIAN_POINT('',(-1.990922791381E0,1.748115374674E0,
-1.607432355370E-3));
#4917=CARTESIAN_POINT('',(-1.992268567048E0,1.750535357921E0,
-1.343947566891E-3));
#4918=CARTESIAN_POINT('',(-1.993411747972E0,1.751451416738E0,
-1.239237567208E-3));
#4919=CARTESIAN_POINT('',(-1.994008244013E0,1.751724669213E0,
-1.227646271986E-3));
#4920=CARTESIAN_POINT('',(-1.968297793086E0,1.763861111945E0,0.E0));
#4921=CARTESIAN_POINT('',(-1.968103222484E0,1.764276670468E0,0.E0));
#4922=CARTESIAN_POINT('',(-1.967917426298E0,1.765059123553E0,0.E0));
#4923=CARTESIAN_POINT('',(-1.968007772536E0,1.766058608132E0,0.E0));
#4924=CARTESIAN_POINT('',(-1.968370498100E0,1.766785645566E0,0.E0));
#4925=CARTESIAN_POINT('',(-1.968711285846E0,1.767041462715E0,0.E0));
#4926=CARTESIAN_POINT('',(-1.968880436272E0,1.767093296075E0,0.E0));
#4927=CARTESIAN_POINT('',(-1.956465234044E0,1.775E0,0.E0));
#4928=CARTESIAN_POINT('',(-1.956465234044E0,1.775E0,0.E0));
#4929=CARTESIAN_POINT('',(-1.956465234044E0,1.775E0,0.E0));
#4930=CARTESIAN_POINT('',(-1.956465234044E0,1.775E0,0.E0));
#4931=CARTESIAN_POINT('',(-1.956465234044E0,1.775E0,0.E0));
#4932=CARTESIAN_POINT('',(-1.956465234044E0,1.775E0,0.E0));
#4933=CARTESIAN_POINT('',(-1.956465234044E0,1.775E0,0.E0));
#4934=B_SPLINE_SURFACE_WITH_KNOTS('',3,3,((#4871,#4872,#4873,#4874,#4875,#4876,
#4877),(#4878,#4879,#4880,#4881,#4882,#4883,#4884),(#4885,#4886,#4887,#4888,
#4889,#4890,#4891),(#4892,#4893,#4894,#4895,#4896,#4897,#4898),(#4899,#4900,
#4901,#4902,#4903,#4904,#4905),(#4906,#4907,#4908,#4909,#4910,#4911,#4912),(
#4913,#4914,#4915,#4916,#4917,#4918,#4919),(#4920,#4921,#4922,#4923,#4924,#4925,
#4926),(#4927,#4928,#4929,#4930,#4931,#4932,#4933)),.UNSPECIFIED.,.F.,.F.,.F.,
(4,1,1,1,1,1,4),(4,1,1,1,4),(-1.650032179347E-2,1.25E-1,2.5E-1,5.E-1,7.5E-1,
8.75E-1,1.E0),(-6.514804383346E-2,2.5E-1,5.E-1,7.5E-1,1.065120851351E0),
.UNSPECIFIED.);
#4936=ORIENTED_EDGE('',*,*,#4935,.T.);
#4937=ORIENTED_EDGE('',*,*,#4861,.T.);
#4939=ORIENTED_EDGE('',*,*,#4938,.F.);
#4940=EDGE_LOOP('',(#4936,#4937,#4939));
#4941=FACE_OUTER_BOUND('',#4940,.F.);
#4943=CARTESIAN_POINT('',(-2.9323436E0,1.775E0,-1.5E-1));
#4944=DIRECTION('',(1.E0,0.E0,0.E0));
#4945=DIRECTION('',(0.E0,0.E0,1.E0));
#4946=AXIS2_PLACEMENT_3D('',#4943,#4944,#4945);
#4947=CYLINDRICAL_SURFACE('',#4946,1.5E-1);
#4948=ORIENTED_EDGE('',*,*,#4935,.F.);
#4950=ORIENTED_EDGE('',*,*,#4949,.F.);
#4952=ORIENTED_EDGE('',*,*,#4951,.F.);
#4953=ORIENTED_EDGE('',*,*,#4514,.T.);
#4954=EDGE_LOOP('',(#4948,#4950,#4952,#4953));
#4955=FACE_OUTER_BOUND('',#4954,.F.);
#4957=CARTESIAN_POINT('',(-2.155E0,1.625E0,0.E0));
#4958=DIRECTION('',(0.E0,1.E0,0.E0));
#4959=DIRECTION('',(-1.E0,0.E0,0.E0));
#4960=AXIS2_PLACEMENT_3D('',#4957,#4958,#4959);
#4961=PLANE('',#4960);
#4963=ORIENTED_EDGE('',*,*,#4962,.F.);
#4965=ORIENTED_EDGE('',*,*,#4964,.F.);
#4967=ORIENTED_EDGE('',*,*,#4966,.F.);
#4968=ORIENTED_EDGE('',*,*,#4949,.T.);
#4969=EDGE_LOOP('',(#4963,#4965,#4967,#4968));
#4970=FACE_OUTER_BOUND('',#4969,.F.);
#4972=CARTESIAN_POINT('',(-2.206360162986E0,1.575E0,-1.847917099820E-1));
#4973=DIRECTION('',(-7.353005878252E-3,0.E0,-9.999729662869E-1));
#4974=DIRECTION('',(0.E0,1.E0,0.E0));
#4975=AXIS2_PLACEMENT_3D('',#4972,#4973,#4974);
#4976=CYLINDRICAL_SURFACE('',#4975,5.E-2);
#4977=ORIENTED_EDGE('',*,*,#4962,.T.);
#4978=ORIENTED_EDGE('',*,*,#4938,.T.);
#4980=ORIENTED_EDGE('',*,*,#4979,.T.);
#4982=ORIENTED_EDGE('',*,*,#4981,.T.);
#4983=EDGE_LOOP('',(#4977,#4978,#4980,#4982));
#4984=FACE_OUTER_BOUND('',#4983,.F.);
#4986=CARTESIAN_POINT('',(-2.155E0,-3.745004800192E0,0.E0));
#4987=DIRECTION('',(9.999729662869E-1,0.E0,-7.353005878252E-3));
#4988=DIRECTION('',(0.E0,-1.E0,0.E0));
#4989=AXIS2_PLACEMENT_3D('',#4986,#4987,#4988);
#4990=PLANE('',#4989);
#4991=ORIENTED_EDGE('',*,*,#4979,.F.);
#4992=ORIENTED_EDGE('',*,*,#4866,.T.);
#4994=ORIENTED_EDGE('',*,*,#4993,.F.);
#4996=ORIENTED_EDGE('',*,*,#4995,.T.);
#4998=ORIENTED_EDGE('',*,*,#4997,.T.);
#4999=EDGE_LOOP('',(#4991,#4992,#4994,#4996,#4998));
#5000=FACE_OUTER_BOUND('',#4999,.F.);
#5002=CARTESIAN_POINT('',(-2.206347589346E0,-2.575E0,-1.830817562096E-1));
#5003=DIRECTION('',(-7.353005878252E-3,0.E0,-9.999729662869E-1));
#5004=DIRECTION('',(9.999729662869E-1,0.E0,-7.353005878252E-3));
#5005=AXIS2_PLACEMENT_3D('',#5002,#5003,#5004);
#5006=CYLINDRICAL_SURFACE('',#5005,5.E-2);
#5007=ORIENTED_EDGE('',*,*,#4993,.T.);
#5009=ORIENTED_EDGE('',*,*,#5008,.T.);
#5011=ORIENTED_EDGE('',*,*,#5010,.T.);
#5013=ORIENTED_EDGE('',*,*,#5012,.F.);
#5014=EDGE_LOOP('',(#5007,#5009,#5011,#5013));
#5015=FACE_OUTER_BOUND('',#5014,.F.);
#5017=CARTESIAN_POINT('',(-2.212389807391E0,-2.624711989139E0,
-2.061172632633E-1));
#5018=CARTESIAN_POINT('',(-2.197273390008E0,-2.626657965662E0,
-2.058180719454E-1));
#5019=CARTESIAN_POINT('',(-2.166017138886E0,-2.615459955202E0,
-2.053793310780E-1));
#5020=CARTESIAN_POINT('',(-2.154831234933E0,-2.584176513607E0,
-2.047834288576E-1));
#5021=CARTESIAN_POINT('',(-2.156800955645E0,-2.569048172612E0,
-2.043488776779E-1));
#5022=CARTESIAN_POINT('',(-2.213003617588E0,-2.624096938345E0,
-1.868845458865E-1));
#5023=CARTESIAN_POINT('',(-2.198249467211E0,-2.626060837882E0,
-1.865620183034E-1));
#5024=CARTESIAN_POINT('',(-2.166412388919E0,-2.615015596553E0,
-1.861138275310E-1));
#5025=CARTESIAN_POINT('',(-2.155334540373E0,-2.583255339286E0,
-1.855662270461E-1));
#5026=CARTESIAN_POINT('',(-2.157242173597E0,-2.568529810343E0,
-1.851743153367E-1));
#5027=CARTESIAN_POINT('',(-2.206874544905E0,-2.628538219874E0,
-1.501451309474E-1));
#5028=CARTESIAN_POINT('',(-2.193023688818E0,-2.630454390549E0,
-1.501055343440E-1));
#5029=CARTESIAN_POINT('',(-2.161339315214E0,-2.620009495940E0,
-1.499544497877E-1));
#5030=CARTESIAN_POINT('',(-2.150788411631E0,-2.588538003467E0,
-1.492182098346E-1));
#5031=CARTESIAN_POINT('',(-2.152510050595E0,-2.574779891571E0,
-1.486340131101E-1));
#5032=CARTESIAN_POINT('',(-2.175357334127E0,-2.653167433141E0,
-8.963346052715E-2));
#5033=CARTESIAN_POINT('',(-2.163695417612E0,-2.654399839793E0,
-9.025116659814E-2));
#5034=CARTESIAN_POINT('',(-2.135634168001E0,-2.645606824764E0,
-9.075123397740E-2));
#5035=CARTESIAN_POINT('',(-2.126661448853E0,-2.617889489647E0,
-8.960011396118E-2));
#5036=CARTESIAN_POINT('',(-2.127578331142E0,-2.606380415232E0,
-8.861303494929E-2));
#5037=CARTESIAN_POINT('',(-2.117931016950E0,-2.698629274683E0,
-3.913900003849E-2));
#5038=CARTESIAN_POINT('',(-2.109367780371E0,-2.698748810266E0,
-3.986603171290E-2));
#5039=CARTESIAN_POINT('',(-2.089025871025E0,-2.692180122671E0,
-4.049434521636E-2));
#5040=CARTESIAN_POINT('',(-2.082264357263E0,-2.672200796965E0,
-3.951549169517E-2));
#5041=CARTESIAN_POINT('',(-2.082133963947E0,-2.663782986836E0,
-3.866988025085E-2));
#5042=CARTESIAN_POINT('',(-2.051859895271E0,-2.749839522217E0,
-1.237453131181E-2));
#5043=CARTESIAN_POINT('',(-2.046828899116E0,-2.749730127530E0,
-1.259808834570E-2));
#5044=CARTESIAN_POINT('',(-2.035505539119E0,-2.745795217265E0,
-1.278570430930E-2));
#5045=CARTESIAN_POINT('',(-2.031420835069E0,-2.734705429308E0,
-1.248231247242E-2));
#5046=CARTESIAN_POINT('',(-2.031184546468E0,-2.729768677207E0,
-1.222888433416E-2));
#5047=CARTESIAN_POINT('',(-1.997240408506E0,-2.792168364285E0,
-1.815426735801E-3));
#5048=CARTESIAN_POINT('',(-1.995211657990E0,-2.792265267896E0,
-1.822171318436E-3));
#5049=CARTESIAN_POINT('',(-1.990753327716E0,-2.790647447433E0,
-1.823404163172E-3));
#5050=CARTESIAN_POINT('',(-1.989056629533E0,-2.786284741858E0,
-1.805209980400E-3));
#5051=CARTESIAN_POINT('',(-1.989106188030E0,-2.784298704729E0,
-1.795008022760E-3));
#5052=CARTESIAN_POINT('',(-1.969916609874E0,-2.813890636675E0,0.E0));
#5053=CARTESIAN_POINT('',(-1.969277068314E0,-2.813971791806E0,0.E0));
#5054=CARTESIAN_POINT('',(-1.967938957276E0,-2.813507210486E0,0.E0));
#5055=CARTESIAN_POINT('',(-1.967445403984E0,-2.812198178905E0,0.E0));
#5056=CARTESIAN_POINT('',(-1.967512066040E0,-2.811573109039E0,0.E0));
#5057=CARTESIAN_POINT('',(-1.956465234044E0,-2.825E0,0.E0));
#5058=CARTESIAN_POINT('',(-1.956465234044E0,-2.825E0,0.E0));
#5059=CARTESIAN_POINT('',(-1.956465234044E0,-2.825E0,0.E0));
#5060=CARTESIAN_POINT('',(-1.956465234044E0,-2.825E0,0.E0));
#5061=CARTESIAN_POINT('',(-1.956465234044E0,-2.825E0,0.E0));
#5062=B_SPLINE_SURFACE_WITH_KNOTS('',3,3,((#5017,#5018,#5019,#5020,#5021),
(#5022,#5023,#5024,#5025,#5026),(#5027,#5028,#5029,#5030,#5031),(#5032,#5033,
#5034,#5035,#5036),(#5037,#5038,#5039,#5040,#5041),(#5042,#5043,#5044,#5045,
#5046),(#5047,#5048,#5049,#5050,#5051),(#5052,#5053,#5054,#5055,#5056),(#5057,
#5058,#5059,#5060,#5061)),.UNSPECIFIED.,.F.,.F.,.F.,(4,1,1,1,1,1,4),(4,1,4),(
-1.450440354680E-2,1.25E-1,2.5E-1,5.E-1,7.5E-1,8.75E-1,1.E0),
(-7.636118374806E-2,5.E-1,1.076440889910E0),.UNSPECIFIED.);
#5063=ORIENTED_EDGE('',*,*,#4864,.T.);
#5065=ORIENTED_EDGE('',*,*,#5064,.T.);
#5066=ORIENTED_EDGE('',*,*,#5008,.F.);
#5067=EDGE_LOOP('',(#5063,#5065,#5066));
#5068=FACE_OUTER_BOUND('',#5067,.F.);
#5070=CARTESIAN_POINT('',(2.2418748E1,-2.825E0,-2.E-1));
#5071=DIRECTION('',(-1.E0,0.E0,0.E0));
#5072=DIRECTION('',(0.E0,0.E0,1.E0));
#5073=AXIS2_PLACEMENT_3D('',#5070,#5071,#5072);
#5074=CYLINDRICAL_SURFACE('',#5073,2.E-1);
#5075=ORIENTED_EDGE('',*,*,#5064,.F.);
#5076=ORIENTED_EDGE('',*,*,#4544,.T.);
#5078=ORIENTED_EDGE('',*,*,#5077,.F.);
#5080=ORIENTED_EDGE('',*,*,#5079,.F.);
#5081=EDGE_LOOP('',(#5075,#5076,#5078,#5080));
#5082=FACE_OUTER_BOUND('',#5081,.F.);
#5084=CARTESIAN_POINT('',(-3.476506869502E0,-2.945214723925E0,
-2.119932804513E-1));
#5085=CARTESIAN_POINT('',(-3.470070304695E0,-2.949464965422E0,
-8.359889463433E-2));
#5086=CARTESIAN_POINT('',(-3.545968452003E0,-2.899347322726E0,
7.353320041618E-3));
#5087=CARTESIAN_POINT('',(-3.653111473138E0,-2.828597826973E0,
-3.599218990429E-4));
#5088=CARTESIAN_POINT('',(-3.268542746661E0,-2.630273901070E0,
-2.119932804513E-1));
#5089=CARTESIAN_POINT('',(-3.258092382372E0,-2.628445645496E0,
-8.359889463433E-2));
#5090=CARTESIAN_POINT('',(-3.381320115170E0,-2.650003916876E0,
7.353320041618E-3));
#5091=CARTESIAN_POINT('',(-3.555276819621E0,-2.680437048751E0,
-3.599218990429E-4));
#5092=CARTESIAN_POINT('',(-3.457253445317E0,-2.303432853308E0,
-2.119932804513E-1));
#5093=CARTESIAN_POINT('',(-3.450445280914E0,-2.295296421063E0,
-8.359889463433E-2));
#5094=CARTESIAN_POINT('',(-3.530725225300E0,-2.391238923243E0,
7.353320041618E-3));
#5095=CARTESIAN_POINT('',(-3.644053891194E0,-2.526677928062E0,
-3.599218990429E-4));
#5096=CARTESIAN_POINT('',(-3.833981332008E0,-2.326080097719E0,
-2.119932804513E-1));
#5097=CARTESIAN_POINT('',(-3.834444182314E0,-2.318380767300E0,
-8.359889463433E-2));
#5098=CARTESIAN_POINT('',(-3.828986382729E0,-2.409169088673E0,
7.353320041618E-3));
#5099=CARTESIAN_POINT('',(-3.821281779164E0,-2.537332098982E0,
-3.599218990429E-4));
#5100=(BOUNDED_SURFACE()B_SPLINE_SURFACE(3,3,((#5084,#5085,#5086,#5087),(#5088,
#5089,#5090,#5091),(#5092,#5093,#5094,#5095),(#5096,#5097,#5098,#5099)),
.UNSPECIFIED.,.F.,.F.,.F.)B_SPLINE_SURFACE_WITH_KNOTS((4,4),(4,4),(0.E0,1.E0),(
0.E0,1.E0),.UNSPECIFIED.)GEOMETRIC_REPRESENTATION_ITEM()RATIONAL_B_SPLINE_SURFACE(((1.661658100155E0,1.288817011418E0,1.288817011418E0,1.661658100155E0),(
1.049225685051E0,8.138015344933E-1,8.138015344933E-1,1.049225685051E0),(
1.049225685051E0,8.138015344933E-1,8.138015344933E-1,1.049225685051E0),(
1.661658100155E0,1.288817011418E0,1.288817011418E0,1.661658100155E0)))REPRESENTATION_ITEM('')SURFACE());
#5101=ORIENTED_EDGE('',*,*,#4542,.T.);
#5103=ORIENTED_EDGE('',*,*,#5102,.T.);
#5105=ORIENTED_EDGE('',*,*,#5104,.F.);
#5106=ORIENTED_EDGE('',*,*,#5077,.T.);
#5107=EDGE_LOOP('',(#5101,#5103,#5105,#5106));
#5108=FACE_OUTER_BOUND('',#5107,.F.);
#5110=CARTESIAN_POINT('',(-3.786051372126E0,-2.326078132978E0,
-2.119932804513E-1));
#5111=CARTESIAN_POINT('',(-3.785589153023E0,-2.318378764639E0,
-8.359889460722E-2));
#5112=CARTESIAN_POINT('',(-3.791039509629E0,-2.409167533177E0,
7.353320075378E-3));
#5113=CARTESIAN_POINT('',(-3.798733606172E0,-2.537331174715E0,
-3.599219023534E-4));
#5114=CARTESIAN_POINT('',(-4.162758811750E0,-2.303463112256E0,
-2.119932804513E-1));
#5115=CARTESIAN_POINT('',(-4.169567212721E0,-2.295327264022E0,
-8.359889460722E-2));
#5116=CARTESIAN_POINT('',(-4.089284478788E0,-2.391262879730E0,
7.353320075378E-3));
#5117=CARTESIAN_POINT('',(-3.975951874999E0,-2.526692163110E0,
-3.599219023534E-4));
#5118=CARTESIAN_POINT('',(-4.351444941879E0,-2.630292545643E0,
-2.119932804513E-1));
#5119=CARTESIAN_POINT('',(-4.361895068552E0,-2.628464649917E0,
-8.359889460722E-2));
#5120=CARTESIAN_POINT('',(-4.238670137636E0,-2.650018678070E0,
7.353320075378E-3));
#5121=CARTESIAN_POINT('',(-4.064717388540E0,-2.680445819911E0,
-3.599219023533E-4));
#5122=CARTESIAN_POINT('',(-4.143493130544E0,-2.945214723956E0,
-2.119932804513E-1));
#5123=CARTESIAN_POINT('',(-4.149929695353E0,-2.949464965453E0,
-8.359889460722E-2));
#5124=CARTESIAN_POINT('',(-4.074031548018E0,-2.899347322740E0,
7.353320075378E-3));
#5125=CARTESIAN_POINT('',(-3.966888526862E0,-2.828597826973E0,
-3.599219023534E-4));
#5126=(BOUNDED_SURFACE()B_SPLINE_SURFACE(3,3,((#5110,#5111,#5112,#5113),(#5114,
#5115,#5116,#5117),(#5118,#5119,#5120,#5121),(#5122,#5123,#5124,#5125)),
.UNSPECIFIED.,.F.,.F.,.F.)B_SPLINE_SURFACE_WITH_KNOTS((4,4),(4,4),(0.E0,1.E0),(
0.E0,1.E0),.UNSPECIFIED.)GEOMETRIC_REPRESENTATION_ITEM()RATIONAL_B_SPLINE_SURFACE(((1.661616002466E0,1.288784359449E0,1.288784359449E0,1.661616002466E0),(
1.049239717713E0,8.138124184497E-1,8.138124184497E-1,1.049239717713E0),(
1.049239717713E0,8.138124184497E-1,8.138124184497E-1,1.049239717713E0),(
1.661616002466E0,1.288784359449E0,1.288784359449E0,1.661616002466E0)))REPRESENTATION_ITEM('')SURFACE());
#5128=ORIENTED_EDGE('',*,*,#5127,.F.);
#5129=ORIENTED_EDGE('',*,*,#5102,.F.);
#5130=ORIENTED_EDGE('',*,*,#4540,.T.);
#5132=ORIENTED_EDGE('',*,*,#5131,.F.);
#5133=EDGE_LOOP('',(#5128,#5129,#5130,#5132));
#5134=FACE_OUTER_BOUND('',#5133,.F.);
#5136=CARTESIAN_POINT('',(-3.81E0,-2.725000000001E0,0.E0));
#5137=DIRECTION('',(0.E0,0.E0,1.E0));
#5138=DIRECTION('',(1.E0,0.E0,0.E0));
#5139=AXIS2_PLACEMENT_3D('',#5136,#5137,#5138);
#5140=CYLINDRICAL_SURFACE('',#5139,4.E-1);
#5141=ORIENTED_EDGE('',*,*,#5104,.T.);
#5142=ORIENTED_EDGE('',*,*,#5127,.T.);
#5144=ORIENTED_EDGE('',*,*,#5143,.T.);
#5146=ORIENTED_EDGE('',*,*,#5145,.F.);
#5148=ORIENTED_EDGE('',*,*,#5147,.F.);
#5149=EDGE_LOOP('',(#5141,#5142,#5144,#5146,#5148));
#5150=FACE_OUTER_BOUND('',#5149,.F.);
#5152=CARTESIAN_POINT('',(-5.465E0,-2.625E0,0.E0));
#5153=DIRECTION('',(0.E0,-1.E0,0.E0));
#5154=DIRECTION('',(1.E0,0.E0,0.E0));
#5155=AXIS2_PLACEMENT_3D('',#5152,#5153,#5154);
#5156=PLANE('',#5155);
#5158=ORIENTED_EDGE('',*,*,#5157,.T.);
#5160=ORIENTED_EDGE('',*,*,#5159,.F.);
#5161=ORIENTED_EDGE('',*,*,#5143,.F.);
#5163=ORIENTED_EDGE('',*,*,#5162,.T.);
#5164=EDGE_LOOP('',(#5158,#5160,#5161,#5163));
#5165=FACE_OUTER_BOUND('',#5164,.F.);
#5167=CARTESIAN_POINT('',(-5.413639837014E0,-2.575E0,-1.847917099820E-1));
#5168=DIRECTION('',(7.353005878252E-3,0.E0,-9.999729662869E-1));
#5169=DIRECTION('',(1.776260797656E-14,-1.E0,0.E0));
#5170=AXIS2_PLACEMENT_3D('',#5167,#5168,#5169);
#5171=CYLINDRICAL_SURFACE('',#5170,5.E-2);
#5173=ORIENTED_EDGE('',*,*,#5172,.T.);
#5175=ORIENTED_EDGE('',*,*,#5174,.F.);
#5176=ORIENTED_EDGE('',*,*,#5157,.F.);
#5178=ORIENTED_EDGE('',*,*,#5177,.T.);
#5179=EDGE_LOOP('',(#5173,#5175,#5176,#5178));
#5180=FACE_OUTER_BOUND('',#5179,.F.);
#5182=CARTESIAN_POINT('',(-5.465E0,2.745004800192E0,0.E0));
#5183=DIRECTION('',(-9.999729662869E-1,0.E0,-7.353005878252E-3));
#5184=DIRECTION('',(0.E0,1.E0,0.E0));
#5185=AXIS2_PLACEMENT_3D('',#5182,#5183,#5184);
#5186=PLANE('',#5185);
#5188=ORIENTED_EDGE('',*,*,#5187,.F.);
#5190=ORIENTED_EDGE('',*,*,#5189,.F.);
#5191=ORIENTED_EDGE('',*,*,#5172,.F.);
#5193=ORIENTED_EDGE('',*,*,#5192,.F.);
#5195=ORIENTED_EDGE('',*,*,#5194,.T.);
#5197=ORIENTED_EDGE('',*,*,#5196,.T.);
#5199=ORIENTED_EDGE('',*,*,#5198,.T.);
#5200=EDGE_LOOP('',(#5188,#5190,#5191,#5193,#5195,#5197,#5199));
#5201=FACE_OUTER_BOUND('',#5200,.F.);
#5203=CARTESIAN_POINT('',(-5.365732177038E0,-2.2400804E0,-6.7E0));
#5204=DIRECTION('',(0.E0,1.E0,0.E0));
#5205=DIRECTION('',(0.E0,0.E0,-1.E0));
#5206=AXIS2_PLACEMENT_3D('',#5203,#5204,#5205);
#5207=CYLINDRICAL_SURFACE('',#5206,5.E-2);
#5209=ORIENTED_EDGE('',*,*,#5208,.F.);
#5211=ORIENTED_EDGE('',*,*,#5210,.T.);
#5212=ORIENTED_EDGE('',*,*,#5187,.T.);
#5214=ORIENTED_EDGE('',*,*,#5213,.T.);
#5215=EDGE_LOOP('',(#5209,#5211,#5212,#5214));
#5216=FACE_OUTER_BOUND('',#5215,.F.);
#5218=CARTESIAN_POINT('',(-6.215E0,0.E0,-6.75E0));
#5219=DIRECTION('',(0.E0,0.E0,1.E0));
#5220=DIRECTION('',(1.E0,0.E0,0.E0));
#5221=AXIS2_PLACEMENT_3D('',#5218,#5219,#5220);
#5222=PLANE('',#5221);
#5224=ORIENTED_EDGE('',*,*,#5223,.F.);
#5226=ORIENTED_EDGE('',*,*,#5225,.F.);
#5228=ORIENTED_EDGE('',*,*,#5227,.F.);
#5230=ORIENTED_EDGE('',*,*,#5229,.T.);
#5232=ORIENTED_EDGE('',*,*,#5231,.T.);
#5234=ORIENTED_EDGE('',*,*,#5233,.T.);
#5236=ORIENTED_EDGE('',*,*,#5235,.T.);
#5238=ORIENTED_EDGE('',*,*,#5237,.F.);
#5240=ORIENTED_EDGE('',*,*,#5239,.T.);
#5241=ORIENTED_EDGE('',*,*,#5208,.T.);
#5243=ORIENTED_EDGE('',*,*,#5242,.T.);
#5245=ORIENTED_EDGE('',*,*,#5244,.T.);
#5247=ORIENTED_EDGE('',*,*,#5246,.T.);
#5249=ORIENTED_EDGE('',*,*,#5248,.T.);
#5251=ORIENTED_EDGE('',*,*,#5250,.T.);
#5253=ORIENTED_EDGE('',*,*,#5252,.F.);
#5255=ORIENTED_EDGE('',*,*,#5254,.F.);
#5257=ORIENTED_EDGE('',*,*,#5256,.F.);
#5258=EDGE_LOOP('',(#5224,#5226,#5228,#5230,#5232,#5234,#5236,#5238,#5240,#5241,
#5243,#5245,#5247,#5249,#5251,#5253,#5255,#5257));
#5259=FACE_OUTER_BOUND('',#5258,.F.);
#5261=ORIENTED_EDGE('',*,*,#5260,.T.);
#5263=ORIENTED_EDGE('',*,*,#5262,.T.);
#5264=EDGE_LOOP('',(#5261,#5263));
#5265=FACE_BOUND('',#5264,.F.);
#5267=CARTESIAN_POINT('',(-3.81E0,-3.75E-1,-6.274999999992E0));
#5268=DIRECTION('',(0.E0,0.E0,-1.E0));
#5269=DIRECTION('',(0.E0,-1.E0,0.E0));
#5270=AXIS2_PLACEMENT_3D('',#5267,#5268,#5269);
#5271=CONICAL_SURFACE('',#5270,9.950011644067E-1,1.130993247402E1);
#5273=ORIENTED_EDGE('',*,*,#5272,.T.);
#5275=ORIENTED_EDGE('',*,*,#5274,.T.);
#5276=ORIENTED_EDGE('',*,*,#5260,.F.);
#5278=ORIENTED_EDGE('',*,*,#5277,.F.);
#5279=EDGE_LOOP('',(#5273,#5275,#5276,#5278));
#5280=FACE_OUTER_BOUND('',#5279,.F.);
#5282=CARTESIAN_POINT('',(-6.215E0,0.E0,-5.8E0));
#5283=DIRECTION('',(0.E0,0.E0,1.E0));
#5284=DIRECTION('',(1.E0,0.E0,0.E0));
#5285=AXIS2_PLACEMENT_3D('',#5282,#5283,#5284);
#5286=PLANE('',#5285);
#5287=ORIENTED_EDGE('',*,*,#5272,.F.);
#5289=ORIENTED_EDGE('',*,*,#5288,.F.);
#5290=EDGE_LOOP('',(#5287,#5289));
#5291=FACE_OUTER_BOUND('',#5290,.F.);
#5293=ORIENTED_EDGE('',*,*,#5292,.F.);
#5295=ORIENTED_EDGE('',*,*,#5294,.F.);
#5297=ORIENTED_EDGE('',*,*,#5296,.F.);
#5299=ORIENTED_EDGE('',*,*,#5298,.F.);
#5300=EDGE_LOOP('',(#5293,#5295,#5297,#5299));
#5301=FACE_BOUND('',#5300,.F.);
#5303=CARTESIAN_POINT('',(-3.81E0,-3.75E-1,-6.274999999992E0));
#5304=DIRECTION('',(0.E0,0.E0,-1.E0));
#5305=DIRECTION('',(0.E0,-1.E0,0.E0));
#5306=AXIS2_PLACEMENT_3D('',#5303,#5304,#5305);
#5307=CONICAL_SURFACE('',#5306,9.950011644067E-1,1.130993247402E1);
#5308=ORIENTED_EDGE('',*,*,#5288,.T.);
#5309=ORIENTED_EDGE('',*,*,#5277,.T.);
#5310=ORIENTED_EDGE('',*,*,#5262,.F.);
#5311=ORIENTED_EDGE('',*,*,#5274,.F.);
#5312=EDGE_LOOP('',(#5308,#5309,#5310,#5311));
#5313=FACE_OUTER_BOUND('',#5312,.F.);
#5315=CARTESIAN_POINT('',(-4.21E0,-7.75E-1,-5.8E0));
#5316=DIRECTION('',(0.E0,-1.E0,0.E0));
#5317=DIRECTION('',(1.E0,0.E0,0.E0));
#5318=AXIS2_PLACEMENT_3D('',#5315,#5316,#5317);
#5319=PLANE('',#5318);
#5321=ORIENTED_EDGE('',*,*,#5320,.F.);
#5322=ORIENTED_EDGE('',*,*,#5292,.T.);
#5324=ORIENTED_EDGE('',*,*,#5323,.T.);
#5326=ORIENTED_EDGE('',*,*,#5325,.T.);
#5327=EDGE_LOOP('',(#5321,#5322,#5324,#5326));
#5328=FACE_OUTER_BOUND('',#5327,.F.);
#5330=CARTESIAN_POINT('',(-3.41E0,-7.75E-1,-5.8E0));
#5331=DIRECTION('',(1.E0,0.E0,0.E0));
#5332=DIRECTION('',(0.E0,1.E0,0.E0));
#5333=AXIS2_PLACEMENT_3D('',#5330,#5331,#5332);
#5334=PLANE('',#5333);
#5335=ORIENTED_EDGE('',*,*,#5320,.T.);
#5337=ORIENTED_EDGE('',*,*,#5336,.T.);
#5339=ORIENTED_EDGE('',*,*,#5338,.F.);
#5340=ORIENTED_EDGE('',*,*,#5294,.T.);
#5341=EDGE_LOOP('',(#5335,#5337,#5339,#5340));
#5342=FACE_OUTER_BOUND('',#5341,.F.);
#5344=CARTESIAN_POINT('',(0.E0,0.E0,-1.E0));
#5345=DIRECTION('',(0.E0,0.E0,1.E0));
#5346=DIRECTION('',(1.E0,0.E0,0.E0));
#5347=AXIS2_PLACEMENT_3D('',#5344,#5345,#5346);
#5348=PLANE('',#5347);
#5349=ORIENTED_EDGE('',*,*,#5336,.F.);
#5350=ORIENTED_EDGE('',*,*,#5325,.F.);
#5352=ORIENTED_EDGE('',*,*,#5351,.F.);
#5354=ORIENTED_EDGE('',*,*,#5353,.F.);
#5355=EDGE_LOOP('',(#5349,#5350,#5352,#5354));
#5356=FACE_OUTER_BOUND('',#5355,.F.);
#5358=CARTESIAN_POINT('',(-4.21E0,2.5E-2,-5.8E0));
#5359=DIRECTION('',(-1.E0,0.E0,0.E0));
#5360=DIRECTION('',(0.E0,-1.E0,0.E0));
#5361=AXIS2_PLACEMENT_3D('',#5358,#5359,#5360);
#5362=PLANE('',#5361);
#5364=ORIENTED_EDGE('',*,*,#5363,.T.);
#5365=ORIENTED_EDGE('',*,*,#5351,.T.);
#5366=ORIENTED_EDGE('',*,*,#5323,.F.);
#5367=ORIENTED_EDGE('',*,*,#5298,.T.);
#5368=EDGE_LOOP('',(#5364,#5365,#5366,#5367));
#5369=FACE_OUTER_BOUND('',#5368,.F.);
#5371=CARTESIAN_POINT('',(-3.41E0,2.5E-2,-5.8E0));
#5372=DIRECTION('',(0.E0,1.E0,0.E0));
#5373=DIRECTION('',(-1.E0,0.E0,0.E0));
#5374=AXIS2_PLACEMENT_3D('',#5371,#5372,#5373);
#5375=PLANE('',#5374);
#5376=ORIENTED_EDGE('',*,*,#5338,.T.);
#5377=ORIENTED_EDGE('',*,*,#5353,.T.);
#5378=ORIENTED_EDGE('',*,*,#5363,.F.);
#5379=ORIENTED_EDGE('',*,*,#5296,.T.);
#5380=EDGE_LOOP('',(#5376,#5377,#5378,#5379));
#5381=FACE_OUTER_BOUND('',#5380,.F.);
#5383=CARTESIAN_POINT('',(-2.370994298008E0,2.925E0,-1.84352E-1));
#5384=DIRECTION('',(0.E0,0.E0,-1.E0));
#5385=DIRECTION('',(0.E0,1.E0,0.E0));
#5386=AXIS2_PLACEMENT_3D('',#5383,#5384,#5385);
#5387=CYLINDRICAL_SURFACE('',#5386,5.E-2);
#5389=ORIENTED_EDGE('',*,*,#5388,.F.);
#5391=ORIENTED_EDGE('',*,*,#5390,.T.);
#5393=ORIENTED_EDGE('',*,*,#5392,.T.);
#5394=ORIENTED_EDGE('',*,*,#5223,.T.);
#5395=EDGE_LOOP('',(#5389,#5391,#5393,#5394));
#5396=FACE_OUTER_BOUND('',#5395,.F.);
#5398=CARTESIAN_POINT('',(-2.305833024920E0,2.975E0,0.E0));
#5399=DIRECTION('',(0.E0,1.E0,0.E0));
#5400=DIRECTION('',(-1.E0,0.E0,0.E0));
#5401=AXIS2_PLACEMENT_3D('',#5398,#5399,#5400);
#5402=PLANE('',#5401);
#5403=ORIENTED_EDGE('',*,*,#5388,.T.);
#5404=ORIENTED_EDGE('',*,*,#5256,.T.);
#5406=ORIENTED_EDGE('',*,*,#5405,.F.);
#5408=ORIENTED_EDGE('',*,*,#5407,.T.);
#5409=EDGE_LOOP('',(#5403,#5404,#5406,#5408));
#5410=FACE_OUTER_BOUND('',#5409,.F.);
#5412=CARTESIAN_POINT('',(-5.249005706438E0,2.925E0,-1.769192E-1));
#5413=DIRECTION('',(0.E0,0.E0,-1.E0));
#5414=DIRECTION('',(-9.659258262891E-1,-2.588190451025E-1,0.E0));
#5415=AXIS2_PLACEMENT_3D('',#5412,#5413,#5414);
#5416=CYLINDRICAL_SURFACE('',#5415,5.E-2);
#5418=ORIENTED_EDGE('',*,*,#5417,.T.);
#5420=ORIENTED_EDGE('',*,*,#5419,.T.);
#5421=ORIENTED_EDGE('',*,*,#5405,.T.);
#5422=ORIENTED_EDGE('',*,*,#5254,.T.);
#5423=EDGE_LOOP('',(#5418,#5420,#5421,#5422));
#5424=FACE_OUTER_BOUND('',#5423,.F.);
#5426=CARTESIAN_POINT('',(-5.314166975080E0,2.975E0,0.E0));
#5427=DIRECTION('',(-9.659258262891E-1,-2.588190451025E-1,0.E0));
#5428=DIRECTION('',(2.588190451025E-1,-9.659258262891E-1,0.E0));
#5429=AXIS2_PLACEMENT_3D('',#5426,#5427,#5428);
#5430=PLANE('',#5429);
#5431=ORIENTED_EDGE('',*,*,#5417,.F.);
#5432=ORIENTED_EDGE('',*,*,#5252,.T.);
#5434=ORIENTED_EDGE('',*,*,#5433,.F.);
#5436=ORIENTED_EDGE('',*,*,#5435,.F.);
#5438=ORIENTED_EDGE('',*,*,#5437,.T.);
#5439=EDGE_LOOP('',(#5431,#5432,#5434,#5436,#5438));
#5440=FACE_OUTER_BOUND('',#5439,.F.);
#5442=CARTESIAN_POINT('',(-4.687906399978E0,2.375E0,-6.7E0));
#5443=DIRECTION('',(-1.E0,0.E0,0.E0));
#5444=DIRECTION('',(0.E0,0.E0,-1.E0));
#5445=AXIS2_PLACEMENT_3D('',#5442,#5443,#5444);
#5446=CYLINDRICAL_SURFACE('',#5445,5.E-2);
#5447=ORIENTED_EDGE('',*,*,#5433,.T.);
#5448=ORIENTED_EDGE('',*,*,#5250,.F.);
#5450=ORIENTED_EDGE('',*,*,#5449,.T.);
#5452=ORIENTED_EDGE('',*,*,#5451,.T.);
#5454=ORIENTED_EDGE('',*,*,#5453,.T.);
#5455=EDGE_LOOP('',(#5447,#5448,#5450,#5452,#5454));
#5456=FACE_OUTER_BOUND('',#5455,.F.);
#5458=CARTESIAN_POINT('',(-4.7095E0,2.125500626567E0,-6.7E0));
#5459=DIRECTION('',(0.E0,0.E0,1.E0));
#5460=DIRECTION('',(9.970310620590E-1,-7.700039798272E-2,0.E0));
#5461=AXIS2_PLACEMENT_3D('',#5458,#5459,#5460);
#5462=TOROIDAL_SURFACE('',#5461,2.495E-1,5.E-2);
#5463=ORIENTED_EDGE('',*,*,#5248,.F.);
#5465=ORIENTED_EDGE('',*,*,#5464,.T.);
#5467=ORIENTED_EDGE('',*,*,#5466,.T.);
#5468=ORIENTED_EDGE('',*,*,#5449,.F.);
#5469=EDGE_LOOP('',(#5463,#5465,#5467,#5468));
#5470=FACE_OUTER_BOUND('',#5469,.F.);
#5472=CARTESIAN_POINT('',(-4.46E0,1.8026564E0,-6.7E0));
#5473=DIRECTION('',(0.E0,1.E0,0.E0));
#5474=DIRECTION('',(1.776356839400E-14,0.E0,-1.E0));
#5475=AXIS2_PLACEMENT_3D('',#5472,#5473,#5474);
#5476=CYLINDRICAL_SURFACE('',#5475,5.E-2);
#5477=ORIENTED_EDGE('',*,*,#5246,.F.);
#5479=ORIENTED_EDGE('',*,*,#5478,.T.);
#5481=ORIENTED_EDGE('',*,*,#5480,.T.);
#5482=ORIENTED_EDGE('',*,*,#5464,.F.);
#5483=EDGE_LOOP('',(#5477,#5479,#5481,#5482));
#5484=FACE_OUTER_BOUND('',#5483,.F.);
#5486=CARTESIAN_POINT('',(-4.7095E0,1.8245E0,-6.7E0));
#5487=DIRECTION('',(0.E0,0.E0,1.E0));
#5488=DIRECTION('',(-7.700039798273E-2,-9.970310620590E-1,0.E0));
#5489=AXIS2_PLACEMENT_3D('',#5486,#5487,#5488);
#5490=TOROIDAL_SURFACE('',#5489,2.495E-1,5.E-2);
#5491=ORIENTED_EDGE('',*,*,#5244,.F.);
#5493=ORIENTED_EDGE('',*,*,#5492,.T.);
#5495=ORIENTED_EDGE('',*,*,#5494,.T.);
#5496=ORIENTED_EDGE('',*,*,#5478,.F.);
#5497=EDGE_LOOP('',(#5491,#5493,#5495,#5496));
#5498=FACE_OUTER_BOUND('',#5497,.F.);
#5500=CARTESIAN_POINT('',(-2.2418748E1,1.575E0,-6.7E0));
#5501=DIRECTION('',(1.E0,0.E0,0.E0));
#5502=DIRECTION('',(0.E0,0.E0,-1.E0));
#5503=AXIS2_PLACEMENT_3D('',#5500,#5501,#5502);
#5504=CYLINDRICAL_SURFACE('',#5503,5.E-2);
#5506=ORIENTED_EDGE('',*,*,#5505,.T.);
#5507=ORIENTED_EDGE('',*,*,#5492,.F.);
#5508=ORIENTED_EDGE('',*,*,#5242,.F.);
#5510=ORIENTED_EDGE('',*,*,#5509,.T.);
#5511=EDGE_LOOP('',(#5506,#5507,#5508,#5510));
#5512=FACE_OUTER_BOUND('',#5511,.F.);
#5514=CARTESIAN_POINT('',(-4.7095E0,1.625E0,0.E0));
#5515=DIRECTION('',(0.E0,1.E0,0.E0));
#5516=DIRECTION('',(-1.E0,0.E0,0.E0));
#5517=AXIS2_PLACEMENT_3D('',#5514,#5515,#5516);
#5518=PLANE('',#5517);
#5520=ORIENTED_EDGE('',*,*,#5519,.F.);
#5522=ORIENTED_EDGE('',*,*,#5521,.T.);
#5524=ORIENTED_EDGE('',*,*,#5523,.T.);
#5525=ORIENTED_EDGE('',*,*,#5505,.F.);
#5526=EDGE_LOOP('',(#5520,#5522,#5524,#5525));
#5527=FACE_OUTER_BOUND('',#5526,.F.);
#5529=CARTESIAN_POINT('',(-5.413652410654E0,1.575E0,-1.830817562096E-1));
#5530=DIRECTION('',(7.353005878252E-3,0.E0,-9.999729662869E-1));
#5531=DIRECTION('',(-9.999729662869E-1,0.E0,-7.353005878252E-3));
#5532=AXIS2_PLACEMENT_3D('',#5529,#5530,#5531);
#5533=CYLINDRICAL_SURFACE('',#5532,5.E-2);
#5534=ORIENTED_EDGE('',*,*,#5198,.F.);
#5536=ORIENTED_EDGE('',*,*,#5535,.T.);
#5537=ORIENTED_EDGE('',*,*,#5519,.T.);
#5539=ORIENTED_EDGE('',*,*,#5538,.T.);
#5540=EDGE_LOOP('',(#5534,#5536,#5537,#5539));
#5541=FACE_OUTER_BOUND('',#5540,.F.);
#5543=CARTESIAN_POINT('',(-5.462107266495E0,1.563119089895E0,
-1.983929328308E-1));
#5544=CARTESIAN_POINT('',(-5.472081279731E0,1.603874187150E0,
-1.987719482564E-1));
#5545=CARTESIAN_POINT('',(-5.442412210312E0,1.633544860308E0,
-1.987763237453E-1));
#5546=CARTESIAN_POINT('',(-5.401656518435E0,1.623573105574E0,
-1.984018478922E-1));
#5547=CARTESIAN_POINT('',(-5.462107176381E0,1.563119011114E0,
-1.984057706182E-1));
#5548=CARTESIAN_POINT('',(-5.472081189617E0,1.603874126948E0,
-1.987827882164E-1));
#5549=CARTESIAN_POINT('',(-5.442412120198E0,1.633544800321E0,
-1.987857091399E-1));
#5550=CARTESIAN_POINT('',(-5.401656428323E0,1.623573027231E0,
-1.984117220017E-1));
#5551=CARTESIAN_POINT('',(-5.462105584385E0,1.563117636006E0,
-1.986325695930E-1));
#5552=CARTESIAN_POINT('',(-5.472079597617E0,1.603873077480E0,
-1.989742925251E-1));
#5553=CARTESIAN_POINT('',(-5.442410528209E0,1.633543752764E0,
-1.989515163691E-1));
#5554=CARTESIAN_POINT('',(-5.401654836348E0,1.623571656016E0,
-1.985861631605E-1));
#5555=CARTESIAN_POINT('',(-5.462102490486E0,1.563115536208E0,
-1.990733320742E-1));
#5556=CARTESIAN_POINT('',(-5.472076503712E0,1.603871521428E0,
-1.993464625776E-1));
#5557=CARTESIAN_POINT('',(-5.442407434321E0,1.633542135543E0,
-1.992737473409E-1));
#5558=CARTESIAN_POINT('',(-5.401651742482E0,1.623569431587E0,
-1.989251747325E-1));
#5559=CARTESIAN_POINT('',(-5.462097984769E0,1.563114051557E0,
-1.997152225014E-1));
#5560=CARTESIAN_POINT('',(-5.472071997991E0,1.603870583803E0,
-1.998884590532E-1));
#5561=CARTESIAN_POINT('',(-5.442402928614E0,1.633540930571E0,
-1.997430187588E-1));
#5562=CARTESIAN_POINT('',(-5.401647236795E0,1.623567402217E0,
-1.994188878079E-1));
#5563=CARTESIAN_POINT('',(-5.462094890836E0,1.563114112428E0,
-2.001559869053E-1));
#5564=CARTESIAN_POINT('',(-5.472068904057E0,1.603870852174E0,
-2.002606286022E-1));
#5565=CARTESIAN_POINT('',(-5.442399834683E0,1.633540892963E0,
-2.000652519413E-1));
#5566=CARTESIAN_POINT('',(-5.401644142869E0,1.623566839656E0,
-1.997579068329E-1));
#5567=CARTESIAN_POINT('',(-5.462093298814E0,1.563114438374E0,
-2.003827873667E-1));
#5568=CARTESIAN_POINT('',(-5.472067312035E0,1.603871239040E0,
-2.004521324914E-1));
#5569=CARTESIAN_POINT('',(-5.442398242661E0,1.633541089004E0,
-2.002310608909E-1));
#5570=CARTESIAN_POINT('',(-5.401642550847E0,1.623566776796E0,
-1.999323538383E-1));
#5571=CARTESIAN_POINT('',(-5.462093208700E0,1.563114457768E0,
-2.003956251192E-1));
#5572=CARTESIAN_POINT('',(-5.472067221921E0,1.603871261735E0,
-2.004629723252E-1));
#5573=CARTESIAN_POINT('',(-5.442398152547E0,1.633541100791E0,
-2.002404462966E-1));
#5574=CARTESIAN_POINT('',(-5.401642460732E0,1.623566773964E0,
-1.999422281924E-1));
#5575=(BOUNDED_SURFACE()B_SPLINE_SURFACE(3,3,((#5543,#5544,#5545,#5546),(#5547,
#5548,#5549,#5550),(#5551,#5552,#5553,#5554),(#5555,#5556,#5557,#5558),(#5559,
#5560,#5561,#5562),(#5563,#5564,#5565,#5566),(#5567,#5568,#5569,#5570),(#5571,
#5572,#5573,#5574)),.UNSPECIFIED.,.F.,.F.,.F.)B_SPLINE_SURFACE_WITH_KNOTS((4,1,
1,1,1,4),(4,4),(-2.000020402268E-2,0.E0,3.333335862087E-1,6.666664138905E-1,
1.E0,1.020000004447E0),(0.E0,1.E0),.UNSPECIFIED.)GEOMETRIC_REPRESENTATION_ITEM()RATIONAL_B_SPLINE_SURFACE(((1.316872148614E0,8.943759504620E-1,8.943759504620E-1,
1.316872148614E0),(1.316872148614E0,8.943759504620E-1,8.943759504620E-1,
1.316872148614E0),(1.316872148614E0,8.943759504620E-1,8.943759504620E-1,
1.316872148614E0),(1.316872148614E0,8.943759504620E-1,8.943759504620E-1,
1.316872148614E0),(1.316872148614E0,8.943759504620E-1,8.943759504620E-1,
1.316872148614E0),(1.316872148614E0,8.943759504620E-1,8.943759504620E-1,
1.316872148614E0),(1.316872148614E0,8.943759504620E-1,8.943759504620E-1,
1.316872148614E0),(1.316872148614E0,8.943759504620E-1,8.943759504620E-1,
1.316872148614E0)))REPRESENTATION_ITEM('')SURFACE());
#5576=ORIENTED_EDGE('',*,*,#5196,.F.);
#5578=ORIENTED_EDGE('',*,*,#5577,.T.);
#5580=ORIENTED_EDGE('',*,*,#5579,.T.);
#5581=ORIENTED_EDGE('',*,*,#5535,.F.);
#5582=EDGE_LOOP('',(#5576,#5578,#5580,#5581));
#5583=FACE_OUTER_BOUND('',#5582,.F.);
#5585=CARTESIAN_POINT('',(-5.675835695606E0,1.821433157155E0,
1.235221899360E-3));
#5586=CARTESIAN_POINT('',(-5.646831862325E0,1.850254743512E0,
-8.179357201236E-3));
#5587=CARTESIAN_POINT('',(-5.626431950508E0,1.871236719870E0,
2.188936401976E-2));
#5588=CARTESIAN_POINT('',(-5.634269969701E0,1.864184865400E0,
6.250157617593E-2));
#5589=CARTESIAN_POINT('',(-5.674537188754E0,1.819820317574E0,
1.313572941874E-3));
#5590=CARTESIAN_POINT('',(-5.645592592737E0,1.848639836928E0,
-8.288139009360E-3));
#5591=CARTESIAN_POINT('',(-5.624997474261E0,1.869620308518E0,
2.164877316318E-2));
#5592=CARTESIAN_POINT('',(-5.632573720615E0,1.862568959787E0,
6.231136043105E-2));
#5593=CARTESIAN_POINT('',(-5.659308916707E0,1.800913321912E0,
2.087750505110E-3));
#5594=CARTESIAN_POINT('',(-5.631089194438E0,1.829720456537E0,
-9.700685345603E-3));
#5595=CARTESIAN_POINT('',(-5.608228383076E0,1.850691912102E0,
1.866968386924E-2));
#5596=CARTESIAN_POINT('',(-5.612728998737E0,1.843643593577E0,
5.989363717715E-2));
#5597=CARTESIAN_POINT('',(-5.631439326658E0,1.766485855715E0,
3.946044111519E-4));
#5598=CARTESIAN_POINT('',(-5.605202998753E0,1.795498600378E0,
-1.521539159727E-2));
#5599=CARTESIAN_POINT('',(-5.578709462225E0,1.816619739064E0,
9.850627721175E-3));
#5600=CARTESIAN_POINT('',(-5.577457569902E0,1.809521113381E0,
5.146773148498E-2));
#5601=CARTESIAN_POINT('',(-5.593546524819E0,1.720103361696E0,
-9.677754501217E-3));
#5602=CARTESIAN_POINT('',(-5.571610858585E0,1.749952365762E0,
-2.969496840128E-2));
#5603=CARTESIAN_POINT('',(-5.541432776654E0,1.771682297273E0,
-9.950104975987E-3));
#5604=CARTESIAN_POINT('',(-5.532057343241E0,1.764379061770E0,
3.055328122743E-2));
#5605=CARTESIAN_POINT('',(-5.560063513283E0,1.679475595014E0,
-2.573647059676E-2));
#5606=CARTESIAN_POINT('',(-5.543334208203E0,1.710610404827E0,
-4.861499142737E-2));
#5607=CARTESIAN_POINT('',(-5.511000356713E0,1.733276396743E0,
-3.409556893598E-2));
#5608=CARTESIAN_POINT('',(-5.494181855530E0,1.725658559716E0,
3.847497265109E-3));
#5609=CARTESIAN_POINT('',(-5.531085478320E0,1.644617189288E0,
-4.671954444752E-2));
#5610=CARTESIAN_POINT('',(-5.520131609797E0,1.677424280678E0,
-7.073730601828E-2));
#5611=CARTESIAN_POINT('',(-5.486925148453E0,1.701307685545E0,
-6.101226275886E-2));
#5612=CARTESIAN_POINT('',(-5.463425839254E0,1.693280686921E0,
-2.690433709940E-2));
#5613=CARTESIAN_POINT('',(-5.506933287812E0,1.615813118773E0,
-7.162655365780E-2));
#5614=CARTESIAN_POINT('',(-5.501920690863E0,1.650579526107E0,
-9.487269076003E-2));
#5615=CARTESIAN_POINT('',(-5.468869033652E0,1.675889303567E0,
-8.917718214154E-2));
#5616=CARTESIAN_POINT('',(-5.439589069039E0,1.667382913880E0,
-6.002170201675E-2));
#5617=CARTESIAN_POINT('',(-5.487618176671E0,1.592968993926E0,
-9.982266613021E-2));
#5618=CARTESIAN_POINT('',(-5.488298051752E0,1.629831772297E0,
-1.202400834500E-1));
#5619=CARTESIAN_POINT('',(-5.456106356826E0,1.656667697796E0,
-1.175767874114E-1));
#5620=CARTESIAN_POINT('',(-5.422026169230E0,1.647648383411E0,
-9.439608222444E-2));
#5621=CARTESIAN_POINT('',(-5.473226539977E0,1.576078554704E0,
-1.309508178633E-1));
#5622=CARTESIAN_POINT('',(-5.478847077172E0,1.614935842204E0,
-1.463884765368E-1));
#5623=CARTESIAN_POINT('',(-5.447843096425E0,1.643223760765E0,
-1.456201640949E-1));
#5624=CARTESIAN_POINT('',(-5.410054552901E0,1.633716444507E0,
-1.293853471565E-1));
#5625=CARTESIAN_POINT('',(-5.464307406124E0,1.565677878535E0,
-1.642171127393E-1));
#5626=CARTESIAN_POINT('',(-5.473374638664E0,1.606025763323E0,
-1.727058015341E-1));
#5627=CARTESIAN_POINT('',(-5.443407704430E0,1.635398829546E0,
-1.726897990327E-1));
#5628=CARTESIAN_POINT('',(-5.403248447351E0,1.625526804871E0,
-1.641845069324E-1));
#5629=CARTESIAN_POINT('',(-5.462008330559E0,1.563005488043E0,
-1.893930548031E-1));
#5630=CARTESIAN_POINT('',(-5.472020538492E0,1.603779360871E0,
-1.919166348723E-1));
#5631=CARTESIAN_POINT('',(-5.442365138566E0,1.633462544338E0,
-1.919176172200E-1));
#5632=CARTESIAN_POINT('',(-5.401584136768E0,1.623486292033E0,
-1.893950563802E-1));
#5633=CARTESIAN_POINT('',(-5.462106974477E0,1.563120777725E0,
-2.025010879468E-1));
#5634=CARTESIAN_POINT('',(-5.472078871086E0,1.603874512888E0,
-2.019062105512E-1));
#5635=CARTESIAN_POINT('',(-5.442410287309E0,1.633543036233E0,
-2.019061163656E-1));
#5636=CARTESIAN_POINT('',(-5.401655918005E0,1.623571711064E0,
-2.025008960394E-1));
#5637=CARTESIAN_POINT('',(-5.462153784415E0,1.563175764236E0,
-2.045330253232E-1));
#5638=CARTESIAN_POINT('',(-5.472107105786E0,1.603919689061E0,
-2.034553330144E-1));
#5639=CARTESIAN_POINT('',(-5.442432699083E0,1.633581070528E0,
-2.034555348268E-1));
#5640=CARTESIAN_POINT('',(-5.401690863473E0,1.623612145680E0,
-2.045334365248E-1));
#5641=(BOUNDED_SURFACE()B_SPLINE_SURFACE(3,3,((#5585,#5586,#5587,#5588),(#5589,
#5590,#5591,#5592),(#5593,#5594,#5595,#5596),(#5597,#5598,#5599,#5600),(#5601,
#5602,#5603,#5604),(#5605,#5606,#5607,#5608),(#5609,#5610,#5611,#5612),(#5613,
#5614,#5615,#5616),(#5617,#5618,#5619,#5620),(#5621,#5622,#5623,#5624),(#5625,
#5626,#5627,#5628),(#5629,#5630,#5631,#5632),(#5633,#5634,#5635,#5636),(#5637,
#5638,#5639,#5640)),.UNSPECIFIED.,.F.,.F.,.F.)B_SPLINE_SURFACE_WITH_KNOTS((4,1,
1,1,1,1,1,1,1,1,1,4),(4,4),(-1.473248627394E-2,0.E0,1.580011503137E-1,
3.005927026181E-1,4.301928539713E-1,5.474518117467E-1,6.534824119343E-1,
7.482553382742E-1,8.368921064513E-1,9.218574708912E-1,1.E0,1.014357977845E0),(
0.E0,1.E0),.UNSPECIFIED.)GEOMETRIC_REPRESENTATION_ITEM()RATIONAL_B_SPLINE_SURFACE(((1.316853182950E0,8.943822723499E-1,8.943822723499E-1,1.316853182950E0),(
1.316853182950E0,8.943822723499E-1,8.943822723499E-1,1.316853182950E0),(
1.316853182950E0,8.943822723499E-1,8.943822723499E-1,1.316853182950E0),(
1.316853182950E0,8.943822723499E-1,8.943822723499E-1,1.316853182950E0),(
1.316853182950E0,8.943822723499E-1,8.943822723499E-1,1.316853182950E0),(
1.316853182950E0,8.943822723499E-1,8.943822723499E-1,1.316853182950E0),(
1.316853182950E0,8.943822723499E-1,8.943822723499E-1,1.316853182950E0),(
1.316853182950E0,8.943822723499E-1,8.943822723499E-1,1.316853182950E0),(
1.316853182950E0,8.943822723499E-1,8.943822723499E-1,1.316853182950E0),(
1.316853182950E0,8.943822723499E-1,8.943822723499E-1,1.316853182950E0),(
1.316853182950E0,8.943822723499E-1,8.943822723499E-1,1.316853182950E0),(
1.316853182950E0,8.943822723499E-1,8.943822723499E-1,1.316853182950E0),(
1.316853182950E0,8.943822723499E-1,8.943822723499E-1,1.316853182950E0),(
1.316853182950E0,8.943822723499E-1,8.943822723499E-1,1.316853182950E0)))REPRESENTATION_ITEM('')SURFACE());
#5643=ORIENTED_EDGE('',*,*,#5642,.T.);
#5644=ORIENTED_EDGE('',*,*,#5577,.F.);
#5646=ORIENTED_EDGE('',*,*,#5645,.F.);
#5647=EDGE_LOOP('',(#5643,#5644,#5646));
#5648=FACE_OUTER_BOUND('',#5647,.F.);
#5650=CARTESIAN_POINT('',(-2.2418748E1,1.825E0,-2.E-1));
#5651=DIRECTION('',(1.E0,0.E0,0.E0));
#5652=DIRECTION('',(0.E0,0.E0,1.E0));
#5653=AXIS2_PLACEMENT_3D('',#5650,#5651,#5652);
#5654=CYLINDRICAL_SURFACE('',#5653,2.E-1);
#5655=ORIENTED_EDGE('',*,*,#5579,.F.);
#5656=ORIENTED_EDGE('',*,*,#5642,.F.);
#5657=ORIENTED_EDGE('',*,*,#4534,.T.);
#5659=ORIENTED_EDGE('',*,*,#5658,.T.);
#5660=ORIENTED_EDGE('',*,*,#5521,.F.);
#5661=EDGE_LOOP('',(#5655,#5656,#5657,#5659,#5660));
#5662=FACE_OUTER_BOUND('',#5661,.F.);
#5664=CARTESIAN_POINT('',(-4.709461499801E0,1.824998515531E0,-2.E-1));
#5665=DIRECTION('',(-7.080578473981E-1,-7.061544340567E-1,0.E0));
#5666=DIRECTION('',(7.061544340567E-1,-7.080578473981E-1,0.E0));
#5667=AXIS2_PLACEMENT_3D('',#5664,#5665,#5666);
#5668=SPHERICAL_SURFACE('',#5667,2.E-1);
#5670=ORIENTED_EDGE('',*,*,#5669,.F.);
#5671=ORIENTED_EDGE('',*,*,#5658,.F.);
#5673=ORIENTED_EDGE('',*,*,#5672,.T.);
#5674=EDGE_LOOP('',(#5670,#5671,#5673));
#5675=FACE_OUTER_BOUND('',#5674,.F.);
#5677=CARTESIAN_POINT('',(-4.7095E0,1.8245E0,0.E0));
#5678=DIRECTION('',(0.E0,0.E0,1.E0));
#5679=DIRECTION('',(1.E0,0.E0,0.E0));
#5680=AXIS2_PLACEMENT_3D('',#5677,#5678,#5679);
#5681=CYLINDRICAL_SURFACE('',#5680,1.995E-1);
#5682=ORIENTED_EDGE('',*,*,#5494,.F.);
#5683=ORIENTED_EDGE('',*,*,#5523,.F.);
#5684=ORIENTED_EDGE('',*,*,#5669,.T.);
#5686=ORIENTED_EDGE('',*,*,#5685,.T.);
#5687=EDGE_LOOP('',(#5682,#5683,#5684,#5686));
#5688=FACE_OUTER_BOUND('',#5687,.F.);
#5690=CARTESIAN_POINT('',(-4.51E0,2.125500626567E0,0.E0));
#5691=DIRECTION('',(-1.E0,0.E0,0.E0));
#5692=DIRECTION('',(0.E0,-1.E0,0.E0));
#5693=AXIS2_PLACEMENT_3D('',#5690,#5691,#5692);
#5694=PLANE('',#5693);
#5695=ORIENTED_EDGE('',*,*,#5480,.F.);
#5696=ORIENTED_EDGE('',*,*,#5685,.F.);
#5698=ORIENTED_EDGE('',*,*,#5697,.T.);
#5700=ORIENTED_EDGE('',*,*,#5699,.T.);
#5701=EDGE_LOOP('',(#5695,#5696,#5698,#5700));
#5702=FACE_OUTER_BOUND('',#5701,.F.);
#5704=CARTESIAN_POINT('',(-4.71E0,1.8026564E0,-2.E-1));
#5705=DIRECTION('',(0.E0,1.E0,0.E0));
#5706=DIRECTION('',(0.E0,0.E0,1.E0));
#5707=AXIS2_PLACEMENT_3D('',#5704,#5705,#5706);
#5708=CYLINDRICAL_SURFACE('',#5707,2.E-1);
#5709=ORIENTED_EDGE('',*,*,#4532,.T.);
#5711=ORIENTED_EDGE('',*,*,#5710,.T.);
#5712=ORIENTED_EDGE('',*,*,#5697,.F.);
#5713=ORIENTED_EDGE('',*,*,#5672,.F.);
#5714=EDGE_LOOP('',(#5709,#5711,#5712,#5713));
#5715=FACE_OUTER_BOUND('',#5714,.F.);
#5717=CARTESIAN_POINT('',(-4.709998515531E0,2.125539126766E0,-2.E-1));
#5718=DIRECTION('',(7.061544339188E-1,-7.080578475357E-1,0.E0));
#5719=DIRECTION('',(7.080578475357E-1,7.061544339188E-1,0.E0));
#5720=AXIS2_PLACEMENT_3D('',#5717,#5718,#5719);
#5721=SPHERICAL_SURFACE('',#5720,2.E-1);
#5723=ORIENTED_EDGE('',*,*,#5722,.F.);
#5724=ORIENTED_EDGE('',*,*,#5710,.F.);
#5726=ORIENTED_EDGE('',*,*,#5725,.T.);
#5727=EDGE_LOOP('',(#5723,#5724,#5726));
#5728=FACE_OUTER_BOUND('',#5727,.F.);
#5730=CARTESIAN_POINT('',(-4.7095E0,2.125500626567E0,0.E0));
#5731=DIRECTION('',(0.E0,0.E0,1.E0));
#5732=DIRECTION('',(1.E0,0.E0,0.E0));
#5733=AXIS2_PLACEMENT_3D('',#5730,#5731,#5732);
#5734=CYLINDRICAL_SURFACE('',#5733,1.995E-1);
#5735=ORIENTED_EDGE('',*,*,#5466,.F.);
#5736=ORIENTED_EDGE('',*,*,#5699,.F.);
#5737=ORIENTED_EDGE('',*,*,#5722,.T.);
#5739=ORIENTED_EDGE('',*,*,#5738,.T.);
#5740=EDGE_LOOP('',(#5735,#5736,#5737,#5739));
#5741=FACE_OUTER_BOUND('',#5740,.F.);
#5743=CARTESIAN_POINT('',(-5.14E0,2.325E0,0.E0));
#5744=DIRECTION('',(0.E0,-1.E0,0.E0));
#5745=DIRECTION('',(1.E0,0.E0,0.E0));
#5746=AXIS2_PLACEMENT_3D('',#5743,#5744,#5745);
#5747=PLANE('',#5746);
#5749=ORIENTED_EDGE('',*,*,#5748,.T.);
#5750=ORIENTED_EDGE('',*,*,#5451,.F.);
#5751=ORIENTED_EDGE('',*,*,#5738,.F.);
#5753=ORIENTED_EDGE('',*,*,#5752,.T.);
#5754=EDGE_LOOP('',(#5749,#5750,#5751,#5753));
#5755=FACE_OUTER_BOUND('',#5754,.F.);
#5757=CARTESIAN_POINT('',(-5.101633650601E0,2.375E0,-1.84352E-1));
#5758=DIRECTION('',(0.E0,0.E0,-1.E0));
#5759=DIRECTION('',(0.E0,-1.E0,0.E0));
#5760=AXIS2_PLACEMENT_3D('',#5757,#5758,#5759);
#5761=CYLINDRICAL_SURFACE('',#5760,5.E-2);
#5762=ORIENTED_EDGE('',*,*,#5748,.F.);
#5764=ORIENTED_EDGE('',*,*,#5763,.T.);
#5765=ORIENTED_EDGE('',*,*,#5435,.T.);
#5766=ORIENTED_EDGE('',*,*,#5453,.F.);
#5767=EDGE_LOOP('',(#5762,#5764,#5765,#5766));
#5768=FACE_OUTER_BOUND('',#5767,.F.);
#5770=CARTESIAN_POINT('',(-5.151254404238E0,2.368087916810E0,
-1.517842038405E-1));
#5771=CARTESIAN_POINT('',(-5.149701178912E0,2.355850696484E0,
-1.621093688311E-1));
#5772=CARTESIAN_POINT('',(-5.139963262470E0,2.338659087695E0,
-1.756814342122E-1));
#5773=CARTESIAN_POINT('',(-5.117624114637E0,2.326217827277E0,
-1.946152566498E-1));
#5774=CARTESIAN_POINT('',(-5.105215408250E0,2.324532323047E0,
-2.044260580211E-1));
#5775=CARTESIAN_POINT('',(-5.098557055794E0,2.324986346265E0,
-2.102473270841E-1));
#5776=CARTESIAN_POINT('',(-5.150116007782E0,2.364443135667E0,
-1.371400240012E-1));
#5777=CARTESIAN_POINT('',(-5.147646114567E0,2.353215385611E0,
-1.471352924118E-1));
#5778=CARTESIAN_POINT('',(-5.137361094236E0,2.337144224101E0,
-1.602731168448E-1));
#5779=CARTESIAN_POINT('',(-5.113948362703E0,2.325822308444E0,
-1.786249234215E-1));
#5780=CARTESIAN_POINT('',(-5.101008628018E0,2.324907287556E0,
-1.881436596681E-1));
#5781=CARTESIAN_POINT('',(-5.094181411398E0,2.325868225687E0,
-1.937965805735E-1));
#5782=CARTESIAN_POINT('',(-5.151029857500E0,2.353128819989E0,
-1.107336981569E-1));
#5783=CARTESIAN_POINT('',(-5.147077146877E0,2.343879688178E0,
-1.196806415179E-1));
#5784=CARTESIAN_POINT('',(-5.136415410558E0,2.330126621346E0,
-1.315107980895E-1));
#5785=CARTESIAN_POINT('',(-5.112530075631E0,2.321173492205E0,
-1.479060150804E-1));
#5786=CARTESIAN_POINT('',(-5.099359587606E0,2.321641258058E0,
-1.563200130491E-1));
#5787=CARTESIAN_POINT('',(-5.092509371031E0,2.323464922101E0,
-1.612762795291E-1));
#5788=CARTESIAN_POINT('',(-5.160787435594E0,2.320127817880E0,
-6.756404566933E-2));
#5789=CARTESIAN_POINT('',(-5.155535320775E0,2.314314941277E0,
-7.332066573420E-2));
#5790=CARTESIAN_POINT('',(-5.145778268320E0,2.304859662929E0,
-8.217891007191E-2));
#5791=CARTESIAN_POINT('',(-5.124285120400E0,2.299761282313E0,
-9.431779151121E-2));
#5792=CARTESIAN_POINT('',(-5.112373349252E0,2.301763295563E0,
-1.000642929895E-1));
#5793=CARTESIAN_POINT('',(-5.106208509701E0,2.304355458287E0,
-1.031339288076E-1));
#5794=CARTESIAN_POINT('',(-5.181262414694E0,2.268396574195E0,
-2.999811500100E-2));
#5795=CARTESIAN_POINT('',(-5.176869372232E0,2.265208262621E0,
-3.215218576906E-2));
#5796=CARTESIAN_POINT('',(-5.169367051025E0,2.260075168425E0,
-3.715095194313E-2));
#5797=CARTESIAN_POINT('',(-5.153129956644E0,2.258379347742E0,
-4.406230814380E-2));
#5798=CARTESIAN_POINT('',(-5.144158811175E0,2.260636306763E0,
-4.688639594739E-2));
#5799=CARTESIAN_POINT('',(-5.139530952990E0,2.262861327033E0,
-4.804877403504E-2));
#5800=CARTESIAN_POINT('',(-5.205852845242E0,2.209967847584E0,
-9.368699847938E-3));
#5801=CARTESIAN_POINT('',(-5.203511546075E0,2.208345698038E0,
-9.886989841261E-3));
#5802=CARTESIAN_POINT('',(-5.198885914372E0,2.206008038374E0,
-1.166002918457E-2));
#5803=CARTESIAN_POINT('',(-5.189185467410E0,2.205892914994E0,
-1.416782007628E-2));
#5804=CARTESIAN_POINT('',(-5.183883227917E0,2.207379799848E0,
-1.511804544050E-2));
#5805=CARTESIAN_POINT('',(-5.181124946421E0,2.208677431327E0,
-1.543578772393E-2));
#5806=CARTESIAN_POINT('',(-5.226182172160E0,2.161602555415E0,
-1.332099746026E-3));
#5807=CARTESIAN_POINT('',(-5.225359176830E0,2.161013058665E0,
-1.373954592004E-3));
#5808=CARTESIAN_POINT('',(-5.223347018919E0,2.160180596928E0,
-1.649387468099E-3));
#5809=CARTESIAN_POINT('',(-5.219297779066E0,2.160414212497E0,
-2.062899578388E-3));
#5810=CARTESIAN_POINT('',(-5.217120409445E0,2.161119920149E0,
-2.217458867245E-3));
#5811=CARTESIAN_POINT('',(-5.215977197590E0,2.161708988623E0,
-2.263758940078E-3));
#5812=CARTESIAN_POINT('',(-5.236496630841E0,2.137182729379E0,0.E0));
#5813=CARTESIAN_POINT('',(-5.236260483082E0,2.137006203666E0,0.E0));
#5814=CARTESIAN_POINT('',(-5.235621385508E0,2.136759478413E0,0.E0));
#5815=CARTESIAN_POINT('',(-5.234360847859E0,2.136899057686E0,0.E0));
#5816=CARTESIAN_POINT('',(-5.233679425571E0,2.137152168691E0,0.E0));
#5817=CARTESIAN_POINT('',(-5.233311081414E0,2.137359265178E0,0.E0));
#5818=CARTESIAN_POINT('',(-5.241701588575E0,2.125E0,0.E0));
#5819=CARTESIAN_POINT('',(-5.241701588575E0,2.125E0,0.E0));
#5820=CARTESIAN_POINT('',(-5.241701588575E0,2.125E0,0.E0));
#5821=CARTESIAN_POINT('',(-5.241701588575E0,2.125E0,0.E0));
#5822=CARTESIAN_POINT('',(-5.241701588575E0,2.125E0,0.E0));
#5823=CARTESIAN_POINT('',(-5.241701588575E0,2.125E0,0.E0));
#5824=B_SPLINE_SURFACE_WITH_KNOTS('',3,3,((#5770,#5771,#5772,#5773,#5774,#5775),
(#5776,#5777,#5778,#5779,#5780,#5781),(#5782,#5783,#5784,#5785,#5786,#5787),(
#5788,#5789,#5790,#5791,#5792,#5793),(#5794,#5795,#5796,#5797,#5798,#5799),(
#5800,#5801,#5802,#5803,#5804,#5805),(#5806,#5807,#5808,#5809,#5810,#5811),(
#5812,#5813,#5814,#5815,#5816,#5817),(#5818,#5819,#5820,#5821,#5822,#5823)),
.UNSPECIFIED.,.F.,.F.,.F.,(4,1,1,1,1,1,4),(4,1,1,4),(-1.847955978226E-2,1.25E-1,
2.5E-1,5.E-1,7.5E-1,8.75E-1,1.E0),(-7.285336273210E-2,5.E-1,7.5E-1,
1.072857900545E0),.UNSPECIFIED.);
#5826=ORIENTED_EDGE('',*,*,#5825,.T.);
#5828=ORIENTED_EDGE('',*,*,#5827,.T.);
#5829=ORIENTED_EDGE('',*,*,#5763,.F.);
#5830=EDGE_LOOP('',(#5826,#5828,#5829));
#5831=FACE_OUTER_BOUND('',#5830,.F.);
#5833=CARTESIAN_POINT('',(-4.6881564E0,2.125E0,-2.E-1));
#5834=DIRECTION('',(-1.E0,0.E0,0.E0));
#5835=DIRECTION('',(0.E0,0.E0,1.E0));
#5836=AXIS2_PLACEMENT_3D('',#5833,#5834,#5835);
#5837=CYLINDRICAL_SURFACE('',#5836,2.E-1);
#5838=ORIENTED_EDGE('',*,*,#5825,.F.);
#5839=ORIENTED_EDGE('',*,*,#5752,.F.);
#5840=ORIENTED_EDGE('',*,*,#5725,.F.);
#5841=ORIENTED_EDGE('',*,*,#4530,.T.);
#5842=EDGE_LOOP('',(#5838,#5839,#5840,#5841));
#5843=FACE_OUTER_BOUND('',#5842,.F.);
#5845=CARTESIAN_POINT('',(-1.235566417618E0,-1.28261E1,-1.5E-1));
#5846=DIRECTION('',(-2.588190451025E-1,9.659258262891E-1,0.E0));
#5847=DIRECTION('',(0.E0,0.E0,1.E0));
#5848=AXIS2_PLACEMENT_3D('',#5845,#5846,#5847);
#5849=CYLINDRICAL_SURFACE('',#5848,1.5E-1);
#5851=ORIENTED_EDGE('',*,*,#5850,.F.);
#5852=ORIENTED_EDGE('',*,*,#5437,.F.);
#5853=ORIENTED_EDGE('',*,*,#5827,.F.);
#5854=ORIENTED_EDGE('',*,*,#4528,.T.);
#5855=EDGE_LOOP('',(#5851,#5852,#5853,#5854));
#5856=FACE_OUTER_BOUND('',#5855,.F.);
#5858=CARTESIAN_POINT('',(-5.245153450581E0,2.974940184856E0,
-2.094432167674E-1));
#5859=CARTESIAN_POINT('',(-5.253953168880E0,2.975702972267E0,
-2.034453496794E-1));
#5860=CARTESIAN_POINT('',(-5.271057372201E0,2.972518148112E0,
-1.938407751681E-1));
#5861=CARTESIAN_POINT('',(-5.290666101085E0,2.956150115922E0,
-1.809337647692E-1));
#5862=CARTESIAN_POINT('',(-5.300962554724E0,2.932419764052E0,
-1.680242236579E-1));
#5863=CARTESIAN_POINT('',(-5.298932717560E0,2.914545982711E0,
-1.584137056117E-1));
#5864=CARTESIAN_POINT('',(-5.295412879068E0,2.906130066968E0,
-1.524110903557E-1));
#5865=CARTESIAN_POINT('',(-5.240807535230E0,2.973923967286E0,
-1.895558153165E-1));
#5866=CARTESIAN_POINT('',(-5.249744820047E0,2.975313368928E0,
-1.836776243642E-1));
#5867=CARTESIAN_POINT('',(-5.267719424425E0,2.973049222421E0,
-1.742884334726E-1));
#5868=CARTESIAN_POINT('',(-5.288460993881E0,2.957159880925E0,
-1.617018218769E-1));
#5869=CARTESIAN_POINT('',(-5.299443110183E0,2.934301816614E0,
-1.491326449164E-1));
#5870=CARTESIAN_POINT('',(-5.298533573522E0,2.917588566654E0,
-1.397820712366E-1));
#5871=CARTESIAN_POINT('',(-5.296033151346E0,2.909577092038E0,
-1.339330771868E-1));
#5872=CARTESIAN_POINT('',(-5.242724489280E0,2.978353401838E0,
-1.494408851031E-1));
#5873=CARTESIAN_POINT('',(-5.251827416894E0,2.980893921845E0,
-1.445644227256E-1));
#5874=CARTESIAN_POINT('',(-5.270956104903E0,2.980133583085E0,
-1.365247264483E-1));
#5875=CARTESIAN_POINT('',(-5.293334448802E0,2.964956845981E0,
-1.252643081311E-1));
#5876=CARTESIAN_POINT('',(-5.305522568764E0,2.943324054728E0,
-1.138689082147E-1));
#5877=CARTESIAN_POINT('',(-5.306512831752E0,2.928355768559E0,
-1.055279992506E-1));
#5878=CARTESIAN_POINT('',(-5.305639687687E0,2.921067676613E0,
-1.004219006581E-1));
#5879=CARTESIAN_POINT('',(-5.268692491165E0,2.998850365696E0,
-1.009968812095E-1));
#5880=CARTESIAN_POINT('',(-5.277296256719E0,3.001688929833E0,
-9.824197846175E-2));
#5881=CARTESIAN_POINT('',(-5.295972420219E0,3.001600850357E0,
-9.289651796820E-2));
#5882=CARTESIAN_POINT('',(-5.318055602903E0,2.987633920135E0,
-8.397668797721E-2));
#5883=CARTESIAN_POINT('',(-5.330333066760E0,2.968159094718E0,
-7.449163581756E-2));
#5884=CARTESIAN_POINT('',(-5.332761339658E0,2.955322448522E0,
-6.788556709890E-2));
#5885=CARTESIAN_POINT('',(-5.333219740646E0,2.948894616163E0,
-6.417030420066E-2));
#5886=CARTESIAN_POINT('',(-5.304048095875E0,3.024302803986E0,
-6.613911569806E-2));
#5887=CARTESIAN_POINT('',(-5.311719213634E0,3.026585815836E0,
-6.491504931729E-2));
#5888=CARTESIAN_POINT('',(-5.328582351407E0,3.026407972208E0,
-6.166471295774E-2));
#5889=CARTESIAN_POINT('',(-5.348674381005E0,3.014348359612E0,
-5.494924805154E-2));
#5890=CARTESIAN_POINT('',(-5.360043680760E0,2.997884534724E0,
-4.749059663654E-2));
#5891=CARTESIAN_POINT('',(-5.363017247526E0,2.987249279728E0,
-4.258282143352E-2));
#5892=CARTESIAN_POINT('',(-5.364071218024E0,2.981731104744E0,
-4.009616498677E-2));
#5893=CARTESIAN_POINT('',(-5.358272198909E0,3.061652954316E0,
-3.198751613241E-2));
#5894=CARTESIAN_POINT('',(-5.364258626930E0,3.062904054276E0,
-3.189466735209E-2));
#5895=CARTESIAN_POINT('',(-5.377397777253E0,3.062407836286E0,
-3.055784363287E-2));
#5896=CARTESIAN_POINT('',(-5.393216483308E0,3.053654111330E0,
-2.665535982444E-2));
#5897=CARTESIAN_POINT('',(-5.402423381528E0,3.041931832345E0,
-2.214119285739E-2));
#5898=CARTESIAN_POINT('',(-5.405297600132E0,3.034363598613E0,
-1.944022955413E-2));
#5899=CARTESIAN_POINT('',(-5.406475942305E0,3.030256938315E0,
-1.830822813012E-2));
#5900=CARTESIAN_POINT('',(-5.418008786346E0,3.101120386100E0,
-1.202861121336E-2));
#5901=CARTESIAN_POINT('',(-5.421850829204E0,3.101700367512E0,
-1.203011318694E-2));
#5902=CARTESIAN_POINT('',(-5.429974511262E0,3.101296865776E0,
-1.150476300868E-2));
#5903=CARTESIAN_POINT('',(-5.439840511241E0,3.096488109103E0,
-9.916164776379E-3));
#5904=CARTESIAN_POINT('',(-5.445793684404E0,3.089819525910E0,
-8.142038632494E-3));
#5905=CARTESIAN_POINT('',(-5.447670838434E0,3.085310556359E0,
-7.202925101031E-3));
#5906=CARTESIAN_POINT('',(-5.448319585776E0,3.082872930967E0,
-6.889202601682E-3));
#5907=CARTESIAN_POINT('',(-5.478608647103E0,3.142072618455E0,
-1.868479529783E-3));
#5908=CARTESIAN_POINT('',(-5.480138690979E0,3.142452692485E0,
-1.845776314413E-3));
#5909=CARTESIAN_POINT('',(-5.483245663450E0,3.142486238921E0,
-1.728504677590E-3));
#5910=CARTESIAN_POINT('',(-5.487097062142E0,3.140977996992E0,
-1.458947825691E-3));
#5911=CARTESIAN_POINT('',(-5.489504959069E0,3.138588016398E0,
-1.197870173240E-3));
#5912=CARTESIAN_POINT('',(-5.490140034238E0,3.136890113181E0,
-1.099500379937E-3));
#5913=CARTESIAN_POINT('',(-5.490206320721E0,3.136074449623E0,
-1.091175011986E-3));
#5914=CARTESIAN_POINT('',(-5.508536896126E0,3.163639321358E0,0.E0));
#5915=CARTESIAN_POINT('',(-5.509011264599E0,3.163815817905E0,0.E0));
#5916=CARTESIAN_POINT('',(-5.509919990827E0,3.163916419491E0,0.E0));
#5917=CARTESIAN_POINT('',(-5.511034674190E0,3.163605163335E0,0.E0));
#5918=CARTESIAN_POINT('',(-5.511728391327E0,3.162970959094E0,0.E0));
#5919=CARTESIAN_POINT('',(-5.511866600933E0,3.162480364320E0,0.E0));
#5920=CARTESIAN_POINT('',(-5.511832925435E0,3.162267010550E0,0.E0));
#5921=CARTESIAN_POINT('',(-5.523048240628E0,3.175E0,0.E0));
#5922=CARTESIAN_POINT('',(-5.523048240628E0,3.175E0,0.E0));
#5923=CARTESIAN_POINT('',(-5.523048240628E0,3.175E0,0.E0));
#5924=CARTESIAN_POINT('',(-5.523048240628E0,3.175E0,0.E0));
#5925=CARTESIAN_POINT('',(-5.523048240628E0,3.175E0,0.E0));
#5926=CARTESIAN_POINT('',(-5.523048240628E0,3.175E0,0.E0));
#5927=CARTESIAN_POINT('',(-5.523048240628E0,3.175E0,0.E0));
#5928=B_SPLINE_SURFACE_WITH_KNOTS('',3,3,((#5858,#5859,#5860,#5861,#5862,#5863,
#5864),(#5865,#5866,#5867,#5868,#5869,#5870,#5871),(#5872,#5873,#5874,#5875,
#5876,#5877,#5878),(#5879,#5880,#5881,#5882,#5883,#5884,#5885),(#5886,#5887,
#5888,#5889,#5890,#5891,#5892),(#5893,#5894,#5895,#5896,#5897,#5898,#5899),(
#5900,#5901,#5902,#5903,#5904,#5905,#5906),(#5907,#5908,#5909,#5910,#5911,#5912,
#5913),(#5914,#5915,#5916,#5917,#5918,#5919,#5920),(#5921,#5922,#5923,#5924,
#5925,#5926,#5927)),.UNSPECIFIED.,.F.,.F.,.F.,(4,1,1,1,1,1,1,4),(4,1,1,1,4),(
-1.433900225212E-2,1.25E-1,2.5E-1,3.75E-1,5.E-1,7.5E-1,8.75E-1,1.E0),(
-5.750239192037E-2,2.5E-1,5.E-1,7.5E-1,1.057479360421E0),.UNSPECIFIED.);
#5929=ORIENTED_EDGE('',*,*,#5850,.T.);
#5931=ORIENTED_EDGE('',*,*,#5930,.T.);
#5932=ORIENTED_EDGE('',*,*,#5419,.F.);
#5933=EDGE_LOOP('',(#5929,#5931,#5932));
#5934=FACE_OUTER_BOUND('',#5933,.F.);
#5936=CARTESIAN_POINT('',(-2.2418748E1,3.175E0,-2.E-1));
#5937=DIRECTION('',(1.E0,0.E0,0.E0));
#5938=DIRECTION('',(0.E0,0.E0,1.E0));
#5939=AXIS2_PLACEMENT_3D('',#5936,#5937,#5938);
#5940=CYLINDRICAL_SURFACE('',#5939,2.E-1);
#5941=ORIENTED_EDGE('',*,*,#5407,.F.);
#5942=ORIENTED_EDGE('',*,*,#5930,.F.);
#5943=ORIENTED_EDGE('',*,*,#4526,.T.);
#5945=ORIENTED_EDGE('',*,*,#5944,.F.);
#5946=EDGE_LOOP('',(#5941,#5942,#5943,#5945));
#5947=FACE_OUTER_BOUND('',#5946,.F.);
#5949=CARTESIAN_POINT('',(-2.324587915702E0,2.906128235873E0,
-1.524097617529E-1));
#5950=CARTESIAN_POINT('',(-2.321067465330E0,2.914544339357E0,
-1.584128078819E-1));
#5951=CARTESIAN_POINT('',(-2.319037101017E0,2.932419752302E0,
-1.680241797208E-1));
#5952=CARTESIAN_POINT('',(-2.329334548391E0,2.956150967142E0,
-1.809342285529E-1));
#5953=CARTESIAN_POINT('',(-2.348942740258E0,2.972517818874E0,
-1.938407033981E-1));
#5954=CARTESIAN_POINT('',(-2.366045285064E0,2.975702663397E0,
-2.034444055146E-1));
#5955=CARTESIAN_POINT('',(-2.374844655934E0,2.974940363511E0,
-2.094418320105E-1));
#5956=CARTESIAN_POINT('',(-2.323967402692E0,2.909575390600E0,
-1.339315622905E-1));
#5957=CARTESIAN_POINT('',(-2.321466495194E0,2.917587067376E0,
-1.397809903919E-1));
#5958=CARTESIAN_POINT('',(-2.320556565544E0,2.934301853648E0,
-1.491324201724E-1));
#5959=CARTESIAN_POINT('',(-2.331539650908E0,2.957160705671E0,
-1.617021134125E-1));
#5960=CARTESIAN_POINT('',(-2.352280625702E0,2.973048902628E0,
-1.742882497957E-1));
#5961=CARTESIAN_POINT('',(-2.370253516834E0,2.975313180046E0,
-1.836766085739E-1));
#5962=CARTESIAN_POINT('',(-2.379190495074E0,2.973924320148E0,
-1.895543754571E-1));
#5963=CARTESIAN_POINT('',(-2.314360384162E0,2.921066198192E0,
-1.004207003705E-1));
#5964=CARTESIAN_POINT('',(-2.313486972605E0,2.928354467028E0,
-1.055272222721E-1));
#5965=CARTESIAN_POINT('',(-2.314477109780E0,2.943324066181E0,
-1.138690214041E-1));
#5966=CARTESIAN_POINT('',(-2.326666247905E0,2.964957460751E0,
-1.252650441579E-1));
#5967=CARTESIAN_POINT('',(-2.349044012194E0,2.980133054611E0,
-1.365252346369E-1));
#5968=CARTESIAN_POINT('',(-2.368171011393E0,2.980893666273E0,
-1.445643414071E-1));
#5969=CARTESIAN_POINT('',(-2.377273717550E0,2.978353799762E0,
-1.494405679044E-1));
#5970=CARTESIAN_POINT('',(-2.286780533562E0,2.948892897931E0,
-6.416987927468E-2));
#5971=CARTESIAN_POINT('',(-2.287238741426E0,2.955320972140E0,
-6.788528878793E-2));
#5972=CARTESIAN_POINT('',(-2.289666937940E0,2.968158827656E0,
-7.449186728003E-2));
#5973=CARTESIAN_POINT('',(-2.301945154632E0,2.987634351965E0,
-8.397711109444E-2));
#5974=CARTESIAN_POINT('',(-2.324027584689E0,3.001600444370E0,
-9.289645259111E-2));
#5975=CARTESIAN_POINT('',(-2.342702062181E0,3.001688944696E0,
-9.824127298178E-2));
#5976=CARTESIAN_POINT('',(-2.351305590866E0,2.998851048866E0,
-1.009960187596E-1));
#5977=CARTESIAN_POINT('',(-2.255929183457E0,2.981729207455E0,
-4.009607506809E-2));
#5978=CARTESIAN_POINT('',(-2.256982942606E0,2.987247719660E0,
-4.258272108880E-2));
#5979=CARTESIAN_POINT('',(-2.259956349438E0,2.997884122028E0,
-4.749077815404E-2));
#5980=CARTESIAN_POINT('',(-2.271326022896E0,3.014348778019E0,
-5.494942157874E-2));
#5981=CARTESIAN_POINT('',(-2.291417080428E0,3.026407927875E0,
-6.166435233093E-2));
#5982=CARTESIAN_POINT('',(-2.308278568334E0,3.026586302156E0,
-6.491411732466E-2));
#5983=CARTESIAN_POINT('',(-2.315949378591E0,3.024303923423E0,
-6.613810629858E-2));
#5984=CARTESIAN_POINT('',(-2.213524793928E0,3.030254895306E0,
-1.830844473773E-2));
#5985=CARTESIAN_POINT('',(-2.214702873017E0,3.034361964870E0,
-1.944033894381E-2));
#5986=CARTESIAN_POINT('',(-2.217576796208E0,3.041931218556E0,
-2.214138783369E-2));
#5987=CARTESIAN_POINT('',(-2.226783603719E0,3.053654433614E0,
-2.665544672359E-2));
#5988=CARTESIAN_POINT('',(-2.242601157329E0,3.062408144526E0,
-3.055750900925E-2));
#5989=CARTESIAN_POINT('',(-2.255738840614E0,3.062904925757E0,
-3.189393626521E-2));
#5990=CARTESIAN_POINT('',(-2.261724879995E0,3.061654347739E0,
-3.198676972563E-2));
#5991=CARTESIAN_POINT('',(-2.171681082565E0,3.082871468550E0,
-6.889229384761E-3));
#5992=CARTESIAN_POINT('',(-2.172329585594E0,3.085309387930E0,
-7.202885034468E-3));
#5993=CARTESIAN_POINT('',(-2.174206471589E0,3.089819032275E0,
-8.142028873420E-3));
#5994=CARTESIAN_POINT('',(-2.180159455863E0,3.096488321470E0,
-9.916128163680E-3));
#5995=CARTESIAN_POINT('',(-2.190024580921E0,3.101297196820E0,
-1.150457947868E-2));
#5996=CARTESIAN_POINT('',(-2.198147307834E0,3.101701069314E0,
-1.202977798823E-2));
#5997=CARTESIAN_POINT('',(-2.201989009613E0,3.101121431409E0,
-1.202827856282E-2));
#5998=CARTESIAN_POINT('',(-2.129793916401E0,3.136073918217E0,
-1.091226354036E-3));
#5999=CARTESIAN_POINT('',(-2.129860091678E0,3.136889665621E0,
-1.099542433302E-3));
#6000=CARTESIAN_POINT('',(-2.130495067215E0,3.138587805697E0,
-1.197908602923E-3));
#6001=CARTESIAN_POINT('',(-2.132902893421E0,3.140978059908E0,
-1.458953775667E-3));
#6002=CARTESIAN_POINT('',(-2.136753937565E0,3.142486335375E0,
-1.728459845919E-3));
#6003=CARTESIAN_POINT('',(-2.139860581093E0,3.142452903807E0,
-1.845699967524E-3));
#6004=CARTESIAN_POINT('',(-2.141390492446E0,3.142072980742E0,
-1.868408089612E-3));
#6005=CARTESIAN_POINT('',(-2.108167180711E0,3.162266835915E0,0.E0));
#6006=CARTESIAN_POINT('',(-2.108133472338E0,3.162480204367E0,0.E0));
#6007=CARTESIAN_POINT('',(-2.108271667271E0,3.162970859380E0,0.E0));
#6008=CARTESIAN_POINT('',(-2.108965395097E0,3.163605136471E0,0.E0));
#6009=CARTESIAN_POINT('',(-2.110080001498E0,3.163916391433E0,0.E0));
#6010=CARTESIAN_POINT('',(-2.110988653266E0,3.163815812324E0,0.E0));
#6011=CARTESIAN_POINT('',(-2.111462983438E0,3.163639363584E0,0.E0));
#6012=CARTESIAN_POINT('',(-2.096951742501E0,3.175E0,0.E0));
#6013=CARTESIAN_POINT('',(-2.096951742501E0,3.175E0,0.E0));
#6014=CARTESIAN_POINT('',(-2.096951742501E0,3.175E0,0.E0));
#6015=CARTESIAN_POINT('',(-2.096951742501E0,3.175E0,0.E0));
#6016=CARTESIAN_POINT('',(-2.096951742501E0,3.175E0,0.E0));
#6017=CARTESIAN_POINT('',(-2.096951742501E0,3.175E0,0.E0));
#6018=CARTESIAN_POINT('',(-2.096951742501E0,3.175E0,0.E0));
#6019=B_SPLINE_SURFACE_WITH_KNOTS('',3,3,((#5949,#5950,#5951,#5952,#5953,#5954,
#5955),(#5956,#5957,#5958,#5959,#5960,#5961,#5962),(#5963,#5964,#5965,#5966,
#5967,#5968,#5969),(#5970,#5971,#5972,#5973,#5974,#5975,#5976),(#5977,#5978,
#5979,#5980,#5981,#5982,#5983),(#5984,#5985,#5986,#5987,#5988,#5989,#5990),(
#5991,#5992,#5993,#5994,#5995,#5996,#5997),(#5998,#5999,#6000,#6001,#6002,#6003,
#6004),(#6005,#6006,#6007,#6008,#6009,#6010,#6011),(#6012,#6013,#6014,#6015,
#6016,#6017,#6018)),.UNSPECIFIED.,.F.,.F.,.F.,(4,1,1,1,1,1,1,4),(4,1,1,1,4),(
-1.433880456389E-2,1.25E-1,2.5E-1,3.75E-1,5.E-1,7.5E-1,8.75E-1,1.E0),(
-5.750239032712E-2,2.5E-1,5.E-1,7.5E-1,1.057479358828E0),.UNSPECIFIED.);
#6020=ORIENTED_EDGE('',*,*,#5944,.T.);
#6022=ORIENTED_EDGE('',*,*,#6021,.T.);
#6023=ORIENTED_EDGE('',*,*,#5390,.F.);
#6024=EDGE_LOOP('',(#6020,#6022,#6023));
#6025=FACE_OUTER_BOUND('',#6024,.F.);
#6027=CARTESIAN_POINT('',(6.230280218895E-1,1.33261E1,-1.5E-1));
#6028=DIRECTION('',(-2.588191087674E-1,-9.659258092301E-1,0.E0));
#6029=DIRECTION('',(0.E0,0.E0,1.E0));
#6030=AXIS2_PLACEMENT_3D('',#6027,#6028,#6029);
#6031=CYLINDRICAL_SURFACE('',#6030,1.5E-1);
#6032=ORIENTED_EDGE('',*,*,#4524,.T.);
#6034=ORIENTED_EDGE('',*,*,#6033,.F.);
#6036=ORIENTED_EDGE('',*,*,#6035,.F.);
#6037=ORIENTED_EDGE('',*,*,#6021,.F.);
#6038=EDGE_LOOP('',(#6032,#6034,#6036,#6037));
#6039=FACE_OUTER_BOUND('',#6038,.F.);
#6041=CARTESIAN_POINT('',(2.050941150426E1,2.175E0,-1.5E-1));
#6042=DIRECTION('',(-1.E0,0.E0,0.E0));
#6043=DIRECTION('',(0.E0,0.E0,1.E0));
#6044=AXIS2_PLACEMENT_3D('',#6041,#6042,#6043);
#6045=CYLINDRICAL_SURFACE('',#6044,1.5E-1);
#6046=ORIENTED_EDGE('',*,*,#4522,.T.);
#6048=ORIENTED_EDGE('',*,*,#6047,.T.);
#6050=ORIENTED_EDGE('',*,*,#6049,.F.);
#6051=ORIENTED_EDGE('',*,*,#6033,.T.);
#6052=EDGE_LOOP('',(#6046,#6048,#6050,#6051));
#6053=FACE_OUTER_BOUND('',#6052,.F.);
#6055=CARTESIAN_POINT('',(-2.862721696258E0,2.318700731895E0,
-1.619876825793E-1));
#6056=CARTESIAN_POINT('',(-2.860813651667E0,2.326416251014E0,
-6.285435706575E-2));
#6057=CARTESIAN_POINT('',(-2.877695888945E0,2.258149909078E0,
7.468347090670E-3));
#6058=CARTESIAN_POINT('',(-2.901494583378E0,2.161915637223E0,
-4.798074532566E-4));
#6059=CARTESIAN_POINT('',(-3.025423067997E0,2.358936711814E0,
-1.619876825793E-1));
#6060=CARTESIAN_POINT('',(-3.030012564089E0,2.368259069975E0,
-6.285435706575E-2));
#6061=CARTESIAN_POINT('',(-2.989405042457E0,2.285775535152E0,
7.468347090670E-3));
#6062=CARTESIAN_POINT('',(-2.932161089359E0,2.169499451087E0,
-4.798074532566E-4));
#6063=CARTESIAN_POINT('',(-3.143936085150E0,2.240423694760E0,
-1.619876825793E-1));
#6064=CARTESIAN_POINT('',(-3.153258443308E0,2.245013190860E0,
-6.285435706575E-2));
#6065=CARTESIAN_POINT('',(-3.070774908518E0,2.204405669159E0,
7.468347090670E-3));
#6066=CARTESIAN_POINT('',(-2.954498824502E0,2.147161715963E0,
-4.798074532566E-4));
#6067=CARTESIAN_POINT('',(-3.103700105368E0,2.077722322987E0,
-1.619876825793E-1));
#6068=CARTESIAN_POINT('',(-3.111415624488E0,2.075814278403E0,
-6.285435706575E-2));
#6069=CARTESIAN_POINT('',(-3.043149282538E0,2.092696515624E0,
7.468347090670E-3));
#6070=CARTESIAN_POINT('',(-2.946915010663E0,2.116495209976E0,
-4.798074532566E-4));
#6071=(BOUNDED_SURFACE()B_SPLINE_SURFACE(3,3,((#6055,#6056,#6057,#6058),(#6059,
#6060,#6061,#6062),(#6063,#6064,#6065,#6066),(#6067,#6068,#6069,#6070)),
.UNSPECIFIED.,.F.,.F.,.F.)B_SPLINE_SURFACE_WITH_KNOTS((4,4),(4,4),(0.E0,1.E0),(
0.E0,1.E0),.UNSPECIFIED.)GEOMETRIC_REPRESENTATION_ITEM()RATIONAL_B_SPLINE_SURFACE(((1.600008693749E0,1.224896034220E0,1.224896034220E0,1.600008693749E0),(
1.084459071374E0,8.302139988299E-1,8.302139988299E-1,1.084459071374E0),(
1.084459071374E0,8.302139988299E-1,8.302139988299E-1,1.084459071374E0),(
1.600008693749E0,1.224896034220E0,1.224896034220E0,1.600008693749E0)))REPRESENTATION_ITEM('')SURFACE());
#6072=ORIENTED_EDGE('',*,*,#4520,.T.);
#6074=ORIENTED_EDGE('',*,*,#6073,.T.);
#6076=ORIENTED_EDGE('',*,*,#6075,.F.);
#6077=ORIENTED_EDGE('',*,*,#6047,.F.);
#6078=EDGE_LOOP('',(#6072,#6074,#6076,#6077));
#6079=FACE_OUTER_BOUND('',#6078,.F.);
#6081=CARTESIAN_POINT('',(-2.96E0,2.147344226567E0,-1.5E-1));
#6082=DIRECTION('',(0.E0,-1.E0,0.E0));
#6083=DIRECTION('',(0.E0,0.E0,1.E0));
#6084=AXIS2_PLACEMENT_3D('',#6081,#6082,#6083);
#6085=CYLINDRICAL_SURFACE('',#6084,1.5E-1);
#6086=ORIENTED_EDGE('',*,*,#4518,.T.);
#6088=ORIENTED_EDGE('',*,*,#6087,.T.);
#6090=ORIENTED_EDGE('',*,*,#6089,.F.);
#6091=ORIENTED_EDGE('',*,*,#6073,.F.);
#6092=EDGE_LOOP('',(#6086,#6088,#6090,#6091));
#6093=FACE_OUTER_BOUND('',#6092,.F.);
#6095=CARTESIAN_POINT('',(-3.103700178637E0,1.872278007304E0,
-1.619876825793E-1));
#6096=CARTESIAN_POINT('',(-3.111415688480E0,1.874186037039E0,
-6.285451385730E-2));
#6097=CARTESIAN_POINT('',(-3.043149499901E0,1.857303948836E0,
7.468152511626E-3));
#6098=CARTESIAN_POINT('',(-2.946915327622E0,1.833505435716E0,
-4.797824159603E-4));
#6099=CARTESIAN_POINT('',(-3.143935819667E0,1.709576934714E0,
-1.619876825793E-1));
#6100=CARTESIAN_POINT('',(-3.153258152478E0,1.704987445989E0,
-6.285451385730E-2));
#6101=CARTESIAN_POINT('',(-3.070774928089E0,1.745594860032E0,
7.468152511626E-3));
#6102=CARTESIAN_POINT('',(-2.954499140746E0,1.802838730827E0,
-4.797824159603E-4));
#6103=CARTESIAN_POINT('',(-3.025423065486E0,1.591064180431E0,
-1.619876825793E-1));
#6104=CARTESIAN_POINT('',(-3.030012554219E0,1.581741847624E0,
-6.285451385730E-2));
#6105=CARTESIAN_POINT('',(-2.989405140106E0,1.664225071979E0,
7.468152511626E-3));
#6106=CARTESIAN_POINT('',(-2.932161269211E0,1.780500859273E0,
-4.797824159603E-4));
#6107=CARTESIAN_POINT('',(-2.862721992861E0,1.631299821322E0,
-1.619876825793E-1));
#6108=CARTESIAN_POINT('',(-2.860813963133E0,1.623584311477E0,
-6.285451385730E-2));
#6109=CARTESIAN_POINT('',(-2.877696051277E0,1.691850500071E0,
7.468152511626E-3));
#6110=CARTESIAN_POINT('',(-2.901494564315E0,1.788084672370E0,
-4.797824159603E-4));
#6111=(BOUNDED_SURFACE()B_SPLINE_SURFACE(3,3,((#6095,#6096,#6097,#6098),(#6099,
#6100,#6101,#6102),(#6103,#6104,#6105,#6106),(#6107,#6108,#6109,#6110)),
.UNSPECIFIED.,.F.,.F.,.F.)B_SPLINE_SURFACE_WITH_KNOTS((4,4),(4,4),(0.E0,1.E0),(
0.E0,1.E0),.UNSPECIFIED.)GEOMETRIC_REPRESENTATION_ITEM()RATIONAL_B_SPLINE_SURFACE(((1.600006536117E0,1.224895230508E0,1.224895230508E0,1.600006536117E0),(
1.084459010247E0,8.302145268464E-1,8.302145268464E-1,1.084459010247E0),(
1.084459010247E0,8.302145268464E-1,8.302145268464E-1,1.084459010247E0),(
1.600006536117E0,1.224895230508E0,1.224895230508E0,1.600006536117E0)))REPRESENTATION_ITEM('')SURFACE());
#6112=ORIENTED_EDGE('',*,*,#4516,.T.);
#6113=ORIENTED_EDGE('',*,*,#4951,.T.);
#6115=ORIENTED_EDGE('',*,*,#6114,.F.);
#6116=ORIENTED_EDGE('',*,*,#6087,.F.);
#6117=EDGE_LOOP('',(#6112,#6113,#6115,#6116));
#6118=FACE_OUTER_BOUND('',#6117,.F.);
#6120=CARTESIAN_POINT('',(-2.9105E0,1.8245E0,0.E0));
#6121=DIRECTION('',(0.E0,0.E0,1.E0));
#6122=DIRECTION('',(1.E0,0.E0,0.E0));
#6123=AXIS2_PLACEMENT_3D('',#6120,#6121,#6122);
#6124=CYLINDRICAL_SURFACE('',#6123,1.995E-1);
#6126=ORIENTED_EDGE('',*,*,#6125,.F.);
#6128=ORIENTED_EDGE('',*,*,#6127,.F.);
#6129=ORIENTED_EDGE('',*,*,#6114,.T.);
#6130=ORIENTED_EDGE('',*,*,#4966,.T.);
#6131=EDGE_LOOP('',(#6126,#6128,#6129,#6130));
#6132=FACE_OUTER_BOUND('',#6131,.F.);
#6134=CARTESIAN_POINT('',(-2.9105E0,1.8245E0,-6.7E0));
#6135=DIRECTION('',(0.E0,0.E0,1.E0));
#6136=DIRECTION('',(-9.970310620590E-1,7.700039798273E-2,0.E0));
#6137=AXIS2_PLACEMENT_3D('',#6134,#6135,#6136);
#6138=TOROIDAL_SURFACE('',#6137,2.495E-1,5.E-2);
#6139=ORIENTED_EDGE('',*,*,#5233,.F.);
#6141=ORIENTED_EDGE('',*,*,#6140,.T.);
#6142=ORIENTED_EDGE('',*,*,#6125,.T.);
#6144=ORIENTED_EDGE('',*,*,#6143,.F.);
#6145=EDGE_LOOP('',(#6139,#6141,#6142,#6144));
#6146=FACE_OUTER_BOUND('',#6145,.F.);
#6148=CARTESIAN_POINT('',(-3.16E0,2.147344226567E0,-6.7E0));
#6149=DIRECTION('',(0.E0,-1.E0,0.E0));
#6150=DIRECTION('',(0.E0,0.E0,-1.E0));
#6151=AXIS2_PLACEMENT_3D('',#6148,#6149,#6150);
#6152=CYLINDRICAL_SURFACE('',#6151,5.E-2);
#6153=ORIENTED_EDGE('',*,*,#5231,.F.);
#6155=ORIENTED_EDGE('',*,*,#6154,.T.);
#6157=ORIENTED_EDGE('',*,*,#6156,.T.);
#6158=ORIENTED_EDGE('',*,*,#6140,.F.);
#6159=EDGE_LOOP('',(#6153,#6155,#6157,#6158));
#6160=FACE_OUTER_BOUND('',#6159,.F.);
#6162=CARTESIAN_POINT('',(-2.9105E0,2.125500626567E0,-6.7E0));
#6163=DIRECTION('',(0.E0,0.E0,1.E0));
#6164=DIRECTION('',(-9.940012818643E-1,-1.093684216406E-1,0.E0));
#6165=AXIS2_PLACEMENT_3D('',#6162,#6163,#6164);
#6166=TOROIDAL_SURFACE('',#6165,2.494999988525E-1,5.E-2);
#6167=ORIENTED_EDGE('',*,*,#5229,.F.);
#6169=ORIENTED_EDGE('',*,*,#6168,.T.);
#6171=ORIENTED_EDGE('',*,*,#6170,.T.);
#6172=ORIENTED_EDGE('',*,*,#6154,.F.);
#6173=EDGE_LOOP('',(#6167,#6169,#6171,#6172));
#6174=FACE_OUTER_BOUND('',#6173,.F.);
#6176=CARTESIAN_POINT('',(-2.91E0,2.325E0,0.E0));
#6177=DIRECTION('',(0.E0,-1.E0,0.E0));
#6178=DIRECTION('',(1.E0,0.E0,0.E0));
#6179=AXIS2_PLACEMENT_3D('',#6176,#6177,#6178);
#6180=PLANE('',#6179);
#6182=ORIENTED_EDGE('',*,*,#6181,.T.);
#6183=ORIENTED_EDGE('',*,*,#6168,.F.);
#6184=ORIENTED_EDGE('',*,*,#5227,.T.);
#6186=ORIENTED_EDGE('',*,*,#6185,.F.);
#6187=ORIENTED_EDGE('',*,*,#6049,.T.);
#6188=EDGE_LOOP('',(#6182,#6183,#6184,#6186,#6187));
#6189=FACE_OUTER_BOUND('',#6188,.F.);
#6191=CARTESIAN_POINT('',(-2.9105E0,2.125500626567E0,0.E0));
#6192=DIRECTION('',(0.E0,0.E0,1.E0));
#6193=DIRECTION('',(1.E0,0.E0,0.E0));
#6194=AXIS2_PLACEMENT_3D('',#6191,#6192,#6193);
#6195=CYLINDRICAL_SURFACE('',#6194,1.995E-1);
#6196=ORIENTED_EDGE('',*,*,#6170,.F.);
#6197=ORIENTED_EDGE('',*,*,#6181,.F.);
#6198=ORIENTED_EDGE('',*,*,#6075,.T.);
#6200=ORIENTED_EDGE('',*,*,#6199,.T.);
#6201=EDGE_LOOP('',(#6196,#6197,#6198,#6200));
#6202=FACE_OUTER_BOUND('',#6201,.F.);
#6204=CARTESIAN_POINT('',(-3.11E0,1.8245E0,0.E0));
#6205=DIRECTION('',(1.E0,0.E0,0.E0));
#6206=DIRECTION('',(0.E0,1.E0,0.E0));
#6207=AXIS2_PLACEMENT_3D('',#6204,#6205,#6206);
#6208=PLANE('',#6207);
#6209=ORIENTED_EDGE('',*,*,#6156,.F.);
#6210=ORIENTED_EDGE('',*,*,#6199,.F.);
#6211=ORIENTED_EDGE('',*,*,#6089,.T.);
#6212=ORIENTED_EDGE('',*,*,#6127,.T.);
#6213=EDGE_LOOP('',(#6209,#6210,#6211,#6212));
#6214=FACE_OUTER_BOUND('',#6213,.F.);
#6216=CARTESIAN_POINT('',(-2.480000045918E0,2.325E0,0.E0));
#6217=DIRECTION('',(9.659258092301E-1,-2.588191087674E-1,0.E0));
#6218=DIRECTION('',(2.588191087674E-1,9.659258092301E-1,0.E0));
#6219=AXIS2_PLACEMENT_3D('',#6216,#6217,#6218);
#6220=PLANE('',#6219);
#6221=ORIENTED_EDGE('',*,*,#5392,.F.);
#6222=ORIENTED_EDGE('',*,*,#6035,.T.);
#6223=ORIENTED_EDGE('',*,*,#6185,.T.);
#6224=ORIENTED_EDGE('',*,*,#5225,.T.);
#6225=EDGE_LOOP('',(#6221,#6222,#6223,#6224));
#6226=FACE_OUTER_BOUND('',#6225,.F.);
#6228=CARTESIAN_POINT('',(-2.9323436E0,1.575E0,-6.7E0));
#6229=DIRECTION('',(1.E0,0.E0,0.E0));
#6230=DIRECTION('',(0.E0,0.E0,-1.E0));
#6231=AXIS2_PLACEMENT_3D('',#6228,#6229,#6230);
#6232=CYLINDRICAL_SURFACE('',#6231,5.E-2);
#6233=ORIENTED_EDGE('',*,*,#5235,.F.);
#6234=ORIENTED_EDGE('',*,*,#6143,.T.);
#6235=ORIENTED_EDGE('',*,*,#4964,.T.);
#6237=ORIENTED_EDGE('',*,*,#6236,.T.);
#6238=EDGE_LOOP('',(#6233,#6234,#6235,#6237));
#6239=FACE_OUTER_BOUND('',#6238,.F.);
#6241=CARTESIAN_POINT('',(-2.254267822962E0,1.575E0,-6.7E0));
#6242=DIRECTION('',(7.070876654647E-1,-7.071067811865E-1,-5.199360318618E-3));
#6243=DIRECTION('',(7.070876654647E-1,7.071067811865E-1,-5.199360318618E-3));
#6244=AXIS2_PLACEMENT_3D('',#6241,#6242,#6243);
#6245=SPHERICAL_SURFACE('',#6244,5.E-2);
#6246=ORIENTED_EDGE('',*,*,#4981,.F.);
#6248=ORIENTED_EDGE('',*,*,#6247,.F.);
#6249=ORIENTED_EDGE('',*,*,#6236,.F.);
#6250=EDGE_LOOP('',(#6246,#6248,#6249));
#6251=FACE_OUTER_BOUND('',#6250,.F.);
#6253=CARTESIAN_POINT('',(-2.254267822962E0,-2.2383704E0,-6.7E0));
#6254=DIRECTION('',(0.E0,1.E0,0.E0));
#6255=DIRECTION('',(9.999729662869E-1,0.E0,-7.353005878254E-3));
#6256=AXIS2_PLACEMENT_3D('',#6253,#6254,#6255);
#6257=CYLINDRICAL_SURFACE('',#6256,5.E-2);
#6258=ORIENTED_EDGE('',*,*,#4997,.F.);
#6260=ORIENTED_EDGE('',*,*,#6259,.T.);
#6261=ORIENTED_EDGE('',*,*,#5237,.T.);
#6262=ORIENTED_EDGE('',*,*,#6247,.T.);
#6263=EDGE_LOOP('',(#6258,#6260,#6261,#6262));
#6264=FACE_OUTER_BOUND('',#6263,.F.);
#6266=CARTESIAN_POINT('',(-2.203086069499E0,-2.563064581294E0,
-6.344555541678E0));
#6267=CARTESIAN_POINT('',(-2.193106914234E0,-2.603815333216E0,
-6.343929589585E0));
#6268=CARTESIAN_POINT('',(-2.222772240334E0,-2.633480806478E0,
-6.343202359935E0));
#6269=CARTESIAN_POINT('',(-2.263529190546E0,-2.623508002182E0,
-6.343073810798E0));
#6270=CARTESIAN_POINT('',(-2.203100285712E0,-2.563097863406E0,
-6.346488877343E0));
#6271=CARTESIAN_POINT('',(-2.193122844001E0,-2.603852641103E0,
-6.346095960272E0));
#6272=CARTESIAN_POINT('',(-2.222789417524E0,-2.633521045023E0,
-6.345538373975E0));
#6273=CARTESIAN_POINT('',(-2.263545948382E0,-2.623547255511E0,
-6.345352794905E0));
#6274=CARTESIAN_POINT('',(-2.203255569050E0,-2.563279117089E0,
-6.367606654544E0));
#6275=CARTESIAN_POINT('',(-2.193296844436E0,-2.604055874259E0,
-6.369759171553E0));
#6276=CARTESIAN_POINT('',(-2.222977043513E0,-2.633740278657E0,
-6.371054594173E0));
#6277=CARTESIAN_POINT('',(-2.263728993795E0,-2.623761110177E0,
-6.370246078966E0));
#6278=CARTESIAN_POINT('',(-2.203550485824E0,-2.559856711520E0,
-6.407713898630E0));
#6279=CARTESIAN_POINT('',(-2.193627308829E0,-2.600220794176E0,
-6.414700718470E0));
#6280=CARTESIAN_POINT('',(-2.223333385634E0,-2.629604782404E0,
-6.419515386125E0));
#6281=CARTESIAN_POINT('',(-2.264076636458E0,-2.619726606470E0,
-6.417523787079E0));
#6282=CARTESIAN_POINT('',(-2.203960941307E0,-2.545337901085E0,-6.463533844E0));
#6283=CARTESIAN_POINT('',(-2.194087238705E0,-2.583952016545E0,
-6.477248940294E0));
#6284=CARTESIAN_POINT('',(-2.223829331565E0,-2.612062074781E0,
-6.486961615858E0));
#6285=CARTESIAN_POINT('',(-2.264560474675E0,-2.602612162856E0,
-6.483323426721E0));
#6286=CARTESIAN_POINT('',(-2.204348275220E0,-2.521546918620E0,
-6.516209368692E0));
#6287=CARTESIAN_POINT('',(-2.194521260436E0,-2.557293342740E0,
-6.536273780674E0));
#6288=CARTESIAN_POINT('',(-2.224297340797E0,-2.583315797270E0,
-6.550608590699E0));
#6289=CARTESIAN_POINT('',(-2.265017058144E0,-2.574567686494E0,
-6.545416553356E0));
#6290=CARTESIAN_POINT('',(-2.204702307956E0,-2.488911705978E0,
-6.564356095370E0));
#6291=CARTESIAN_POINT('',(-2.194917967529E0,-2.520724359705E0,
-6.590224012059E0));
#6292=CARTESIAN_POINT('',(-2.224725113698E0,-2.543883133077E0,
-6.608783620538E0));
#6293=CARTESIAN_POINT('',(-2.265434387482E0,-2.536097721648E0,
-6.602171309606E0));
#6294=CARTESIAN_POINT('',(-2.205009743322E0,-2.448614893125E0,
-6.606165806944E0));
#6295=CARTESIAN_POINT('',(-2.195262461050E0,-2.475570189067E0,
-6.637073452059E0));
#6296=CARTESIAN_POINT('',(-2.225096584579E0,-2.495192934006E0,
-6.659301849991E0));
#6297=CARTESIAN_POINT('',(-2.265796789236E0,-2.488596248583E0,
-6.651456182055E0));
#6298=CARTESIAN_POINT('',(-2.205264662651E0,-2.401344760668E0,
-6.640833593422E0));
#6299=CARTESIAN_POINT('',(-2.195548108667E0,-2.422602056449E0,
-6.675920135946E0));
#6300=CARTESIAN_POINT('',(-2.225404601579E0,-2.438076807463E0,
-6.701190661043E0));
#6301=CARTESIAN_POINT('',(-2.266097286199E0,-2.432874575830E0,
-6.692322304590E0));
#6302=CARTESIAN_POINT('',(-2.205460180851E0,-2.347584147550E0,
-6.667423115782E0));
#6303=CARTESIAN_POINT('',(-2.195767195375E0,-2.362360988216E0,
-6.705714860532E0));
#6304=CARTESIAN_POINT('',(-2.225640845540E0,-2.373118138722E0,
-6.733318688364E0));
#6305=CARTESIAN_POINT('',(-2.266327762312E0,-2.369501848638E0,
-6.723665932777E0));
#6306=CARTESIAN_POINT('',(-2.205585939306E0,-2.288049229330E0,
-6.684525652852E0));
#6307=CARTESIAN_POINT('',(-2.195908112663E0,-2.295649481581E0,
-6.724878925031E0));
#6308=CARTESIAN_POINT('',(-2.225792798059E0,-2.301182264887E0,
-6.753983490492E0));
#6309=CARTESIAN_POINT('',(-2.266476005057E0,-2.299322278881E0,
-6.743826223734E0));
#6310=CARTESIAN_POINT('',(-2.205616291734E0,-2.244236061184E0,
-6.688653435211E0));
#6311=CARTESIAN_POINT('',(-2.195942125606E0,-2.246554879264E0,
-6.729504519507E0));
#6312=CARTESIAN_POINT('',(-2.225829475760E0,-2.248242917706E0,
-6.758971479067E0));
#6313=CARTESIAN_POINT('',(-2.266511786932E0,-2.247675440596E0,
-6.748692384304E0));
#6314=CARTESIAN_POINT('',(-2.205614835124E0,-2.221132994529E0,
-6.688455343341E0));
#6315=CARTESIAN_POINT('',(-2.195940492010E0,-2.220666845108E0,
-6.729282358394E0));
#6316=CARTESIAN_POINT('',(-2.225827713322E0,-2.220327500617E0,
-6.758731796181E0));
#6317=CARTESIAN_POINT('',(-2.266510067808E0,-2.220441579909E0,
-6.748458591808E0));
#6318=CARTESIAN_POINT('',(-2.205614590526E0,-2.219200324276E0,
-6.688422079112E0));
#6319=CARTESIAN_POINT('',(-2.195940217791E0,-2.218501200263E0,
-6.729245065975E0));
#6320=CARTESIAN_POINT('',(-2.225827417541E0,-2.217992256410E0,
-6.758691571345E0));
#6321=CARTESIAN_POINT('',(-2.266509779275E0,-2.218163350847E0,
-6.748419352778E0));
#6322=(BOUNDED_SURFACE()B_SPLINE_SURFACE(3,3,((#6266,#6267,#6268,#6269),(#6270,
#6271,#6272,#6273),(#6274,#6275,#6276,#6277),(#6278,#6279,#6280,#6281),(#6282,
#6283,#6284,#6285),(#6286,#6287,#6288,#6289),(#6290,#6291,#6292,#6293),(#6294,
#6295,#6296,#6297),(#6298,#6299,#6300,#6301),(#6302,#6303,#6304,#6305),(#6306,
#6307,#6308,#6309),(#6310,#6311,#6312,#6313),(#6314,#6315,#6316,#6317),(#6318,
#6319,#6320,#6321)),.UNSPECIFIED.,.F.,.F.,.F.)B_SPLINE_SURFACE_WITH_KNOTS((4,1,
1,1,1,1,1,1,1,1,1,4),(4,4),(-1.093642852096E-2,0.E0,1.084830386197E-1,
2.154776033828E-1,3.247437384500E-1,4.337602840329E-1,5.428492427559E-1,
6.515540861910E-1,7.637054222781E-1,8.802945529835E-1,1.E0,1.010932142861E0),(
0.E0,1.E0),.UNSPECIFIED.)GEOMETRIC_REPRESENTATION_ITEM()RATIONAL_B_SPLINE_SURFACE(((1.316872148614E0,8.943759504620E-1,8.943759504620E-1,1.316872148614E0),(
1.316872148614E0,8.943759504620E-1,8.943759504620E-1,1.316872148614E0),(
1.316872148614E0,8.943759504620E-1,8.943759504620E-1,1.316872148614E0),(
1.316872148614E0,8.943759504620E-1,8.943759504620E-1,1.316872148614E0),(
1.316872148614E0,8.943759504620E-1,8.943759504620E-1,1.316872148614E0),(
1.316872148614E0,8.943759504620E-1,8.943759504620E-1,1.316872148614E0),(
1.316872148614E0,8.943759504620E-1,8.943759504620E-1,1.316872148614E0),(
1.316872148614E0,8.943759504620E-1,8.943759504620E-1,1.316872148614E0),(
1.316872148614E0,8.943759504620E-1,8.943759504620E-1,1.316872148614E0),(
1.316872148614E0,8.943759504620E-1,8.943759504620E-1,1.316872148614E0),(
1.316872148614E0,8.943759504620E-1,8.943759504620E-1,1.316872148614E0),(
1.316872148614E0,8.943759504620E-1,8.943759504620E-1,1.316872148614E0),(
1.316872148614E0,8.943759504620E-1,8.943759504620E-1,1.316872148614E0),(
1.316872148614E0,8.943759504620E-1,8.943759504620E-1,1.316872148614E0)))REPRESENTATION_ITEM('')SURFACE());
#6323=ORIENTED_EDGE('',*,*,#4995,.F.);
#6324=ORIENTED_EDGE('',*,*,#5012,.T.);
#6326=ORIENTED_EDGE('',*,*,#6325,.T.);
#6327=ORIENTED_EDGE('',*,*,#6259,.F.);
#6328=EDGE_LOOP('',(#6323,#6324,#6326,#6327));
#6329=FACE_OUTER_BOUND('',#6328,.F.);
#6331=CARTESIAN_POINT('',(2.2418748E1,-2.225E0,-6.35E0));
#6332=DIRECTION('',(-1.E0,0.E0,0.E0));
#6333=DIRECTION('',(0.E0,0.E0,-1.E0));
#6334=AXIS2_PLACEMENT_3D('',#6331,#6332,#6333);
#6335=CYLINDRICAL_SURFACE('',#6334,4.E-1);
#6336=ORIENTED_EDGE('',*,*,#6325,.F.);
#6338=ORIENTED_EDGE('',*,*,#6337,.T.);
#6339=ORIENTED_EDGE('',*,*,#5145,.T.);
#6340=ORIENTED_EDGE('',*,*,#5159,.T.);
#6342=ORIENTED_EDGE('',*,*,#6341,.T.);
#6343=ORIENTED_EDGE('',*,*,#5239,.F.);
#6344=EDGE_LOOP('',(#6336,#6338,#6339,#6340,#6342,#6343));
#6345=FACE_OUTER_BOUND('',#6344,.F.);
#6347=CARTESIAN_POINT('',(-3.422701665380E0,-2.625E0,0.E0));
#6348=DIRECTION('',(0.E0,-1.E0,0.E0));
#6349=DIRECTION('',(1.E0,0.E0,0.E0));
#6350=AXIS2_PLACEMENT_3D('',#6347,#6348,#6349);
#6351=PLANE('',#6350);
#6352=ORIENTED_EDGE('',*,*,#5010,.F.);
#6353=ORIENTED_EDGE('',*,*,#5079,.T.);
#6354=ORIENTED_EDGE('',*,*,#5147,.T.);
#6355=ORIENTED_EDGE('',*,*,#6337,.F.);
#6356=EDGE_LOOP('',(#6352,#6353,#6354,#6355));
#6357=FACE_OUTER_BOUND('',#6356,.F.);
#6359=CARTESIAN_POINT('',(-5.356470809316E0,-2.623507994287E0,
-6.343073829640E0));
#6360=CARTESIAN_POINT('',(-5.397227759524E0,-2.633480798115E0,
-6.343202379213E0));
#6361=CARTESIAN_POINT('',(-5.426893085634E0,-2.603815326246E0,
-6.343929607567E0));
#6362=CARTESIAN_POINT('',(-5.416913930382E0,-2.563064576238E0,
-6.344555557879E0));
#6363=CARTESIAN_POINT('',(-5.356454051601E0,-2.623547254096E0,
-6.345352797243E0));
#6364=CARTESIAN_POINT('',(-5.397210582459E0,-2.633521043402E0,
-6.345538376350E0));
#6365=CARTESIAN_POINT('',(-5.426877155983E0,-2.603852640094E0,
-6.346095962538E0));
#6366=CARTESIAN_POINT('',(-5.416899714272E0,-2.563097863237E0,
-6.346488879461E0));
#6367=CARTESIAN_POINT('',(-5.356269046463E0,-2.623763425283E0,
-6.370512594303E0));
#6368=CARTESIAN_POINT('',(-5.397020947703E0,-2.633742652813E0,
-6.371327778969E0));
#6369=CARTESIAN_POINT('',(-5.426701292662E0,-2.604058072761E0,
-6.370012517129E0));
#6370=CARTESIAN_POINT('',(-5.416742768443E0,-2.563281074299E0,
-6.367832747457E0));
#6371=CARTESIAN_POINT('',(-5.355920004908E0,-2.619664476092E0,
-6.417980544898E0));
#6372=CARTESIAN_POINT('',(-5.396663171685E0,-2.629541096946E0,
-6.419983573894E0));
#6373=CARTESIAN_POINT('',(-5.426369498500E0,-2.600161734516E0,
-6.415134906286E0));
#6374=CARTESIAN_POINT('',(-5.416446664935E0,-2.559804006209E0,
-6.408101381522E0));
#6375=CARTESIAN_POINT('',(-5.355436291852E0,-2.602433707330E0,
-6.483763163263E0));
#6376=CARTESIAN_POINT('',(-5.396167354046E0,-2.611879153575E0,
-6.487412356564E0));
#6377=CARTESIAN_POINT('',(-5.425909687602E0,-2.583782379117E0,
-6.477666947604E0));
#6378=CARTESIAN_POINT('',(-5.416036315637E0,-2.545186511266E0,
-6.463906886228E0));
#6379=CARTESIAN_POINT('',(-5.354982573706E0,-2.574508340407E0,
-6.545466619929E0));
#6380=CARTESIAN_POINT('',(-5.395702281840E0,-2.583254966036E0,
-6.550659910204E0));
#6381=CARTESIAN_POINT('',(-5.425478389606E0,-2.557236929281E0,
-6.536321373161E0));
#6382=CARTESIAN_POINT('',(-5.415651412469E0,-2.521496573752E0,
-6.516251841464E0));
#6383=CARTESIAN_POINT('',(-5.354567972108E0,-2.536325461455E0,
-6.601850416864E0));
#6384=CARTESIAN_POINT('',(-5.395277304940E0,-2.544116572018E0,
-6.608454697521E0));
#6385=CARTESIAN_POINT('',(-5.425084275462E0,-2.520940845790E0,
-6.589918976195E0));
#6386=CARTESIAN_POINT('',(-5.415299693753E0,-2.489104904332E0,
-6.564083872718E0));
#6387=CARTESIAN_POINT('',(-5.354207526155E0,-2.489224859692E0,
-6.650869309874E0));
#6388=CARTESIAN_POINT('',(-5.394907838806E0,-2.495837276183E0,
-6.658700291245E0));
#6389=CARTESIAN_POINT('',(-5.424741641094E0,-2.476167737024E0,
-6.636515580513E0));
#6390=CARTESIAN_POINT('',(-5.414993917541E0,-2.449148160979E0,
-6.605667947464E0));
#6391=CARTESIAN_POINT('',(-5.353907552112E0,-2.433917069644E0,
-6.691664317886E0));
#6392=CARTESIAN_POINT('',(-5.394600357813E0,-2.439145390160E0,
-6.700516207874E0));
#6393=CARTESIAN_POINT('',(-5.424456490552E0,-2.423593034186E0,
-6.675294664533E0));
#6394=CARTESIAN_POINT('',(-5.414739441808E0,-2.402229134326E0,
-6.640275407076E0));
#6395=CARTESIAN_POINT('',(-5.353675577526E0,-2.370702345863E0,
-6.723211731162E0));
#6396=CARTESIAN_POINT('',(-5.394362577879E0,-2.374348679306E0,
-6.732853120102E0));
#6397=CARTESIAN_POINT('',(-5.424235979420E0,-2.363502160710E0,
-6.705283103917E0));
#6398=CARTESIAN_POINT('',(-5.414542652415E0,-2.348602557233E0,
-6.667037805419E0));
#6399=CARTESIAN_POINT('',(-5.353524794938E0,-2.300149022465E0,
-6.743717428314E0));
#6400=CARTESIAN_POINT('',(-5.394208021961E0,-2.302029698481E0,
-6.753871971716E0));
#6401=CARTESIAN_POINT('',(-5.424092647789E0,-2.296435369903E0,
-6.724775507251E0));
#6402=CARTESIAN_POINT('',(-5.414414739319E0,-2.288750574382E0,
-6.684433363216E0));
#6403=CARTESIAN_POINT('',(-5.353488192659E0,-2.247998808188E0,
-6.748695159829E0));
#6404=CARTESIAN_POINT('',(-5.394170503308E0,-2.248574378005E0,
-6.758974325724E0));
#6405=CARTESIAN_POINT('',(-5.424057855018E0,-2.246862266695E0,
-6.729507154573E0));
#6406=CARTESIAN_POINT('',(-5.414383691027E0,-2.244510380291E0,
-6.688655779619E0));
#6407=CARTESIAN_POINT('',(-5.353489932166E0,-2.220441613786E0,
-6.748458595366E0));
#6408=CARTESIAN_POINT('',(-5.394172286652E0,-2.220327535325E0,
-6.758731799603E0));
#6409=CARTESIAN_POINT('',(-5.424059507962E0,-2.220666877344E0,
-6.729282362221E0));
#6410=CARTESIAN_POINT('',(-5.414385164843E0,-2.221133023369E0,
-6.688455347722E0));
#6411=CARTESIAN_POINT('',(-5.353490220718E0,-2.218163413124E0,
-6.748419353743E0));
#6412=CARTESIAN_POINT('',(-5.394172582454E0,-2.217992320219E0,
-6.758691571979E0));
#6413=CARTESIAN_POINT('',(-5.424059782197E0,-2.218501259515E0,
-6.729245067592E0));
#6414=CARTESIAN_POINT('',(-5.414385409452E0,-2.219200377267E0,
-6.688422082080E0));
#6415=(BOUNDED_SURFACE()B_SPLINE_SURFACE(3,3,((#6359,#6360,#6361,#6362),(#6363,
#6364,#6365,#6366),(#6367,#6368,#6369,#6370),(#6371,#6372,#6373,#6374),(#6375,
#6376,#6377,#6378),(#6379,#6380,#6381,#6382),(#6383,#6384,#6385,#6386),(#6387,
#6388,#6389,#6390),(#6391,#6392,#6393,#6394),(#6395,#6396,#6397,#6398),(#6399,
#6400,#6401,#6402),(#6403,#6404,#6405,#6406),(#6407,#6408,#6409,#6410),(#6411,
#6412,#6413,#6414)),.UNSPECIFIED.,.F.,.F.,.F.)B_SPLINE_SURFACE_WITH_KNOTS((4,1,
1,1,1,1,1,1,1,1,1,4),(4,4),(-1.093641928154E-2,0.E0,1.097617864233E-1,
2.163746314659E-1,3.248212631857E-1,4.331340358694E-1,5.415320905331E-1,
6.494096256183E-1,7.613121041241E-1,8.787436978992E-1,1.E0,1.010932022596E0),(
0.E0,1.E0),.UNSPECIFIED.)GEOMETRIC_REPRESENTATION_ITEM()RATIONAL_B_SPLINE_SURFACE(((1.316872148614E0,8.943759504619E-1,8.943759504619E-1,1.316872148614E0),(
1.316872148614E0,8.943759504619E-1,8.943759504619E-1,1.316872148614E0),(
1.316872148614E0,8.943759504619E-1,8.943759504619E-1,1.316872148614E0),(
1.316872148614E0,8.943759504619E-1,8.943759504619E-1,1.316872148614E0),(
1.316872148614E0,8.943759504619E-1,8.943759504619E-1,1.316872148614E0),(
1.316872148614E0,8.943759504619E-1,8.943759504619E-1,1.316872148614E0),(
1.316872148614E0,8.943759504619E-1,8.943759504619E-1,1.316872148614E0),(
1.316872148614E0,8.943759504619E-1,8.943759504619E-1,1.316872148614E0),(
1.316872148614E0,8.943759504619E-1,8.943759504619E-1,1.316872148614E0),(
1.316872148614E0,8.943759504619E-1,8.943759504619E-1,1.316872148614E0),(
1.316872148614E0,8.943759504619E-1,8.943759504619E-1,1.316872148614E0),(
1.316872148614E0,8.943759504619E-1,8.943759504619E-1,1.316872148614E0),(
1.316872148614E0,8.943759504619E-1,8.943759504619E-1,1.316872148614E0),(
1.316872148614E0,8.943759504619E-1,8.943759504619E-1,1.316872148614E0)))REPRESENTATION_ITEM('')SURFACE());
#6416=ORIENTED_EDGE('',*,*,#6341,.F.);
#6417=ORIENTED_EDGE('',*,*,#5174,.T.);
#6418=ORIENTED_EDGE('',*,*,#5189,.T.);
#6419=ORIENTED_EDGE('',*,*,#5210,.F.);
#6420=EDGE_LOOP('',(#6416,#6417,#6418,#6419));
#6421=FACE_OUTER_BOUND('',#6420,.F.);
#6423=CARTESIAN_POINT('',(-5.663534765956E0,-1.28261E1,-2.E-1));
#6424=DIRECTION('',(0.E0,1.E0,0.E0));
#6425=DIRECTION('',(0.E0,0.E0,1.E0));
#6426=AXIS2_PLACEMENT_3D('',#6423,#6424,#6425);
#6427=CYLINDRICAL_SURFACE('',#6426,2.E-1);
#6428=ORIENTED_EDGE('',*,*,#5645,.T.);
#6429=ORIENTED_EDGE('',*,*,#5194,.F.);
#6431=ORIENTED_EDGE('',*,*,#6430,.F.);
#6432=ORIENTED_EDGE('',*,*,#4536,.T.);
#6433=EDGE_LOOP('',(#6428,#6429,#6431,#6432));
#6434=FACE_OUTER_BOUND('',#6433,.F.);
#6436=CARTESIAN_POINT('',(-5.659968127130E0,-2.837301087847E0,
1.235163278942E-3));
#6437=CARTESIAN_POINT('',(-5.688789702013E0,-2.808297258882E0,
-8.179391164942E-3));
#6438=CARTESIAN_POINT('',(-5.709771669667E0,-2.787897380260E0,
2.188934111686E-2));
#6439=CARTESIAN_POINT('',(-5.702719816492E0,-2.795735430695E0,
6.250153844630E-2));
#6440=CARTESIAN_POINT('',(-5.658355222603E0,-2.836002531548E0,
1.313538026544E-3));
#6441=CARTESIAN_POINT('',(-5.687174735648E0,-2.807057936657E0,
-8.288157565752E-3));
#6442=CARTESIAN_POINT('',(-5.708155202294E0,-2.786462839665E0,
2.164876358878E-2));
#6443=CARTESIAN_POINT('',(-5.701103853595E0,-2.794039108313E0,
6.231134217804E-2));
#6444=CARTESIAN_POINT('',(-5.639527187562E0,-2.820837882221E0,
2.084677610989E-3));
#6445=CARTESIAN_POINT('',(-5.668334413841E0,-2.792615083395E0,
-9.694618108772E-3));
#6446=CARTESIAN_POINT('',(-5.689305935780E0,-2.769763720740E0,
1.868233202202E-2));
#6447=CARTESIAN_POINT('',(-5.682257593317E0,-2.774277217661E0,
5.990397163792E-2));
#6448=CARTESIAN_POINT('',(-5.605183153275E0,-2.793036398504E0,
4.082684619483E-4));
#6449=CARTESIAN_POINT('',(-5.634194529932E0,-2.766789480398E0,
-1.518395875848E-2));
#6450=CARTESIAN_POINT('',(-5.655314672362E0,-2.740312183648E0,
9.898504567564E-3));
#6451=CARTESIAN_POINT('',(-5.648216379871E0,-2.739087732463E0,
5.151489955809E-2));
#6452=CARTESIAN_POINT('',(-5.558867364249E0,-2.755199843034E0,
-9.608864732332E-3));
#6453=CARTESIAN_POINT('',(-5.588710807090E0,-2.733239023441E0,
-2.960661874236E-2));
#6454=CARTESIAN_POINT('',(-5.610436689694E0,-2.703076251603E0,
-9.833715610605E-3));
#6455=CARTESIAN_POINT('',(-5.603134813305E0,-2.693741858102E0,
3.067930206050E-2));
#6456=CARTESIAN_POINT('',(-5.518236269621E0,-2.721715695077E0,
-2.562635279942E-2));
#6457=CARTESIAN_POINT('',(-5.549362293485E0,-2.704953510994E0,
-4.849245792626E-2));
#6458=CARTESIAN_POINT('',(-5.572021888895E0,-2.672628714383E0,
-3.394283706512E-2));
#6459=CARTESIAN_POINT('',(-5.564406199915E0,-2.655852488814E0,
4.019144784825E-3));
#6460=CARTESIAN_POINT('',(-5.483377239739E0,-2.692738686990E0,
-4.656129189880E-2));
#6461=CARTESIAN_POINT('',(-5.516171740296E0,-2.681743697475E0,
-7.057642081629E-2));
#6462=CARTESIAN_POINT('',(-5.540045978698E0,-2.648540034354E0,
-6.081987829375E-2));
#6463=CARTESIAN_POINT('',(-5.532022058985E0,-2.625084751246E0,
-2.668190393791E-2));
#6464=CARTESIAN_POINT('',(-5.454578600775E0,-2.668592702727E0,
-7.139504319477E-2));
#6465=CARTESIAN_POINT('',(-5.489327034286E0,-2.663528219041E0,
-9.465535487896E-2));
#6466=CARTESIAN_POINT('',(-5.514623726466E0,-2.630472092714E0,
-8.892786745932E-2));
#6467=CARTESIAN_POINT('',(-5.506121732659E0,-2.601239379742E0,
-5.972503364036E-2));
#6468=CARTESIAN_POINT('',(-5.431712426713E0,-2.649260526047E0,
-9.951664272764E-2));
#6469=CARTESIAN_POINT('',(-5.468553462802E0,-2.649884000497E0,
-1.199733236575E-1));
#6470=CARTESIAN_POINT('',(-5.495373559576E0,-2.617681130705E0,
-1.172838142715E-1));
#6471=CARTESIAN_POINT('',(-5.486359563E0,-2.583645751083E0,-9.403664811025E-2));
#6472=CARTESIAN_POINT('',(-5.414750117346E0,-2.634808830723E0,
-1.306214839596E-1));
#6473=CARTESIAN_POINT('',(-5.453589043163E0,-2.640385892987E0,
-1.461213205989E-1));
#6474=CARTESIAN_POINT('',(-5.481863594034E0,-2.609369676267E0,
-1.453403837310E-1));
#6475=CARTESIAN_POINT('',(-5.472360768340E0,-2.571611914006E0,
-1.290302904672E-1));
#6476=CARTESIAN_POINT('',(-5.404247482962E0,-2.625802641545E0,
-1.639865516267E-1));
#6477=CARTESIAN_POINT('',(-5.444589683647E0,-2.634857350321E0,
-1.725295629573E-1));
#6478=CARTESIAN_POINT('',(-5.473958611379E0,-2.604886197563E0,
-1.725131650930E-1));
#6479=CARTESIAN_POINT('',(-5.464087975331E0,-2.564735088984E0,
-1.639531402512E-1));
#6480=CARTESIAN_POINT('',(-5.401539385632E0,-2.623472832299E0,
-1.893025410928E-1));
#6481=CARTESIAN_POINT('',(-5.442313452449E0,-2.633485341501E0,
-1.918476724239E-1));
#6482=CARTESIAN_POINT('',(-5.471996776644E0,-2.603830038334E0,
-1.918486758617E-1));
#6483=CARTESIAN_POINT('',(-5.462020474734E0,-2.563048837282E0,
-1.893045856418E-1));
#6484=CARTESIAN_POINT('',(-5.401655557710E0,-2.623572216338E0,
-2.025010304986E-1));
#6485=CARTESIAN_POINT('',(-5.442409278535E0,-2.633544113639E0,
-2.019061639712E-1));
#6486=CARTESIAN_POINT('',(-5.472077790945E0,-2.603875529172E0,
-2.019060676380E-1));
#6487=CARTESIAN_POINT('',(-5.462106467145E0,-2.563121160086E0,
-2.025008342153E-1));
#6488=CARTESIAN_POINT('',(-5.401710576562E0,-2.623619046017E0,
-2.045329251558E-1));
#6489=CARTESIAN_POINT('',(-5.442454460798E0,-2.633572367607E0,
-2.034552480787E-1));
#6490=CARTESIAN_POINT('',(-5.472115812219E0,-2.603897963517E0,
-2.034554432404E-1));
#6491=CARTESIAN_POINT('',(-5.462146895164E0,-2.563156132024E0,
-2.045333228064E-1));
#6492=(BOUNDED_SURFACE()B_SPLINE_SURFACE(3,3,((#6436,#6437,#6438,#6439),(#6440,
#6441,#6442,#6443),(#6444,#6445,#6446,#6447),(#6448,#6449,#6450,#6451),(#6452,
#6453,#6454,#6455),(#6456,#6457,#6458,#6459),(#6460,#6461,#6462,#6463),(#6464,
#6465,#6466,#6467),(#6468,#6469,#6470,#6471),(#6472,#6473,#6474,#6475),(#6476,
#6477,#6478,#6479),(#6480,#6481,#6482,#6483),(#6484,#6485,#6486,#6487),(#6488,
#6489,#6490,#6491)),.UNSPECIFIED.,.F.,.F.,.F.)B_SPLINE_SURFACE_WITH_KNOTS((4,1,
1,1,1,1,1,1,1,1,1,4),(4,4),(-1.473363698029E-2,0.E0,1.572847930238E-1,
2.998275961866E-1,4.295266511528E-1,5.466750469741E-1,6.525810327421E-1,
7.472663051506E-1,8.359112768097E-1,9.212189457659E-1,1.E0,1.014357735916E0),(
0.E0,1.E0),.UNSPECIFIED.)GEOMETRIC_REPRESENTATION_ITEM()RATIONAL_B_SPLINE_SURFACE(((1.316853206683E0,8.943822644388E-1,8.943822644388E-1,1.316853206683E0),(
1.316853206683E0,8.943822644388E-1,8.943822644388E-1,1.316853206683E0),(
1.316853206683E0,8.943822644388E-1,8.943822644388E-1,1.316853206683E0),(
1.316853206683E0,8.943822644388E-1,8.943822644388E-1,1.316853206683E0),(
1.316853206683E0,8.943822644388E-1,8.943822644388E-1,1.316853206683E0),(
1.316853206683E0,8.943822644388E-1,8.943822644388E-1,1.316853206683E0),(
1.316853206683E0,8.943822644388E-1,8.943822644388E-1,1.316853206683E0),(
1.316853206683E0,8.943822644388E-1,8.943822644388E-1,1.316853206683E0),(
1.316853206683E0,8.943822644388E-1,8.943822644388E-1,1.316853206683E0),(
1.316853206683E0,8.943822644388E-1,8.943822644388E-1,1.316853206683E0),(
1.316853206683E0,8.943822644388E-1,8.943822644388E-1,1.316853206683E0),(
1.316853206683E0,8.943822644388E-1,8.943822644388E-1,1.316853206683E0),(
1.316853206683E0,8.943822644388E-1,8.943822644388E-1,1.316853206683E0),(
1.316853206683E0,8.943822644388E-1,8.943822644388E-1,1.316853206683E0)))REPRESENTATION_ITEM('')SURFACE());
#6493=ORIENTED_EDGE('',*,*,#6430,.T.);
#6495=ORIENTED_EDGE('',*,*,#6494,.F.);
#6497=ORIENTED_EDGE('',*,*,#6496,.F.);
#6498=EDGE_LOOP('',(#6493,#6495,#6497));
#6499=FACE_OUTER_BOUND('',#6498,.F.);
#6501=CARTESIAN_POINT('',(-5.401656518435E0,-2.623573105574E0,
-1.984018478741E-1));
#6502=CARTESIAN_POINT('',(-5.442412210312E0,-2.633544860308E0,
-1.987763237281E-1));
#6503=CARTESIAN_POINT('',(-5.472081279731E0,-2.603874187150E0,
-1.987719482365E-1));
#6504=CARTESIAN_POINT('',(-5.462107266495E0,-2.563119089895E0,
-1.983929328072E-1));
#6505=CARTESIAN_POINT('',(-5.401656428323E0,-2.623573027231E0,
-1.984117219896E-1));
#6506=CARTESIAN_POINT('',(-5.442412120199E0,-2.633544800322E0,
-1.987857091284E-1));
#6507=CARTESIAN_POINT('',(-5.472081189617E0,-2.603874126948E0,
-1.987827882031E-1));
#6508=CARTESIAN_POINT('',(-5.462107176381E0,-2.563119011114E0,
-1.984057706024E-1));
#6509=CARTESIAN_POINT('',(-5.401654836348E0,-2.623571656016E0,
-1.985861631544E-1));
#6510=CARTESIAN_POINT('',(-5.442410528209E0,-2.633543752764E0,
-1.989515163633E-1));
#6511=CARTESIAN_POINT('',(-5.472079597618E0,-2.603873077480E0,
-1.989742925184E-1));
#6512=CARTESIAN_POINT('',(-5.462105584385E0,-2.563117636006E0,
-1.986325695852E-1));
#6513=CARTESIAN_POINT('',(-5.401651742482E0,-2.623569431587E0,
-1.989251747325E-1));
#6514=CARTESIAN_POINT('',(-5.442407434321E0,-2.633542135543E0,
-1.992737473409E-1));
#6515=CARTESIAN_POINT('',(-5.472076503712E0,-2.603871521428E0,
-1.993464625776E-1));
#6516=CARTESIAN_POINT('',(-5.462102490486E0,-2.563115536208E0,
-1.990733320742E-1));
#6517=CARTESIAN_POINT('',(-5.401647236795E0,-2.623567402217E0,
-1.994188878079E-1));
#6518=CARTESIAN_POINT('',(-5.442402928614E0,-2.633540930571E0,
-1.997430187588E-1));
#6519=CARTESIAN_POINT('',(-5.472071997991E0,-2.603870583802E0,
-1.998884590532E-1));
#6520=CARTESIAN_POINT('',(-5.462097984769E0,-2.563114051557E0,
-1.997152225014E-1));
#6521=CARTESIAN_POINT('',(-5.401644142868E0,-2.623566839656E0,
-1.997579068789E-1));
#6522=CARTESIAN_POINT('',(-5.442399834683E0,-2.633540892963E0,
-2.000652519850E-1));
#6523=CARTESIAN_POINT('',(-5.472068904057E0,-2.603870852174E0,
-2.002606286527E-1));
#6524=CARTESIAN_POINT('',(-5.462094890836E0,-2.563114112428E0,
-2.001559869651E-1));
#6525=CARTESIAN_POINT('',(-5.401642550846E0,-2.623566776796E0,
-1.999323539303E-1));
#6526=CARTESIAN_POINT('',(-5.442398242660E0,-2.633541089005E0,
-2.002310609784E-1));
#6527=CARTESIAN_POINT('',(-5.472067312034E0,-2.603871239040E0,
-2.004521325924E-1));
#6528=CARTESIAN_POINT('',(-5.462093298814E0,-2.563114438374E0,
-2.003827874863E-1));
#6529=CARTESIAN_POINT('',(-5.401642460731E0,-2.623566773964E0,
-1.999422283304E-1));
#6530=CARTESIAN_POINT('',(-5.442398152546E0,-2.633541100791E0,
-2.002404464278E-1));
#6531=CARTESIAN_POINT('',(-5.472067221920E0,-2.603871261735E0,
-2.004629724767E-1));
#6532=CARTESIAN_POINT('',(-5.462093208699E0,-2.563114457768E0,
-2.003956252986E-1));
#6533=(BOUNDED_SURFACE()B_SPLINE_SURFACE(3,3,((#6501,#6502,#6503,#6504),(#6505,
#6506,#6507,#6508),(#6509,#6510,#6511,#6512),(#6513,#6514,#6515,#6516),(#6517,
#6518,#6519,#6520),(#6521,#6522,#6523,#6524),(#6525,#6526,#6527,#6528),(#6529,
#6530,#6531,#6532)),.UNSPECIFIED.,.F.,.F.,.F.)B_SPLINE_SURFACE_WITH_KNOTS((4,1,
1,1,1,4),(4,4),(-2.000021625542E-2,0.E0,3.333335861868E-1,6.666664138686E-1,
1.E0,1.020000097628E0),(0.E0,1.E0),.UNSPECIFIED.)GEOMETRIC_REPRESENTATION_ITEM()RATIONAL_B_SPLINE_SURFACE(((1.316872148614E0,8.943759504619E-1,8.943759504619E-1,
1.316872148614E0),(1.316872148614E0,8.943759504619E-1,8.943759504619E-1,
1.316872148614E0),(1.316872148614E0,8.943759504619E-1,8.943759504619E-1,
1.316872148614E0),(1.316872148614E0,8.943759504619E-1,8.943759504619E-1,
1.316872148614E0),(1.316872148614E0,8.943759504619E-1,8.943759504619E-1,
1.316872148614E0),(1.316872148614E0,8.943759504619E-1,8.943759504619E-1,
1.316872148614E0),(1.316872148614E0,8.943759504619E-1,8.943759504619E-1,
1.316872148614E0),(1.316872148614E0,8.943759504619E-1,8.943759504619E-1,
1.316872148614E0)))REPRESENTATION_ITEM('')SURFACE());
#6535=ORIENTED_EDGE('',*,*,#6534,.F.);
#6536=ORIENTED_EDGE('',*,*,#6494,.T.);
#6537=ORIENTED_EDGE('',*,*,#5192,.T.);
#6538=ORIENTED_EDGE('',*,*,#5177,.F.);
#6539=EDGE_LOOP('',(#6535,#6536,#6537,#6538));
#6540=FACE_OUTER_BOUND('',#6539,.F.);
#6542=CARTESIAN_POINT('',(2.2418748E1,-2.825E0,-2.E-1));
#6543=DIRECTION('',(-1.E0,0.E0,0.E0));
#6544=DIRECTION('',(0.E0,0.E0,1.E0));
#6545=AXIS2_PLACEMENT_3D('',#6542,#6543,#6544);
#6546=CYLINDRICAL_SURFACE('',#6545,2.E-1);
#6547=ORIENTED_EDGE('',*,*,#4538,.T.);
#6548=ORIENTED_EDGE('',*,*,#6496,.T.);
#6549=ORIENTED_EDGE('',*,*,#6534,.T.);
#6550=ORIENTED_EDGE('',*,*,#5162,.F.);
#6551=ORIENTED_EDGE('',*,*,#5131,.T.);
#6552=EDGE_LOOP('',(#6547,#6548,#6549,#6550,#6551));
#6553=FACE_OUTER_BOUND('',#6552,.F.);
#6555=CARTESIAN_POINT('',(-5.365732177038E0,1.575E0,-6.7E0));
#6556=DIRECTION('',(-7.097016999692E-1,0.E0,7.045023045107E-1));
#6557=DIRECTION('',(-7.045023045107E-1,0.E0,-7.097016999692E-1));
#6558=AXIS2_PLACEMENT_3D('',#6555,#6556,#6557);
#6559=SPHERICAL_SURFACE('',#6558,5.E-2);
#6560=ORIENTED_EDGE('',*,*,#5509,.F.);
#6561=ORIENTED_EDGE('',*,*,#5213,.F.);
#6562=ORIENTED_EDGE('',*,*,#5538,.F.);
#6563=EDGE_LOOP('',(#6560,#6561,#6562));
#6564=FACE_OUTER_BOUND('',#6563,.F.);
#6566=CARTESIAN_POINT('',(-1.853534765956E0,-1.28261E1,-2.E-1));
#6567=DIRECTION('',(0.E0,1.E0,0.E0));
#6568=DIRECTION('',(0.E0,0.E0,1.E0));
#6569=AXIS2_PLACEMENT_3D('',#6566,#6567,#6568);
#6570=CYLINDRICAL_SURFACE('',#6569,2.E-1);
#6572=ORIENTED_EDGE('',*,*,#6571,.F.);
#6573=ORIENTED_EDGE('',*,*,#4548,.T.);
#6575=ORIENTED_EDGE('',*,*,#6574,.T.);
#6577=ORIENTED_EDGE('',*,*,#6576,.F.);
#6578=EDGE_LOOP('',(#6572,#6573,#6575,#6577));
#6579=FACE_OUTER_BOUND('',#6578,.F.);
#6581=CARTESIAN_POINT('',(-1.849968127130E0,-2.837301087847E0,
1.235163278943E-3));
#6582=CARTESIAN_POINT('',(-1.878789702013E0,-2.808297258882E0,
-8.179391164943E-3));
#6583=CARTESIAN_POINT('',(-1.899771669667E0,-2.787897380260E0,
2.188934111686E-2));
#6584=CARTESIAN_POINT('',(-1.892719816492E0,-2.795735430695E0,
6.250153844630E-2));
#6585=CARTESIAN_POINT('',(-1.848355222603E0,-2.836002531548E0,
1.313538026544E-3));
#6586=CARTESIAN_POINT('',(-1.877174735648E0,-2.807057936657E0,
-8.288157565753E-3));
#6587=CARTESIAN_POINT('',(-1.898155202294E0,-2.786462839665E0,
2.164876358878E-2));
#6588=CARTESIAN_POINT('',(-1.891103853595E0,-2.794039108313E0,
6.231134217804E-2));
#6589=CARTESIAN_POINT('',(-1.829527187563E0,-2.820837882221E0,
2.084677610948E-3));
#6590=CARTESIAN_POINT('',(-1.858334413842E0,-2.792615083396E0,
-9.694618108698E-3));
#6591=CARTESIAN_POINT('',(-1.879305935781E0,-2.769763720741E0,
1.868233202217E-2));
#6592=CARTESIAN_POINT('',(-1.872257593318E0,-2.774277217662E0,
5.990397163804E-2));
#6593=CARTESIAN_POINT('',(-1.795183153279E0,-2.793036398507E0,
4.082684622220E-4));
#6594=CARTESIAN_POINT('',(-1.824194529936E0,-2.766789480401E0,
-1.518395875776E-2));
#6595=CARTESIAN_POINT('',(-1.845314672366E0,-2.740312183651E0,
9.898504568684E-3));
#6596=CARTESIAN_POINT('',(-1.838216379875E0,-2.739087732467E0,
5.151489955918E-2));
#6597=CARTESIAN_POINT('',(-1.748867364258E0,-2.755199843042E0,-9.60886473E-3));
#6598=CARTESIAN_POINT('',(-1.778710807099E0,-2.733239023447E0,
-2.960661873922E-2));
#6599=CARTESIAN_POINT('',(-1.800436689703E0,-2.703076251610E0,
-9.833715606393E-3));
#6600=CARTESIAN_POINT('',(-1.793134813314E0,-2.693741858111E0,
3.067930206500E-2));
#6601=CARTESIAN_POINT('',(-1.708236269634E0,-2.721715695088E0,
-2.562635279313E-2));
#6602=CARTESIAN_POINT('',(-1.739362293498E0,-2.704953511003E0,
-4.849245791915E-2));
#6603=CARTESIAN_POINT('',(-1.762021888907E0,-2.672628714393E0,
-3.394283705621E-2));
#6604=CARTESIAN_POINT('',(-1.754406199928E0,-2.655852488826E0,
4.019144794791E-3));
#6605=CARTESIAN_POINT('',(-1.673377239756E0,-2.692738687003E0,
-4.656129188750E-2));
#6606=CARTESIAN_POINT('',(-1.706171740311E0,-2.681743697485E0,
-7.057642080479E-2));
#6607=CARTESIAN_POINT('',(-1.730045978712E0,-2.648540034365E0,-6.081987828E-2));
#6608=CARTESIAN_POINT('',(-1.722022059E0,-2.625084751260E0,-2.668190392201E-2));
#6609=CARTESIAN_POINT('',(-1.644578600791E0,-2.668592702741E0,
-7.139504317807E-2));
#6610=CARTESIAN_POINT('',(-1.679327034302E0,-2.663528219051E0,
-9.465535486328E-2));
#6611=CARTESIAN_POINT('',(-1.704623726480E0,-2.630472092724E0,
-8.892786744134E-2));
#6612=CARTESIAN_POINT('',(-1.696121732673E0,-2.601239379756E0,
-5.972503361896E-2));
#6613=CARTESIAN_POINT('',(-1.621712426728E0,-2.649260526060E0,
-9.951664270569E-2));
#6614=CARTESIAN_POINT('',(-1.658553462815E0,-2.649884000505E0,
-1.199733236383E-1));
#6615=CARTESIAN_POINT('',(-1.685373559588E0,-2.617681130713E0,
-1.172838142505E-1));
#6616=CARTESIAN_POINT('',(-1.676359563013E0,-2.583645751095E0,
-9.403664808444E-2));
#6617=CARTESIAN_POINT('',(-1.604750117356E0,-2.634808830732E0,
-1.306214839360E-1));
#6618=CARTESIAN_POINT('',(-1.643589043172E0,-2.640385892992E0,
-1.461213205798E-1));
#6619=CARTESIAN_POINT('',(-1.671863594041E0,-2.609369676272E0,
-1.453403837110E-1));
#6620=CARTESIAN_POINT('',(-1.662360768348E0,-2.571611914012E0,
-1.290302904418E-1));
#6621=CARTESIAN_POINT('',(-1.594247482965E0,-2.625802641547E0,
-1.639865516103E-1));
#6622=CARTESIAN_POINT('',(-1.634589683649E0,-2.634857350322E0,
-1.725295629448E-1));
#6623=CARTESIAN_POINT('',(-1.663958611380E0,-2.604886197564E0,
-1.725131650805E-1));
#6624=CARTESIAN_POINT('',(-1.654087975333E0,-2.564735088985E0,
-1.639531402348E-1));
#6625=CARTESIAN_POINT('',(-1.591539385632E0,-2.623472832299E0,
-1.893025410867E-1));
#6626=CARTESIAN_POINT('',(-1.632313452449E0,-2.633485341501E0,
-1.918476724192E-1));
#6627=CARTESIAN_POINT('',(-1.661996776644E0,-2.603830038334E0,
-1.918486758570E-1));
#6628=CARTESIAN_POINT('',(-1.652020474734E0,-2.563048837282E0,
-1.893045856356E-1));
#6629=CARTESIAN_POINT('',(-1.591655557710E0,-2.623572216338E0,
-2.025010304986E-1));
#6630=CARTESIAN_POINT('',(-1.632409278535E0,-2.633544113639E0,
-2.019061639712E-1));
#6631=CARTESIAN_POINT('',(-1.662077790945E0,-2.603875529172E0,
-2.019060676380E-1));
#6632=CARTESIAN_POINT('',(-1.652106467145E0,-2.563121160086E0,
-2.025008342153E-1));
#6633=CARTESIAN_POINT('',(-1.591710576562E0,-2.623619046017E0,
-2.045329251557E-1));
#6634=CARTESIAN_POINT('',(-1.632454460798E0,-2.633572367607E0,
-2.034552480787E-1));
#6635=CARTESIAN_POINT('',(-1.662115812219E0,-2.603897963517E0,
-2.034554432404E-1));
#6636=CARTESIAN_POINT('',(-1.652146895164E0,-2.563156132024E0,
-2.045333228064E-1));
#6637=(BOUNDED_SURFACE()B_SPLINE_SURFACE(3,3,((#6581,#6582,#6583,#6584),(#6585,
#6586,#6587,#6588),(#6589,#6590,#6591,#6592),(#6593,#6594,#6595,#6596),(#6597,
#6598,#6599,#6600),(#6601,#6602,#6603,#6604),(#6605,#6606,#6607,#6608),(#6609,
#6610,#6611,#6612),(#6613,#6614,#6615,#6616),(#6617,#6618,#6619,#6620),(#6621,
#6622,#6623,#6624),(#6625,#6626,#6627,#6628),(#6629,#6630,#6631,#6632),(#6633,
#6634,#6635,#6636)),.UNSPECIFIED.,.F.,.F.,.F.)B_SPLINE_SURFACE_WITH_KNOTS((4,1,
1,1,1,1,1,1,1,1,1,4),(4,4),(-1.473363698029E-2,0.E0,1.572847930146E-1,
2.998275961587E-1,4.295266511063E-1,5.466750469167E-1,6.525810326782E-1,
7.472663050794E-1,8.359112767383E-1,9.212189457222E-1,1.E0,1.014357735916E0),(
0.E0,1.E0),.UNSPECIFIED.)GEOMETRIC_REPRESENTATION_ITEM()RATIONAL_B_SPLINE_SURFACE(((1.316853206683E0,8.943822644388E-1,8.943822644388E-1,1.316853206683E0),(
1.316853206683E0,8.943822644388E-1,8.943822644388E-1,1.316853206683E0),(
1.316853206683E0,8.943822644388E-1,8.943822644388E-1,1.316853206683E0),(
1.316853206683E0,8.943822644388E-1,8.943822644388E-1,1.316853206683E0),(
1.316853206683E0,8.943822644388E-1,8.943822644388E-1,1.316853206683E0),(
1.316853206683E0,8.943822644388E-1,8.943822644388E-1,1.316853206683E0),(
1.316853206683E0,8.943822644388E-1,8.943822644388E-1,1.316853206683E0),(
1.316853206683E0,8.943822644388E-1,8.943822644388E-1,1.316853206683E0),(
1.316853206683E0,8.943822644388E-1,8.943822644388E-1,1.316853206683E0),(
1.316853206683E0,8.943822644388E-1,8.943822644388E-1,1.316853206683E0),(
1.316853206683E0,8.943822644388E-1,8.943822644388E-1,1.316853206683E0),(
1.316853206683E0,8.943822644388E-1,8.943822644388E-1,1.316853206683E0),(
1.316853206683E0,8.943822644388E-1,8.943822644388E-1,1.316853206683E0),(
1.316853206683E0,8.943822644388E-1,8.943822644388E-1,1.316853206683E0)))REPRESENTATION_ITEM('')SURFACE());
#6638=ORIENTED_EDGE('',*,*,#6571,.T.);
#6640=ORIENTED_EDGE('',*,*,#6639,.F.);
#6642=ORIENTED_EDGE('',*,*,#6641,.F.);
#6643=EDGE_LOOP('',(#6638,#6640,#6642));
#6644=FACE_OUTER_BOUND('',#6643,.F.);
#6646=CARTESIAN_POINT('',(-1.591656518435E0,-2.623573105574E0,
-1.984018478741E-1));
#6647=CARTESIAN_POINT('',(-1.632412210312E0,-2.633544860308E0,
-1.987763237281E-1));
#6648=CARTESIAN_POINT('',(-1.662081279731E0,-2.603874187150E0,
-1.987719482365E-1));
#6649=CARTESIAN_POINT('',(-1.652107266495E0,-2.563119089895E0,
-1.983929328072E-1));
#6650=CARTESIAN_POINT('',(-1.591656428323E0,-2.623573027231E0,
-1.984117219896E-1));
#6651=CARTESIAN_POINT('',(-1.632412120199E0,-2.633544800322E0,
-1.987857091284E-1));
#6652=CARTESIAN_POINT('',(-1.662081189617E0,-2.603874126948E0,
-1.987827882031E-1));
#6653=CARTESIAN_POINT('',(-1.652107176381E0,-2.563119011114E0,
-1.984057706024E-1));
#6654=CARTESIAN_POINT('',(-1.591654836348E0,-2.623571656016E0,
-1.985861631545E-1));
#6655=CARTESIAN_POINT('',(-1.632410528209E0,-2.633543752764E0,
-1.989515163633E-1));
#6656=CARTESIAN_POINT('',(-1.662079597618E0,-2.603873077480E0,
-1.989742925185E-1));
#6657=CARTESIAN_POINT('',(-1.652105584385E0,-2.563117636006E0,
-1.986325695852E-1));
#6658=CARTESIAN_POINT('',(-1.591651742482E0,-2.623569431587E0,
-1.989251747325E-1));
#6659=CARTESIAN_POINT('',(-1.632407434321E0,-2.633542135543E0,
-1.992737473410E-1));
#6660=CARTESIAN_POINT('',(-1.662076503712E0,-2.603871521428E0,
-1.993464625777E-1));
#6661=CARTESIAN_POINT('',(-1.652102490486E0,-2.563115536208E0,
-1.990733320743E-1));
#6662=CARTESIAN_POINT('',(-1.591647236795E0,-2.623567402217E0,
-1.994188878079E-1));
#6663=CARTESIAN_POINT('',(-1.632402928614E0,-2.633540930571E0,
-1.997430187589E-1));
#6664=CARTESIAN_POINT('',(-1.662071997991E0,-2.603870583802E0,
-1.998884590533E-1));
#6665=CARTESIAN_POINT('',(-1.652097984769E0,-2.563114051557E0,
-1.997152225015E-1));
#6666=CARTESIAN_POINT('',(-1.591644142868E0,-2.623566839656E0,
-1.997579068789E-1));
#6667=CARTESIAN_POINT('',(-1.632399834683E0,-2.633540892963E0,
-2.000652519850E-1));
#6668=CARTESIAN_POINT('',(-1.662068904057E0,-2.603870852174E0,
-2.002606286527E-1));
#6669=CARTESIAN_POINT('',(-1.652094890836E0,-2.563114112428E0,
-2.001559869652E-1));
#6670=CARTESIAN_POINT('',(-1.591642550846E0,-2.623566776796E0,
-1.999323539303E-1));
#6671=CARTESIAN_POINT('',(-1.632398242660E0,-2.633541089005E0,
-2.002310609784E-1));
#6672=CARTESIAN_POINT('',(-1.662067312034E0,-2.603871239040E0,
-2.004521325924E-1));
#6673=CARTESIAN_POINT('',(-1.652093298814E0,-2.563114438374E0,
-2.003827874863E-1));
#6674=CARTESIAN_POINT('',(-1.591642460731E0,-2.623566773964E0,
-1.999422283304E-1));
#6675=CARTESIAN_POINT('',(-1.632398152546E0,-2.633541100791E0,
-2.002404464278E-1));
#6676=CARTESIAN_POINT('',(-1.662067221920E0,-2.603871261735E0,
-2.004629724767E-1));
#6677=CARTESIAN_POINT('',(-1.652093208699E0,-2.563114457768E0,
-2.003956252986E-1));
#6678=(BOUNDED_SURFACE()B_SPLINE_SURFACE(3,3,((#6646,#6647,#6648,#6649),(#6650,
#6651,#6652,#6653),(#6654,#6655,#6656,#6657),(#6658,#6659,#6660,#6661),(#6662,
#6663,#6664,#6665),(#6666,#6667,#6668,#6669),(#6670,#6671,#6672,#6673),(#6674,
#6675,#6676,#6677)),.UNSPECIFIED.,.F.,.F.,.F.)B_SPLINE_SURFACE_WITH_KNOTS((4,1,
1,1,1,4),(4,4),(-2.000021625535E-2,0.E0,3.333335862744E-1,6.666664139562E-1,
1.E0,1.020000097628E0),(0.E0,1.E0),.UNSPECIFIED.)GEOMETRIC_REPRESENTATION_ITEM()RATIONAL_B_SPLINE_SURFACE(((1.316872148614E0,8.943759504619E-1,8.943759504619E-1,
1.316872148614E0),(1.316872148614E0,8.943759504619E-1,8.943759504619E-1,
1.316872148614E0),(1.316872148614E0,8.943759504619E-1,8.943759504619E-1,
1.316872148614E0),(1.316872148614E0,8.943759504619E-1,8.943759504619E-1,
1.316872148614E0),(1.316872148614E0,8.943759504619E-1,8.943759504619E-1,
1.316872148614E0),(1.316872148614E0,8.943759504619E-1,8.943759504619E-1,
1.316872148614E0),(1.316872148614E0,8.943759504619E-1,8.943759504619E-1,
1.316872148614E0),(1.316872148614E0,8.943759504619E-1,8.943759504619E-1,
1.316872148614E0)))REPRESENTATION_ITEM('')SURFACE());
#6680=ORIENTED_EDGE('',*,*,#6679,.F.);
#6681=ORIENTED_EDGE('',*,*,#6639,.T.);
#6683=ORIENTED_EDGE('',*,*,#6682,.T.);
#6685=ORIENTED_EDGE('',*,*,#6684,.F.);
#6686=EDGE_LOOP('',(#6680,#6681,#6683,#6685));
#6687=FACE_OUTER_BOUND('',#6686,.F.);
#6689=CARTESIAN_POINT('',(2.2418748E1,-2.825E0,-2.E-1));
#6690=DIRECTION('',(-1.E0,0.E0,0.E0));
#6691=DIRECTION('',(0.E0,0.E0,1.E0));
#6692=AXIS2_PLACEMENT_3D('',#6689,#6690,#6691);
#6693=CYLINDRICAL_SURFACE('',#6692,2.E-1);
#6694=ORIENTED_EDGE('',*,*,#6679,.T.);
#6696=ORIENTED_EDGE('',*,*,#6695,.F.);
#6698=ORIENTED_EDGE('',*,*,#6697,.T.);
#6699=ORIENTED_EDGE('',*,*,#4550,.T.);
#6700=ORIENTED_EDGE('',*,*,#6641,.T.);
#6701=EDGE_LOOP('',(#6694,#6696,#6698,#6699,#6700));
#6702=FACE_OUTER_BOUND('',#6701,.F.);
#6704=CARTESIAN_POINT('',(-1.655E0,-2.625E0,0.E0));
#6705=DIRECTION('',(0.E0,-1.E0,0.E0));
#6706=DIRECTION('',(1.E0,0.E0,0.E0));
#6707=AXIS2_PLACEMENT_3D('',#6704,#6705,#6706);
#6708=PLANE('',#6707);
#6710=ORIENTED_EDGE('',*,*,#6709,.T.);
#6712=ORIENTED_EDGE('',*,*,#6711,.F.);
#6714=ORIENTED_EDGE('',*,*,#6713,.F.);
#6715=ORIENTED_EDGE('',*,*,#6695,.T.);
#6716=EDGE_LOOP('',(#6710,#6712,#6714,#6715));
#6717=FACE_OUTER_BOUND('',#6716,.F.);
#6719=CARTESIAN_POINT('',(-1.603639837014E0,-2.575E0,-1.847917099820E-1));
#6720=DIRECTION('',(7.353005878252E-3,0.E0,-9.999729662869E-1));
#6721=DIRECTION('',(0.E0,-1.E0,0.E0));
#6722=AXIS2_PLACEMENT_3D('',#6719,#6720,#6721);
#6723=CYLINDRICAL_SURFACE('',#6722,5.E-2);
#6724=ORIENTED_EDGE('',*,*,#6709,.F.);
#6725=ORIENTED_EDGE('',*,*,#6684,.T.);
#6727=ORIENTED_EDGE('',*,*,#6726,.T.);
#6729=ORIENTED_EDGE('',*,*,#6728,.F.);
#6730=EDGE_LOOP('',(#6724,#6725,#6727,#6729));
#6731=FACE_OUTER_BOUND('',#6730,.F.);
#6733=CARTESIAN_POINT('',(-1.655E0,2.745004800192E0,0.E0));
#6734=DIRECTION('',(-9.999729662869E-1,0.E0,-7.353005878252E-3));
#6735=DIRECTION('',(0.E0,1.E0,0.E0));
#6736=AXIS2_PLACEMENT_3D('',#6733,#6734,#6735);
#6737=PLANE('',#6736);
#6739=ORIENTED_EDGE('',*,*,#6738,.F.);
#6741=ORIENTED_EDGE('',*,*,#6740,.F.);
#6742=ORIENTED_EDGE('',*,*,#6726,.F.);
#6743=ORIENTED_EDGE('',*,*,#6682,.F.);
#6744=ORIENTED_EDGE('',*,*,#6576,.T.);
#6746=ORIENTED_EDGE('',*,*,#6745,.T.);
#6748=ORIENTED_EDGE('',*,*,#6747,.T.);
#6749=EDGE_LOOP('',(#6739,#6741,#6742,#6743,#6744,#6746,#6748));
#6750=FACE_OUTER_BOUND('',#6749,.F.);
#6752=CARTESIAN_POINT('',(-1.555732177038E0,-2.2400804E0,-6.7E0));
#6753=DIRECTION('',(0.E0,1.E0,0.E0));
#6754=DIRECTION('',(0.E0,0.E0,-1.E0));
#6755=AXIS2_PLACEMENT_3D('',#6752,#6753,#6754);
#6756=CYLINDRICAL_SURFACE('',#6755,5.E-2);
#6758=ORIENTED_EDGE('',*,*,#6757,.F.);
#6760=ORIENTED_EDGE('',*,*,#6759,.T.);
#6761=ORIENTED_EDGE('',*,*,#6738,.T.);
#6763=ORIENTED_EDGE('',*,*,#6762,.T.);
#6764=EDGE_LOOP('',(#6758,#6760,#6761,#6763));
#6765=FACE_OUTER_BOUND('',#6764,.F.);
#6767=CARTESIAN_POINT('',(-2.405E0,0.E0,-6.75E0));
#6768=DIRECTION('',(0.E0,0.E0,1.E0));
#6769=DIRECTION('',(1.E0,0.E0,0.E0));
#6770=AXIS2_PLACEMENT_3D('',#6767,#6768,#6769);
#6771=PLANE('',#6770);
#6773=ORIENTED_EDGE('',*,*,#6772,.F.);
#6775=ORIENTED_EDGE('',*,*,#6774,.T.);
#6776=ORIENTED_EDGE('',*,*,#6757,.T.);
#6778=ORIENTED_EDGE('',*,*,#6777,.T.);
#6780=ORIENTED_EDGE('',*,*,#6779,.T.);
#6782=ORIENTED_EDGE('',*,*,#6781,.T.);
#6784=ORIENTED_EDGE('',*,*,#6783,.T.);
#6786=ORIENTED_EDGE('',*,*,#6785,.T.);
#6788=ORIENTED_EDGE('',*,*,#6787,.F.);
#6790=ORIENTED_EDGE('',*,*,#6789,.F.);
#6792=ORIENTED_EDGE('',*,*,#6791,.F.);
#6794=ORIENTED_EDGE('',*,*,#6793,.F.);
#6796=ORIENTED_EDGE('',*,*,#6795,.F.);
#6798=ORIENTED_EDGE('',*,*,#6797,.F.);
#6800=ORIENTED_EDGE('',*,*,#6799,.T.);
#6802=ORIENTED_EDGE('',*,*,#6801,.T.);
#6804=ORIENTED_EDGE('',*,*,#6803,.T.);
#6806=ORIENTED_EDGE('',*,*,#6805,.T.);
#6807=EDGE_LOOP('',(#6773,#6775,#6776,#6778,#6780,#6782,#6784,#6786,#6788,#6790,
#6792,#6794,#6796,#6798,#6800,#6802,#6804,#6806));
#6808=FACE_OUTER_BOUND('',#6807,.F.);
#6810=ORIENTED_EDGE('',*,*,#6809,.T.);
#6812=ORIENTED_EDGE('',*,*,#6811,.T.);
#6813=EDGE_LOOP('',(#6810,#6812));
#6814=FACE_BOUND('',#6813,.F.);
#6816=CARTESIAN_POINT('',(0.E0,-3.75E-1,-6.274999999992E0));
#6817=DIRECTION('',(0.E0,0.E0,-1.E0));
#6818=DIRECTION('',(0.E0,-1.E0,0.E0));
#6819=AXIS2_PLACEMENT_3D('',#6816,#6817,#6818);
#6820=CONICAL_SURFACE('',#6819,9.950011644067E-1,1.130993247402E1);
#6822=ORIENTED_EDGE('',*,*,#6821,.T.);
#6824=ORIENTED_EDGE('',*,*,#6823,.T.);
#6825=ORIENTED_EDGE('',*,*,#6809,.F.);
#6827=ORIENTED_EDGE('',*,*,#6826,.F.);
#6828=EDGE_LOOP('',(#6822,#6824,#6825,#6827));
#6829=FACE_OUTER_BOUND('',#6828,.F.);
#6831=CARTESIAN_POINT('',(-2.405E0,0.E0,-5.8E0));
#6832=DIRECTION('',(0.E0,0.E0,1.E0));
#6833=DIRECTION('',(1.E0,0.E0,0.E0));
#6834=AXIS2_PLACEMENT_3D('',#6831,#6832,#6833);
#6835=PLANE('',#6834);
#6836=ORIENTED_EDGE('',*,*,#6821,.F.);
#6838=ORIENTED_EDGE('',*,*,#6837,.F.);
#6839=EDGE_LOOP('',(#6836,#6838));
#6840=FACE_OUTER_BOUND('',#6839,.F.);
#6842=ORIENTED_EDGE('',*,*,#6841,.T.);
#6844=ORIENTED_EDGE('',*,*,#6843,.T.);
#6846=ORIENTED_EDGE('',*,*,#6845,.T.);
#6848=ORIENTED_EDGE('',*,*,#6847,.T.);
#6849=EDGE_LOOP('',(#6842,#6844,#6846,#6848));
#6850=FACE_BOUND('',#6849,.F.);
#6852=CARTESIAN_POINT('',(0.E0,-3.75E-1,-6.274999999992E0));
#6853=DIRECTION('',(0.E0,0.E0,-1.E0));
#6854=DIRECTION('',(0.E0,-1.E0,0.E0));
#6855=AXIS2_PLACEMENT_3D('',#6852,#6853,#6854);
#6856=CONICAL_SURFACE('',#6855,9.950011644067E-1,1.130993247402E1);
#6857=ORIENTED_EDGE('',*,*,#6837,.T.);
#6858=ORIENTED_EDGE('',*,*,#6826,.T.);
#6859=ORIENTED_EDGE('',*,*,#6811,.F.);
#6860=ORIENTED_EDGE('',*,*,#6823,.F.);
#6861=EDGE_LOOP('',(#6857,#6858,#6859,#6860));
#6862=FACE_OUTER_BOUND('',#6861,.F.);
#6864=CARTESIAN_POINT('',(-4.E-1,-7.75E-1,-5.8E0));
#6865=DIRECTION('',(0.E0,-1.E0,0.E0));
#6866=DIRECTION('',(1.E0,0.E0,0.E0));
#6867=AXIS2_PLACEMENT_3D('',#6864,#6865,#6866);
#6868=PLANE('',#6867);
#6870=ORIENTED_EDGE('',*,*,#6869,.F.);
#6871=ORIENTED_EDGE('',*,*,#6841,.F.);
#6873=ORIENTED_EDGE('',*,*,#6872,.T.);
#6875=ORIENTED_EDGE('',*,*,#6874,.T.);
#6876=EDGE_LOOP('',(#6870,#6871,#6873,#6875));
#6877=FACE_OUTER_BOUND('',#6876,.F.);
#6879=CARTESIAN_POINT('',(4.E-1,-7.75E-1,-5.8E0));
#6880=DIRECTION('',(1.E0,0.E0,0.E0));
#6881=DIRECTION('',(0.E0,1.E0,0.E0));
#6882=AXIS2_PLACEMENT_3D('',#6879,#6880,#6881);
#6883=PLANE('',#6882);
#6884=ORIENTED_EDGE('',*,*,#6869,.T.);
#6886=ORIENTED_EDGE('',*,*,#6885,.T.);
#6888=ORIENTED_EDGE('',*,*,#6887,.F.);
#6889=ORIENTED_EDGE('',*,*,#6843,.F.);
#6890=EDGE_LOOP('',(#6884,#6886,#6888,#6889));
#6891=FACE_OUTER_BOUND('',#6890,.F.);
#6893=CARTESIAN_POINT('',(3.81E0,0.E0,-1.E0));
#6894=DIRECTION('',(0.E0,0.E0,1.E0));
#6895=DIRECTION('',(1.E0,0.E0,0.E0));
#6896=AXIS2_PLACEMENT_3D('',#6893,#6894,#6895);
#6897=PLANE('',#6896);
#6898=ORIENTED_EDGE('',*,*,#6885,.F.);
#6899=ORIENTED_EDGE('',*,*,#6874,.F.);
#6901=ORIENTED_EDGE('',*,*,#6900,.F.);
#6903=ORIENTED_EDGE('',*,*,#6902,.F.);
#6904=EDGE_LOOP('',(#6898,#6899,#6901,#6903));
#6905=FACE_OUTER_BOUND('',#6904,.F.);
#6907=CARTESIAN_POINT('',(-4.E-1,2.5E-2,-5.8E0));
#6908=DIRECTION('',(-1.E0,0.E0,0.E0));
#6909=DIRECTION('',(0.E0,-1.E0,0.E0));
#6910=AXIS2_PLACEMENT_3D('',#6907,#6908,#6909);
#6911=PLANE('',#6910);
#6913=ORIENTED_EDGE('',*,*,#6912,.T.);
#6914=ORIENTED_EDGE('',*,*,#6900,.T.);
#6915=ORIENTED_EDGE('',*,*,#6872,.F.);
#6916=ORIENTED_EDGE('',*,*,#6847,.F.);
#6917=EDGE_LOOP('',(#6913,#6914,#6915,#6916));
#6918=FACE_OUTER_BOUND('',#6917,.F.);
#6920=CARTESIAN_POINT('',(4.E-1,2.5E-2,-5.8E0));
#6921=DIRECTION('',(0.E0,1.E0,0.E0));
#6922=DIRECTION('',(-1.E0,0.E0,0.E0));
#6923=AXIS2_PLACEMENT_3D('',#6920,#6921,#6922);
#6924=PLANE('',#6923);
#6925=ORIENTED_EDGE('',*,*,#6887,.T.);
#6926=ORIENTED_EDGE('',*,*,#6902,.T.);
#6927=ORIENTED_EDGE('',*,*,#6912,.F.);
#6928=ORIENTED_EDGE('',*,*,#6845,.F.);
#6929=EDGE_LOOP('',(#6925,#6926,#6927,#6928));
#6930=FACE_OUTER_BOUND('',#6929,.F.);
#6932=CARTESIAN_POINT('',(1.555732177038E0,-2.2383704E0,-6.7E0));
#6933=DIRECTION('',(0.E0,1.E0,0.E0));
#6934=DIRECTION('',(9.999729662869E-1,0.E0,-7.353005878254E-3));
#6935=AXIS2_PLACEMENT_3D('',#6932,#6933,#6934);
#6936=CYLINDRICAL_SURFACE('',#6935,5.E-2);
#6938=ORIENTED_EDGE('',*,*,#6937,.F.);
#6940=ORIENTED_EDGE('',*,*,#6939,.T.);
#6941=ORIENTED_EDGE('',*,*,#6772,.T.);
#6943=ORIENTED_EDGE('',*,*,#6942,.T.);
#6944=EDGE_LOOP('',(#6938,#6940,#6941,#6943));
#6945=FACE_OUTER_BOUND('',#6944,.F.);
#6947=CARTESIAN_POINT('',(1.655E0,-3.745004800192E0,0.E0));
#6948=DIRECTION('',(9.999729662869E-1,0.E0,-7.353005878252E-3));
#6949=DIRECTION('',(0.E0,-1.E0,0.E0));
#6950=AXIS2_PLACEMENT_3D('',#6947,#6948,#6949);
#6951=PLANE('',#6950);
#6952=ORIENTED_EDGE('',*,*,#6937,.T.);
#6954=ORIENTED_EDGE('',*,*,#6953,.F.);
#6956=ORIENTED_EDGE('',*,*,#6955,.T.);
#6958=ORIENTED_EDGE('',*,*,#6957,.F.);
#6960=ORIENTED_EDGE('',*,*,#6959,.T.);
#6961=EDGE_LOOP('',(#6952,#6954,#6956,#6958,#6960));
#6962=FACE_OUTER_BOUND('',#6961,.F.);
#6964=CARTESIAN_POINT('',(1.603639837014E0,1.575E0,-1.847917099820E-1));
#6965=DIRECTION('',(-7.353005878252E-3,0.E0,-9.999729662869E-1));
#6966=DIRECTION('',(0.E0,1.E0,0.E0));
#6967=AXIS2_PLACEMENT_3D('',#6964,#6965,#6966);
#6968=CYLINDRICAL_SURFACE('',#6967,5.E-2);
#6970=ORIENTED_EDGE('',*,*,#6969,.T.);
#6972=ORIENTED_EDGE('',*,*,#6971,.T.);
#6973=ORIENTED_EDGE('',*,*,#6953,.T.);
#6975=ORIENTED_EDGE('',*,*,#6974,.T.);
#6976=EDGE_LOOP('',(#6970,#6972,#6973,#6975));
#6977=FACE_OUTER_BOUND('',#6976,.F.);
#6979=CARTESIAN_POINT('',(1.655E0,1.625E0,0.E0));
#6980=DIRECTION('',(0.E0,1.E0,0.E0));
#6981=DIRECTION('',(-1.E0,0.E0,0.E0));
#6982=AXIS2_PLACEMENT_3D('',#6979,#6980,#6981);
#6983=PLANE('',#6982);
#6985=ORIENTED_EDGE('',*,*,#6984,.F.);
#6987=ORIENTED_EDGE('',*,*,#6986,.F.);
#6989=ORIENTED_EDGE('',*,*,#6988,.T.);
#6990=ORIENTED_EDGE('',*,*,#6969,.F.);
#6991=EDGE_LOOP('',(#6985,#6987,#6989,#6990));
#6992=FACE_OUTER_BOUND('',#6991,.F.);
#6994=CARTESIAN_POINT('',(8.776564E-1,1.575E0,-6.7E0));
#6995=DIRECTION('',(1.E0,0.E0,0.E0));
#6996=DIRECTION('',(0.E0,0.E0,-1.E0));
#6997=AXIS2_PLACEMENT_3D('',#6994,#6995,#6996);
#6998=CYLINDRICAL_SURFACE('',#6997,5.E-2);
#6999=ORIENTED_EDGE('',*,*,#6805,.F.);
#7001=ORIENTED_EDGE('',*,*,#7000,.T.);
#7002=ORIENTED_EDGE('',*,*,#6984,.T.);
#7004=ORIENTED_EDGE('',*,*,#7003,.T.);
#7005=EDGE_LOOP('',(#6999,#7001,#7002,#7004));
#7006=FACE_OUTER_BOUND('',#7005,.F.);
#7008=CARTESIAN_POINT('',(8.995E-1,1.8245E0,-6.7E0));
#7009=DIRECTION('',(0.E0,0.E0,1.E0));
#7010=DIRECTION('',(-9.970310620590E-1,7.700039798273E-2,0.E0));
#7011=AXIS2_PLACEMENT_3D('',#7008,#7009,#7010);
#7012=TOROIDAL_SURFACE('',#7011,2.495E-1,5.E-2);
#7013=ORIENTED_EDGE('',*,*,#6803,.F.);
#7015=ORIENTED_EDGE('',*,*,#7014,.T.);
#7017=ORIENTED_EDGE('',*,*,#7016,.T.);
#7018=ORIENTED_EDGE('',*,*,#7000,.F.);
#7019=EDGE_LOOP('',(#7013,#7015,#7017,#7018));
#7020=FACE_OUTER_BOUND('',#7019,.F.);
#7022=CARTESIAN_POINT('',(6.5E-1,2.147344226567E0,-6.7E0));
#7023=DIRECTION('',(0.E0,-1.E0,0.E0));
#7024=DIRECTION('',(0.E0,0.E0,-1.E0));
#7025=AXIS2_PLACEMENT_3D('',#7022,#7023,#7024);
#7026=CYLINDRICAL_SURFACE('',#7025,5.E-2);
#7027=ORIENTED_EDGE('',*,*,#6801,.F.);
#7029=ORIENTED_EDGE('',*,*,#7028,.T.);
#7031=ORIENTED_EDGE('',*,*,#7030,.T.);
#7032=ORIENTED_EDGE('',*,*,#7014,.F.);
#7033=EDGE_LOOP('',(#7027,#7029,#7031,#7032));
#7034=FACE_OUTER_BOUND('',#7033,.F.);
#7036=CARTESIAN_POINT('',(8.995E-1,2.125500626567E0,-6.7E0));
#7037=DIRECTION('',(0.E0,0.E0,1.E0));
#7038=DIRECTION('',(-9.940012818643E-1,-1.093684216406E-1,0.E0));
#7039=AXIS2_PLACEMENT_3D('',#7036,#7037,#7038);
#7040=TOROIDAL_SURFACE('',#7039,2.494999988525E-1,5.E-2);
#7042=ORIENTED_EDGE('',*,*,#7041,.T.);
#7044=ORIENTED_EDGE('',*,*,#7043,.T.);
#7045=ORIENTED_EDGE('',*,*,#7028,.F.);
#7046=ORIENTED_EDGE('',*,*,#6799,.F.);
#7047=EDGE_LOOP('',(#7042,#7044,#7045,#7046));
#7048=FACE_OUTER_BOUND('',#7047,.F.);
#7050=CARTESIAN_POINT('',(9.E-1,2.325E0,0.E0));
#7051=DIRECTION('',(0.E0,-1.E0,0.E0));
#7052=DIRECTION('',(1.E0,0.E0,0.E0));
#7053=AXIS2_PLACEMENT_3D('',#7050,#7051,#7052);
#7054=PLANE('',#7053);
#7055=ORIENTED_EDGE('',*,*,#7041,.F.);
#7056=ORIENTED_EDGE('',*,*,#6797,.T.);
#7058=ORIENTED_EDGE('',*,*,#7057,.F.);
#7060=ORIENTED_EDGE('',*,*,#7059,.T.);
#7062=ORIENTED_EDGE('',*,*,#7061,.T.);
#7063=EDGE_LOOP('',(#7055,#7056,#7058,#7060,#7062));
#7064=FACE_OUTER_BOUND('',#7063,.F.);
#7066=CARTESIAN_POINT('',(1.329999954082E0,2.325E0,0.E0));
#7067=DIRECTION('',(9.659258092301E-1,-2.588191087674E-1,0.E0));
#7068=DIRECTION('',(2.588191087674E-1,9.659258092301E-1,0.E0));
#7069=AXIS2_PLACEMENT_3D('',#7066,#7067,#7068);
#7070=PLANE('',#7069);
#7072=ORIENTED_EDGE('',*,*,#7071,.F.);
#7074=ORIENTED_EDGE('',*,*,#7073,.T.);
#7075=ORIENTED_EDGE('',*,*,#7057,.T.);
#7076=ORIENTED_EDGE('',*,*,#6795,.T.);
#7077=EDGE_LOOP('',(#7072,#7074,#7075,#7076));
#7078=FACE_OUTER_BOUND('',#7077,.F.);
#7080=CARTESIAN_POINT('',(1.439005701992E0,2.925E0,-1.84352E-1));
#7081=DIRECTION('',(0.E0,0.E0,-1.E0));
#7082=DIRECTION('',(0.E0,1.E0,0.E0));
#7083=AXIS2_PLACEMENT_3D('',#7080,#7081,#7082);
#7084=CYLINDRICAL_SURFACE('',#7083,5.E-2);
#7086=ORIENTED_EDGE('',*,*,#7085,.F.);
#7088=ORIENTED_EDGE('',*,*,#7087,.T.);
#7089=ORIENTED_EDGE('',*,*,#7071,.T.);
#7090=ORIENTED_EDGE('',*,*,#6793,.T.);
#7091=EDGE_LOOP('',(#7086,#7088,#7089,#7090));
#7092=FACE_OUTER_BOUND('',#7091,.F.);
#7094=CARTESIAN_POINT('',(1.504166975080E0,2.975E0,0.E0));
#7095=DIRECTION('',(0.E0,1.E0,0.E0));
#7096=DIRECTION('',(-1.E0,0.E0,0.E0));
#7097=AXIS2_PLACEMENT_3D('',#7094,#7095,#7096);
#7098=PLANE('',#7097);
#7099=ORIENTED_EDGE('',*,*,#7085,.T.);
#7100=ORIENTED_EDGE('',*,*,#6791,.T.);
#7102=ORIENTED_EDGE('',*,*,#7101,.F.);
#7104=ORIENTED_EDGE('',*,*,#7103,.T.);
#7105=EDGE_LOOP('',(#7099,#7100,#7102,#7104));
#7106=FACE_OUTER_BOUND('',#7105,.F.);
#7108=CARTESIAN_POINT('',(-1.439005706438E0,2.925E0,-1.769192E-1));
#7109=DIRECTION('',(0.E0,0.E0,-1.E0));
#7110=DIRECTION('',(-9.659258262891E-1,-2.588190451025E-1,0.E0));
#7111=AXIS2_PLACEMENT_3D('',#7108,#7109,#7110);
#7112=CYLINDRICAL_SURFACE('',#7111,5.E-2);
#7114=ORIENTED_EDGE('',*,*,#7113,.T.);
#7116=ORIENTED_EDGE('',*,*,#7115,.T.);
#7117=ORIENTED_EDGE('',*,*,#7101,.T.);
#7118=ORIENTED_EDGE('',*,*,#6789,.T.);
#7119=EDGE_LOOP('',(#7114,#7116,#7117,#7118));
#7120=FACE_OUTER_BOUND('',#7119,.F.);
#7122=CARTESIAN_POINT('',(-1.504166975080E0,2.975E0,0.E0));
#7123=DIRECTION('',(-9.659258262891E-1,-2.588190451025E-1,0.E0));
#7124=DIRECTION('',(2.588190451025E-1,-9.659258262891E-1,0.E0));
#7125=AXIS2_PLACEMENT_3D('',#7122,#7123,#7124);
#7126=PLANE('',#7125);
#7127=ORIENTED_EDGE('',*,*,#7113,.F.);
#7128=ORIENTED_EDGE('',*,*,#6787,.T.);
#7130=ORIENTED_EDGE('',*,*,#7129,.F.);
#7132=ORIENTED_EDGE('',*,*,#7131,.F.);
#7134=ORIENTED_EDGE('',*,*,#7133,.T.);
#7135=EDGE_LOOP('',(#7127,#7128,#7130,#7132,#7134));
#7136=FACE_OUTER_BOUND('',#7135,.F.);
#7138=CARTESIAN_POINT('',(-8.779063999781E-1,2.375E0,-6.7E0));
#7139=DIRECTION('',(-1.E0,0.E0,0.E0));
#7140=DIRECTION('',(0.E0,0.E0,-1.E0));
#7141=AXIS2_PLACEMENT_3D('',#7138,#7139,#7140);
#7142=CYLINDRICAL_SURFACE('',#7141,5.E-2);
#7143=ORIENTED_EDGE('',*,*,#7129,.T.);
#7144=ORIENTED_EDGE('',*,*,#6785,.F.);
#7146=ORIENTED_EDGE('',*,*,#7145,.T.);
#7148=ORIENTED_EDGE('',*,*,#7147,.T.);
#7150=ORIENTED_EDGE('',*,*,#7149,.T.);
#7151=EDGE_LOOP('',(#7143,#7144,#7146,#7148,#7150));
#7152=FACE_OUTER_BOUND('',#7151,.F.);
#7154=CARTESIAN_POINT('',(-8.995E-1,2.125500626567E0,-6.7E0));
#7155=DIRECTION('',(0.E0,0.E0,1.E0));
#7156=DIRECTION('',(9.970310620590E-1,-7.700039798272E-2,0.E0));
#7157=AXIS2_PLACEMENT_3D('',#7154,#7155,#7156);
#7158=TOROIDAL_SURFACE('',#7157,2.495E-1,5.E-2);
#7159=ORIENTED_EDGE('',*,*,#6783,.F.);
#7161=ORIENTED_EDGE('',*,*,#7160,.T.);
#7163=ORIENTED_EDGE('',*,*,#7162,.T.);
#7164=ORIENTED_EDGE('',*,*,#7145,.F.);
#7165=EDGE_LOOP('',(#7159,#7161,#7163,#7164));
#7166=FACE_OUTER_BOUND('',#7165,.F.);
#7168=CARTESIAN_POINT('',(-6.5E-1,1.8026564E0,-6.7E0));
#7169=DIRECTION('',(0.E0,1.E0,0.E0));
#7170=DIRECTION('',(0.E0,0.E0,-1.E0));
#7171=AXIS2_PLACEMENT_3D('',#7168,#7169,#7170);
#7172=CYLINDRICAL_SURFACE('',#7171,5.E-2);
#7173=ORIENTED_EDGE('',*,*,#6781,.F.);
#7175=ORIENTED_EDGE('',*,*,#7174,.T.);
#7177=ORIENTED_EDGE('',*,*,#7176,.T.);
#7178=ORIENTED_EDGE('',*,*,#7160,.F.);
#7179=EDGE_LOOP('',(#7173,#7175,#7177,#7178));
#7180=FACE_OUTER_BOUND('',#7179,.F.);
#7182=CARTESIAN_POINT('',(-8.995E-1,1.8245E0,-6.7E0));
#7183=DIRECTION('',(0.E0,0.E0,1.E0));
#7184=DIRECTION('',(-7.700039798272E-2,-9.970310620590E-1,0.E0));
#7185=AXIS2_PLACEMENT_3D('',#7182,#7183,#7184);
#7186=TOROIDAL_SURFACE('',#7185,2.495E-1,5.E-2);
#7187=ORIENTED_EDGE('',*,*,#6779,.F.);
#7189=ORIENTED_EDGE('',*,*,#7188,.T.);
#7191=ORIENTED_EDGE('',*,*,#7190,.T.);
#7192=ORIENTED_EDGE('',*,*,#7174,.F.);
#7193=EDGE_LOOP('',(#7187,#7189,#7191,#7192));
#7194=FACE_OUTER_BOUND('',#7193,.F.);
#7196=CARTESIAN_POINT('',(-2.2418748E1,1.575E0,-6.7E0));
#7197=DIRECTION('',(1.E0,0.E0,0.E0));
#7198=DIRECTION('',(0.E0,0.E0,-1.E0));
#7199=AXIS2_PLACEMENT_3D('',#7196,#7197,#7198);
#7200=CYLINDRICAL_SURFACE('',#7199,5.E-2);
#7202=ORIENTED_EDGE('',*,*,#7201,.T.);
#7203=ORIENTED_EDGE('',*,*,#7188,.F.);
#7204=ORIENTED_EDGE('',*,*,#6777,.F.);
#7206=ORIENTED_EDGE('',*,*,#7205,.T.);
#7207=EDGE_LOOP('',(#7202,#7203,#7204,#7206));
#7208=FACE_OUTER_BOUND('',#7207,.F.);
#7210=CARTESIAN_POINT('',(-8.995E-1,1.625E0,0.E0));
#7211=DIRECTION('',(0.E0,1.E0,0.E0));
#7212=DIRECTION('',(-1.E0,0.E0,0.E0));
#7213=AXIS2_PLACEMENT_3D('',#7210,#7211,#7212);
#7214=PLANE('',#7213);
#7216=ORIENTED_EDGE('',*,*,#7215,.F.);
#7218=ORIENTED_EDGE('',*,*,#7217,.T.);
#7220=ORIENTED_EDGE('',*,*,#7219,.T.);
#7221=ORIENTED_EDGE('',*,*,#7201,.F.);
#7222=EDGE_LOOP('',(#7216,#7218,#7220,#7221));
#7223=FACE_OUTER_BOUND('',#7222,.F.);
#7225=CARTESIAN_POINT('',(-1.603652410654E0,1.575E0,-1.830817562096E-1));
#7226=DIRECTION('',(7.353005878252E-3,0.E0,-9.999729662869E-1));
#7227=DIRECTION('',(-9.999729662869E-1,0.E0,-7.353005878252E-3));
#7228=AXIS2_PLACEMENT_3D('',#7225,#7226,#7227);
#7229=CYLINDRICAL_SURFACE('',#7228,5.E-2);
#7230=ORIENTED_EDGE('',*,*,#6747,.F.);
#7232=ORIENTED_EDGE('',*,*,#7231,.T.);
#7233=ORIENTED_EDGE('',*,*,#7215,.T.);
#7235=ORIENTED_EDGE('',*,*,#7234,.T.);
#7236=EDGE_LOOP('',(#7230,#7232,#7233,#7235));
#7237=FACE_OUTER_BOUND('',#7236,.F.);
#7239=CARTESIAN_POINT('',(-1.652107266495E0,1.563119089895E0,
-1.983929328308E-1));
#7240=CARTESIAN_POINT('',(-1.662081279731E0,1.603874187150E0,
-1.987719482564E-1));
#7241=CARTESIAN_POINT('',(-1.632412210312E0,1.633544860308E0,
-1.987763237453E-1));
#7242=CARTESIAN_POINT('',(-1.591656518435E0,1.623573105574E0,
-1.984018478922E-1));
#7243=CARTESIAN_POINT('',(-1.652107176381E0,1.563119011114E0,
-1.984057706182E-1));
#7244=CARTESIAN_POINT('',(-1.662081189617E0,1.603874126948E0,
-1.987827882164E-1));
#7245=CARTESIAN_POINT('',(-1.632412120198E0,1.633544800321E0,
-1.987857091399E-1));
#7246=CARTESIAN_POINT('',(-1.591656428323E0,1.623573027231E0,
-1.984117220017E-1));
#7247=CARTESIAN_POINT('',(-1.652105584385E0,1.563117636006E0,
-1.986325695930E-1));
#7248=CARTESIAN_POINT('',(-1.662079597617E0,1.603873077480E0,
-1.989742925251E-1));
#7249=CARTESIAN_POINT('',(-1.632410528209E0,1.633543752764E0,
-1.989515163690E-1));
#7250=CARTESIAN_POINT('',(-1.591654836348E0,1.623571656016E0,
-1.985861631605E-1));
#7251=CARTESIAN_POINT('',(-1.652102490486E0,1.563115536208E0,
-1.990733320742E-1));
#7252=CARTESIAN_POINT('',(-1.662076503712E0,1.603871521428E0,
-1.993464625776E-1));
#7253=CARTESIAN_POINT('',(-1.632407434321E0,1.633542135543E0,
-1.992737473409E-1));
#7254=CARTESIAN_POINT('',(-1.591651742482E0,1.623569431587E0,
-1.989251747325E-1));
#7255=CARTESIAN_POINT('',(-1.652097984769E0,1.563114051557E0,
-1.997152225014E-1));
#7256=CARTESIAN_POINT('',(-1.662071997991E0,1.603870583803E0,
-1.998884590532E-1));
#7257=CARTESIAN_POINT('',(-1.632402928614E0,1.633540930571E0,
-1.997430187588E-1));
#7258=CARTESIAN_POINT('',(-1.591647236795E0,1.623567402217E0,
-1.994188878079E-1));
#7259=CARTESIAN_POINT('',(-1.652094890836E0,1.563114112428E0,
-2.001559869053E-1));
#7260=CARTESIAN_POINT('',(-1.662068904057E0,1.603870852174E0,
-2.002606286022E-1));
#7261=CARTESIAN_POINT('',(-1.632399834683E0,1.633540892963E0,
-2.000652519413E-1));
#7262=CARTESIAN_POINT('',(-1.591644142869E0,1.623566839656E0,
-1.997579068329E-1));
#7263=CARTESIAN_POINT('',(-1.652093298814E0,1.563114438374E0,
-2.003827873667E-1));
#7264=CARTESIAN_POINT('',(-1.662067312035E0,1.603871239040E0,
-2.004521324914E-1));
#7265=CARTESIAN_POINT('',(-1.632398242661E0,1.633541089004E0,
-2.002310608909E-1));
#7266=CARTESIAN_POINT('',(-1.591642550847E0,1.623566776796E0,
-1.999323538383E-1));
#7267=CARTESIAN_POINT('',(-1.652093208700E0,1.563114457768E0,
-2.003956251192E-1));
#7268=CARTESIAN_POINT('',(-1.662067221921E0,1.603871261735E0,
-2.004629723252E-1));
#7269=CARTESIAN_POINT('',(-1.632398152547E0,1.633541100791E0,
-2.002404462966E-1));
#7270=CARTESIAN_POINT('',(-1.591642460732E0,1.623566773964E0,
-1.999422281924E-1));
#7271=(BOUNDED_SURFACE()B_SPLINE_SURFACE(3,3,((#7239,#7240,#7241,#7242),(#7243,
#7244,#7245,#7246),(#7247,#7248,#7249,#7250),(#7251,#7252,#7253,#7254),(#7255,
#7256,#7257,#7258),(#7259,#7260,#7261,#7262),(#7263,#7264,#7265,#7266),(#7267,
#7268,#7269,#7270)),.UNSPECIFIED.,.F.,.F.,.F.)B_SPLINE_SURFACE_WITH_KNOTS((4,1,
1,1,1,4),(4,4),(-2.000020402261E-2,0.E0,3.333335861867E-1,6.666664138686E-1,
1.E0,1.020000004445E0),(0.E0,1.E0),.UNSPECIFIED.)GEOMETRIC_REPRESENTATION_ITEM()RATIONAL_B_SPLINE_SURFACE(((1.316872148614E0,8.943759504620E-1,8.943759504620E-1,
1.316872148614E0),(1.316872148614E0,8.943759504620E-1,8.943759504620E-1,
1.316872148614E0),(1.316872148614E0,8.943759504620E-1,8.943759504620E-1,
1.316872148614E0),(1.316872148614E0,8.943759504620E-1,8.943759504620E-1,
1.316872148614E0),(1.316872148614E0,8.943759504620E-1,8.943759504620E-1,
1.316872148614E0),(1.316872148614E0,8.943759504620E-1,8.943759504620E-1,
1.316872148614E0),(1.316872148614E0,8.943759504620E-1,8.943759504620E-1,
1.316872148614E0),(1.316872148614E0,8.943759504620E-1,8.943759504620E-1,
1.316872148614E0)))REPRESENTATION_ITEM('')SURFACE());
#7272=ORIENTED_EDGE('',*,*,#6745,.F.);
#7274=ORIENTED_EDGE('',*,*,#7273,.T.);
#7276=ORIENTED_EDGE('',*,*,#7275,.T.);
#7277=ORIENTED_EDGE('',*,*,#7231,.F.);
#7278=EDGE_LOOP('',(#7272,#7274,#7276,#7277));
#7279=FACE_OUTER_BOUND('',#7278,.F.);
#7281=CARTESIAN_POINT('',(-1.865835695606E0,1.821433157155E0,
1.235221899361E-3));
#7282=CARTESIAN_POINT('',(-1.836831862325E0,1.850254743512E0,
-8.179357201236E-3));
#7283=CARTESIAN_POINT('',(-1.816431950508E0,1.871236719870E0,
2.188936401975E-2));
#7284=CARTESIAN_POINT('',(-1.824269969701E0,1.864184865400E0,
6.250157617593E-2));
#7285=CARTESIAN_POINT('',(-1.864537188754E0,1.819820317574E0,
1.313572941875E-3));
#7286=CARTESIAN_POINT('',(-1.835592592737E0,1.848639836928E0,
-8.288139009361E-3));
#7287=CARTESIAN_POINT('',(-1.814997474261E0,1.869620308518E0,
2.164877316318E-2));
#7288=CARTESIAN_POINT('',(-1.822573720615E0,1.862568959787E0,
6.231136043105E-2));
#7289=CARTESIAN_POINT('',(-1.849308916705E0,1.800913321910E0,
2.087750505208E-3));
#7290=CARTESIAN_POINT('',(-1.821089194436E0,1.829720456534E0,
-9.700685345786E-3));
#7291=CARTESIAN_POINT('',(-1.798228383074E0,1.850691912100E0,
1.866968386886E-2));
#7292=CARTESIAN_POINT('',(-1.802728998735E0,1.843643593574E0,
5.989363717684E-2));
#7293=CARTESIAN_POINT('',(-1.821439326651E0,1.766485855706E0,
3.946044105551E-4));
#7294=CARTESIAN_POINT('',(-1.795202998746E0,1.795498600369E0,
-1.521539159880E-2));
#7295=CARTESIAN_POINT('',(-1.768709462218E0,1.816619739055E0,
9.850627718798E-3));
#7296=CARTESIAN_POINT('',(-1.767457569893E0,1.809521113373E0,
5.146773148266E-2));
#7297=CARTESIAN_POINT('',(-1.783546524805E0,1.720103361679E0,
-9.677754505897E-3));
#7298=CARTESIAN_POINT('',(-1.761610858573E0,1.749952365744E0,
-2.969496840755E-2));
#7299=CARTESIAN_POINT('',(-1.731432776640E0,1.771682297256E0,
-9.950104984362E-3));
#7300=CARTESIAN_POINT('',(-1.722057343224E0,1.764379061753E0,
3.055328121845E-2));
#7301=CARTESIAN_POINT('',(-1.750063513261E0,1.679475594988E0,
-2.573647060867E-2));
#7302=CARTESIAN_POINT('',(-1.733334208186E0,1.710610404802E0,
-4.861499144079E-2));
#7303=CARTESIAN_POINT('',(-1.701000356694E0,1.733276396719E0,
-3.409556895278E-2));
#7304=CARTESIAN_POINT('',(-1.684181855507E0,1.725658559692E0,
3.847497246285E-3));
#7305=CARTESIAN_POINT('',(-1.721085478295E0,1.644617189259E0,
-4.671954446837E-2));
#7306=CARTESIAN_POINT('',(-1.710131609778E0,1.677424280650E0,
-7.073730603947E-2));
#7307=CARTESIAN_POINT('',(-1.676925148433E0,1.701307685519E0,
-6.101226278419E-2));
#7308=CARTESIAN_POINT('',(-1.653425839229E0,1.693280686894E0,
-2.690433712869E-2));
#7309=CARTESIAN_POINT('',(-1.696933287786E0,1.615813118743E0,
-7.162655368823E-2));
#7310=CARTESIAN_POINT('',(-1.691920690845E0,1.650579526080E0,
-9.487269078857E-2));
#7311=CARTESIAN_POINT('',(-1.658869033634E0,1.675889303541E0,
-8.917718217427E-2));
#7312=CARTESIAN_POINT('',(-1.629589069015E0,1.667382913853E0,
-6.002170205570E-2));
#7313=CARTESIAN_POINT('',(-1.677618176648E0,1.592968993899E0,
-9.982266616979E-2));
#7314=CARTESIAN_POINT('',(-1.678298051736E0,1.629831772272E0,
-1.202400834845E-1));
#7315=CARTESIAN_POINT('',(-1.646106356812E0,1.656667697773E0,
-1.175767874492E-1));
#7316=CARTESIAN_POINT('',(-1.612026169210E0,1.647648383388E0,
-9.439608227091E-2));
#7317=CARTESIAN_POINT('',(-1.663226539962E0,1.576078554687E0,
-1.309508179052E-1));
#7318=CARTESIAN_POINT('',(-1.668847077162E0,1.614935842190E0,
-1.463884765708E-1));
#7319=CARTESIAN_POINT('',(-1.637843096418E0,1.643223760752E0,
-1.456201641304E-1));
#7320=CARTESIAN_POINT('',(-1.600054552889E0,1.633716444494E0,
-1.293853472017E-1));
#7321=CARTESIAN_POINT('',(-1.654307406120E0,1.565677878530E0,
-1.642171127683E-1));
#7322=CARTESIAN_POINT('',(-1.663374638662E0,1.606025763320E0,
-1.727058015562E-1));
#7323=CARTESIAN_POINT('',(-1.633407704428E0,1.635398829543E0,
-1.726897990549E-1));
#7324=CARTESIAN_POINT('',(-1.593248447348E0,1.625526804868E0,
-1.641845069614E-1));
#7325=CARTESIAN_POINT('',(-1.652008330559E0,1.563005488043E0,
-1.893930548139E-1));
#7326=CARTESIAN_POINT('',(-1.662020538492E0,1.603779360871E0,
-1.919166348806E-1));
#7327=CARTESIAN_POINT('',(-1.632365138566E0,1.633462544339E0,
-1.919176172283E-1));
#7328=CARTESIAN_POINT('',(-1.591584136768E0,1.623486292033E0,
-1.893950563910E-1));
#7329=CARTESIAN_POINT('',(-1.652106974477E0,1.563120777725E0,
-2.025010879468E-1));
#7330=CARTESIAN_POINT('',(-1.662078871086E0,1.603874512888E0,
-2.019062105512E-1));
#7331=CARTESIAN_POINT('',(-1.632410287309E0,1.633543036233E0,
-2.019061163656E-1));
#7332=CARTESIAN_POINT('',(-1.591655918005E0,1.623571711064E0,
-2.025008960394E-1));
#7333=CARTESIAN_POINT('',(-1.652153784415E0,1.563175764236E0,
-2.045330253232E-1));
#7334=CARTESIAN_POINT('',(-1.662107105786E0,1.603919689061E0,
-2.034553330144E-1));
#7335=CARTESIAN_POINT('',(-1.632432699083E0,1.633581070528E0,
-2.034555348268E-1));
#7336=CARTESIAN_POINT('',(-1.591690863473E0,1.623612145680E0,
-2.045334365248E-1));
#7337=(BOUNDED_SURFACE()B_SPLINE_SURFACE(3,3,((#7281,#7282,#7283,#7284),(#7285,
#7286,#7287,#7288),(#7289,#7290,#7291,#7292),(#7293,#7294,#7295,#7296),(#7297,
#7298,#7299,#7300),(#7301,#7302,#7303,#7304),(#7305,#7306,#7307,#7308),(#7309,
#7310,#7311,#7312),(#7313,#7314,#7315,#7316),(#7317,#7318,#7319,#7320),(#7321,
#7322,#7323,#7324),(#7325,#7326,#7327,#7328),(#7329,#7330,#7331,#7332),(#7333,
#7334,#7335,#7336)),.UNSPECIFIED.,.F.,.F.,.F.)B_SPLINE_SURFACE_WITH_KNOTS((4,1,
1,1,1,1,1,1,1,1,1,4),(4,4),(-1.473248627393E-2,0.E0,1.580011503359E-1,
3.005927026736E-1,4.301928540581E-1,5.474518118522E-1,6.534824120503E-1,
7.482553384024E-1,8.368921065781E-1,9.218574709677E-1,1.E0,1.014357977845E0),(
0.E0,1.E0),.UNSPECIFIED.)GEOMETRIC_REPRESENTATION_ITEM()RATIONAL_B_SPLINE_SURFACE(((1.316853182950E0,8.943822723499E-1,8.943822723499E-1,1.316853182950E0),(
1.316853182950E0,8.943822723499E-1,8.943822723499E-1,1.316853182950E0),(
1.316853182950E0,8.943822723499E-1,8.943822723499E-1,1.316853182950E0),(
1.316853182950E0,8.943822723499E-1,8.943822723499E-1,1.316853182950E0),(
1.316853182950E0,8.943822723499E-1,8.943822723499E-1,1.316853182950E0),(
1.316853182950E0,8.943822723499E-1,8.943822723499E-1,1.316853182950E0),(
1.316853182950E0,8.943822723499E-1,8.943822723499E-1,1.316853182950E0),(
1.316853182950E0,8.943822723499E-1,8.943822723499E-1,1.316853182950E0),(
1.316853182950E0,8.943822723499E-1,8.943822723499E-1,1.316853182950E0),(
1.316853182950E0,8.943822723499E-1,8.943822723499E-1,1.316853182950E0),(
1.316853182950E0,8.943822723499E-1,8.943822723499E-1,1.316853182950E0),(
1.316853182950E0,8.943822723499E-1,8.943822723499E-1,1.316853182950E0),(
1.316853182950E0,8.943822723499E-1,8.943822723499E-1,1.316853182950E0),(
1.316853182950E0,8.943822723499E-1,8.943822723499E-1,1.316853182950E0)))REPRESENTATION_ITEM('')SURFACE());
#7339=ORIENTED_EDGE('',*,*,#7338,.T.);
#7340=ORIENTED_EDGE('',*,*,#7273,.F.);
#7341=ORIENTED_EDGE('',*,*,#6574,.F.);
#7342=EDGE_LOOP('',(#7339,#7340,#7341));
#7343=FACE_OUTER_BOUND('',#7342,.F.);
#7345=CARTESIAN_POINT('',(-2.2418748E1,1.825E0,-2.E-1));
#7346=DIRECTION('',(1.E0,0.E0,0.E0));
#7347=DIRECTION('',(0.E0,0.E0,1.E0));
#7348=AXIS2_PLACEMENT_3D('',#7345,#7346,#7347);
#7349=CYLINDRICAL_SURFACE('',#7348,2.E-1);
#7350=ORIENTED_EDGE('',*,*,#7275,.F.);
#7351=ORIENTED_EDGE('',*,*,#7338,.F.);
#7352=ORIENTED_EDGE('',*,*,#4580,.T.);
#7354=ORIENTED_EDGE('',*,*,#7353,.T.);
#7355=ORIENTED_EDGE('',*,*,#7217,.F.);
#7356=EDGE_LOOP('',(#7350,#7351,#7352,#7354,#7355));
#7357=FACE_OUTER_BOUND('',#7356,.F.);
#7359=CARTESIAN_POINT('',(-8.994614998010E-1,1.824998515531E0,-2.E-1));
#7360=DIRECTION('',(-7.080578473981E-1,-7.061544340567E-1,0.E0));
#7361=DIRECTION('',(7.061544340567E-1,-7.080578473981E-1,0.E0));
#7362=AXIS2_PLACEMENT_3D('',#7359,#7360,#7361);
#7363=SPHERICAL_SURFACE('',#7362,2.E-1);
#7365=ORIENTED_EDGE('',*,*,#7364,.F.);
#7366=ORIENTED_EDGE('',*,*,#7353,.F.);
#7368=ORIENTED_EDGE('',*,*,#7367,.T.);
#7369=EDGE_LOOP('',(#7365,#7366,#7368));
#7370=FACE_OUTER_BOUND('',#7369,.F.);
#7372=CARTESIAN_POINT('',(-8.995E-1,1.8245E0,0.E0));
#7373=DIRECTION('',(0.E0,0.E0,1.E0));
#7374=DIRECTION('',(1.E0,0.E0,0.E0));
#7375=AXIS2_PLACEMENT_3D('',#7372,#7373,#7374);
#7376=CYLINDRICAL_SURFACE('',#7375,1.995E-1);
#7377=ORIENTED_EDGE('',*,*,#7190,.F.);
#7378=ORIENTED_EDGE('',*,*,#7219,.F.);
#7379=ORIENTED_EDGE('',*,*,#7364,.T.);
#7381=ORIENTED_EDGE('',*,*,#7380,.T.);
#7382=EDGE_LOOP('',(#7377,#7378,#7379,#7381));
#7383=FACE_OUTER_BOUND('',#7382,.F.);
#7385=CARTESIAN_POINT('',(-7.E-1,2.125500626567E0,0.E0));
#7386=DIRECTION('',(-1.E0,0.E0,0.E0));
#7387=DIRECTION('',(0.E0,-1.E0,0.E0));
#7388=AXIS2_PLACEMENT_3D('',#7385,#7386,#7387);
#7389=PLANE('',#7388);
#7390=ORIENTED_EDGE('',*,*,#7176,.F.);
#7391=ORIENTED_EDGE('',*,*,#7380,.F.);
#7393=ORIENTED_EDGE('',*,*,#7392,.T.);
#7395=ORIENTED_EDGE('',*,*,#7394,.T.);
#7396=EDGE_LOOP('',(#7390,#7391,#7393,#7395));
#7397=FACE_OUTER_BOUND('',#7396,.F.);
#7399=CARTESIAN_POINT('',(-9.E-1,1.8026564E0,-2.E-1));
#7400=DIRECTION('',(0.E0,1.E0,0.E0));
#7401=DIRECTION('',(0.E0,0.E0,1.E0));
#7402=AXIS2_PLACEMENT_3D('',#7399,#7400,#7401);
#7403=CYLINDRICAL_SURFACE('',#7402,2.E-1);
#7404=ORIENTED_EDGE('',*,*,#4578,.T.);
#7406=ORIENTED_EDGE('',*,*,#7405,.T.);
#7407=ORIENTED_EDGE('',*,*,#7392,.F.);
#7408=ORIENTED_EDGE('',*,*,#7367,.F.);
#7409=EDGE_LOOP('',(#7404,#7406,#7407,#7408));
#7410=FACE_OUTER_BOUND('',#7409,.F.);
#7412=CARTESIAN_POINT('',(-8.999985155310E-1,2.125539126766E0,-2.E-1));
#7413=DIRECTION('',(7.061544339188E-1,-7.080578475357E-1,0.E0));
#7414=DIRECTION('',(7.080578475357E-1,7.061544339188E-1,0.E0));
#7415=AXIS2_PLACEMENT_3D('',#7412,#7413,#7414);
#7416=SPHERICAL_SURFACE('',#7415,2.E-1);
#7418=ORIENTED_EDGE('',*,*,#7417,.F.);
#7419=ORIENTED_EDGE('',*,*,#7405,.F.);
#7421=ORIENTED_EDGE('',*,*,#7420,.T.);
#7422=EDGE_LOOP('',(#7418,#7419,#7421));
#7423=FACE_OUTER_BOUND('',#7422,.F.);
#7425=CARTESIAN_POINT('',(-8.995E-1,2.125500626567E0,0.E0));
#7426=DIRECTION('',(0.E0,0.E0,1.E0));
#7427=DIRECTION('',(1.E0,0.E0,0.E0));
#7428=AXIS2_PLACEMENT_3D('',#7425,#7426,#7427);
#7429=CYLINDRICAL_SURFACE('',#7428,1.995E-1);
#7430=ORIENTED_EDGE('',*,*,#7162,.F.);
#7431=ORIENTED_EDGE('',*,*,#7394,.F.);
#7432=ORIENTED_EDGE('',*,*,#7417,.T.);
#7434=ORIENTED_EDGE('',*,*,#7433,.T.);
#7435=EDGE_LOOP('',(#7430,#7431,#7432,#7434));
#7436=FACE_OUTER_BOUND('',#7435,.F.);
#7438=CARTESIAN_POINT('',(-1.33E0,2.325E0,0.E0));
#7439=DIRECTION('',(0.E0,-1.E0,0.E0));
#7440=DIRECTION('',(1.E0,0.E0,0.E0));
#7441=AXIS2_PLACEMENT_3D('',#7438,#7439,#7440);
#7442=PLANE('',#7441);
#7443=ORIENTED_EDGE('',*,*,#7147,.F.);
#7444=ORIENTED_EDGE('',*,*,#7433,.F.);
#7446=ORIENTED_EDGE('',*,*,#7445,.T.);
#7448=ORIENTED_EDGE('',*,*,#7447,.T.);
#7449=EDGE_LOOP('',(#7443,#7444,#7446,#7448));
#7450=FACE_OUTER_BOUND('',#7449,.F.);
#7452=CARTESIAN_POINT('',(-8.781564E-1,2.125E0,-2.E-1));
#7453=DIRECTION('',(-1.E0,0.E0,0.E0));
#7454=DIRECTION('',(0.E0,0.E0,1.E0));
#7455=AXIS2_PLACEMENT_3D('',#7452,#7453,#7454);
#7456=CYLINDRICAL_SURFACE('',#7455,2.E-1);
#7458=ORIENTED_EDGE('',*,*,#7457,.F.);
#7459=ORIENTED_EDGE('',*,*,#7445,.F.);
#7460=ORIENTED_EDGE('',*,*,#7420,.F.);
#7461=ORIENTED_EDGE('',*,*,#4576,.T.);
#7462=EDGE_LOOP('',(#7458,#7459,#7460,#7461));
#7463=FACE_OUTER_BOUND('',#7462,.F.);
#7465=CARTESIAN_POINT('',(-1.341254404238E0,2.368087916810E0,
-1.517842038405E-1));
#7466=CARTESIAN_POINT('',(-1.339701178912E0,2.355850696484E0,
-1.621093688311E-1));
#7467=CARTESIAN_POINT('',(-1.329963262470E0,2.338659087695E0,
-1.756814342122E-1));
#7468=CARTESIAN_POINT('',(-1.307624114637E0,2.326217827277E0,
-1.946152566498E-1));
#7469=CARTESIAN_POINT('',(-1.295215408250E0,2.324532323047E0,
-2.044260580211E-1));
#7470=CARTESIAN_POINT('',(-1.288557055794E0,2.324986346265E0,
-2.102473270841E-1));
#7471=CARTESIAN_POINT('',(-1.340116007782E0,2.364443135667E0,
-1.371400240012E-1));
#7472=CARTESIAN_POINT('',(-1.337646114567E0,2.353215385611E0,
-1.471352924118E-1));
#7473=CARTESIAN_POINT('',(-1.327361094236E0,2.337144224101E0,
-1.602731168448E-1));
#7474=CARTESIAN_POINT('',(-1.303948362703E0,2.325822308444E0,
-1.786249234215E-1));
#7475=CARTESIAN_POINT('',(-1.291008628018E0,2.324907287556E0,
-1.881436596681E-1));
#7476=CARTESIAN_POINT('',(-1.284181411398E0,2.325868225687E0,
-1.937965805735E-1));
#7477=CARTESIAN_POINT('',(-1.341029857500E0,2.353128819989E0,
-1.107336981569E-1));
#7478=CARTESIAN_POINT('',(-1.337077146877E0,2.343879688178E0,
-1.196806415179E-1));
#7479=CARTESIAN_POINT('',(-1.326415410558E0,2.330126621346E0,
-1.315107980895E-1));
#7480=CARTESIAN_POINT('',(-1.302530075631E0,2.321173492205E0,
-1.479060150804E-1));
#7481=CARTESIAN_POINT('',(-1.289359587606E0,2.321641258058E0,
-1.563200130491E-1));
#7482=CARTESIAN_POINT('',(-1.282509371031E0,2.323464922101E0,
-1.612762795291E-1));
#7483=CARTESIAN_POINT('',(-1.350787435594E0,2.320127817880E0,
-6.756404566934E-2));
#7484=CARTESIAN_POINT('',(-1.345535320775E0,2.314314941277E0,
-7.332066573420E-2));
#7485=CARTESIAN_POINT('',(-1.335778268320E0,2.304859662929E0,
-8.217891007191E-2));
#7486=CARTESIAN_POINT('',(-1.314285120400E0,2.299761282313E0,
-9.431779151121E-2));
#7487=CARTESIAN_POINT('',(-1.302373349252E0,2.301763295563E0,
-1.000642929895E-1));
#7488=CARTESIAN_POINT('',(-1.296208509701E0,2.304355458287E0,
-1.031339288076E-1));
#7489=CARTESIAN_POINT('',(-1.371262414694E0,2.268396574195E0,
-2.999811500100E-2));
#7490=CARTESIAN_POINT('',(-1.366869372232E0,2.265208262621E0,
-3.215218576906E-2));
#7491=CARTESIAN_POINT('',(-1.359367051025E0,2.260075168425E0,
-3.715095194313E-2));
#7492=CARTESIAN_POINT('',(-1.343129956644E0,2.258379347742E0,
-4.406230814380E-2));
#7493=CARTESIAN_POINT('',(-1.334158811175E0,2.260636306763E0,
-4.688639594739E-2));
#7494=CARTESIAN_POINT('',(-1.329530952990E0,2.262861327033E0,
-4.804877403504E-2));
#7495=CARTESIAN_POINT('',(-1.395852845242E0,2.209967847584E0,
-9.368699847938E-3));
#7496=CARTESIAN_POINT('',(-1.393511546075E0,2.208345698038E0,
-9.886989841260E-3));
#7497=CARTESIAN_POINT('',(-1.388885914372E0,2.206008038374E0,
-1.166002918457E-2));
#7498=CARTESIAN_POINT('',(-1.379185467410E0,2.205892914994E0,
-1.416782007628E-2));
#7499=CARTESIAN_POINT('',(-1.373883227917E0,2.207379799848E0,
-1.511804544050E-2));
#7500=CARTESIAN_POINT('',(-1.371124946421E0,2.208677431327E0,
-1.543578772393E-2));
#7501=CARTESIAN_POINT('',(-1.416182172160E0,2.161602555415E0,
-1.332099746026E-3));
#7502=CARTESIAN_POINT('',(-1.415359176830E0,2.161013058665E0,
-1.373954592004E-3));
#7503=CARTESIAN_POINT('',(-1.413347018919E0,2.160180596928E0,
-1.649387468099E-3));
#7504=CARTESIAN_POINT('',(-1.409297779066E0,2.160414212497E0,
-2.062899578388E-3));
#7505=CARTESIAN_POINT('',(-1.407120409445E0,2.161119920149E0,
-2.217458867245E-3));
#7506=CARTESIAN_POINT('',(-1.405977197590E0,2.161708988623E0,
-2.263758940078E-3));
#7507=CARTESIAN_POINT('',(-1.426496630841E0,2.137182729379E0,0.E0));
#7508=CARTESIAN_POINT('',(-1.426260483082E0,2.137006203666E0,0.E0));
#7509=CARTESIAN_POINT('',(-1.425621385508E0,2.136759478413E0,0.E0));
#7510=CARTESIAN_POINT('',(-1.424360847859E0,2.136899057686E0,0.E0));
#7511=CARTESIAN_POINT('',(-1.423679425571E0,2.137152168691E0,0.E0));
#7512=CARTESIAN_POINT('',(-1.423311081414E0,2.137359265178E0,0.E0));
#7513=CARTESIAN_POINT('',(-1.431701588575E0,2.125E0,0.E0));
#7514=CARTESIAN_POINT('',(-1.431701588575E0,2.125E0,0.E0));
#7515=CARTESIAN_POINT('',(-1.431701588575E0,2.125E0,0.E0));
#7516=CARTESIAN_POINT('',(-1.431701588575E0,2.125E0,0.E0));
#7517=CARTESIAN_POINT('',(-1.431701588575E0,2.125E0,0.E0));
#7518=CARTESIAN_POINT('',(-1.431701588575E0,2.125E0,0.E0));
#7519=B_SPLINE_SURFACE_WITH_KNOTS('',3,3,((#7465,#7466,#7467,#7468,#7469,#7470),
(#7471,#7472,#7473,#7474,#7475,#7476),(#7477,#7478,#7479,#7480,#7481,#7482),(
#7483,#7484,#7485,#7486,#7487,#7488),(#7489,#7490,#7491,#7492,#7493,#7494),(
#7495,#7496,#7497,#7498,#7499,#7500),(#7501,#7502,#7503,#7504,#7505,#7506),(
#7507,#7508,#7509,#7510,#7511,#7512),(#7513,#7514,#7515,#7516,#7517,#7518)),
.UNSPECIFIED.,.F.,.F.,.F.,(4,1,1,1,1,1,4),(4,1,1,4),(-1.847955978226E-2,1.25E-1,
2.5E-1,5.E-1,7.5E-1,8.75E-1,1.E0),(-7.285336273204E-2,5.E-1,7.5E-1,
1.072857900545E0),.UNSPECIFIED.);
#7520=ORIENTED_EDGE('',*,*,#7457,.T.);
#7522=ORIENTED_EDGE('',*,*,#7521,.T.);
#7524=ORIENTED_EDGE('',*,*,#7523,.F.);
#7525=EDGE_LOOP('',(#7520,#7522,#7524));
#7526=FACE_OUTER_BOUND('',#7525,.F.);
#7528=CARTESIAN_POINT('',(2.574433582382E0,-1.28261E1,-1.5E-1));
#7529=DIRECTION('',(-2.588190451025E-1,9.659258262891E-1,0.E0));
#7530=DIRECTION('',(0.E0,0.E0,1.E0));
#7531=AXIS2_PLACEMENT_3D('',#7528,#7529,#7530);
#7532=CYLINDRICAL_SURFACE('',#7531,1.5E-1);
#7534=ORIENTED_EDGE('',*,*,#7533,.F.);
#7535=ORIENTED_EDGE('',*,*,#7133,.F.);
#7536=ORIENTED_EDGE('',*,*,#7521,.F.);
#7537=ORIENTED_EDGE('',*,*,#4574,.T.);
#7538=EDGE_LOOP('',(#7534,#7535,#7536,#7537));
#7539=FACE_OUTER_BOUND('',#7538,.F.);
#7541=CARTESIAN_POINT('',(-1.435153450581E0,2.974940184856E0,
-2.094432167674E-1));
#7542=CARTESIAN_POINT('',(-1.443953168880E0,2.975702972267E0,
-2.034453496794E-1));
#7543=CARTESIAN_POINT('',(-1.461057372201E0,2.972518148112E0,
-1.938407751681E-1));
#7544=CARTESIAN_POINT('',(-1.480666101085E0,2.956150115922E0,
-1.809337647692E-1));
#7545=CARTESIAN_POINT('',(-1.490962554724E0,2.932419764052E0,
-1.680242236579E-1));
#7546=CARTESIAN_POINT('',(-1.488932717560E0,2.914545982711E0,
-1.584137056117E-1));
#7547=CARTESIAN_POINT('',(-1.485412879068E0,2.906130066968E0,
-1.524110903557E-1));
#7548=CARTESIAN_POINT('',(-1.430807535230E0,2.973923967286E0,
-1.895558153165E-1));
#7549=CARTESIAN_POINT('',(-1.439744820047E0,2.975313368928E0,
-1.836776243642E-1));
#7550=CARTESIAN_POINT('',(-1.457719424425E0,2.973049222421E0,
-1.742884334726E-1));
#7551=CARTESIAN_POINT('',(-1.478460993881E0,2.957159880925E0,
-1.617018218769E-1));
#7552=CARTESIAN_POINT('',(-1.489443110183E0,2.934301816614E0,
-1.491326449164E-1));
#7553=CARTESIAN_POINT('',(-1.488533573522E0,2.917588566654E0,
-1.397820712366E-1));
#7554=CARTESIAN_POINT('',(-1.486033151346E0,2.909577092038E0,
-1.339330771869E-1));
#7555=CARTESIAN_POINT('',(-1.432724489280E0,2.978353401838E0,
-1.494408851031E-1));
#7556=CARTESIAN_POINT('',(-1.441827416894E0,2.980893921845E0,
-1.445644227256E-1));
#7557=CARTESIAN_POINT('',(-1.460956104903E0,2.980133583085E0,
-1.365247264483E-1));
#7558=CARTESIAN_POINT('',(-1.483334448801E0,2.964956845981E0,
-1.252643081311E-1));
#7559=CARTESIAN_POINT('',(-1.495522568764E0,2.943324054728E0,
-1.138689082147E-1));
#7560=CARTESIAN_POINT('',(-1.496512831752E0,2.928355768559E0,
-1.055279992506E-1));
#7561=CARTESIAN_POINT('',(-1.495639687687E0,2.921067676613E0,
-1.004219006581E-1));
#7562=CARTESIAN_POINT('',(-1.458692491165E0,2.998850365696E0,
-1.009968812095E-1));
#7563=CARTESIAN_POINT('',(-1.467296256719E0,3.001688929833E0,
-9.824197846175E-2));
#7564=CARTESIAN_POINT('',(-1.485972420219E0,3.001600850357E0,
-9.289651796820E-2));
#7565=CARTESIAN_POINT('',(-1.508055602903E0,2.987633920135E0,
-8.397668797721E-2));
#7566=CARTESIAN_POINT('',(-1.520333066760E0,2.968159094718E0,
-7.449163581756E-2));
#7567=CARTESIAN_POINT('',(-1.522761339658E0,2.955322448522E0,
-6.788556709890E-2));
#7568=CARTESIAN_POINT('',(-1.523219740646E0,2.948894616163E0,
-6.417030420066E-2));
#7569=CARTESIAN_POINT('',(-1.494048095875E0,3.024302803986E0,
-6.613911569806E-2));
#7570=CARTESIAN_POINT('',(-1.501719213634E0,3.026585815836E0,
-6.491504931729E-2));
#7571=CARTESIAN_POINT('',(-1.518582351407E0,3.026407972208E0,
-6.166471295774E-2));
#7572=CARTESIAN_POINT('',(-1.538674381005E0,3.014348359612E0,
-5.494924805154E-2));
#7573=CARTESIAN_POINT('',(-1.550043680760E0,2.997884534724E0,
-4.749059663654E-2));
#7574=CARTESIAN_POINT('',(-1.553017247526E0,2.987249279728E0,
-4.258282143352E-2));
#7575=CARTESIAN_POINT('',(-1.554071218024E0,2.981731104744E0,
-4.009616498677E-2));
#7576=CARTESIAN_POINT('',(-1.548272198909E0,3.061652954316E0,
-3.198751613241E-2));
#7577=CARTESIAN_POINT('',(-1.554258626930E0,3.062904054276E0,
-3.189466735209E-2));
#7578=CARTESIAN_POINT('',(-1.567397777253E0,3.062407836286E0,
-3.055784363287E-2));
#7579=CARTESIAN_POINT('',(-1.583216483308E0,3.053654111330E0,
-2.665535982444E-2));
#7580=CARTESIAN_POINT('',(-1.592423381528E0,3.041931832345E0,
-2.214119285739E-2));
#7581=CARTESIAN_POINT('',(-1.595297600132E0,3.034363598613E0,
-1.944022955413E-2));
#7582=CARTESIAN_POINT('',(-1.596475942305E0,3.030256938315E0,
-1.830822813012E-2));
#7583=CARTESIAN_POINT('',(-1.608008786346E0,3.101120386100E0,
-1.202861121335E-2));
#7584=CARTESIAN_POINT('',(-1.611850829204E0,3.101700367512E0,
-1.203011318694E-2));
#7585=CARTESIAN_POINT('',(-1.619974511262E0,3.101296865776E0,
-1.150476300868E-2));
#7586=CARTESIAN_POINT('',(-1.629840511241E0,3.096488109103E0,
-9.916164776380E-3));
#7587=CARTESIAN_POINT('',(-1.635793684404E0,3.089819525910E0,
-8.142038632495E-3));
#7588=CARTESIAN_POINT('',(-1.637670838434E0,3.085310556359E0,
-7.202925101033E-3));
#7589=CARTESIAN_POINT('',(-1.638319585776E0,3.082872930967E0,
-6.889202601683E-3));
#7590=CARTESIAN_POINT('',(-1.668608647103E0,3.142072618455E0,
-1.868479529783E-3));
#7591=CARTESIAN_POINT('',(-1.670138690979E0,3.142452692485E0,
-1.845776314413E-3));
#7592=CARTESIAN_POINT('',(-1.673245663450E0,3.142486238921E0,
-1.728504677590E-3));
#7593=CARTESIAN_POINT('',(-1.677097062142E0,3.140977996992E0,
-1.458947825691E-3));
#7594=CARTESIAN_POINT('',(-1.679504959069E0,3.138588016398E0,
-1.197870173240E-3));
#7595=CARTESIAN_POINT('',(-1.680140034238E0,3.136890113181E0,
-1.099500379937E-3));
#7596=CARTESIAN_POINT('',(-1.680206320721E0,3.136074449623E0,
-1.091175011986E-3));
#7597=CARTESIAN_POINT('',(-1.698536896126E0,3.163639321358E0,0.E0));
#7598=CARTESIAN_POINT('',(-1.699011264599E0,3.163815817905E0,0.E0));
#7599=CARTESIAN_POINT('',(-1.699919990827E0,3.163916419491E0,0.E0));
#7600=CARTESIAN_POINT('',(-1.701034674190E0,3.163605163335E0,0.E0));
#7601=CARTESIAN_POINT('',(-1.701728391327E0,3.162970959094E0,0.E0));
#7602=CARTESIAN_POINT('',(-1.701866600933E0,3.162480364320E0,0.E0));
#7603=CARTESIAN_POINT('',(-1.701832925435E0,3.162267010550E0,0.E0));
#7604=CARTESIAN_POINT('',(-1.713048240628E0,3.175E0,0.E0));
#7605=CARTESIAN_POINT('',(-1.713048240628E0,3.175E0,0.E0));
#7606=CARTESIAN_POINT('',(-1.713048240628E0,3.175E0,0.E0));
#7607=CARTESIAN_POINT('',(-1.713048240628E0,3.175E0,0.E0));
#7608=CARTESIAN_POINT('',(-1.713048240628E0,3.175E0,0.E0));
#7609=CARTESIAN_POINT('',(-1.713048240628E0,3.175E0,0.E0));
#7610=CARTESIAN_POINT('',(-1.713048240628E0,3.175E0,0.E0));
#7611=B_SPLINE_SURFACE_WITH_KNOTS('',3,3,((#7541,#7542,#7543,#7544,#7545,#7546,
#7547),(#7548,#7549,#7550,#7551,#7552,#7553,#7554),(#7555,#7556,#7557,#7558,
#7559,#7560,#7561),(#7562,#7563,#7564,#7565,#7566,#7567,#7568),(#7569,#7570,
#7571,#7572,#7573,#7574,#7575),(#7576,#7577,#7578,#7579,#7580,#7581,#7582),(
#7583,#7584,#7585,#7586,#7587,#7588,#7589),(#7590,#7591,#7592,#7593,#7594,#7595,
#7596),(#7597,#7598,#7599,#7600,#7601,#7602,#7603),(#7604,#7605,#7606,#7607,
#7608,#7609,#7610)),.UNSPECIFIED.,.F.,.F.,.F.,(4,1,1,1,1,1,1,4),(4,1,1,1,4),(
-1.433900225212E-2,1.25E-1,2.5E-1,3.75E-1,5.E-1,7.5E-1,8.75E-1,1.E0),(
-5.750239192038E-2,2.5E-1,5.E-1,7.5E-1,1.057479360421E0),.UNSPECIFIED.);
#7612=ORIENTED_EDGE('',*,*,#7533,.T.);
#7614=ORIENTED_EDGE('',*,*,#7613,.T.);
#7615=ORIENTED_EDGE('',*,*,#7115,.F.);
#7616=EDGE_LOOP('',(#7612,#7614,#7615));
#7617=FACE_OUTER_BOUND('',#7616,.F.);
#7619=CARTESIAN_POINT('',(-2.2418748E1,3.175E0,-2.E-1));
#7620=DIRECTION('',(1.E0,0.E0,0.E0));
#7621=DIRECTION('',(0.E0,0.E0,1.E0));
#7622=AXIS2_PLACEMENT_3D('',#7619,#7620,#7621);
#7623=CYLINDRICAL_SURFACE('',#7622,2.E-1);
#7625=ORIENTED_EDGE('',*,*,#7624,.F.);
#7626=ORIENTED_EDGE('',*,*,#7103,.F.);
#7627=ORIENTED_EDGE('',*,*,#7613,.F.);
#7628=ORIENTED_EDGE('',*,*,#4572,.T.);
#7629=EDGE_LOOP('',(#7625,#7626,#7627,#7628));
#7630=FACE_OUTER_BOUND('',#7629,.F.);
#7632=CARTESIAN_POINT('',(1.485412084298E0,2.906128235873E0,
-1.524097617529E-1));
#7633=CARTESIAN_POINT('',(1.488932534670E0,2.914544339357E0,
-1.584128078819E-1));
#7634=CARTESIAN_POINT('',(1.490962898983E0,2.932419752302E0,
-1.680241797208E-1));
#7635=CARTESIAN_POINT('',(1.480665451609E0,2.956150967142E0,
-1.809342285529E-1));
#7636=CARTESIAN_POINT('',(1.461057259742E0,2.972517818874E0,
-1.938407033981E-1));
#7637=CARTESIAN_POINT('',(1.443954714936E0,2.975702663397E0,
-2.034444055146E-1));
#7638=CARTESIAN_POINT('',(1.435155344066E0,2.974940363511E0,
-2.094418320105E-1));
#7639=CARTESIAN_POINT('',(1.486032597308E0,2.909575390600E0,
-1.339315622905E-1));
#7640=CARTESIAN_POINT('',(1.488533504806E0,2.917587067376E0,
-1.397809903919E-1));
#7641=CARTESIAN_POINT('',(1.489443434456E0,2.934301853648E0,
-1.491324201724E-1));
#7642=CARTESIAN_POINT('',(1.478460349092E0,2.957160705671E0,
-1.617021134125E-1));
#7643=CARTESIAN_POINT('',(1.457719374298E0,2.973048902628E0,
-1.742882497957E-1));
#7644=CARTESIAN_POINT('',(1.439746483166E0,2.975313180046E0,
-1.836766085739E-1));
#7645=CARTESIAN_POINT('',(1.430809504926E0,2.973924320148E0,
-1.895543754571E-1));
#7646=CARTESIAN_POINT('',(1.495639615838E0,2.921066198192E0,
-1.004207003705E-1));
#7647=CARTESIAN_POINT('',(1.496513027395E0,2.928354467028E0,
-1.055272222721E-1));
#7648=CARTESIAN_POINT('',(1.495522890220E0,2.943324066181E0,
-1.138690214041E-1));
#7649=CARTESIAN_POINT('',(1.483333752095E0,2.964957460751E0,
-1.252650441579E-1));
#7650=CARTESIAN_POINT('',(1.460955987806E0,2.980133054611E0,
-1.365252346369E-1));
#7651=CARTESIAN_POINT('',(1.441828988607E0,2.980893666273E0,
-1.445643414071E-1));
#7652=CARTESIAN_POINT('',(1.432726282450E0,2.978353799762E0,
-1.494405679044E-1));
#7653=CARTESIAN_POINT('',(1.523219466438E0,2.948892897931E0,
-6.416987927468E-2));
#7654=CARTESIAN_POINT('',(1.522761258574E0,2.955320972140E0,
-6.788528878793E-2));
#7655=CARTESIAN_POINT('',(1.520333062060E0,2.968158827656E0,
-7.449186728003E-2));
#7656=CARTESIAN_POINT('',(1.508054845368E0,2.987634351965E0,
-8.397711109444E-2));
#7657=CARTESIAN_POINT('',(1.485972415311E0,3.001600444370E0,
-9.289645259111E-2));
#7658=CARTESIAN_POINT('',(1.467297937819E0,3.001688944696E0,
-9.824127298178E-2));
#7659=CARTESIAN_POINT('',(1.458694409134E0,2.998851048866E0,
-1.009960187596E-1));
#7660=CARTESIAN_POINT('',(1.554070816543E0,2.981729207455E0,
-4.009607506809E-2));
#7661=CARTESIAN_POINT('',(1.553017057394E0,2.987247719660E0,
-4.258272108880E-2));
#7662=CARTESIAN_POINT('',(1.550043650562E0,2.997884122028E0,
-4.749077815404E-2));
#7663=CARTESIAN_POINT('',(1.538673977104E0,3.014348778019E0,
-5.494942157874E-2));
#7664=CARTESIAN_POINT('',(1.518582919572E0,3.026407927875E0,
-6.166435233093E-2));
#7665=CARTESIAN_POINT('',(1.501721431666E0,3.026586302156E0,
-6.491411732466E-2));
#7666=CARTESIAN_POINT('',(1.494050621409E0,3.024303923423E0,
-6.613810629858E-2));
#7667=CARTESIAN_POINT('',(1.596475206072E0,3.030254895306E0,
-1.830844473773E-2));
#7668=CARTESIAN_POINT('',(1.595297126983E0,3.034361964870E0,
-1.944033894381E-2));
#7669=CARTESIAN_POINT('',(1.592423203792E0,3.041931218556E0,
-2.214138783369E-2));
#7670=CARTESIAN_POINT('',(1.583216396281E0,3.053654433614E0,
-2.665544672359E-2));
#7671=CARTESIAN_POINT('',(1.567398842671E0,3.062408144526E0,
-3.055750900925E-2));
#7672=CARTESIAN_POINT('',(1.554261159386E0,3.062904925757E0,
-3.189393626521E-2));
#7673=CARTESIAN_POINT('',(1.548275120005E0,3.061654347739E0,
-3.198676972563E-2));
#7674=CARTESIAN_POINT('',(1.638318917435E0,3.082871468550E0,
-6.889229384761E-3));
#7675=CARTESIAN_POINT('',(1.637670414406E0,3.085309387930E0,
-7.202885034468E-3));
#7676=CARTESIAN_POINT('',(1.635793528411E0,3.089819032275E0,
-8.142028873420E-3));
#7677=CARTESIAN_POINT('',(1.629840544137E0,3.096488321470E0,
-9.916128163680E-3));
#7678=CARTESIAN_POINT('',(1.619975419079E0,3.101297196820E0,
-1.150457947868E-2));
#7679=CARTESIAN_POINT('',(1.611852692166E0,3.101701069314E0,
-1.202977798823E-2));
#7680=CARTESIAN_POINT('',(1.608010990387E0,3.101121431409E0,
-1.202827856282E-2));
#7681=CARTESIAN_POINT('',(1.680206083599E0,3.136073918217E0,
-1.091226354037E-3));
#7682=CARTESIAN_POINT('',(1.680139908322E0,3.136889665621E0,
-1.099542433303E-3));
#7683=CARTESIAN_POINT('',(1.679504932785E0,3.138587805697E0,
-1.197908602924E-3));
#7684=CARTESIAN_POINT('',(1.677097106579E0,3.140978059908E0,
-1.458953775667E-3));
#7685=CARTESIAN_POINT('',(1.673246062435E0,3.142486335375E0,
-1.728459845919E-3));
#7686=CARTESIAN_POINT('',(1.670139418907E0,3.142452903807E0,
-1.845699967524E-3));
#7687=CARTESIAN_POINT('',(1.668609507554E0,3.142072980742E0,
-1.868408089611E-3));
#7688=CARTESIAN_POINT('',(1.701832819289E0,3.162266835915E0,0.E0));
#7689=CARTESIAN_POINT('',(1.701866527662E0,3.162480204367E0,0.E0));
#7690=CARTESIAN_POINT('',(1.701728332729E0,3.162970859380E0,0.E0));
#7691=CARTESIAN_POINT('',(1.701034604903E0,3.163605136471E0,0.E0));
#7692=CARTESIAN_POINT('',(1.699919998502E0,3.163916391433E0,0.E0));
#7693=CARTESIAN_POINT('',(1.699011346734E0,3.163815812324E0,0.E0));
#7694=CARTESIAN_POINT('',(1.698537016562E0,3.163639363584E0,0.E0));
#7695=CARTESIAN_POINT('',(1.713048257499E0,3.175E0,0.E0));
#7696=CARTESIAN_POINT('',(1.713048257499E0,3.175E0,0.E0));
#7697=CARTESIAN_POINT('',(1.713048257499E0,3.175E0,0.E0));
#7698=CARTESIAN_POINT('',(1.713048257499E0,3.175E0,0.E0));
#7699=CARTESIAN_POINT('',(1.713048257499E0,3.175E0,0.E0));
#7700=CARTESIAN_POINT('',(1.713048257499E0,3.175E0,0.E0));
#7701=CARTESIAN_POINT('',(1.713048257499E0,3.175E0,0.E0));
#7702=B_SPLINE_SURFACE_WITH_KNOTS('',3,3,((#7632,#7633,#7634,#7635,#7636,#7637,
#7638),(#7639,#7640,#7641,#7642,#7643,#7644,#7645),(#7646,#7647,#7648,#7649,
#7650,#7651,#7652),(#7653,#7654,#7655,#7656,#7657,#7658,#7659),(#7660,#7661,
#7662,#7663,#7664,#7665,#7666),(#7667,#7668,#7669,#7670,#7671,#7672,#7673),(
#7674,#7675,#7676,#7677,#7678,#7679,#7680),(#7681,#7682,#7683,#7684,#7685,#7686,
#7687),(#7688,#7689,#7690,#7691,#7692,#7693,#7694),(#7695,#7696,#7697,#7698,
#7699,#7700,#7701)),.UNSPECIFIED.,.F.,.F.,.F.,(4,1,1,1,1,1,1,4),(4,1,1,1,4),(
-1.433880456389E-2,1.25E-1,2.5E-1,3.75E-1,5.E-1,7.5E-1,8.75E-1,1.E0),(
-5.750239032712E-2,2.5E-1,5.E-1,7.5E-1,1.057479358828E0),.UNSPECIFIED.);
#7703=ORIENTED_EDGE('',*,*,#7624,.T.);
#7705=ORIENTED_EDGE('',*,*,#7704,.T.);
#7706=ORIENTED_EDGE('',*,*,#7087,.F.);
#7707=EDGE_LOOP('',(#7703,#7705,#7706));
#7708=FACE_OUTER_BOUND('',#7707,.F.);
#7710=CARTESIAN_POINT('',(4.433028021889E0,1.33261E1,-1.5E-1));
#7711=DIRECTION('',(-2.588191087674E-1,-9.659258092301E-1,0.E0));
#7712=DIRECTION('',(0.E0,0.E0,1.E0));
#7713=AXIS2_PLACEMENT_3D('',#7710,#7711,#7712);
#7714=CYLINDRICAL_SURFACE('',#7713,1.5E-1);
#7715=ORIENTED_EDGE('',*,*,#7704,.F.);
#7716=ORIENTED_EDGE('',*,*,#4570,.T.);
#7718=ORIENTED_EDGE('',*,*,#7717,.F.);
#7719=ORIENTED_EDGE('',*,*,#7073,.F.);
#7720=EDGE_LOOP('',(#7715,#7716,#7718,#7719));
#7721=FACE_OUTER_BOUND('',#7720,.F.);
#7723=CARTESIAN_POINT('',(2.2418748E1,2.175E0,-1.5E-1));
#7724=DIRECTION('',(-1.E0,0.E0,0.E0));
#7725=DIRECTION('',(0.E0,0.E0,1.E0));
#7726=AXIS2_PLACEMENT_3D('',#7723,#7724,#7725);
#7727=CYLINDRICAL_SURFACE('',#7726,1.5E-1);
#7728=ORIENTED_EDGE('',*,*,#4568,.T.);
#7730=ORIENTED_EDGE('',*,*,#7729,.T.);
#7731=ORIENTED_EDGE('',*,*,#7059,.F.);
#7732=ORIENTED_EDGE('',*,*,#7717,.T.);
#7733=EDGE_LOOP('',(#7728,#7730,#7731,#7732));
#7734=FACE_OUTER_BOUND('',#7733,.F.);
#7736=CARTESIAN_POINT('',(9.472783037422E-1,2.318700731895E0,
-1.619876825793E-1));
#7737=CARTESIAN_POINT('',(9.491863483334E-1,2.326416251014E0,
-6.285435706575E-2));
#7738=CARTESIAN_POINT('',(9.323041110547E-1,2.258149909078E0,
7.468347090670E-3));
#7739=CARTESIAN_POINT('',(9.085054166218E-1,2.161915637223E0,
-4.798074532567E-4));
#7740=CARTESIAN_POINT('',(7.845769320030E-1,2.358936711814E0,
-1.619876825793E-1));
#7741=CARTESIAN_POINT('',(7.799874359113E-1,2.368259069975E0,
-6.285435706575E-2));
#7742=CARTESIAN_POINT('',(8.205949575426E-1,2.285775535152E0,
7.468347090670E-3));
#7743=CARTESIAN_POINT('',(8.778389106412E-1,2.169499451087E0,
-4.798074532567E-4));
#7744=CARTESIAN_POINT('',(6.660639148501E-1,2.240423694760E0,
-1.619876825793E-1));
#7745=CARTESIAN_POINT('',(6.567415566923E-1,2.245013190860E0,
-6.285435706575E-2));
#7746=CARTESIAN_POINT('',(7.392250914819E-1,2.204405669159E0,
7.468347090670E-3));
#7747=CARTESIAN_POINT('',(8.555011754982E-1,2.147161715963E0,
-4.798074532567E-4));
#7748=CARTESIAN_POINT('',(7.062998946320E-1,2.077722322987E0,
-1.619876825793E-1));
#7749=CARTESIAN_POINT('',(6.985843755115E-1,2.075814278403E0,
-6.285435706575E-2));
#7750=CARTESIAN_POINT('',(7.668507174623E-1,2.092696515624E0,
7.468347090670E-3));
#7751=CARTESIAN_POINT('',(8.630849893372E-1,2.116495209976E0,
-4.798074532567E-4));
#7752=(BOUNDED_SURFACE()B_SPLINE_SURFACE(3,3,((#7736,#7737,#7738,#7739),(#7740,
#7741,#7742,#7743),(#7744,#7745,#7746,#7747),(#7748,#7749,#7750,#7751)),
.UNSPECIFIED.,.F.,.F.,.F.)B_SPLINE_SURFACE_WITH_KNOTS((4,4),(4,4),(0.E0,1.E0),(
0.E0,1.E0),.UNSPECIFIED.)GEOMETRIC_REPRESENTATION_ITEM()RATIONAL_B_SPLINE_SURFACE(((1.600008693749E0,1.224896034220E0,1.224896034220E0,1.600008693749E0),(
1.084459071374E0,8.302139988299E-1,8.302139988299E-1,1.084459071374E0),(
1.084459071374E0,8.302139988299E-1,8.302139988299E-1,1.084459071374E0),(
1.600008693749E0,1.224896034220E0,1.224896034220E0,1.600008693749E0)))REPRESENTATION_ITEM('')SURFACE());
#7753=ORIENTED_EDGE('',*,*,#4566,.T.);
#7755=ORIENTED_EDGE('',*,*,#7754,.T.);
#7757=ORIENTED_EDGE('',*,*,#7756,.F.);
#7758=ORIENTED_EDGE('',*,*,#7729,.F.);
#7759=EDGE_LOOP('',(#7753,#7755,#7757,#7758));
#7760=FACE_OUTER_BOUND('',#7759,.F.);
#7762=CARTESIAN_POINT('',(8.5E-1,2.147344226567E0,-1.5E-1));
#7763=DIRECTION('',(0.E0,-1.E0,0.E0));
#7764=DIRECTION('',(0.E0,0.E0,1.E0));
#7765=AXIS2_PLACEMENT_3D('',#7762,#7763,#7764);
#7766=CYLINDRICAL_SURFACE('',#7765,1.5E-1);
#7767=ORIENTED_EDGE('',*,*,#4564,.T.);
#7769=ORIENTED_EDGE('',*,*,#7768,.T.);
#7771=ORIENTED_EDGE('',*,*,#7770,.F.);
#7772=ORIENTED_EDGE('',*,*,#7754,.F.);
#7773=EDGE_LOOP('',(#7767,#7769,#7771,#7772));
#7774=FACE_OUTER_BOUND('',#7773,.F.);
#7776=CARTESIAN_POINT('',(7.062998213634E-1,1.872278007304E0,
-1.619876825793E-1));
#7777=CARTESIAN_POINT('',(6.985843115200E-1,1.874186037039E0,
-6.285451385730E-2));
#7778=CARTESIAN_POINT('',(7.668505000993E-1,1.857303948836E0,
7.468152511626E-3));
#7779=CARTESIAN_POINT('',(8.630846723778E-1,1.833505435716E0,
-4.797824159601E-4));
#7780=CARTESIAN_POINT('',(6.660641803329E-1,1.709576934714E0,
-1.619876825793E-1));
#7781=CARTESIAN_POINT('',(6.567418475216E-1,1.704987445989E0,
-6.285451385730E-2));
#7782=CARTESIAN_POINT('',(7.392250719110E-1,1.745594860032E0,
7.468152511626E-3));
#7783=CARTESIAN_POINT('',(8.555008592543E-1,1.802838730827E0,
-4.797824159601E-4));
#7784=CARTESIAN_POINT('',(7.845769345138E-1,1.591064180431E0,
-1.619876825793E-1));
#7785=CARTESIAN_POINT('',(7.799874457812E-1,1.581741847624E0,
-6.285451385730E-2));
#7786=CARTESIAN_POINT('',(8.205948598941E-1,1.664225071979E0,
7.468152511626E-3));
#7787=CARTESIAN_POINT('',(8.778387307892E-1,1.780500859273E0,
-4.797824159601E-4));
#7788=CARTESIAN_POINT('',(9.472780071386E-1,1.631299821322E0,
-1.619876825793E-1));
#7789=CARTESIAN_POINT('',(9.491860368671E-1,1.623584311477E0,
-6.285451385730E-2));
#7790=CARTESIAN_POINT('',(9.323039487226E-1,1.691850500071E0,
7.468152511626E-3));
#7791=CARTESIAN_POINT('',(9.085054356852E-1,1.788084672370E0,
-4.797824159601E-4));
#7792=(BOUNDED_SURFACE()B_SPLINE_SURFACE(3,3,((#7776,#7777,#7778,#7779),(#7780,
#7781,#7782,#7783),(#7784,#7785,#7786,#7787),(#7788,#7789,#7790,#7791)),
.UNSPECIFIED.,.F.,.F.,.F.)B_SPLINE_SURFACE_WITH_KNOTS((4,4),(4,4),(0.E0,1.E0),(
0.E0,1.E0),.UNSPECIFIED.)GEOMETRIC_REPRESENTATION_ITEM()RATIONAL_B_SPLINE_SURFACE(((1.600006536117E0,1.224895230508E0,1.224895230508E0,1.600006536117E0),(
1.084459010247E0,8.302145268464E-1,8.302145268464E-1,1.084459010247E0),(
1.084459010247E0,8.302145268464E-1,8.302145268464E-1,1.084459010247E0),(
1.600006536117E0,1.224895230508E0,1.224895230508E0,1.600006536117E0)))REPRESENTATION_ITEM('')SURFACE());
#7793=ORIENTED_EDGE('',*,*,#4562,.T.);
#7795=ORIENTED_EDGE('',*,*,#7794,.T.);
#7797=ORIENTED_EDGE('',*,*,#7796,.F.);
#7798=ORIENTED_EDGE('',*,*,#7768,.F.);
#7799=EDGE_LOOP('',(#7793,#7795,#7797,#7798));
#7800=FACE_OUTER_BOUND('',#7799,.F.);
#7802=CARTESIAN_POINT('',(8.776564E-1,1.775E0,-1.5E-1));
#7803=DIRECTION('',(1.E0,0.E0,0.E0));
#7804=DIRECTION('',(0.E0,0.E0,1.E0));
#7805=AXIS2_PLACEMENT_3D('',#7802,#7803,#7804);
#7806=CYLINDRICAL_SURFACE('',#7805,1.5E-1);
#7808=ORIENTED_EDGE('',*,*,#7807,.F.);
#7809=ORIENTED_EDGE('',*,*,#6988,.F.);
#7810=ORIENTED_EDGE('',*,*,#7794,.F.);
#7811=ORIENTED_EDGE('',*,*,#4560,.T.);
#7812=EDGE_LOOP('',(#7808,#7809,#7810,#7811));
#7813=FACE_OUTER_BOUND('',#7812,.F.);
#7815=CARTESIAN_POINT('',(1.653430374047E0,1.571353141318E0,
-2.082139315902E-1));
#7816=CARTESIAN_POINT('',(1.654101339294E0,1.579135554014E0,
-2.025326097307E-1));
#7817=CARTESIAN_POINT('',(1.651826239574E0,1.593932921974E0,
-1.931549145291E-1));
#7818=CARTESIAN_POINT('',(1.639503201419E0,1.612014648159E0,
-1.802972407725E-1));
#7819=CARTESIAN_POINT('',(1.620917316907E0,1.623977828706E0,
-1.673917078008E-1));
#7820=CARTESIAN_POINT('',(1.605629917283E0,1.625778324611E0,
-1.579137736594E-1));
#7821=CARTESIAN_POINT('',(1.597668487895E0,1.624714967698E0,
-1.521653491372E-1));
#7822=CARTESIAN_POINT('',(1.652649317601E0,1.567244919874E0,
-1.904425582689E-1));
#7823=CARTESIAN_POINT('',(1.653854532640E0,1.575170607311E0,
-1.849042917683E-1));
#7824=CARTESIAN_POINT('',(1.652369313826E0,1.590614324876E0,
-1.757786502879E-1));
#7825=CARTESIAN_POINT('',(1.640689327153E0,1.609611441426E0,
-1.632847400159E-1));
#7826=CARTESIAN_POINT('',(1.622945965832E0,1.622250642632E0,
-1.507581051425E-1));
#7827=CARTESIAN_POINT('',(1.608656054778E0,1.624836628651E0,
-1.415647067519E-1));
#7828=CARTESIAN_POINT('',(1.601194242136E0,1.624496656644E0,
-1.359830340570E-1));
#7829=CARTESIAN_POINT('',(1.656053921257E0,1.567475037769E0,
-1.551063942517E-1));
#7830=CARTESIAN_POINT('',(1.658181212550E0,1.575458550332E0,
-1.503697547723E-1));
#7831=CARTESIAN_POINT('',(1.658086359196E0,1.591436554127E0,
-1.424076923379E-1));
#7832=CARTESIAN_POINT('',(1.647794418007E0,1.611219464938E0,
-1.312254091609E-1));
#7833=CARTESIAN_POINT('',(1.631799027851E0,1.624537378688E0,
-1.199217725116E-1));
#7834=CARTESIAN_POINT('',(1.619367105270E0,1.628336094350E0,
-1.116889603779E-1));
#7835=CARTESIAN_POINT('',(1.612884447007E0,1.629189673226E0,
-1.067496252766E-1));
#7836=CARTESIAN_POINT('',(1.678582334986E0,1.590177895276E0,
-9.485537598319E-2));
#7837=CARTESIAN_POINT('',(1.681304698607E0,1.597442295524E0,
-9.225526731065E-2));
#7838=CARTESIAN_POINT('',(1.682553977563E0,1.612296854725E0,
-8.716396030831E-2));
#7839=CARTESIAN_POINT('',(1.674841698523E0,1.630734176154E0,
-7.893436103478E-2));
#7840=CARTESIAN_POINT('',(1.662408070131E0,1.643297091450E0,
-7.038934693926E-2));
#7841=CARTESIAN_POINT('',(1.653184386187E0,1.648037410972E0,
-6.458530050060E-2));
#7842=CARTESIAN_POINT('',(1.648333628055E0,1.650149229158E0,
-6.143732982998E-2));
#7843=CARTESIAN_POINT('',(1.722471635625E0,1.638051362118E0,
-4.268628266246E-2));
#7844=CARTESIAN_POINT('',(1.724386870410E0,1.643581331070E0,
-4.199483578872E-2));
#7845=CARTESIAN_POINT('',(1.725553016990E0,1.654951465673E0,
-3.976314761229E-2));
#7846=CARTESIAN_POINT('',(1.720881298718E0,1.669180303933E0,
-3.511264727218E-2));
#7847=CARTESIAN_POINT('',(1.713054028783E0,1.679022133279E0,
-3.018692386764E-2));
#7848=CARTESIAN_POINT('',(1.707248684919E0,1.683123805471E0,
-2.733193395943E-2));
#7849=CARTESIAN_POINT('',(1.704057548629E0,1.685115145541E0,
-2.615939998529E-2));
#7850=CARTESIAN_POINT('',(1.774522645023E0,1.694402514536E0,
-1.374286915946E-2));
#7851=CARTESIAN_POINT('',(1.775537620362E0,1.697669912141E0,
-1.356259405505E-2));
#7852=CARTESIAN_POINT('',(1.776259398572E0,1.704228608663E0,
-1.280620257741E-2));
#7853=CARTESIAN_POINT('',(1.774205165326E0,1.712524337624E0,
-1.114069994347E-2));
#7854=CARTESIAN_POINT('',(1.770373583348E0,1.718402658512E0,
-9.423983069367E-3));
#7855=CARTESIAN_POINT('',(1.767343349888E0,1.720814771002E0,
-8.551156155438E-3));
#7856=CARTESIAN_POINT('',(1.765653286397E0,1.721832517199E0,
-8.280972679429E-3));
#7857=CARTESIAN_POINT('',(1.818708496156E0,1.740866940470E0,
-2.056300080849E-3));
#7858=CARTESIAN_POINT('',(1.819214296659E0,1.742187419755E0,
-2.020626218853E-3));
#7859=CARTESIAN_POINT('',(1.819638692553E0,1.744778742016E0,
-1.884761695271E-3));
#7860=CARTESIAN_POINT('',(1.819077208619E0,1.748115374674E0,
-1.607432355369E-3));
#7861=CARTESIAN_POINT('',(1.817731432952E0,1.750535357921E0,
-1.343947566891E-3));
#7862=CARTESIAN_POINT('',(1.816588252028E0,1.751451416738E0,
-1.239237567208E-3));
#7863=CARTESIAN_POINT('',(1.815991755987E0,1.751724669213E0,
-1.227646271986E-3));
#7864=CARTESIAN_POINT('',(1.841702206914E0,1.763861111945E0,0.E0));
#7865=CARTESIAN_POINT('',(1.841896777516E0,1.764276670468E0,0.E0));
#7866=CARTESIAN_POINT('',(1.842082573702E0,1.765059123553E0,0.E0));
#7867=CARTESIAN_POINT('',(1.841992227464E0,1.766058608132E0,0.E0));
#7868=CARTESIAN_POINT('',(1.841629501900E0,1.766785645566E0,0.E0));
#7869=CARTESIAN_POINT('',(1.841288714154E0,1.767041462715E0,0.E0));
#7870=CARTESIAN_POINT('',(1.841119563728E0,1.767093296075E0,0.E0));
#7871=CARTESIAN_POINT('',(1.853534765956E0,1.775E0,0.E0));
#7872=CARTESIAN_POINT('',(1.853534765956E0,1.775E0,0.E0));
#7873=CARTESIAN_POINT('',(1.853534765956E0,1.775E0,0.E0));
#7874=CARTESIAN_POINT('',(1.853534765956E0,1.775E0,0.E0));
#7875=CARTESIAN_POINT('',(1.853534765956E0,1.775E0,0.E0));
#7876=CARTESIAN_POINT('',(1.853534765956E0,1.775E0,0.E0));
#7877=CARTESIAN_POINT('',(1.853534765956E0,1.775E0,0.E0));
#7878=B_SPLINE_SURFACE_WITH_KNOTS('',3,3,((#7815,#7816,#7817,#7818,#7819,#7820,
#7821),(#7822,#7823,#7824,#7825,#7826,#7827,#7828),(#7829,#7830,#7831,#7832,
#7833,#7834,#7835),(#7836,#7837,#7838,#7839,#7840,#7841,#7842),(#7843,#7844,
#7845,#7846,#7847,#7848,#7849),(#7850,#7851,#7852,#7853,#7854,#7855,#7856),(
#7857,#7858,#7859,#7860,#7861,#7862,#7863),(#7864,#7865,#7866,#7867,#7868,#7869,
#7870),(#7871,#7872,#7873,#7874,#7875,#7876,#7877)),.UNSPECIFIED.,.F.,.F.,.F.,
(4,1,1,1,1,1,4),(4,1,1,1,4),(-1.650032179347E-2,1.25E-1,2.5E-1,5.E-1,7.5E-1,
8.75E-1,1.E0),(-6.514804383347E-2,2.5E-1,5.E-1,7.5E-1,1.065120851351E0),
.UNSPECIFIED.);
#7879=ORIENTED_EDGE('',*,*,#7807,.T.);
#7881=ORIENTED_EDGE('',*,*,#7880,.T.);
#7882=ORIENTED_EDGE('',*,*,#6971,.F.);
#7883=EDGE_LOOP('',(#7879,#7881,#7882));
#7884=FACE_OUTER_BOUND('',#7883,.F.);
#7886=CARTESIAN_POINT('',(1.853534765956E0,1.33261E1,-2.E-1));
#7887=DIRECTION('',(0.E0,-1.E0,0.E0));
#7888=DIRECTION('',(0.E0,0.E0,1.E0));
#7889=AXIS2_PLACEMENT_3D('',#7886,#7887,#7888);
#7890=CYLINDRICAL_SURFACE('',#7889,2.E-1);
#7891=ORIENTED_EDGE('',*,*,#7880,.F.);
#7892=ORIENTED_EDGE('',*,*,#4558,.T.);
#7894=ORIENTED_EDGE('',*,*,#7893,.F.);
#7895=ORIENTED_EDGE('',*,*,#6955,.F.);
#7896=EDGE_LOOP('',(#7891,#7892,#7894,#7895));
#7897=FACE_OUTER_BOUND('',#7896,.F.);
#7899=CARTESIAN_POINT('',(1.597610192609E0,-2.624711989139E0,
-2.061172632633E-1));
#7900=CARTESIAN_POINT('',(1.612726609992E0,-2.626657965662E0,
-2.058180719455E-1));
#7901=CARTESIAN_POINT('',(1.643982861114E0,-2.615459955202E0,
-2.053793310780E-1));
#7902=CARTESIAN_POINT('',(1.655168765067E0,-2.584176513607E0,
-2.047834288576E-1));
#7903=CARTESIAN_POINT('',(1.653199044355E0,-2.569048172612E0,
-2.043488776779E-1));
#7904=CARTESIAN_POINT('',(1.596996382412E0,-2.624096938345E0,
-1.868845458865E-1));
#7905=CARTESIAN_POINT('',(1.611750532789E0,-2.626060837882E0,
-1.865620183034E-1));
#7906=CARTESIAN_POINT('',(1.643587611081E0,-2.615015596553E0,
-1.861138275310E-1));
#7907=CARTESIAN_POINT('',(1.654665459627E0,-2.583255339286E0,
-1.855662270461E-1));
#7908=CARTESIAN_POINT('',(1.652757826403E0,-2.568529810343E0,
-1.851743153367E-1));
#7909=CARTESIAN_POINT('',(1.603125455095E0,-2.628538219874E0,
-1.501451309474E-1));
#7910=CARTESIAN_POINT('',(1.616976311182E0,-2.630454390549E0,
-1.501055343440E-1));
#7911=CARTESIAN_POINT('',(1.648660684786E0,-2.620009495940E0,
-1.499544497877E-1));
#7912=CARTESIAN_POINT('',(1.659211588369E0,-2.588538003467E0,
-1.492182098346E-1));
#7913=CARTESIAN_POINT('',(1.657489949405E0,-2.574779891571E0,
-1.486340131101E-1));
#7914=CARTESIAN_POINT('',(1.634642665873E0,-2.653167433141E0,
-8.963346052715E-2));
#7915=CARTESIAN_POINT('',(1.646304582388E0,-2.654399839793E0,
-9.025116659815E-2));
#7916=CARTESIAN_POINT('',(1.674365831999E0,-2.645606824764E0,
-9.075123397740E-2));
#7917=CARTESIAN_POINT('',(1.683338551147E0,-2.617889489647E0,
-8.960011396118E-2));
#7918=CARTESIAN_POINT('',(1.682421668858E0,-2.606380415232E0,
-8.861303494929E-2));
#7919=CARTESIAN_POINT('',(1.692068983050E0,-2.698629274683E0,
-3.913900003848E-2));
#7920=CARTESIAN_POINT('',(1.700632219629E0,-2.698748810266E0,
-3.986603171289E-2));
#7921=CARTESIAN_POINT('',(1.720974128975E0,-2.692180122671E0,
-4.049434521636E-2));
#7922=CARTESIAN_POINT('',(1.727735642737E0,-2.672200796965E0,
-3.951549169517E-2));
#7923=CARTESIAN_POINT('',(1.727866036053E0,-2.663782986836E0,
-3.866988025085E-2));
#7924=CARTESIAN_POINT('',(1.758140104729E0,-2.749839522217E0,
-1.237453131181E-2));
#7925=CARTESIAN_POINT('',(1.763171100884E0,-2.749730127530E0,
-1.259808834570E-2));
#7926=CARTESIAN_POINT('',(1.774494460881E0,-2.745795217265E0,
-1.278570430930E-2));
#7927=CARTESIAN_POINT('',(1.778579164931E0,-2.734705429308E0,
-1.248231247242E-2));
#7928=CARTESIAN_POINT('',(1.778815453532E0,-2.729768677207E0,
-1.222888433416E-2));
#7929=CARTESIAN_POINT('',(1.812759591494E0,-2.792168364285E0,
-1.815426735801E-3));
#7930=CARTESIAN_POINT('',(1.814788342010E0,-2.792265267896E0,
-1.822171318436E-3));
#7931=CARTESIAN_POINT('',(1.819246672284E0,-2.790647447433E0,
-1.823404163172E-3));
#7932=CARTESIAN_POINT('',(1.820943370467E0,-2.786284741858E0,
-1.805209980400E-3));
#7933=CARTESIAN_POINT('',(1.820893811970E0,-2.784298704729E0,
-1.795008022760E-3));
#7934=CARTESIAN_POINT('',(1.840083390126E0,-2.813890636675E0,0.E0));
#7935=CARTESIAN_POINT('',(1.840722931686E0,-2.813971791806E0,0.E0));
#7936=CARTESIAN_POINT('',(1.842061042724E0,-2.813507210486E0,0.E0));
#7937=CARTESIAN_POINT('',(1.842554596016E0,-2.812198178905E0,0.E0));
#7938=CARTESIAN_POINT('',(1.842487933960E0,-2.811573109039E0,0.E0));
#7939=CARTESIAN_POINT('',(1.853534765956E0,-2.825E0,0.E0));
#7940=CARTESIAN_POINT('',(1.853534765956E0,-2.825E0,0.E0));
#7941=CARTESIAN_POINT('',(1.853534765956E0,-2.825E0,0.E0));
#7942=CARTESIAN_POINT('',(1.853534765956E0,-2.825E0,0.E0));
#7943=CARTESIAN_POINT('',(1.853534765956E0,-2.825E0,0.E0));
#7944=B_SPLINE_SURFACE_WITH_KNOTS('',3,3,((#7899,#7900,#7901,#7902,#7903),
(#7904,#7905,#7906,#7907,#7908),(#7909,#7910,#7911,#7912,#7913),(#7914,#7915,
#7916,#7917,#7918),(#7919,#7920,#7921,#7922,#7923),(#7924,#7925,#7926,#7927,
#7928),(#7929,#7930,#7931,#7932,#7933),(#7934,#7935,#7936,#7937,#7938),(#7939,
#7940,#7941,#7942,#7943)),.UNSPECIFIED.,.F.,.F.,.F.,(4,1,1,1,1,1,4),(4,1,4),(
-1.450440354680E-2,1.25E-1,2.5E-1,5.E-1,7.5E-1,8.75E-1,1.E0),
(-7.636118374805E-2,5.E-1,1.076440889910E0),.UNSPECIFIED.);
#7945=ORIENTED_EDGE('',*,*,#7893,.T.);
#7947=ORIENTED_EDGE('',*,*,#7946,.T.);
#7949=ORIENTED_EDGE('',*,*,#7948,.F.);
#7950=EDGE_LOOP('',(#7945,#7947,#7949));
#7951=FACE_OUTER_BOUND('',#7950,.F.);
#7953=CARTESIAN_POINT('',(2.2418748E1,-2.825E0,-2.E-1));
#7954=DIRECTION('',(-1.E0,0.E0,0.E0));
#7955=DIRECTION('',(0.E0,0.E0,1.E0));
#7956=AXIS2_PLACEMENT_3D('',#7953,#7954,#7955);
#7957=CYLINDRICAL_SURFACE('',#7956,2.E-1);
#7958=ORIENTED_EDGE('',*,*,#7946,.F.);
#7959=ORIENTED_EDGE('',*,*,#4556,.T.);
#7961=ORIENTED_EDGE('',*,*,#7960,.F.);
#7963=ORIENTED_EDGE('',*,*,#7962,.F.);
#7964=EDGE_LOOP('',(#7958,#7959,#7961,#7963));
#7965=FACE_OUTER_BOUND('',#7964,.F.);
#7967=CARTESIAN_POINT('',(3.334931304979E-1,-2.945214723925E0,
-2.119932804513E-1));
#7968=CARTESIAN_POINT('',(3.399296953054E-1,-2.949464965422E0,
-8.359889463433E-2));
#7969=CARTESIAN_POINT('',(2.640315479975E-1,-2.899347322726E0,
7.353320041617E-3));
#7970=CARTESIAN_POINT('',(1.568885268618E-1,-2.828597826973E0,
-3.599218990433E-4));
#7971=CARTESIAN_POINT('',(5.414572533386E-1,-2.630273901070E0,
-2.119932804513E-1));
#7972=CARTESIAN_POINT('',(5.519076176277E-1,-2.628445645496E0,
-8.359889463433E-2));
#7973=CARTESIAN_POINT('',(4.286798848300E-1,-2.650003916876E0,
7.353320041617E-3));
#7974=CARTESIAN_POINT('',(2.547231803788E-1,-2.680437048751E0,
-3.599218990433E-4));
#7975=CARTESIAN_POINT('',(3.527465546826E-1,-2.303432853308E0,
-2.119932804513E-1));
#7976=CARTESIAN_POINT('',(3.595547190861E-1,-2.295296421063E0,
-8.359889463433E-2));
#7977=CARTESIAN_POINT('',(2.792747746995E-1,-2.391238923243E0,
7.353320041617E-3));
#7978=CARTESIAN_POINT('',(1.659461088062E-1,-2.526677928062E0,
-3.599218990433E-4));
#7979=CARTESIAN_POINT('',(-2.398133200761E-2,-2.326080097719E0,
-2.119932804513E-1));
#7980=CARTESIAN_POINT('',(-2.444418231403E-2,-2.318380767300E0,
-8.359889463433E-2));
#7981=CARTESIAN_POINT('',(-1.898638272866E-2,-2.409169088673E0,
7.353320041617E-3));
#7982=CARTESIAN_POINT('',(-1.128177916361E-2,-2.537332098982E0,
-3.599218990433E-4));
#7983=(BOUNDED_SURFACE()B_SPLINE_SURFACE(3,3,((#7967,#7968,#7969,#7970),(#7971,
#7972,#7973,#7974),(#7975,#7976,#7977,#7978),(#7979,#7980,#7981,#7982)),
.UNSPECIFIED.,.F.,.F.,.F.)B_SPLINE_SURFACE_WITH_KNOTS((4,4),(4,4),(0.E0,1.E0),(
0.E0,1.E0),.UNSPECIFIED.)GEOMETRIC_REPRESENTATION_ITEM()RATIONAL_B_SPLINE_SURFACE(((1.661658100155E0,1.288817011418E0,1.288817011418E0,1.661658100155E0),(
1.049225685051E0,8.138015344933E-1,8.138015344933E-1,1.049225685051E0),(
1.049225685051E0,8.138015344933E-1,8.138015344933E-1,1.049225685051E0),(
1.661658100155E0,1.288817011418E0,1.288817011418E0,1.661658100155E0)))REPRESENTATION_ITEM('')SURFACE());
#7984=ORIENTED_EDGE('',*,*,#4554,.T.);
#7986=ORIENTED_EDGE('',*,*,#7985,.T.);
#7988=ORIENTED_EDGE('',*,*,#7987,.F.);
#7989=ORIENTED_EDGE('',*,*,#7960,.T.);
#7990=EDGE_LOOP('',(#7984,#7986,#7988,#7989));
#7991=FACE_OUTER_BOUND('',#7990,.F.);
#7993=CARTESIAN_POINT('',(2.394862787447E-2,-2.326078132978E0,
-2.119932804513E-1));
#7994=CARTESIAN_POINT('',(2.441084697670E-2,-2.318378764639E0,
-8.359889460722E-2));
#7995=CARTESIAN_POINT('',(1.896049037142E-2,-2.409167533177E0,
7.353320075377E-3));
#7996=CARTESIAN_POINT('',(1.126639382784E-2,-2.537331174715E0,
-3.599219023537E-4));
#7997=CARTESIAN_POINT('',(-3.527588117499E-1,-2.303463112256E0,
-2.119932804513E-1));
#7998=CARTESIAN_POINT('',(-3.595672127207E-1,-2.295327264022E0,
-8.359889460722E-2));
#7999=CARTESIAN_POINT('',(-2.792844787883E-1,-2.391262879730E0,
7.353320075377E-3));
#8000=CARTESIAN_POINT('',(-1.659518749987E-1,-2.526692163110E0,
-3.599219023537E-4));
#8001=CARTESIAN_POINT('',(-5.414449418785E-1,-2.630292545643E0,
-2.119932804513E-1));
#8002=CARTESIAN_POINT('',(-5.518950685518E-1,-2.628464649917E0,
-8.359889460722E-2));
#8003=CARTESIAN_POINT('',(-4.286701376359E-1,-2.650018678070E0,
7.353320075377E-3));
#8004=CARTESIAN_POINT('',(-2.547173885397E-1,-2.680445819911E0,
-3.599219023537E-4));
#8005=CARTESIAN_POINT('',(-3.334931305440E-1,-2.945214723956E0,
-2.119932804513E-1));
#8006=CARTESIAN_POINT('',(-3.399296953529E-1,-2.949464965453E0,
-8.359889460722E-2));
#8007=CARTESIAN_POINT('',(-2.640315480184E-1,-2.899347322740E0,
7.353320075377E-3));
#8008=CARTESIAN_POINT('',(-1.568885268618E-1,-2.828597826973E0,
-3.599219023537E-4));
#8009=(BOUNDED_SURFACE()B_SPLINE_SURFACE(3,3,((#7993,#7994,#7995,#7996),(#7997,
#7998,#7999,#8000),(#8001,#8002,#8003,#8004),(#8005,#8006,#8007,#8008)),
.UNSPECIFIED.,.F.,.F.,.F.)B_SPLINE_SURFACE_WITH_KNOTS((4,4),(4,4),(0.E0,1.E0),(
0.E0,1.E0),.UNSPECIFIED.)GEOMETRIC_REPRESENTATION_ITEM()RATIONAL_B_SPLINE_SURFACE(((1.661616002466E0,1.288784359449E0,1.288784359449E0,1.661616002466E0),(
1.049239717713E0,8.138124184497E-1,8.138124184497E-1,1.049239717713E0),(
1.049239717713E0,8.138124184497E-1,8.138124184497E-1,1.049239717713E0),(
1.661616002466E0,1.288784359449E0,1.288784359449E0,1.661616002466E0)))REPRESENTATION_ITEM('')SURFACE());
#8011=ORIENTED_EDGE('',*,*,#8010,.F.);
#8012=ORIENTED_EDGE('',*,*,#7985,.F.);
#8013=ORIENTED_EDGE('',*,*,#4552,.T.);
#8014=ORIENTED_EDGE('',*,*,#6697,.F.);
#8015=EDGE_LOOP('',(#8011,#8012,#8013,#8014));
#8016=FACE_OUTER_BOUND('',#8015,.F.);
#8018=CARTESIAN_POINT('',(0.E0,-2.725000000001E0,0.E0));
#8019=DIRECTION('',(0.E0,0.E0,1.E0));
#8020=DIRECTION('',(1.E0,0.E0,0.E0));
#8021=AXIS2_PLACEMENT_3D('',#8018,#8019,#8020);
#8022=CYLINDRICAL_SURFACE('',#8021,4.E-1);
#8023=ORIENTED_EDGE('',*,*,#7987,.T.);
#8024=ORIENTED_EDGE('',*,*,#8010,.T.);
#8025=ORIENTED_EDGE('',*,*,#6713,.T.);
#8027=ORIENTED_EDGE('',*,*,#8026,.F.);
#8029=ORIENTED_EDGE('',*,*,#8028,.F.);
#8030=EDGE_LOOP('',(#8023,#8024,#8025,#8027,#8029));
#8031=FACE_OUTER_BOUND('',#8030,.F.);
#8033=CARTESIAN_POINT('',(2.2418748E1,-2.225E0,-6.35E0));
#8034=DIRECTION('',(-1.E0,0.E0,0.E0));
#8035=DIRECTION('',(0.E0,0.E0,-1.E0));
#8036=AXIS2_PLACEMENT_3D('',#8033,#8034,#8035);
#8037=CYLINDRICAL_SURFACE('',#8036,4.E-1);
#8039=ORIENTED_EDGE('',*,*,#8038,.F.);
#8041=ORIENTED_EDGE('',*,*,#8040,.T.);
#8042=ORIENTED_EDGE('',*,*,#8026,.T.);
#8043=ORIENTED_EDGE('',*,*,#6711,.T.);
#8045=ORIENTED_EDGE('',*,*,#8044,.T.);
#8046=ORIENTED_EDGE('',*,*,#6774,.F.);
#8047=EDGE_LOOP('',(#8039,#8041,#8042,#8043,#8045,#8046));
#8048=FACE_OUTER_BOUND('',#8047,.F.);
#8050=CARTESIAN_POINT('',(1.606913930501E0,-2.563064581294E0,
-6.344555541678E0));
#8051=CARTESIAN_POINT('',(1.616893085766E0,-2.603815333216E0,
-6.343929589585E0));
#8052=CARTESIAN_POINT('',(1.587227759666E0,-2.633480806478E0,
-6.343202359935E0));
#8053=CARTESIAN_POINT('',(1.546470809454E0,-2.623508002182E0,
-6.343073810798E0));
#8054=CARTESIAN_POINT('',(1.606899714288E0,-2.563097863406E0,
-6.346488877343E0));
#8055=CARTESIAN_POINT('',(1.616877155999E0,-2.603852641103E0,
-6.346095960272E0));
#8056=CARTESIAN_POINT('',(1.587210582476E0,-2.633521045023E0,
-6.345538373975E0));
#8057=CARTESIAN_POINT('',(1.546454051618E0,-2.623547255511E0,
-6.345352794905E0));
#8058=CARTESIAN_POINT('',(1.606744430950E0,-2.563279117089E0,
-6.367606654544E0));
#8059=CARTESIAN_POINT('',(1.616703155564E0,-2.604055874259E0,
-6.369759171553E0));
#8060=CARTESIAN_POINT('',(1.587022956487E0,-2.633740278657E0,
-6.371054594173E0));
#8061=CARTESIAN_POINT('',(1.546271006205E0,-2.623761110177E0,
-6.370246078966E0));
#8062=CARTESIAN_POINT('',(1.606449514176E0,-2.559856711520E0,
-6.407713898630E0));
#8063=CARTESIAN_POINT('',(1.616372691171E0,-2.600220794176E0,
-6.414700718470E0));
#8064=CARTESIAN_POINT('',(1.586666614366E0,-2.629604782404E0,
-6.419515386125E0));
#8065=CARTESIAN_POINT('',(1.545923363542E0,-2.619726606470E0,
-6.417523787079E0));
#8066=CARTESIAN_POINT('',(1.606039058693E0,-2.545337901085E0,-6.463533844E0));
#8067=CARTESIAN_POINT('',(1.615912761295E0,-2.583952016545E0,
-6.477248940293E0));
#8068=CARTESIAN_POINT('',(1.586170668435E0,-2.612062074781E0,
-6.486961615858E0));
#8069=CARTESIAN_POINT('',(1.545439525325E0,-2.602612162856E0,
-6.483323426721E0));
#8070=CARTESIAN_POINT('',(1.605651724780E0,-2.521546918620E0,
-6.516209368692E0));
#8071=CARTESIAN_POINT('',(1.615478739564E0,-2.557293342740E0,
-6.536273780674E0));
#8072=CARTESIAN_POINT('',(1.585702659203E0,-2.583315797270E0,
-6.550608590699E0));
#8073=CARTESIAN_POINT('',(1.544982941856E0,-2.574567686494E0,
-6.545416553356E0));
#8074=CARTESIAN_POINT('',(1.605297692044E0,-2.488911705978E0,
-6.564356095370E0));
#8075=CARTESIAN_POINT('',(1.615082032471E0,-2.520724359705E0,
-6.590224012059E0));
#8076=CARTESIAN_POINT('',(1.585274886302E0,-2.543883133077E0,
-6.608783620538E0));
#8077=CARTESIAN_POINT('',(1.544565612518E0,-2.536097721648E0,
-6.602171309606E0));
#8078=CARTESIAN_POINT('',(1.604990256678E0,-2.448614893125E0,
-6.606165806944E0));
#8079=CARTESIAN_POINT('',(1.614737538950E0,-2.475570189067E0,
-6.637073452059E0));
#8080=CARTESIAN_POINT('',(1.584903415421E0,-2.495192934006E0,
-6.659301849991E0));
#8081=CARTESIAN_POINT('',(1.544203210764E0,-2.488596248583E0,
-6.651456182055E0));
#8082=CARTESIAN_POINT('',(1.604735337349E0,-2.401344760668E0,
-6.640833593422E0));
#8083=CARTESIAN_POINT('',(1.614451891333E0,-2.422602056449E0,
-6.675920135946E0));
#8084=CARTESIAN_POINT('',(1.584595398421E0,-2.438076807463E0,
-6.701190661043E0));
#8085=CARTESIAN_POINT('',(1.543902713801E0,-2.432874575830E0,
-6.692322304590E0));
#8086=CARTESIAN_POINT('',(1.604539819149E0,-2.347584147550E0,
-6.667423115782E0));
#8087=CARTESIAN_POINT('',(1.614232804625E0,-2.362360988216E0,
-6.705714860532E0));
#8088=CARTESIAN_POINT('',(1.584359154460E0,-2.373118138722E0,
-6.733318688364E0));
#8089=CARTESIAN_POINT('',(1.543672237688E0,-2.369501848638E0,
-6.723665932777E0));
#8090=CARTESIAN_POINT('',(1.604414060694E0,-2.288049229330E0,
-6.684525652852E0));
#8091=CARTESIAN_POINT('',(1.614091887337E0,-2.295649481581E0,
-6.724878925031E0));
#8092=CARTESIAN_POINT('',(1.584207201941E0,-2.301182264887E0,
-6.753983490492E0));
#8093=CARTESIAN_POINT('',(1.543523994943E0,-2.299322278881E0,
-6.743826223734E0));
#8094=CARTESIAN_POINT('',(1.604383708266E0,-2.244236061184E0,
-6.688653435211E0));
#8095=CARTESIAN_POINT('',(1.614057874394E0,-2.246554879264E0,
-6.729504519507E0));
#8096=CARTESIAN_POINT('',(1.584170524240E0,-2.248242917706E0,
-6.758971479067E0));
#8097=CARTESIAN_POINT('',(1.543488213068E0,-2.247675440596E0,
-6.748692384304E0));
#8098=CARTESIAN_POINT('',(1.604385164876E0,-2.221132994529E0,
-6.688455343341E0));
#8099=CARTESIAN_POINT('',(1.614059507990E0,-2.220666845108E0,
-6.729282358394E0));
#8100=CARTESIAN_POINT('',(1.584172286678E0,-2.220327500617E0,
-6.758731796181E0));
#8101=CARTESIAN_POINT('',(1.543489932192E0,-2.220441579909E0,
-6.748458591808E0));
#8102=CARTESIAN_POINT('',(1.604385409474E0,-2.219200324276E0,
-6.688422079112E0));
#8103=CARTESIAN_POINT('',(1.614059782209E0,-2.218501200263E0,
-6.729245065975E0));
#8104=CARTESIAN_POINT('',(1.584172582459E0,-2.217992256410E0,
-6.758691571345E0));
#8105=CARTESIAN_POINT('',(1.543490220725E0,-2.218163350847E0,
-6.748419352778E0));
#8106=(BOUNDED_SURFACE()B_SPLINE_SURFACE(3,3,((#8050,#8051,#8052,#8053),(#8054,
#8055,#8056,#8057),(#8058,#8059,#8060,#8061),(#8062,#8063,#8064,#8065),(#8066,
#8067,#8068,#8069),(#8070,#8071,#8072,#8073),(#8074,#8075,#8076,#8077),(#8078,
#8079,#8080,#8081),(#8082,#8083,#8084,#8085),(#8086,#8087,#8088,#8089),(#8090,
#8091,#8092,#8093),(#8094,#8095,#8096,#8097),(#8098,#8099,#8100,#8101),(#8102,
#8103,#8104,#8105)),.UNSPECIFIED.,.F.,.F.,.F.)B_SPLINE_SURFACE_WITH_KNOTS((4,1,
1,1,1,1,1,1,1,1,1,4),(4,4),(-1.093642852096E-2,0.E0,1.084830386197E-1,
2.154776033828E-1,3.247437384500E-1,4.337602840329E-1,5.428492427559E-1,
6.515540861910E-1,7.637054222781E-1,8.802945529835E-1,1.E0,1.010932142861E0),(
0.E0,1.E0),.UNSPECIFIED.)GEOMETRIC_REPRESENTATION_ITEM()RATIONAL_B_SPLINE_SURFACE(((1.316872148614E0,8.943759504619E-1,8.943759504619E-1,1.316872148614E0),(
1.316872148614E0,8.943759504619E-1,8.943759504619E-1,1.316872148614E0),(
1.316872148614E0,8.943759504619E-1,8.943759504619E-1,1.316872148614E0),(
1.316872148614E0,8.943759504619E-1,8.943759504619E-1,1.316872148614E0),(
1.316872148614E0,8.943759504619E-1,8.943759504619E-1,1.316872148614E0),(
1.316872148614E0,8.943759504619E-1,8.943759504619E-1,1.316872148614E0),(
1.316872148614E0,8.943759504619E-1,8.943759504619E-1,1.316872148614E0),(
1.316872148614E0,8.943759504619E-1,8.943759504619E-1,1.316872148614E0),(
1.316872148614E0,8.943759504619E-1,8.943759504619E-1,1.316872148614E0),(
1.316872148614E0,8.943759504619E-1,8.943759504619E-1,1.316872148614E0),(
1.316872148614E0,8.943759504619E-1,8.943759504619E-1,1.316872148614E0),(
1.316872148614E0,8.943759504619E-1,8.943759504619E-1,1.316872148614E0),(
1.316872148614E0,8.943759504619E-1,8.943759504619E-1,1.316872148614E0),(
1.316872148614E0,8.943759504619E-1,8.943759504619E-1,1.316872148614E0)))REPRESENTATION_ITEM('')SURFACE());
#8107=ORIENTED_EDGE('',*,*,#6959,.F.);
#8109=ORIENTED_EDGE('',*,*,#8108,.T.);
#8110=ORIENTED_EDGE('',*,*,#8038,.T.);
#8111=ORIENTED_EDGE('',*,*,#6939,.F.);
#8112=EDGE_LOOP('',(#8107,#8109,#8110,#8111));
#8113=FACE_OUTER_BOUND('',#8112,.F.);
#8115=CARTESIAN_POINT('',(1.603652410654E0,-2.575E0,-1.830817562096E-1));
#8116=DIRECTION('',(-7.353005878252E-3,0.E0,-9.999729662869E-1));
#8117=DIRECTION('',(9.999729662869E-1,0.E0,-7.353005878252E-3));
#8118=AXIS2_PLACEMENT_3D('',#8115,#8116,#8117);
#8119=CYLINDRICAL_SURFACE('',#8118,5.E-2);
#8120=ORIENTED_EDGE('',*,*,#6957,.T.);
#8121=ORIENTED_EDGE('',*,*,#7948,.T.);
#8123=ORIENTED_EDGE('',*,*,#8122,.T.);
#8124=ORIENTED_EDGE('',*,*,#8108,.F.);
#8125=EDGE_LOOP('',(#8120,#8121,#8123,#8124));
#8126=FACE_OUTER_BOUND('',#8125,.F.);
#8128=CARTESIAN_POINT('',(3.872983346204E-1,-2.625E0,0.E0));
#8129=DIRECTION('',(0.E0,-1.E0,0.E0));
#8130=DIRECTION('',(1.E0,0.E0,0.E0));
#8131=AXIS2_PLACEMENT_3D('',#8128,#8129,#8130);
#8132=PLANE('',#8131);
#8133=ORIENTED_EDGE('',*,*,#8122,.F.);
#8134=ORIENTED_EDGE('',*,*,#7962,.T.);
#8135=ORIENTED_EDGE('',*,*,#8028,.T.);
#8136=ORIENTED_EDGE('',*,*,#8040,.F.);
#8137=EDGE_LOOP('',(#8133,#8134,#8135,#8136));
#8138=FACE_OUTER_BOUND('',#8137,.F.);
#8140=CARTESIAN_POINT('',(-1.546470809316E0,-2.623507994287E0,
-6.343073829640E0));
#8141=CARTESIAN_POINT('',(-1.587227759524E0,-2.633480798115E0,
-6.343202379213E0));
#8142=CARTESIAN_POINT('',(-1.616893085634E0,-2.603815326246E0,
-6.343929607567E0));
#8143=CARTESIAN_POINT('',(-1.606913930382E0,-2.563064576238E0,
-6.344555557879E0));
#8144=CARTESIAN_POINT('',(-1.546454051601E0,-2.623547254096E0,
-6.345352797243E0));
#8145=CARTESIAN_POINT('',(-1.587210582459E0,-2.633521043402E0,
-6.345538376350E0));
#8146=CARTESIAN_POINT('',(-1.616877155983E0,-2.603852640094E0,
-6.346095962538E0));
#8147=CARTESIAN_POINT('',(-1.606899714272E0,-2.563097863237E0,
-6.346488879461E0));
#8148=CARTESIAN_POINT('',(-1.546269046463E0,-2.623763425283E0,
-6.370512594303E0));
#8149=CARTESIAN_POINT('',(-1.587020947703E0,-2.633742652813E0,
-6.371327778969E0));
#8150=CARTESIAN_POINT('',(-1.616701292662E0,-2.604058072761E0,
-6.370012517129E0));
#8151=CARTESIAN_POINT('',(-1.606742768443E0,-2.563281074299E0,
-6.367832747457E0));
#8152=CARTESIAN_POINT('',(-1.545920004908E0,-2.619664476092E0,
-6.417980544898E0));
#8153=CARTESIAN_POINT('',(-1.586663171685E0,-2.629541096946E0,
-6.419983573894E0));
#8154=CARTESIAN_POINT('',(-1.616369498500E0,-2.600161734516E0,
-6.415134906286E0));
#8155=CARTESIAN_POINT('',(-1.606446664935E0,-2.559804006209E0,
-6.408101381522E0));
#8156=CARTESIAN_POINT('',(-1.545436291852E0,-2.602433707330E0,
-6.483763163262E0));
#8157=CARTESIAN_POINT('',(-1.586167354046E0,-2.611879153575E0,
-6.487412356564E0));
#8158=CARTESIAN_POINT('',(-1.615909687602E0,-2.583782379117E0,
-6.477666947604E0));
#8159=CARTESIAN_POINT('',(-1.606036315637E0,-2.545186511266E0,
-6.463906886228E0));
#8160=CARTESIAN_POINT('',(-1.544982573706E0,-2.574508340407E0,
-6.545466619929E0));
#8161=CARTESIAN_POINT('',(-1.585702281840E0,-2.583254966036E0,
-6.550659910204E0));
#8162=CARTESIAN_POINT('',(-1.615478389606E0,-2.557236929281E0,
-6.536321373161E0));
#8163=CARTESIAN_POINT('',(-1.605651412469E0,-2.521496573752E0,
-6.516251841464E0));
#8164=CARTESIAN_POINT('',(-1.544567972108E0,-2.536325461455E0,
-6.601850416864E0));
#8165=CARTESIAN_POINT('',(-1.585277304940E0,-2.544116572018E0,
-6.608454697521E0));
#8166=CARTESIAN_POINT('',(-1.615084275462E0,-2.520940845790E0,
-6.589918976195E0));
#8167=CARTESIAN_POINT('',(-1.605299693753E0,-2.489104904332E0,
-6.564083872718E0));
#8168=CARTESIAN_POINT('',(-1.544207526155E0,-2.489224859692E0,
-6.650869309874E0));
#8169=CARTESIAN_POINT('',(-1.584907838806E0,-2.495837276183E0,
-6.658700291245E0));
#8170=CARTESIAN_POINT('',(-1.614741641094E0,-2.476167737024E0,
-6.636515580513E0));
#8171=CARTESIAN_POINT('',(-1.604993917541E0,-2.449148160979E0,
-6.605667947464E0));
#8172=CARTESIAN_POINT('',(-1.543907552112E0,-2.433917069644E0,
-6.691664317886E0));
#8173=CARTESIAN_POINT('',(-1.584600357813E0,-2.439145390160E0,
-6.700516207874E0));
#8174=CARTESIAN_POINT('',(-1.614456490552E0,-2.423593034186E0,
-6.675294664533E0));
#8175=CARTESIAN_POINT('',(-1.604739441808E0,-2.402229134326E0,
-6.640275407076E0));
#8176=CARTESIAN_POINT('',(-1.543675577526E0,-2.370702345863E0,
-6.723211731162E0));
#8177=CARTESIAN_POINT('',(-1.584362577879E0,-2.374348679306E0,
-6.732853120102E0));
#8178=CARTESIAN_POINT('',(-1.614235979420E0,-2.363502160710E0,
-6.705283103917E0));
#8179=CARTESIAN_POINT('',(-1.604542652415E0,-2.348602557233E0,
-6.667037805419E0));
#8180=CARTESIAN_POINT('',(-1.543524794938E0,-2.300149022465E0,
-6.743717428314E0));
#8181=CARTESIAN_POINT('',(-1.584208021961E0,-2.302029698481E0,
-6.753871971716E0));
#8182=CARTESIAN_POINT('',(-1.614092647789E0,-2.296435369903E0,
-6.724775507251E0));
#8183=CARTESIAN_POINT('',(-1.604414739319E0,-2.288750574382E0,
-6.684433363216E0));
#8184=CARTESIAN_POINT('',(-1.543488192659E0,-2.247998808188E0,
-6.748695159829E0));
#8185=CARTESIAN_POINT('',(-1.584170503308E0,-2.248574378005E0,
-6.758974325724E0));
#8186=CARTESIAN_POINT('',(-1.614057855018E0,-2.246862266695E0,
-6.729507154573E0));
#8187=CARTESIAN_POINT('',(-1.604383691027E0,-2.244510380291E0,
-6.688655779619E0));
#8188=CARTESIAN_POINT('',(-1.543489932166E0,-2.220441613786E0,
-6.748458595366E0));
#8189=CARTESIAN_POINT('',(-1.584172286652E0,-2.220327535325E0,
-6.758731799603E0));
#8190=CARTESIAN_POINT('',(-1.614059507962E0,-2.220666877344E0,
-6.729282362221E0));
#8191=CARTESIAN_POINT('',(-1.604385164843E0,-2.221133023369E0,
-6.688455347722E0));
#8192=CARTESIAN_POINT('',(-1.543490220718E0,-2.218163413124E0,
-6.748419353743E0));
#8193=CARTESIAN_POINT('',(-1.584172582454E0,-2.217992320219E0,
-6.758691571979E0));
#8194=CARTESIAN_POINT('',(-1.614059782197E0,-2.218501259515E0,
-6.729245067592E0));
#8195=CARTESIAN_POINT('',(-1.604385409452E0,-2.219200377267E0,
-6.688422082080E0));
#8196=(BOUNDED_SURFACE()B_SPLINE_SURFACE(3,3,((#8140,#8141,#8142,#8143),(#8144,
#8145,#8146,#8147),(#8148,#8149,#8150,#8151),(#8152,#8153,#8154,#8155),(#8156,
#8157,#8158,#8159),(#8160,#8161,#8162,#8163),(#8164,#8165,#8166,#8167),(#8168,
#8169,#8170,#8171),(#8172,#8173,#8174,#8175),(#8176,#8177,#8178,#8179),(#8180,
#8181,#8182,#8183),(#8184,#8185,#8186,#8187),(#8188,#8189,#8190,#8191),(#8192,
#8193,#8194,#8195)),.UNSPECIFIED.,.F.,.F.,.F.)B_SPLINE_SURFACE_WITH_KNOTS((4,1,
1,1,1,1,1,1,1,1,1,4),(4,4),(-1.093641928154E-2,0.E0,1.097617864233E-1,
2.163746314658E-1,3.248212631856E-1,4.331340358693E-1,5.415320905331E-1,
6.494096256183E-1,7.613121041242E-1,8.787436978992E-1,1.E0,1.010932022596E0),(
0.E0,1.E0),.UNSPECIFIED.)GEOMETRIC_REPRESENTATION_ITEM()RATIONAL_B_SPLINE_SURFACE(((1.316872148614E0,8.943759504619E-1,8.943759504619E-1,1.316872148614E0),(
1.316872148614E0,8.943759504619E-1,8.943759504619E-1,1.316872148614E0),(
1.316872148614E0,8.943759504619E-1,8.943759504619E-1,1.316872148614E0),(
1.316872148614E0,8.943759504619E-1,8.943759504619E-1,1.316872148614E0),(
1.316872148614E0,8.943759504619E-1,8.943759504619E-1,1.316872148614E0),(
1.316872148614E0,8.943759504619E-1,8.943759504619E-1,1.316872148614E0),(
1.316872148614E0,8.943759504619E-1,8.943759504619E-1,1.316872148614E0),(
1.316872148614E0,8.943759504619E-1,8.943759504619E-1,1.316872148614E0),(
1.316872148614E0,8.943759504619E-1,8.943759504619E-1,1.316872148614E0),(
1.316872148614E0,8.943759504619E-1,8.943759504619E-1,1.316872148614E0),(
1.316872148614E0,8.943759504619E-1,8.943759504619E-1,1.316872148614E0),(
1.316872148614E0,8.943759504619E-1,8.943759504619E-1,1.316872148614E0),(
1.316872148614E0,8.943759504619E-1,8.943759504619E-1,1.316872148614E0),(
1.316872148614E0,8.943759504619E-1,8.943759504619E-1,1.316872148614E0)))REPRESENTATION_ITEM('')SURFACE());
#8197=ORIENTED_EDGE('',*,*,#8044,.F.);
#8198=ORIENTED_EDGE('',*,*,#6728,.T.);
#8199=ORIENTED_EDGE('',*,*,#6740,.T.);
#8200=ORIENTED_EDGE('',*,*,#6759,.F.);
#8201=EDGE_LOOP('',(#8197,#8198,#8199,#8200));
#8202=FACE_OUTER_BOUND('',#8201,.F.);
#8204=CARTESIAN_POINT('',(8.995E-1,1.8245E0,0.E0));
#8205=DIRECTION('',(0.E0,0.E0,1.E0));
#8206=DIRECTION('',(1.E0,0.E0,0.E0));
#8207=AXIS2_PLACEMENT_3D('',#8204,#8205,#8206);
#8208=CYLINDRICAL_SURFACE('',#8207,1.995E-1);
#8209=ORIENTED_EDGE('',*,*,#7016,.F.);
#8211=ORIENTED_EDGE('',*,*,#8210,.F.);
#8212=ORIENTED_EDGE('',*,*,#7796,.T.);
#8213=ORIENTED_EDGE('',*,*,#6986,.T.);
#8214=EDGE_LOOP('',(#8209,#8211,#8212,#8213));
#8215=FACE_OUTER_BOUND('',#8214,.F.);
#8217=CARTESIAN_POINT('',(7.E-1,1.8245E0,0.E0));
#8218=DIRECTION('',(1.E0,0.E0,0.E0));
#8219=DIRECTION('',(0.E0,1.E0,0.E0));
#8220=AXIS2_PLACEMENT_3D('',#8217,#8218,#8219);
#8221=PLANE('',#8220);
#8222=ORIENTED_EDGE('',*,*,#7030,.F.);
#8224=ORIENTED_EDGE('',*,*,#8223,.F.);
#8225=ORIENTED_EDGE('',*,*,#7770,.T.);
#8226=ORIENTED_EDGE('',*,*,#8210,.T.);
#8227=EDGE_LOOP('',(#8222,#8224,#8225,#8226));
#8228=FACE_OUTER_BOUND('',#8227,.F.);
#8230=CARTESIAN_POINT('',(8.995E-1,2.125500626567E0,0.E0));
#8231=DIRECTION('',(0.E0,0.E0,1.E0));
#8232=DIRECTION('',(1.E0,0.E0,0.E0));
#8233=AXIS2_PLACEMENT_3D('',#8230,#8231,#8232);
#8234=CYLINDRICAL_SURFACE('',#8233,1.995E-1);
#8235=ORIENTED_EDGE('',*,*,#7043,.F.);
#8236=ORIENTED_EDGE('',*,*,#7061,.F.);
#8237=ORIENTED_EDGE('',*,*,#7756,.T.);
#8238=ORIENTED_EDGE('',*,*,#8223,.T.);
#8239=EDGE_LOOP('',(#8235,#8236,#8237,#8238));
#8240=FACE_OUTER_BOUND('',#8239,.F.);
#8242=CARTESIAN_POINT('',(-1.291633650601E0,2.375E0,-1.84352E-1));
#8243=DIRECTION('',(0.E0,0.E0,-1.E0));
#8244=DIRECTION('',(0.E0,-1.E0,0.E0));
#8245=AXIS2_PLACEMENT_3D('',#8242,#8243,#8244);
#8246=CYLINDRICAL_SURFACE('',#8245,5.E-2);
#8247=ORIENTED_EDGE('',*,*,#7447,.F.);
#8248=ORIENTED_EDGE('',*,*,#7523,.T.);
#8249=ORIENTED_EDGE('',*,*,#7131,.T.);
#8250=ORIENTED_EDGE('',*,*,#7149,.F.);
#8251=EDGE_LOOP('',(#8247,#8248,#8249,#8250));
#8252=FACE_OUTER_BOUND('',#8251,.F.);
#8254=CARTESIAN_POINT('',(-1.555732177038E0,1.575E0,-6.7E0));
#8255=DIRECTION('',(-7.097016999692E-1,0.E0,7.045023045107E-1));
#8256=DIRECTION('',(-7.045023045107E-1,0.E0,-7.097016999692E-1));
#8257=AXIS2_PLACEMENT_3D('',#8254,#8255,#8256);
#8258=SPHERICAL_SURFACE('',#8257,5.E-2);
#8259=ORIENTED_EDGE('',*,*,#7205,.F.);
#8260=ORIENTED_EDGE('',*,*,#6762,.F.);
#8261=ORIENTED_EDGE('',*,*,#7234,.F.);
#8262=EDGE_LOOP('',(#8259,#8260,#8261));
#8263=FACE_OUTER_BOUND('',#8262,.F.);
#8265=CARTESIAN_POINT('',(1.555732177038E0,1.575E0,-6.7E0));
#8266=DIRECTION('',(7.070876654647E-1,-7.071067811865E-1,-5.199360318618E-3));
#8267=DIRECTION('',(7.070876654647E-1,7.071067811865E-1,-5.199360318618E-3));
#8268=AXIS2_PLACEMENT_3D('',#8265,#8266,#8267);
#8269=SPHERICAL_SURFACE('',#8268,5.E-2);
#8270=ORIENTED_EDGE('',*,*,#6974,.F.);
#8271=ORIENTED_EDGE('',*,*,#6942,.F.);
#8272=ORIENTED_EDGE('',*,*,#7003,.F.);
#8273=EDGE_LOOP('',(#8270,#8271,#8272));
#8274=FACE_OUTER_BOUND('',#8273,.F.);
#8276=CARTESIAN_POINT('',(1.956465234044E0,-1.28261E1,-2.E-1));
#8277=DIRECTION('',(0.E0,1.E0,0.E0));
#8278=DIRECTION('',(0.E0,0.E0,1.E0));
#8279=AXIS2_PLACEMENT_3D('',#8276,#8277,#8278);
#8280=CYLINDRICAL_SURFACE('',#8279,2.E-1);
#8282=ORIENTED_EDGE('',*,*,#8281,.F.);
#8283=ORIENTED_EDGE('',*,*,#4584,.T.);
#8285=ORIENTED_EDGE('',*,*,#8284,.T.);
#8287=ORIENTED_EDGE('',*,*,#8286,.F.);
#8288=EDGE_LOOP('',(#8282,#8283,#8285,#8287));
#8289=FACE_OUTER_BOUND('',#8288,.F.);
#8291=CARTESIAN_POINT('',(1.960031872870E0,-2.837301087847E0,
1.235163278942E-3));
#8292=CARTESIAN_POINT('',(1.931210297987E0,-2.808297258882E0,
-8.179391164943E-3));
#8293=CARTESIAN_POINT('',(1.910228330333E0,-2.787897380260E0,
2.188934111686E-2));
#8294=CARTESIAN_POINT('',(1.917280183508E0,-2.795735430695E0,
6.250153844630E-2));
#8295=CARTESIAN_POINT('',(1.961644777397E0,-2.836002531548E0,
1.313538026544E-3));
#8296=CARTESIAN_POINT('',(1.932825264352E0,-2.807057936657E0,
-8.288157565753E-3));
#8297=CARTESIAN_POINT('',(1.911844797706E0,-2.786462839665E0,
2.164876358878E-2));
#8298=CARTESIAN_POINT('',(1.918896146405E0,-2.794039108313E0,
6.231134217804E-2));
#8299=CARTESIAN_POINT('',(1.980472812441E0,-2.820837882219E0,
2.084677611091E-3));
#8300=CARTESIAN_POINT('',(1.951665586162E0,-2.792615083393E0,
-9.694618108959E-3));
#8301=CARTESIAN_POINT('',(1.930694064223E0,-2.769763720738E0,
1.868233202163E-2));
#8302=CARTESIAN_POINT('',(1.937742406686E0,-2.774277217658E0,
5.990397163760E-2));
#8303=CARTESIAN_POINT('',(2.014816846735E0,-2.793036398497E0,
4.082684613084E-4));
#8304=CARTESIAN_POINT('',(1.985805470078E0,-2.766789480391E0,
-1.518395876015E-2));
#8305=CARTESIAN_POINT('',(1.964685327647E0,-2.740312183640E0,
9.898504564961E-3));
#8306=CARTESIAN_POINT('',(1.971783620139E0,-2.739087732453E0,
5.151489955556E-2));
#8307=CARTESIAN_POINT('',(2.061132635772E0,-2.755199843018E0,
-9.608864737634E-3));
#8308=CARTESIAN_POINT('',(2.031289192930E0,-2.733239023426E0,
-2.960661874950E-2));
#8309=CARTESIAN_POINT('',(2.009563310325E0,-2.703076251587E0,
-9.833715620160E-3));
#8310=CARTESIAN_POINT('',(2.016865186715E0,-2.693741858083E0,
3.067930205026E-2));
#8311=CARTESIAN_POINT('',(2.101763730409E0,-2.721715695052E0,
-2.562635281344E-2));
#8312=CARTESIAN_POINT('',(2.070637706544E0,-2.704953510973E0,
-4.849245794207E-2));
#8313=CARTESIAN_POINT('',(2.047978111134E0,-2.672628714361E0,
-3.394283708494E-2));
#8314=CARTESIAN_POINT('',(2.055593800113E0,-2.655852488786E0,
4.019144762635E-3));
#8315=CARTESIAN_POINT('',(2.136622760296E0,-2.692738686960E0,
-4.656129192371E-2));
#8316=CARTESIAN_POINT('',(2.103828259738E0,-2.681743697452E0,
-7.057642084163E-2));
#8317=CARTESIAN_POINT('',(2.079954021334E0,-2.648540034331E0,
-6.081987832406E-2));
#8318=CARTESIAN_POINT('',(2.087977941048E0,-2.625084751215E0,
-2.668190397295E-2));
#8319=CARTESIAN_POINT('',(2.165421399262E0,-2.668592702696E0,
-7.139504323141E-2));
#8320=CARTESIAN_POINT('',(2.130672965747E0,-2.663528219019E0,
-9.465535491334E-2));
#8321=CARTESIAN_POINT('',(2.105376273565E0,-2.630472092692E0,
-8.892786749876E-2));
#8322=CARTESIAN_POINT('',(2.113878267374E0,-2.601239379713E0,
-5.972503368729E-2));
#8323=CARTESIAN_POINT('',(2.188287573320E0,-2.649260526019E0,
-9.951664277567E-2));
#8324=CARTESIAN_POINT('',(2.151446537228E0,-2.649884000478E0,
-1.199733236993E-1));
#8325=CARTESIAN_POINT('',(2.124626440451E0,-2.617681130688E0,
-1.172838143175E-1));
#8326=CARTESIAN_POINT('',(2.133640437028E0,-2.583645751059E0,
-9.403664816669E-2));
#8327=CARTESIAN_POINT('',(2.205249882675E0,-2.634808830705E0,
-1.306214840109E-1));
#8328=CARTESIAN_POINT('',(2.166410956855E0,-2.640385892976E0,
-1.461213206405E-1));
#8329=CARTESIAN_POINT('',(2.138136405983E0,-2.609369676258E0,
-1.453403837746E-1));
#8330=CARTESIAN_POINT('',(2.147639231677E0,-2.571611913991E0,
-1.290302905225E-1));
#8331=CARTESIAN_POINT('',(2.215752517043E0,-2.625802641540E0,
-1.639865516624E-1));
#8332=CARTESIAN_POINT('',(2.175410316357E0,-2.634857350318E0,
-1.725295629846E-1));
#8333=CARTESIAN_POINT('',(2.146041388625E0,-2.604886197561E0,
-1.725131651204E-1));
#8334=CARTESIAN_POINT('',(2.155912024673E0,-2.564735088980E0,
-1.639531402870E-1));
#8335=CARTESIAN_POINT('',(2.218460614368E0,-2.623472832299E0,
-1.893025411063E-1));
#8336=CARTESIAN_POINT('',(2.177686547551E0,-2.633485341501E0,
-1.918476724342E-1));
#8337=CARTESIAN_POINT('',(2.148003223356E0,-2.603830038334E0,
-1.918486758719E-1));
#8338=CARTESIAN_POINT('',(2.157979525265E0,-2.563048837282E0,
-1.893045856553E-1));
#8339=CARTESIAN_POINT('',(2.218344442290E0,-2.623572216338E0,
-2.025010304986E-1));
#8340=CARTESIAN_POINT('',(2.177590721465E0,-2.633544113639E0,
-2.019061639712E-1));
#8341=CARTESIAN_POINT('',(2.147922209055E0,-2.603875529172E0,
-2.019060676380E-1));
#8342=CARTESIAN_POINT('',(2.157893532855E0,-2.563121160086E0,
-2.025008342154E-1));
#8343=CARTESIAN_POINT('',(2.218289423438E0,-2.623619046017E0,
-2.045329251558E-1));
#8344=CARTESIAN_POINT('',(2.177545539202E0,-2.633572367607E0,
-2.034552480787E-1));
#8345=CARTESIAN_POINT('',(2.147884187781E0,-2.603897963517E0,
-2.034554432404E-1));
#8346=CARTESIAN_POINT('',(2.157853104836E0,-2.563156132024E0,
-2.045333228064E-1));
#8347=(BOUNDED_SURFACE()B_SPLINE_SURFACE(3,3,((#8291,#8292,#8293,#8294),(#8295,
#8296,#8297,#8298),(#8299,#8300,#8301,#8302),(#8303,#8304,#8305,#8306),(#8307,
#8308,#8309,#8310),(#8311,#8312,#8313,#8314),(#8315,#8316,#8317,#8318),(#8319,
#8320,#8321,#8322),(#8323,#8324,#8325,#8326),(#8327,#8328,#8329,#8330),(#8331,
#8332,#8333,#8334),(#8335,#8336,#8337,#8338),(#8339,#8340,#8341,#8342),(#8343,
#8344,#8345,#8346)),.UNSPECIFIED.,.F.,.F.,.F.)B_SPLINE_SURFACE_WITH_KNOTS((4,1,
1,1,1,1,1,1,1,1,1,4),(4,4),(-1.473363698027E-2,0.E0,1.572847930462E-1,
2.998275962501E-1,4.295266512559E-1,5.466750471004E-1,6.525810328821E-1,
7.472663053062E-1,8.359112769653E-1,9.212189458610E-1,1.E0,1.014357735917E0),(
0.E0,1.E0),.UNSPECIFIED.)GEOMETRIC_REPRESENTATION_ITEM()RATIONAL_B_SPLINE_SURFACE(((1.316853206683E0,8.943822644388E-1,8.943822644388E-1,1.316853206683E0),(
1.316853206683E0,8.943822644388E-1,8.943822644388E-1,1.316853206683E0),(
1.316853206683E0,8.943822644388E-1,8.943822644388E-1,1.316853206683E0),(
1.316853206683E0,8.943822644388E-1,8.943822644388E-1,1.316853206683E0),(
1.316853206683E0,8.943822644388E-1,8.943822644388E-1,1.316853206683E0),(
1.316853206683E0,8.943822644388E-1,8.943822644388E-1,1.316853206683E0),(
1.316853206683E0,8.943822644388E-1,8.943822644388E-1,1.316853206683E0),(
1.316853206683E0,8.943822644388E-1,8.943822644388E-1,1.316853206683E0),(
1.316853206683E0,8.943822644388E-1,8.943822644388E-1,1.316853206683E0),(
1.316853206683E0,8.943822644388E-1,8.943822644388E-1,1.316853206683E0),(
1.316853206683E0,8.943822644388E-1,8.943822644388E-1,1.316853206683E0),(
1.316853206683E0,8.943822644388E-1,8.943822644388E-1,1.316853206683E0),(
1.316853206683E0,8.943822644388E-1,8.943822644388E-1,1.316853206683E0),(
1.316853206683E0,8.943822644388E-1,8.943822644388E-1,1.316853206683E0)))REPRESENTATION_ITEM('')SURFACE());
#8348=ORIENTED_EDGE('',*,*,#8281,.T.);
#8350=ORIENTED_EDGE('',*,*,#8349,.F.);
#8352=ORIENTED_EDGE('',*,*,#8351,.F.);
#8353=EDGE_LOOP('',(#8348,#8350,#8352));
#8354=FACE_OUTER_BOUND('',#8353,.F.);
#8356=CARTESIAN_POINT('',(2.218343481565E0,-2.623573105574E0,
-1.984018478741E-1));
#8357=CARTESIAN_POINT('',(2.177587789688E0,-2.633544860308E0,
-1.987763237281E-1));
#8358=CARTESIAN_POINT('',(2.147918720269E0,-2.603874187150E0,
-1.987719482365E-1));
#8359=CARTESIAN_POINT('',(2.157892733505E0,-2.563119089895E0,
-1.983929328072E-1));
#8360=CARTESIAN_POINT('',(2.218343571677E0,-2.623573027231E0,
-1.984117219896E-1));
#8361=CARTESIAN_POINT('',(2.177587879801E0,-2.633544800322E0,
-1.987857091284E-1));
#8362=CARTESIAN_POINT('',(2.147918810383E0,-2.603874126948E0,
-1.987827882031E-1));
#8363=CARTESIAN_POINT('',(2.157892823619E0,-2.563119011114E0,
-1.984057706024E-1));
#8364=CARTESIAN_POINT('',(2.218345163652E0,-2.623571656016E0,
-1.985861631544E-1));
#8365=CARTESIAN_POINT('',(2.177589471791E0,-2.633543752764E0,
-1.989515163633E-1));
#8366=CARTESIAN_POINT('',(2.147920402382E0,-2.603873077480E0,
-1.989742925184E-1));
#8367=CARTESIAN_POINT('',(2.157894415615E0,-2.563117636006E0,
-1.986325695852E-1));
#8368=CARTESIAN_POINT('',(2.218348257518E0,-2.623569431587E0,
-1.989251747325E-1));
#8369=CARTESIAN_POINT('',(2.177592565679E0,-2.633542135543E0,
-1.992737473409E-1));
#8370=CARTESIAN_POINT('',(2.147923496288E0,-2.603871521428E0,
-1.993464625776E-1));
#8371=CARTESIAN_POINT('',(2.157897509514E0,-2.563115536208E0,
-1.990733320742E-1));
#8372=CARTESIAN_POINT('',(2.218352763205E0,-2.623567402217E0,
-1.994188878079E-1));
#8373=CARTESIAN_POINT('',(2.177597071386E0,-2.633540930571E0,
-1.997430187588E-1));
#8374=CARTESIAN_POINT('',(2.147928002009E0,-2.603870583802E0,
-1.998884590532E-1));
#8375=CARTESIAN_POINT('',(2.157902015231E0,-2.563114051557E0,
-1.997152225014E-1));
#8376=CARTESIAN_POINT('',(2.218355857132E0,-2.623566839656E0,
-1.997579068789E-1));
#8377=CARTESIAN_POINT('',(2.177600165317E0,-2.633540892963E0,
-2.000652519850E-1));
#8378=CARTESIAN_POINT('',(2.147931095943E0,-2.603870852174E0,
-2.002606286527E-1));
#8379=CARTESIAN_POINT('',(2.157905109164E0,-2.563114112428E0,
-2.001559869651E-1));
#8380=CARTESIAN_POINT('',(2.218357449154E0,-2.623566776796E0,
-1.999323539303E-1));
#8381=CARTESIAN_POINT('',(2.177601757340E0,-2.633541089005E0,
-2.002310609784E-1));
#8382=CARTESIAN_POINT('',(2.147932687966E0,-2.603871239040E0,
-2.004521325924E-1));
#8383=CARTESIAN_POINT('',(2.157906701186E0,-2.563114438374E0,
-2.003827874863E-1));
#8384=CARTESIAN_POINT('',(2.218357539269E0,-2.623566773964E0,
-1.999422283304E-1));
#8385=CARTESIAN_POINT('',(2.177601847454E0,-2.633541100791E0,
-2.002404464278E-1));
#8386=CARTESIAN_POINT('',(2.147932778080E0,-2.603871261735E0,
-2.004629724767E-1));
#8387=CARTESIAN_POINT('',(2.157906791301E0,-2.563114457768E0,
-2.003956252986E-1));
#8388=(BOUNDED_SURFACE()B_SPLINE_SURFACE(3,3,((#8356,#8357,#8358,#8359),(#8360,
#8361,#8362,#8363),(#8364,#8365,#8366,#8367),(#8368,#8369,#8370,#8371),(#8372,
#8373,#8374,#8375),(#8376,#8377,#8378,#8379),(#8380,#8381,#8382,#8383),(#8384,
#8385,#8386,#8387)),.UNSPECIFIED.,.F.,.F.,.F.)B_SPLINE_SURFACE_WITH_KNOTS((4,1,
1,1,1,4),(4,4),(-2.000021625541E-2,0.E0,3.333335861867E-1,6.666664138685E-1,
1.E0,1.020000097628E0),(0.E0,1.E0),.UNSPECIFIED.)GEOMETRIC_REPRESENTATION_ITEM()RATIONAL_B_SPLINE_SURFACE(((1.316872148614E0,8.943759504619E-1,8.943759504619E-1,
1.316872148614E0),(1.316872148614E0,8.943759504619E-1,8.943759504619E-1,
1.316872148614E0),(1.316872148614E0,8.943759504619E-1,8.943759504619E-1,
1.316872148614E0),(1.316872148614E0,8.943759504619E-1,8.943759504619E-1,
1.316872148614E0),(1.316872148614E0,8.943759504619E-1,8.943759504619E-1,
1.316872148614E0),(1.316872148614E0,8.943759504619E-1,8.943759504619E-1,
1.316872148614E0),(1.316872148614E0,8.943759504619E-1,8.943759504619E-1,
1.316872148614E0),(1.316872148614E0,8.943759504619E-1,8.943759504619E-1,
1.316872148614E0)))REPRESENTATION_ITEM('')SURFACE());
#8390=ORIENTED_EDGE('',*,*,#8389,.F.);
#8391=ORIENTED_EDGE('',*,*,#8349,.T.);
#8393=ORIENTED_EDGE('',*,*,#8392,.T.);
#8395=ORIENTED_EDGE('',*,*,#8394,.F.);
#8396=EDGE_LOOP('',(#8390,#8391,#8393,#8395));
#8397=FACE_OUTER_BOUND('',#8396,.F.);
#8399=CARTESIAN_POINT('',(2.2418748E1,-2.825E0,-2.E-1));
#8400=DIRECTION('',(-1.E0,0.E0,0.E0));
#8401=DIRECTION('',(0.E0,0.E0,1.E0));
#8402=AXIS2_PLACEMENT_3D('',#8399,#8400,#8401);
#8403=CYLINDRICAL_SURFACE('',#8402,2.E-1);
#8404=ORIENTED_EDGE('',*,*,#8389,.T.);
#8406=ORIENTED_EDGE('',*,*,#8405,.F.);
#8408=ORIENTED_EDGE('',*,*,#8407,.T.);
#8409=ORIENTED_EDGE('',*,*,#4586,.T.);
#8410=ORIENTED_EDGE('',*,*,#8351,.T.);
#8411=EDGE_LOOP('',(#8404,#8406,#8408,#8409,#8410));
#8412=FACE_OUTER_BOUND('',#8411,.F.);
#8414=CARTESIAN_POINT('',(2.155E0,-2.625E0,0.E0));
#8415=DIRECTION('',(0.E0,-1.E0,0.E0));
#8416=DIRECTION('',(1.E0,0.E0,0.E0));
#8417=AXIS2_PLACEMENT_3D('',#8414,#8415,#8416);
#8418=PLANE('',#8417);
#8420=ORIENTED_EDGE('',*,*,#8419,.T.);
#8422=ORIENTED_EDGE('',*,*,#8421,.F.);
#8424=ORIENTED_EDGE('',*,*,#8423,.F.);
#8425=ORIENTED_EDGE('',*,*,#8405,.T.);
#8426=EDGE_LOOP('',(#8420,#8422,#8424,#8425));
#8427=FACE_OUTER_BOUND('',#8426,.F.);
#8429=CARTESIAN_POINT('',(2.206360162986E0,-2.575E0,-1.847917099820E-1));
#8430=DIRECTION('',(7.353005878252E-3,0.E0,-9.999729662869E-1));
#8431=DIRECTION('',(0.E0,-1.E0,0.E0));
#8432=AXIS2_PLACEMENT_3D('',#8429,#8430,#8431);
#8433=CYLINDRICAL_SURFACE('',#8432,5.E-2);
#8434=ORIENTED_EDGE('',*,*,#8419,.F.);
#8435=ORIENTED_EDGE('',*,*,#8394,.T.);
#8437=ORIENTED_EDGE('',*,*,#8436,.T.);
#8439=ORIENTED_EDGE('',*,*,#8438,.F.);
#8440=EDGE_LOOP('',(#8434,#8435,#8437,#8439));
#8441=FACE_OUTER_BOUND('',#8440,.F.);
#8443=CARTESIAN_POINT('',(2.155E0,2.745004800192E0,0.E0));
#8444=DIRECTION('',(-9.999729662869E-1,0.E0,-7.353005878252E-3));
#8445=DIRECTION('',(0.E0,1.E0,0.E0));
#8446=AXIS2_PLACEMENT_3D('',#8443,#8444,#8445);
#8447=PLANE('',#8446);
#8449=ORIENTED_EDGE('',*,*,#8448,.F.);
#8451=ORIENTED_EDGE('',*,*,#8450,.F.);
#8452=ORIENTED_EDGE('',*,*,#8436,.F.);
#8453=ORIENTED_EDGE('',*,*,#8392,.F.);
#8454=ORIENTED_EDGE('',*,*,#8286,.T.);
#8456=ORIENTED_EDGE('',*,*,#8455,.T.);
#8458=ORIENTED_EDGE('',*,*,#8457,.T.);
#8459=EDGE_LOOP('',(#8449,#8451,#8452,#8453,#8454,#8456,#8458));
#8460=FACE_OUTER_BOUND('',#8459,.F.);
#8462=CARTESIAN_POINT('',(2.254267822962E0,-2.2400804E0,-6.7E0));
#8463=DIRECTION('',(0.E0,1.E0,0.E0));
#8464=DIRECTION('',(0.E0,0.E0,-1.E0));
#8465=AXIS2_PLACEMENT_3D('',#8462,#8463,#8464);
#8466=CYLINDRICAL_SURFACE('',#8465,5.E-2);
#8468=ORIENTED_EDGE('',*,*,#8467,.F.);
#8470=ORIENTED_EDGE('',*,*,#8469,.T.);
#8471=ORIENTED_EDGE('',*,*,#8448,.T.);
#8473=ORIENTED_EDGE('',*,*,#8472,.T.);
#8474=EDGE_LOOP('',(#8468,#8470,#8471,#8473));
#8475=FACE_OUTER_BOUND('',#8474,.F.);
#8477=CARTESIAN_POINT('',(1.405E0,0.E0,-6.75E0));
#8478=DIRECTION('',(0.E0,0.E0,1.E0));
#8479=DIRECTION('',(1.E0,0.E0,0.E0));
#8480=AXIS2_PLACEMENT_3D('',#8477,#8478,#8479);
#8481=PLANE('',#8480);
#8483=ORIENTED_EDGE('',*,*,#8482,.F.);
#8485=ORIENTED_EDGE('',*,*,#8484,.T.);
#8486=ORIENTED_EDGE('',*,*,#8467,.T.);
#8488=ORIENTED_EDGE('',*,*,#8487,.T.);
#8490=ORIENTED_EDGE('',*,*,#8489,.T.);
#8492=ORIENTED_EDGE('',*,*,#8491,.T.);
#8494=ORIENTED_EDGE('',*,*,#8493,.T.);
#8496=ORIENTED_EDGE('',*,*,#8495,.T.);
#8498=ORIENTED_EDGE('',*,*,#8497,.F.);
#8500=ORIENTED_EDGE('',*,*,#8499,.F.);
#8502=ORIENTED_EDGE('',*,*,#8501,.F.);
#8504=ORIENTED_EDGE('',*,*,#8503,.F.);
#8506=ORIENTED_EDGE('',*,*,#8505,.F.);
#8508=ORIENTED_EDGE('',*,*,#8507,.F.);
#8510=ORIENTED_EDGE('',*,*,#8509,.T.);
#8512=ORIENTED_EDGE('',*,*,#8511,.T.);
#8514=ORIENTED_EDGE('',*,*,#8513,.T.);
#8516=ORIENTED_EDGE('',*,*,#8515,.T.);
#8517=EDGE_LOOP('',(#8483,#8485,#8486,#8488,#8490,#8492,#8494,#8496,#8498,#8500,
#8502,#8504,#8506,#8508,#8510,#8512,#8514,#8516));
#8518=FACE_OUTER_BOUND('',#8517,.F.);
#8520=ORIENTED_EDGE('',*,*,#8519,.T.);
#8522=ORIENTED_EDGE('',*,*,#8521,.T.);
#8523=EDGE_LOOP('',(#8520,#8522));
#8524=FACE_BOUND('',#8523,.F.);
#8526=CARTESIAN_POINT('',(3.81E0,-3.75E-1,-6.274999999992E0));
#8527=DIRECTION('',(0.E0,0.E0,-1.E0));
#8528=DIRECTION('',(0.E0,-1.E0,0.E0));
#8529=AXIS2_PLACEMENT_3D('',#8526,#8527,#8528);
#8530=CONICAL_SURFACE('',#8529,9.950011644067E-1,1.130993247402E1);
#8532=ORIENTED_EDGE('',*,*,#8531,.T.);
#8534=ORIENTED_EDGE('',*,*,#8533,.T.);
#8535=ORIENTED_EDGE('',*,*,#8519,.F.);
#8537=ORIENTED_EDGE('',*,*,#8536,.F.);
#8538=EDGE_LOOP('',(#8532,#8534,#8535,#8537));
#8539=FACE_OUTER_BOUND('',#8538,.F.);
#8541=CARTESIAN_POINT('',(1.405E0,0.E0,-5.8E0));
#8542=DIRECTION('',(0.E0,0.E0,1.E0));
#8543=DIRECTION('',(1.E0,0.E0,0.E0));
#8544=AXIS2_PLACEMENT_3D('',#8541,#8542,#8543);
#8545=PLANE('',#8544);
#8546=ORIENTED_EDGE('',*,*,#8531,.F.);
#8548=ORIENTED_EDGE('',*,*,#8547,.F.);
#8549=EDGE_LOOP('',(#8546,#8548));
#8550=FACE_OUTER_BOUND('',#8549,.F.);
#8552=ORIENTED_EDGE('',*,*,#8551,.T.);
#8554=ORIENTED_EDGE('',*,*,#8553,.T.);
#8556=ORIENTED_EDGE('',*,*,#8555,.T.);
#8558=ORIENTED_EDGE('',*,*,#8557,.T.);
#8559=EDGE_LOOP('',(#8552,#8554,#8556,#8558));
#8560=FACE_BOUND('',#8559,.F.);
#8562=CARTESIAN_POINT('',(3.81E0,-3.75E-1,-6.274999999992E0));
#8563=DIRECTION('',(0.E0,0.E0,-1.E0));
#8564=DIRECTION('',(0.E0,-1.E0,0.E0));
#8565=AXIS2_PLACEMENT_3D('',#8562,#8563,#8564);
#8566=CONICAL_SURFACE('',#8565,9.950011644067E-1,1.130993247402E1);
#8567=ORIENTED_EDGE('',*,*,#8547,.T.);
#8568=ORIENTED_EDGE('',*,*,#8536,.T.);
#8569=ORIENTED_EDGE('',*,*,#8521,.F.);
#8570=ORIENTED_EDGE('',*,*,#8533,.F.);
#8571=EDGE_LOOP('',(#8567,#8568,#8569,#8570));
#8572=FACE_OUTER_BOUND('',#8571,.F.);
#8574=CARTESIAN_POINT('',(3.41E0,-7.75E-1,-5.8E0));
#8575=DIRECTION('',(0.E0,-1.E0,0.E0));
#8576=DIRECTION('',(1.E0,0.E0,0.E0));
#8577=AXIS2_PLACEMENT_3D('',#8574,#8575,#8576);
#8578=PLANE('',#8577);
#8580=ORIENTED_EDGE('',*,*,#8579,.F.);
#8581=ORIENTED_EDGE('',*,*,#8551,.F.);
#8583=ORIENTED_EDGE('',*,*,#8582,.T.);
#8585=ORIENTED_EDGE('',*,*,#8584,.T.);
#8586=EDGE_LOOP('',(#8580,#8581,#8583,#8585));
#8587=FACE_OUTER_BOUND('',#8586,.F.);
#8589=CARTESIAN_POINT('',(4.21E0,-7.75E-1,-5.8E0));
#8590=DIRECTION('',(1.E0,0.E0,0.E0));
#8591=DIRECTION('',(0.E0,1.E0,0.E0));
#8592=AXIS2_PLACEMENT_3D('',#8589,#8590,#8591);
#8593=PLANE('',#8592);
#8594=ORIENTED_EDGE('',*,*,#8579,.T.);
#8596=ORIENTED_EDGE('',*,*,#8595,.T.);
#8598=ORIENTED_EDGE('',*,*,#8597,.F.);
#8599=ORIENTED_EDGE('',*,*,#8553,.F.);
#8600=EDGE_LOOP('',(#8594,#8596,#8598,#8599));
#8601=FACE_OUTER_BOUND('',#8600,.F.);
#8603=CARTESIAN_POINT('',(7.62E0,0.E0,-1.E0));
#8604=DIRECTION('',(0.E0,0.E0,1.E0));
#8605=DIRECTION('',(1.E0,0.E0,0.E0));
#8606=AXIS2_PLACEMENT_3D('',#8603,#8604,#8605);
#8607=PLANE('',#8606);
#8608=ORIENTED_EDGE('',*,*,#8595,.F.);
#8609=ORIENTED_EDGE('',*,*,#8584,.F.);
#8611=ORIENTED_EDGE('',*,*,#8610,.F.);
#8613=ORIENTED_EDGE('',*,*,#8612,.F.);
#8614=EDGE_LOOP('',(#8608,#8609,#8611,#8613));
#8615=FACE_OUTER_BOUND('',#8614,.F.);
#8617=CARTESIAN_POINT('',(3.41E0,2.5E-2,-5.8E0));
#8618=DIRECTION('',(-1.E0,0.E0,0.E0));
#8619=DIRECTION('',(0.E0,-1.E0,0.E0));
#8620=AXIS2_PLACEMENT_3D('',#8617,#8618,#8619);
#8621=PLANE('',#8620);
#8623=ORIENTED_EDGE('',*,*,#8622,.T.);
#8624=ORIENTED_EDGE('',*,*,#8610,.T.);
#8625=ORIENTED_EDGE('',*,*,#8582,.F.);
#8626=ORIENTED_EDGE('',*,*,#8557,.F.);
#8627=EDGE_LOOP('',(#8623,#8624,#8625,#8626));
#8628=FACE_OUTER_BOUND('',#8627,.F.);
#8630=CARTESIAN_POINT('',(4.21E0,2.5E-2,-5.8E0));
#8631=DIRECTION('',(0.E0,1.E0,0.E0));
#8632=DIRECTION('',(-1.E0,0.E0,0.E0));
#8633=AXIS2_PLACEMENT_3D('',#8630,#8631,#8632);
#8634=PLANE('',#8633);
#8635=ORIENTED_EDGE('',*,*,#8597,.T.);
#8636=ORIENTED_EDGE('',*,*,#8612,.T.);
#8637=ORIENTED_EDGE('',*,*,#8622,.F.);
#8638=ORIENTED_EDGE('',*,*,#8555,.F.);
#8639=EDGE_LOOP('',(#8635,#8636,#8637,#8638));
#8640=FACE_OUTER_BOUND('',#8639,.F.);
#8642=CARTESIAN_POINT('',(5.365732177038E0,-2.2383704E0,-6.7E0));
#8643=DIRECTION('',(0.E0,1.E0,0.E0));
#8644=DIRECTION('',(9.999729662869E-1,0.E0,-7.353005878255E-3));
#8645=AXIS2_PLACEMENT_3D('',#8642,#8643,#8644);
#8646=CYLINDRICAL_SURFACE('',#8645,5.E-2);
#8648=ORIENTED_EDGE('',*,*,#8647,.F.);
#8650=ORIENTED_EDGE('',*,*,#8649,.T.);
#8651=ORIENTED_EDGE('',*,*,#8482,.T.);
#8653=ORIENTED_EDGE('',*,*,#8652,.T.);
#8654=EDGE_LOOP('',(#8648,#8650,#8651,#8653));
#8655=FACE_OUTER_BOUND('',#8654,.F.);
#8657=CARTESIAN_POINT('',(5.465E0,-3.745004800192E0,0.E0));
#8658=DIRECTION('',(9.999729662869E-1,0.E0,-7.353005878252E-3));
#8659=DIRECTION('',(0.E0,-1.E0,0.E0));
#8660=AXIS2_PLACEMENT_3D('',#8657,#8658,#8659);
#8661=PLANE('',#8660);
#8662=ORIENTED_EDGE('',*,*,#8647,.T.);
#8664=ORIENTED_EDGE('',*,*,#8663,.F.);
#8666=ORIENTED_EDGE('',*,*,#8665,.T.);
#8668=ORIENTED_EDGE('',*,*,#8667,.F.);
#8670=ORIENTED_EDGE('',*,*,#8669,.T.);
#8671=EDGE_LOOP('',(#8662,#8664,#8666,#8668,#8670));
#8672=FACE_OUTER_BOUND('',#8671,.F.);
#8674=CARTESIAN_POINT('',(5.413639837014E0,1.575E0,-1.847917099820E-1));
#8675=DIRECTION('',(-7.353005878252E-3,0.E0,-9.999729662869E-1));
#8676=DIRECTION('',(0.E0,1.E0,0.E0));
#8677=AXIS2_PLACEMENT_3D('',#8674,#8675,#8676);
#8678=CYLINDRICAL_SURFACE('',#8677,5.E-2);
#8680=ORIENTED_EDGE('',*,*,#8679,.T.);
#8682=ORIENTED_EDGE('',*,*,#8681,.T.);
#8683=ORIENTED_EDGE('',*,*,#8663,.T.);
#8685=ORIENTED_EDGE('',*,*,#8684,.T.);
#8686=EDGE_LOOP('',(#8680,#8682,#8683,#8685));
#8687=FACE_OUTER_BOUND('',#8686,.F.);
#8689=CARTESIAN_POINT('',(5.465E0,1.625E0,0.E0));
#8690=DIRECTION('',(0.E0,1.E0,0.E0));
#8691=DIRECTION('',(-1.E0,0.E0,0.E0));
#8692=AXIS2_PLACEMENT_3D('',#8689,#8690,#8691);
#8693=PLANE('',#8692);
#8695=ORIENTED_EDGE('',*,*,#8694,.F.);
#8697=ORIENTED_EDGE('',*,*,#8696,.F.);
#8699=ORIENTED_EDGE('',*,*,#8698,.T.);
#8700=ORIENTED_EDGE('',*,*,#8679,.F.);
#8701=EDGE_LOOP('',(#8695,#8697,#8699,#8700));
#8702=FACE_OUTER_BOUND('',#8701,.F.);
#8704=CARTESIAN_POINT('',(4.6876564E0,1.575E0,-6.7E0));
#8705=DIRECTION('',(1.E0,0.E0,0.E0));
#8706=DIRECTION('',(0.E0,0.E0,-1.E0));
#8707=AXIS2_PLACEMENT_3D('',#8704,#8705,#8706);
#8708=CYLINDRICAL_SURFACE('',#8707,5.E-2);
#8709=ORIENTED_EDGE('',*,*,#8515,.F.);
#8711=ORIENTED_EDGE('',*,*,#8710,.T.);
#8712=ORIENTED_EDGE('',*,*,#8694,.T.);
#8714=ORIENTED_EDGE('',*,*,#8713,.T.);
#8715=EDGE_LOOP('',(#8709,#8711,#8712,#8714));
#8716=FACE_OUTER_BOUND('',#8715,.F.);
#8718=CARTESIAN_POINT('',(4.7095E0,1.8245E0,-6.7E0));
#8719=DIRECTION('',(0.E0,0.E0,1.E0));
#8720=DIRECTION('',(-9.970310620590E-1,7.700039798272E-2,0.E0));
#8721=AXIS2_PLACEMENT_3D('',#8718,#8719,#8720);
#8722=TOROIDAL_SURFACE('',#8721,2.495E-1,5.E-2);
#8723=ORIENTED_EDGE('',*,*,#8513,.F.);
#8725=ORIENTED_EDGE('',*,*,#8724,.T.);
#8727=ORIENTED_EDGE('',*,*,#8726,.T.);
#8728=ORIENTED_EDGE('',*,*,#8710,.F.);
#8729=EDGE_LOOP('',(#8723,#8725,#8727,#8728));
#8730=FACE_OUTER_BOUND('',#8729,.F.);
#8732=CARTESIAN_POINT('',(4.46E0,2.147344226567E0,-6.7E0));
#8733=DIRECTION('',(0.E0,-1.E0,0.E0));
#8734=DIRECTION('',(-1.776356839400E-14,0.E0,-1.E0));
#8735=AXIS2_PLACEMENT_3D('',#8732,#8733,#8734);
#8736=CYLINDRICAL_SURFACE('',#8735,5.E-2);
#8737=ORIENTED_EDGE('',*,*,#8511,.F.);
#8739=ORIENTED_EDGE('',*,*,#8738,.T.);
#8741=ORIENTED_EDGE('',*,*,#8740,.T.);
#8742=ORIENTED_EDGE('',*,*,#8724,.F.);
#8743=EDGE_LOOP('',(#8737,#8739,#8741,#8742));
#8744=FACE_OUTER_BOUND('',#8743,.F.);
#8746=CARTESIAN_POINT('',(4.7095E0,2.125500626567E0,-6.7E0));
#8747=DIRECTION('',(0.E0,0.E0,1.E0));
#8748=DIRECTION('',(-9.940012818643E-1,-1.093684216406E-1,0.E0));
#8749=AXIS2_PLACEMENT_3D('',#8746,#8747,#8748);
#8750=TOROIDAL_SURFACE('',#8749,2.494999988525E-1,5.E-2);
#8752=ORIENTED_EDGE('',*,*,#8751,.T.);
#8754=ORIENTED_EDGE('',*,*,#8753,.T.);
#8755=ORIENTED_EDGE('',*,*,#8738,.F.);
#8756=ORIENTED_EDGE('',*,*,#8509,.F.);
#8757=EDGE_LOOP('',(#8752,#8754,#8755,#8756));
#8758=FACE_OUTER_BOUND('',#8757,.F.);
#8760=CARTESIAN_POINT('',(4.71E0,2.325E0,0.E0));
#8761=DIRECTION('',(0.E0,-1.E0,0.E0));
#8762=DIRECTION('',(1.E0,0.E0,0.E0));
#8763=AXIS2_PLACEMENT_3D('',#8760,#8761,#8762);
#8764=PLANE('',#8763);
#8765=ORIENTED_EDGE('',*,*,#8751,.F.);
#8766=ORIENTED_EDGE('',*,*,#8507,.T.);
#8768=ORIENTED_EDGE('',*,*,#8767,.F.);
#8770=ORIENTED_EDGE('',*,*,#8769,.T.);
#8772=ORIENTED_EDGE('',*,*,#8771,.T.);
#8773=EDGE_LOOP('',(#8765,#8766,#8768,#8770,#8772));
#8774=FACE_OUTER_BOUND('',#8773,.F.);
#8776=CARTESIAN_POINT('',(5.139999954082E0,2.325E0,0.E0));
#8777=DIRECTION('',(9.659258092301E-1,-2.588191087674E-1,0.E0));
#8778=DIRECTION('',(2.588191087674E-1,9.659258092301E-1,0.E0));
#8779=AXIS2_PLACEMENT_3D('',#8776,#8777,#8778);
#8780=PLANE('',#8779);
#8782=ORIENTED_EDGE('',*,*,#8781,.F.);
#8784=ORIENTED_EDGE('',*,*,#8783,.T.);
#8785=ORIENTED_EDGE('',*,*,#8767,.T.);
#8786=ORIENTED_EDGE('',*,*,#8505,.T.);
#8787=EDGE_LOOP('',(#8782,#8784,#8785,#8786));
#8788=FACE_OUTER_BOUND('',#8787,.F.);
#8790=CARTESIAN_POINT('',(5.249005701992E0,2.925E0,-1.84352E-1));
#8791=DIRECTION('',(0.E0,0.E0,-1.E0));
#8792=DIRECTION('',(0.E0,1.E0,0.E0));
#8793=AXIS2_PLACEMENT_3D('',#8790,#8791,#8792);
#8794=CYLINDRICAL_SURFACE('',#8793,5.E-2);
#8796=ORIENTED_EDGE('',*,*,#8795,.F.);
#8798=ORIENTED_EDGE('',*,*,#8797,.T.);
#8799=ORIENTED_EDGE('',*,*,#8781,.T.);
#8800=ORIENTED_EDGE('',*,*,#8503,.T.);
#8801=EDGE_LOOP('',(#8796,#8798,#8799,#8800));
#8802=FACE_OUTER_BOUND('',#8801,.F.);
#8804=CARTESIAN_POINT('',(5.314166975080E0,2.975E0,0.E0));
#8805=DIRECTION('',(0.E0,1.E0,0.E0));
#8806=DIRECTION('',(-1.E0,0.E0,0.E0));
#8807=AXIS2_PLACEMENT_3D('',#8804,#8805,#8806);
#8808=PLANE('',#8807);
#8809=ORIENTED_EDGE('',*,*,#8795,.T.);
#8810=ORIENTED_EDGE('',*,*,#8501,.T.);
#8812=ORIENTED_EDGE('',*,*,#8811,.F.);
#8814=ORIENTED_EDGE('',*,*,#8813,.T.);
#8815=EDGE_LOOP('',(#8809,#8810,#8812,#8814));
#8816=FACE_OUTER_BOUND('',#8815,.F.);
#8818=CARTESIAN_POINT('',(2.370994293562E0,2.925E0,-1.769192E-1));
#8819=DIRECTION('',(0.E0,0.E0,-1.E0));
#8820=DIRECTION('',(-9.659258262891E-1,-2.588190451025E-1,0.E0));
#8821=AXIS2_PLACEMENT_3D('',#8818,#8819,#8820);
#8822=CYLINDRICAL_SURFACE('',#8821,5.E-2);
#8824=ORIENTED_EDGE('',*,*,#8823,.T.);
#8826=ORIENTED_EDGE('',*,*,#8825,.T.);
#8827=ORIENTED_EDGE('',*,*,#8811,.T.);
#8828=ORIENTED_EDGE('',*,*,#8499,.T.);
#8829=EDGE_LOOP('',(#8824,#8826,#8827,#8828));
#8830=FACE_OUTER_BOUND('',#8829,.F.);
#8832=CARTESIAN_POINT('',(2.305833024920E0,2.975E0,0.E0));
#8833=DIRECTION('',(-9.659258262891E-1,-2.588190451025E-1,0.E0));
#8834=DIRECTION('',(2.588190451025E-1,-9.659258262891E-1,0.E0));
#8835=AXIS2_PLACEMENT_3D('',#8832,#8833,#8834);
#8836=PLANE('',#8835);
#8837=ORIENTED_EDGE('',*,*,#8823,.F.);
#8838=ORIENTED_EDGE('',*,*,#8497,.T.);
#8840=ORIENTED_EDGE('',*,*,#8839,.F.);
#8842=ORIENTED_EDGE('',*,*,#8841,.F.);
#8844=ORIENTED_EDGE('',*,*,#8843,.T.);
#8845=EDGE_LOOP('',(#8837,#8838,#8840,#8842,#8844));
#8846=FACE_OUTER_BOUND('',#8845,.F.);
#8848=CARTESIAN_POINT('',(2.932093600022E0,2.375E0,-6.7E0));
#8849=DIRECTION('',(-1.E0,0.E0,0.E0));
#8850=DIRECTION('',(0.E0,0.E0,-1.E0));
#8851=AXIS2_PLACEMENT_3D('',#8848,#8849,#8850);
#8852=CYLINDRICAL_SURFACE('',#8851,5.E-2);
#8853=ORIENTED_EDGE('',*,*,#8839,.T.);
#8854=ORIENTED_EDGE('',*,*,#8495,.F.);
#8856=ORIENTED_EDGE('',*,*,#8855,.T.);
#8858=ORIENTED_EDGE('',*,*,#8857,.T.);
#8860=ORIENTED_EDGE('',*,*,#8859,.T.);
#8861=EDGE_LOOP('',(#8853,#8854,#8856,#8858,#8860));
#8862=FACE_OUTER_BOUND('',#8861,.F.);
#8864=CARTESIAN_POINT('',(2.9105E0,2.125500626567E0,-6.7E0));
#8865=DIRECTION('',(0.E0,0.E0,1.E0));
#8866=DIRECTION('',(9.970310620590E-1,-7.700039798272E-2,0.E0));
#8867=AXIS2_PLACEMENT_3D('',#8864,#8865,#8866);
#8868=TOROIDAL_SURFACE('',#8867,2.495E-1,5.E-2);
#8869=ORIENTED_EDGE('',*,*,#8493,.F.);
#8871=ORIENTED_EDGE('',*,*,#8870,.T.);
#8873=ORIENTED_EDGE('',*,*,#8872,.T.);
#8874=ORIENTED_EDGE('',*,*,#8855,.F.);
#8875=EDGE_LOOP('',(#8869,#8871,#8873,#8874));
#8876=FACE_OUTER_BOUND('',#8875,.F.);
#8878=CARTESIAN_POINT('',(3.16E0,1.8026564E0,-6.7E0));
#8879=DIRECTION('',(0.E0,1.E0,0.E0));
#8880=DIRECTION('',(0.E0,0.E0,-1.E0));
#8881=AXIS2_PLACEMENT_3D('',#8878,#8879,#8880);
#8882=CYLINDRICAL_SURFACE('',#8881,5.E-2);
#8883=ORIENTED_EDGE('',*,*,#8491,.F.);
#8885=ORIENTED_EDGE('',*,*,#8884,.T.);
#8887=ORIENTED_EDGE('',*,*,#8886,.T.);
#8888=ORIENTED_EDGE('',*,*,#8870,.F.);
#8889=EDGE_LOOP('',(#8883,#8885,#8887,#8888));
#8890=FACE_OUTER_BOUND('',#8889,.F.);
#8892=CARTESIAN_POINT('',(2.9105E0,1.8245E0,-6.7E0));
#8893=DIRECTION('',(0.E0,0.E0,1.E0));
#8894=DIRECTION('',(-7.700039798272E-2,-9.970310620590E-1,0.E0));
#8895=AXIS2_PLACEMENT_3D('',#8892,#8893,#8894);
#8896=TOROIDAL_SURFACE('',#8895,2.495E-1,5.E-2);
#8897=ORIENTED_EDGE('',*,*,#8489,.F.);
#8899=ORIENTED_EDGE('',*,*,#8898,.T.);
#8901=ORIENTED_EDGE('',*,*,#8900,.T.);
#8902=ORIENTED_EDGE('',*,*,#8884,.F.);
#8903=EDGE_LOOP('',(#8897,#8899,#8901,#8902));
#8904=FACE_OUTER_BOUND('',#8903,.F.);
#8906=CARTESIAN_POINT('',(-2.2418748E1,1.575E0,-6.7E0));
#8907=DIRECTION('',(1.E0,0.E0,0.E0));
#8908=DIRECTION('',(0.E0,0.E0,-1.E0));
#8909=AXIS2_PLACEMENT_3D('',#8906,#8907,#8908);
#8910=CYLINDRICAL_SURFACE('',#8909,5.E-2);
#8912=ORIENTED_EDGE('',*,*,#8911,.T.);
#8913=ORIENTED_EDGE('',*,*,#8898,.F.);
#8914=ORIENTED_EDGE('',*,*,#8487,.F.);
#8916=ORIENTED_EDGE('',*,*,#8915,.T.);
#8917=EDGE_LOOP('',(#8912,#8913,#8914,#8916));
#8918=FACE_OUTER_BOUND('',#8917,.F.);
#8920=CARTESIAN_POINT('',(2.9105E0,1.625E0,0.E0));
#8921=DIRECTION('',(0.E0,1.E0,0.E0));
#8922=DIRECTION('',(-1.E0,0.E0,0.E0));
#8923=AXIS2_PLACEMENT_3D('',#8920,#8921,#8922);
#8924=PLANE('',#8923);
#8926=ORIENTED_EDGE('',*,*,#8925,.F.);
#8928=ORIENTED_EDGE('',*,*,#8927,.T.);
#8930=ORIENTED_EDGE('',*,*,#8929,.T.);
#8931=ORIENTED_EDGE('',*,*,#8911,.F.);
#8932=EDGE_LOOP('',(#8926,#8928,#8930,#8931));
#8933=FACE_OUTER_BOUND('',#8932,.F.);
#8935=CARTESIAN_POINT('',(2.206347589346E0,1.575E0,-1.830817562096E-1));
#8936=DIRECTION('',(7.353005878252E-3,0.E0,-9.999729662869E-1));
#8937=DIRECTION('',(-9.999729662869E-1,0.E0,-7.353005878252E-3));
#8938=AXIS2_PLACEMENT_3D('',#8935,#8936,#8937);
#8939=CYLINDRICAL_SURFACE('',#8938,5.E-2);
#8940=ORIENTED_EDGE('',*,*,#8457,.F.);
#8942=ORIENTED_EDGE('',*,*,#8941,.T.);
#8943=ORIENTED_EDGE('',*,*,#8925,.T.);
#8945=ORIENTED_EDGE('',*,*,#8944,.T.);
#8946=EDGE_LOOP('',(#8940,#8942,#8943,#8945));
#8947=FACE_OUTER_BOUND('',#8946,.F.);
#8949=CARTESIAN_POINT('',(2.157892733505E0,1.563119089895E0,
-1.983929328308E-1));
#8950=CARTESIAN_POINT('',(2.147918720269E0,1.603874187150E0,
-1.987719482564E-1));
#8951=CARTESIAN_POINT('',(2.177587789688E0,1.633544860308E0,
-1.987763237453E-1));
#8952=CARTESIAN_POINT('',(2.218343481565E0,1.623573105574E0,
-1.984018478922E-1));
#8953=CARTESIAN_POINT('',(2.157892823619E0,1.563119011114E0,
-1.984057706182E-1));
#8954=CARTESIAN_POINT('',(2.147918810383E0,1.603874126948E0,
-1.987827882164E-1));
#8955=CARTESIAN_POINT('',(2.177587879802E0,1.633544800321E0,
-1.987857091399E-1));
#8956=CARTESIAN_POINT('',(2.218343571677E0,1.623573027231E0,
-1.984117220017E-1));
#8957=CARTESIAN_POINT('',(2.157894415615E0,1.563117636006E0,
-1.986325695931E-1));
#8958=CARTESIAN_POINT('',(2.147920402383E0,1.603873077480E0,
-1.989742925251E-1));
#8959=CARTESIAN_POINT('',(2.177589471791E0,1.633543752764E0,
-1.989515163691E-1));
#8960=CARTESIAN_POINT('',(2.218345163652E0,1.623571656016E0,
-1.985861631605E-1));
#8961=CARTESIAN_POINT('',(2.157897509514E0,1.563115536208E0,
-1.990733320743E-1));
#8962=CARTESIAN_POINT('',(2.147923496288E0,1.603871521428E0,
-1.993464625777E-1));
#8963=CARTESIAN_POINT('',(2.177592565679E0,1.633542135543E0,
-1.992737473409E-1));
#8964=CARTESIAN_POINT('',(2.218348257518E0,1.623569431587E0,
-1.989251747325E-1));
#8965=CARTESIAN_POINT('',(2.157902015231E0,1.563114051557E0,
-1.997152225014E-1));
#8966=CARTESIAN_POINT('',(2.147928002009E0,1.603870583803E0,
-1.998884590532E-1));
#8967=CARTESIAN_POINT('',(2.177597071386E0,1.633540930571E0,
-1.997430187588E-1));
#8968=CARTESIAN_POINT('',(2.218352763205E0,1.623567402217E0,
-1.994188878079E-1));
#8969=CARTESIAN_POINT('',(2.157905109164E0,1.563114112428E0,
-2.001559869053E-1));
#8970=CARTESIAN_POINT('',(2.147931095943E0,1.603870852174E0,
-2.002606286022E-1));
#8971=CARTESIAN_POINT('',(2.177600165317E0,1.633540892963E0,
-2.000652519413E-1));
#8972=CARTESIAN_POINT('',(2.218355857131E0,1.623566839656E0,
-1.997579068329E-1));
#8973=CARTESIAN_POINT('',(2.157906701186E0,1.563114438374E0,
-2.003827873667E-1));
#8974=CARTESIAN_POINT('',(2.147932687965E0,1.603871239040E0,
-2.004521324914E-1));
#8975=CARTESIAN_POINT('',(2.177601757339E0,1.633541089004E0,
-2.002310608909E-1));
#8976=CARTESIAN_POINT('',(2.218357449153E0,1.623566776796E0,
-1.999323538383E-1));
#8977=CARTESIAN_POINT('',(2.157906791300E0,1.563114457768E0,
-2.003956251192E-1));
#8978=CARTESIAN_POINT('',(2.147932778079E0,1.603871261735E0,
-2.004629723252E-1));
#8979=CARTESIAN_POINT('',(2.177601847453E0,1.633541100791E0,
-2.002404462966E-1));
#8980=CARTESIAN_POINT('',(2.218357539268E0,1.623566773964E0,
-1.999422281924E-1));
#8981=(BOUNDED_SURFACE()B_SPLINE_SURFACE(3,3,((#8949,#8950,#8951,#8952),(#8953,
#8954,#8955,#8956),(#8957,#8958,#8959,#8960),(#8961,#8962,#8963,#8964),(#8965,
#8966,#8967,#8968),(#8969,#8970,#8971,#8972),(#8973,#8974,#8975,#8976),(#8977,
#8978,#8979,#8980)),.UNSPECIFIED.,.F.,.F.,.F.)B_SPLINE_SURFACE_WITH_KNOTS((4,1,
1,1,1,4),(4,4),(-2.000020402265E-2,0.E0,3.333335862306E-1,6.666664139124E-1,
1.E0,1.020000004447E0),(0.E0,1.E0),.UNSPECIFIED.)GEOMETRIC_REPRESENTATION_ITEM()RATIONAL_B_SPLINE_SURFACE(((1.316872148614E0,8.943759504620E-1,8.943759504620E-1,
1.316872148614E0),(1.316872148614E0,8.943759504620E-1,8.943759504620E-1,
1.316872148614E0),(1.316872148614E0,8.943759504620E-1,8.943759504620E-1,
1.316872148614E0),(1.316872148614E0,8.943759504620E-1,8.943759504620E-1,
1.316872148614E0),(1.316872148614E0,8.943759504620E-1,8.943759504620E-1,
1.316872148614E0),(1.316872148614E0,8.943759504620E-1,8.943759504620E-1,
1.316872148614E0),(1.316872148614E0,8.943759504620E-1,8.943759504620E-1,
1.316872148614E0),(1.316872148614E0,8.943759504620E-1,8.943759504620E-1,
1.316872148614E0)))REPRESENTATION_ITEM('')SURFACE());
#8982=ORIENTED_EDGE('',*,*,#8455,.F.);
#8984=ORIENTED_EDGE('',*,*,#8983,.T.);
#8986=ORIENTED_EDGE('',*,*,#8985,.T.);
#8987=ORIENTED_EDGE('',*,*,#8941,.F.);
#8988=EDGE_LOOP('',(#8982,#8984,#8986,#8987));
#8989=FACE_OUTER_BOUND('',#8988,.F.);
#8991=CARTESIAN_POINT('',(1.944164304394E0,1.821433157155E0,1.235221899360E-3));
#8992=CARTESIAN_POINT('',(1.973168137675E0,1.850254743512E0,
-8.179357201235E-3));
#8993=CARTESIAN_POINT('',(1.993568049492E0,1.871236719870E0,2.188936401976E-2));
#8994=CARTESIAN_POINT('',(1.985730030299E0,1.864184865400E0,6.250157617593E-2));
#8995=CARTESIAN_POINT('',(1.945462811246E0,1.819820317574E0,1.313572941874E-3));
#8996=CARTESIAN_POINT('',(1.974407407263E0,1.848639836928E0,
-8.288139009359E-3));
#8997=CARTESIAN_POINT('',(1.995002525739E0,1.869620308518E0,2.164877316318E-2));
#8998=CARTESIAN_POINT('',(1.987426279385E0,1.862568959787E0,6.231136043105E-2));
#8999=CARTESIAN_POINT('',(1.960691083294E0,1.800913321911E0,2.087750505169E-3));
#9000=CARTESIAN_POINT('',(1.988910805563E0,1.829720456535E0,
-9.700685345712E-3));
#9001=CARTESIAN_POINT('',(2.011771616925E0,1.850691912101E0,1.866968386901E-2));
#9002=CARTESIAN_POINT('',(2.007271001264E0,1.843643593575E0,5.989363717696E-2));
#9003=CARTESIAN_POINT('',(1.988560673346E0,1.766485855709E0,3.946044107887E-4));
#9004=CARTESIAN_POINT('',(2.014797001251E0,1.795498600373E0,
-1.521539159820E-2));
#9005=CARTESIAN_POINT('',(2.041290537779E0,1.816619739059E0,9.850627719735E-3));
#9006=CARTESIAN_POINT('',(2.042542430103E0,1.809521113376E0,5.146773148357E-2));
#9007=CARTESIAN_POINT('',(2.026453475189E0,1.720103361686E0,
-9.677754504074E-3));
#9008=CARTESIAN_POINT('',(2.048389141422E0,1.749952365751E0,
-2.969496840511E-2));
#9009=CARTESIAN_POINT('',(2.078567223355E0,1.771682297263E0,
-9.950104981104E-3));
#9010=CARTESIAN_POINT('',(2.087942656770E0,1.764379061760E0,3.055328122194E-2));
#9011=CARTESIAN_POINT('',(2.059936486730E0,1.679475594998E0,
-2.573647060407E-2));
#9012=CARTESIAN_POINT('',(2.076665791808E0,1.710610404812E0,
-4.861499143561E-2));
#9013=CARTESIAN_POINT('',(2.108999643299E0,1.733276396728E0,
-3.409556894629E-2));
#9014=CARTESIAN_POINT('',(2.125818144484E0,1.725658559701E0,3.847497253558E-3));
#9015=CARTESIAN_POINT('',(2.088914521695E0,1.644617189270E0,
-4.671954446035E-2));
#9016=CARTESIAN_POINT('',(2.099868390215E0,1.677424280661E0,
-7.073730603132E-2));
#9017=CARTESIAN_POINT('',(2.133074851559E0,1.701307685529E0,
-6.101226277445E-2));
#9018=CARTESIAN_POINT('',(2.156574160762E0,1.693280686904E0,
-2.690433711743E-2));
#9019=CARTESIAN_POINT('',(2.113066712204E0,1.615813118755E0,
-7.162655367656E-2));
#9020=CARTESIAN_POINT('',(2.118079309148E0,1.650579526090E0,
-9.487269077763E-2));
#9021=CARTESIAN_POINT('',(2.151130966359E0,1.675889303551E0,
-8.917718216172E-2));
#9022=CARTESIAN_POINT('',(2.180410930976E0,1.667382913863E0,
-6.002170204077E-2));
#9023=CARTESIAN_POINT('',(2.132381823343E0,1.592968993909E0,
-9.982266615464E-2));
#9024=CARTESIAN_POINT('',(2.131701948258E0,1.629831772282E0,
-1.202400834713E-1));
#9025=CARTESIAN_POINT('',(2.163893643182E0,1.656667697782E0,
-1.175767874347E-1));
#9026=CARTESIAN_POINT('',(2.197973830782E0,1.647648383397E0,
-9.439608225313E-2));
#9027=CARTESIAN_POINT('',(2.146773460032E0,1.576078554694E0,
-1.309508178892E-1));
#9028=CARTESIAN_POINT('',(2.141152922834E0,1.614935842195E0,
-1.463884765578E-1));
#9029=CARTESIAN_POINT('',(2.172156903579E0,1.643223760757E0,
-1.456201641168E-1));
#9030=CARTESIAN_POINT('',(2.209945447107E0,1.633716444499E0,
-1.293853471844E-1));
#9031=CARTESIAN_POINT('',(2.155692593878E0,1.565677878532E0,
-1.642171127572E-1));
#9032=CARTESIAN_POINT('',(2.146625361337E0,1.606025763321E0,
-1.727058015478E-1));
#9033=CARTESIAN_POINT('',(2.176592295571E0,1.635398829544E0,
-1.726897990464E-1));
#9034=CARTESIAN_POINT('',(2.216751552651E0,1.625526804869E0,
-1.641845069503E-1));
#9035=CARTESIAN_POINT('',(2.157991669441E0,1.563005488043E0,
-1.893930548098E-1));
#9036=CARTESIAN_POINT('',(2.147979461508E0,1.603779360871E0,
-1.919166348774E-1));
#9037=CARTESIAN_POINT('',(2.177634861434E0,1.633462544338E0,
-1.919176172251E-1));
#9038=CARTESIAN_POINT('',(2.218415863232E0,1.623486292033E0,
-1.893950563869E-1));
#9039=CARTESIAN_POINT('',(2.157893025523E0,1.563120777725E0,
-2.025010879468E-1));
#9040=CARTESIAN_POINT('',(2.147921128914E0,1.603874512888E0,
-2.019062105512E-1));
#9041=CARTESIAN_POINT('',(2.177589712691E0,1.633543036233E0,
-2.019061163656E-1));
#9042=CARTESIAN_POINT('',(2.218344081995E0,1.623571711064E0,
-2.025008960394E-1));
#9043=CARTESIAN_POINT('',(2.157846215585E0,1.563175764236E0,
-2.045330253232E-1));
#9044=CARTESIAN_POINT('',(2.147892894214E0,1.603919689061E0,
-2.034553330144E-1));
#9045=CARTESIAN_POINT('',(2.177567300917E0,1.633581070528E0,
-2.034555348268E-1));
#9046=CARTESIAN_POINT('',(2.218309136527E0,1.623612145680E0,
-2.045334365248E-1));
#9047=(BOUNDED_SURFACE()B_SPLINE_SURFACE(3,3,((#8991,#8992,#8993,#8994),(#8995,
#8996,#8997,#8998),(#8999,#9000,#9001,#9002),(#9003,#9004,#9005,#9006),(#9007,
#9008,#9009,#9010),(#9011,#9012,#9013,#9014),(#9015,#9016,#9017,#9018),(#9019,
#9020,#9021,#9022),(#9023,#9024,#9025,#9026),(#9027,#9028,#9029,#9030),(#9031,
#9032,#9033,#9034),(#9035,#9036,#9037,#9038),(#9039,#9040,#9041,#9042),(#9043,
#9044,#9045,#9046)),.UNSPECIFIED.,.F.,.F.,.F.)B_SPLINE_SURFACE_WITH_KNOTS((4,1,
1,1,1,1,1,1,1,1,1,4),(4,4),(-1.473248627393E-2,0.E0,1.580011503271E-1,
3.005927026520E-1,4.301928540246E-1,5.474518118117E-1,6.534824120059E-1,
7.482553383534E-1,8.368921065296E-1,9.218574709385E-1,1.E0,1.014357977845E0),(
0.E0,1.E0),.UNSPECIFIED.)GEOMETRIC_REPRESENTATION_ITEM()RATIONAL_B_SPLINE_SURFACE(((1.316853182950E0,8.943822723499E-1,8.943822723499E-1,1.316853182950E0),(
1.316853182950E0,8.943822723499E-1,8.943822723499E-1,1.316853182950E0),(
1.316853182950E0,8.943822723499E-1,8.943822723499E-1,1.316853182950E0),(
1.316853182950E0,8.943822723499E-1,8.943822723499E-1,1.316853182950E0),(
1.316853182950E0,8.943822723499E-1,8.943822723499E-1,1.316853182950E0),(
1.316853182950E0,8.943822723499E-1,8.943822723499E-1,1.316853182950E0),(
1.316853182950E0,8.943822723499E-1,8.943822723499E-1,1.316853182950E0),(
1.316853182950E0,8.943822723499E-1,8.943822723499E-1,1.316853182950E0),(
1.316853182950E0,8.943822723499E-1,8.943822723499E-1,1.316853182950E0),(
1.316853182950E0,8.943822723499E-1,8.943822723499E-1,1.316853182950E0),(
1.316853182950E0,8.943822723499E-1,8.943822723499E-1,1.316853182950E0),(
1.316853182950E0,8.943822723499E-1,8.943822723499E-1,1.316853182950E0),(
1.316853182950E0,8.943822723499E-1,8.943822723499E-1,1.316853182950E0),(
1.316853182950E0,8.943822723499E-1,8.943822723499E-1,1.316853182950E0)))REPRESENTATION_ITEM('')SURFACE());
#9049=ORIENTED_EDGE('',*,*,#9048,.T.);
#9050=ORIENTED_EDGE('',*,*,#8983,.F.);
#9051=ORIENTED_EDGE('',*,*,#8284,.F.);
#9052=EDGE_LOOP('',(#9049,#9050,#9051));
#9053=FACE_OUTER_BOUND('',#9052,.F.);
#9055=CARTESIAN_POINT('',(-2.2418748E1,1.825E0,-2.E-1));
#9056=DIRECTION('',(1.E0,0.E0,0.E0));
#9057=DIRECTION('',(0.E0,0.E0,1.E0));
#9058=AXIS2_PLACEMENT_3D('',#9055,#9056,#9057);
#9059=CYLINDRICAL_SURFACE('',#9058,2.E-1);
#9060=ORIENTED_EDGE('',*,*,#8985,.F.);
#9061=ORIENTED_EDGE('',*,*,#9048,.F.);
#9062=ORIENTED_EDGE('',*,*,#4616,.T.);
#9064=ORIENTED_EDGE('',*,*,#9063,.T.);
#9065=ORIENTED_EDGE('',*,*,#8927,.F.);
#9066=EDGE_LOOP('',(#9060,#9061,#9062,#9064,#9065));
#9067=FACE_OUTER_BOUND('',#9066,.F.);
#9069=CARTESIAN_POINT('',(2.910538500199E0,1.824998515531E0,-2.E-1));
#9070=DIRECTION('',(-7.080578473981E-1,-7.061544340567E-1,0.E0));
#9071=DIRECTION('',(7.061544340567E-1,-7.080578473981E-1,0.E0));
#9072=AXIS2_PLACEMENT_3D('',#9069,#9070,#9071);
#9073=SPHERICAL_SURFACE('',#9072,2.E-1);
#9075=ORIENTED_EDGE('',*,*,#9074,.F.);
#9076=ORIENTED_EDGE('',*,*,#9063,.F.);
#9078=ORIENTED_EDGE('',*,*,#9077,.T.);
#9079=EDGE_LOOP('',(#9075,#9076,#9078));
#9080=FACE_OUTER_BOUND('',#9079,.F.);
#9082=CARTESIAN_POINT('',(2.9105E0,1.8245E0,0.E0));
#9083=DIRECTION('',(0.E0,0.E0,1.E0));
#9084=DIRECTION('',(1.E0,0.E0,0.E0));
#9085=AXIS2_PLACEMENT_3D('',#9082,#9083,#9084);
#9086=CYLINDRICAL_SURFACE('',#9085,1.995E-1);
#9087=ORIENTED_EDGE('',*,*,#8900,.F.);
#9088=ORIENTED_EDGE('',*,*,#8929,.F.);
#9089=ORIENTED_EDGE('',*,*,#9074,.T.);
#9091=ORIENTED_EDGE('',*,*,#9090,.T.);
#9092=EDGE_LOOP('',(#9087,#9088,#9089,#9091));
#9093=FACE_OUTER_BOUND('',#9092,.F.);
#9095=CARTESIAN_POINT('',(3.11E0,2.125500626567E0,0.E0));
#9096=DIRECTION('',(-1.E0,0.E0,0.E0));
#9097=DIRECTION('',(0.E0,-1.E0,0.E0));
#9098=AXIS2_PLACEMENT_3D('',#9095,#9096,#9097);
#9099=PLANE('',#9098);
#9100=ORIENTED_EDGE('',*,*,#8886,.F.);
#9101=ORIENTED_EDGE('',*,*,#9090,.F.);
#9103=ORIENTED_EDGE('',*,*,#9102,.T.);
#9105=ORIENTED_EDGE('',*,*,#9104,.T.);
#9106=EDGE_LOOP('',(#9100,#9101,#9103,#9105));
#9107=FACE_OUTER_BOUND('',#9106,.F.);
#9109=CARTESIAN_POINT('',(2.91E0,1.8026564E0,-2.E-1));
#9110=DIRECTION('',(0.E0,1.E0,0.E0));
#9111=DIRECTION('',(0.E0,0.E0,1.E0));
#9112=AXIS2_PLACEMENT_3D('',#9109,#9110,#9111);
#9113=CYLINDRICAL_SURFACE('',#9112,2.E-1);
#9114=ORIENTED_EDGE('',*,*,#4614,.T.);
#9116=ORIENTED_EDGE('',*,*,#9115,.T.);
#9117=ORIENTED_EDGE('',*,*,#9102,.F.);
#9118=ORIENTED_EDGE('',*,*,#9077,.F.);
#9119=EDGE_LOOP('',(#9114,#9116,#9117,#9118));
#9120=FACE_OUTER_BOUND('',#9119,.F.);
#9122=CARTESIAN_POINT('',(2.910001484469E0,2.125539126766E0,-2.E-1));
#9123=DIRECTION('',(7.061544339188E-1,-7.080578475357E-1,0.E0));
#9124=DIRECTION('',(7.080578475357E-1,7.061544339188E-1,0.E0));
#9125=AXIS2_PLACEMENT_3D('',#9122,#9123,#9124);
#9126=SPHERICAL_SURFACE('',#9125,2.E-1);
#9128=ORIENTED_EDGE('',*,*,#9127,.F.);
#9129=ORIENTED_EDGE('',*,*,#9115,.F.);
#9131=ORIENTED_EDGE('',*,*,#9130,.T.);
#9132=EDGE_LOOP('',(#9128,#9129,#9131));
#9133=FACE_OUTER_BOUND('',#9132,.F.);
#9135=CARTESIAN_POINT('',(2.9105E0,2.125500626567E0,0.E0));
#9136=DIRECTION('',(0.E0,0.E0,1.E0));
#9137=DIRECTION('',(1.E0,0.E0,0.E0));
#9138=AXIS2_PLACEMENT_3D('',#9135,#9136,#9137);
#9139=CYLINDRICAL_SURFACE('',#9138,1.995E-1);
#9140=ORIENTED_EDGE('',*,*,#8872,.F.);
#9141=ORIENTED_EDGE('',*,*,#9104,.F.);
#9142=ORIENTED_EDGE('',*,*,#9127,.T.);
#9144=ORIENTED_EDGE('',*,*,#9143,.T.);
#9145=EDGE_LOOP('',(#9140,#9141,#9142,#9144));
#9146=FACE_OUTER_BOUND('',#9145,.F.);
#9148=CARTESIAN_POINT('',(2.48E0,2.325E0,0.E0));
#9149=DIRECTION('',(0.E0,-1.E0,0.E0));
#9150=DIRECTION('',(1.E0,0.E0,0.E0));
#9151=AXIS2_PLACEMENT_3D('',#9148,#9149,#9150);
#9152=PLANE('',#9151);
#9153=ORIENTED_EDGE('',*,*,#8857,.F.);
#9154=ORIENTED_EDGE('',*,*,#9143,.F.);
#9156=ORIENTED_EDGE('',*,*,#9155,.T.);
#9158=ORIENTED_EDGE('',*,*,#9157,.T.);
#9159=EDGE_LOOP('',(#9153,#9154,#9156,#9158));
#9160=FACE_OUTER_BOUND('',#9159,.F.);
#9162=CARTESIAN_POINT('',(2.9318436E0,2.125E0,-2.E-1));
#9163=DIRECTION('',(-1.E0,0.E0,0.E0));
#9164=DIRECTION('',(0.E0,0.E0,1.E0));
#9165=AXIS2_PLACEMENT_3D('',#9162,#9163,#9164);
#9166=CYLINDRICAL_SURFACE('',#9165,2.E-1);
#9168=ORIENTED_EDGE('',*,*,#9167,.F.);
#9169=ORIENTED_EDGE('',*,*,#9155,.F.);
#9170=ORIENTED_EDGE('',*,*,#9130,.F.);
#9171=ORIENTED_EDGE('',*,*,#4612,.T.);
#9172=EDGE_LOOP('',(#9168,#9169,#9170,#9171));
#9173=FACE_OUTER_BOUND('',#9172,.F.);
#9175=CARTESIAN_POINT('',(2.468745595762E0,2.368087916810E0,
-1.517842038405E-1));
#9176=CARTESIAN_POINT('',(2.470298821088E0,2.355850696484E0,
-1.621093688311E-1));
#9177=CARTESIAN_POINT('',(2.480036737530E0,2.338659087695E0,
-1.756814342122E-1));
#9178=CARTESIAN_POINT('',(2.502375885363E0,2.326217827277E0,
-1.946152566498E-1));
#9179=CARTESIAN_POINT('',(2.514784591750E0,2.324532323047E0,
-2.044260580211E-1));
#9180=CARTESIAN_POINT('',(2.521442944206E0,2.324986346265E0,
-2.102473270841E-1));
#9181=CARTESIAN_POINT('',(2.469883992218E0,2.364443135667E0,
-1.371400240012E-1));
#9182=CARTESIAN_POINT('',(2.472353885433E0,2.353215385611E0,
-1.471352924118E-1));
#9183=CARTESIAN_POINT('',(2.482638905764E0,2.337144224101E0,
-1.602731168448E-1));
#9184=CARTESIAN_POINT('',(2.506051637297E0,2.325822308444E0,
-1.786249234215E-1));
#9185=CARTESIAN_POINT('',(2.518991371982E0,2.324907287556E0,
-1.881436596681E-1));
#9186=CARTESIAN_POINT('',(2.525818588602E0,2.325868225687E0,
-1.937965805735E-1));
#9187=CARTESIAN_POINT('',(2.468970142500E0,2.353128819989E0,
-1.107336981569E-1));
#9188=CARTESIAN_POINT('',(2.472922853123E0,2.343879688178E0,
-1.196806415179E-1));
#9189=CARTESIAN_POINT('',(2.483584589442E0,2.330126621346E0,
-1.315107980895E-1));
#9190=CARTESIAN_POINT('',(2.507469924369E0,2.321173492205E0,
-1.479060150804E-1));
#9191=CARTESIAN_POINT('',(2.520640412394E0,2.321641258058E0,
-1.563200130491E-1));
#9192=CARTESIAN_POINT('',(2.527490628969E0,2.323464922101E0,
-1.612762795291E-1));
#9193=CARTESIAN_POINT('',(2.459212564406E0,2.320127817880E0,
-6.756404566934E-2));
#9194=CARTESIAN_POINT('',(2.464464679225E0,2.314314941277E0,
-7.332066573420E-2));
#9195=CARTESIAN_POINT('',(2.474221731680E0,2.304859662929E0,
-8.217891007191E-2));
#9196=CARTESIAN_POINT('',(2.495714879600E0,2.299761282313E0,
-9.431779151121E-2));
#9197=CARTESIAN_POINT('',(2.507626650748E0,2.301763295563E0,
-1.000642929895E-1));
#9198=CARTESIAN_POINT('',(2.513791490299E0,2.304355458287E0,
-1.031339288076E-1));
#9199=CARTESIAN_POINT('',(2.438737585306E0,2.268396574195E0,
-2.999811500100E-2));
#9200=CARTESIAN_POINT('',(2.443130627768E0,2.265208262621E0,
-3.215218576906E-2));
#9201=CARTESIAN_POINT('',(2.450632948975E0,2.260075168425E0,
-3.715095194313E-2));
#9202=CARTESIAN_POINT('',(2.466870043356E0,2.258379347742E0,
-4.406230814380E-2));
#9203=CARTESIAN_POINT('',(2.475841188825E0,2.260636306763E0,
-4.688639594739E-2));
#9204=CARTESIAN_POINT('',(2.480469047010E0,2.262861327033E0,
-4.804877403504E-2));
#9205=CARTESIAN_POINT('',(2.414147154758E0,2.209967847584E0,
-9.368699847939E-3));
#9206=CARTESIAN_POINT('',(2.416488453925E0,2.208345698038E0,
-9.886989841261E-3));
#9207=CARTESIAN_POINT('',(2.421114085628E0,2.206008038374E0,
-1.166002918457E-2));
#9208=CARTESIAN_POINT('',(2.430814532590E0,2.205892914994E0,
-1.416782007628E-2));
#9209=CARTESIAN_POINT('',(2.436116772083E0,2.207379799848E0,
-1.511804544050E-2));
#9210=CARTESIAN_POINT('',(2.438875053579E0,2.208677431327E0,
-1.543578772393E-2));
#9211=CARTESIAN_POINT('',(2.393817827840E0,2.161602555415E0,
-1.332099746026E-3));
#9212=CARTESIAN_POINT('',(2.394640823170E0,2.161013058665E0,
-1.373954592005E-3));
#9213=CARTESIAN_POINT('',(2.396652981081E0,2.160180596928E0,
-1.649387468099E-3));
#9214=CARTESIAN_POINT('',(2.400702220934E0,2.160414212497E0,
-2.062899578388E-3));
#9215=CARTESIAN_POINT('',(2.402879590555E0,2.161119920149E0,
-2.217458867245E-3));
#9216=CARTESIAN_POINT('',(2.404022802410E0,2.161708988623E0,
-2.263758940078E-3));
#9217=CARTESIAN_POINT('',(2.383503369159E0,2.137182729379E0,0.E0));
#9218=CARTESIAN_POINT('',(2.383739516918E0,2.137006203666E0,0.E0));
#9219=CARTESIAN_POINT('',(2.384378614492E0,2.136759478413E0,0.E0));
#9220=CARTESIAN_POINT('',(2.385639152141E0,2.136899057686E0,0.E0));
#9221=CARTESIAN_POINT('',(2.386320574429E0,2.137152168691E0,0.E0));
#9222=CARTESIAN_POINT('',(2.386688918586E0,2.137359265178E0,0.E0));
#9223=CARTESIAN_POINT('',(2.378298411425E0,2.125E0,0.E0));
#9224=CARTESIAN_POINT('',(2.378298411425E0,2.125E0,0.E0));
#9225=CARTESIAN_POINT('',(2.378298411425E0,2.125E0,0.E0));
#9226=CARTESIAN_POINT('',(2.378298411425E0,2.125E0,0.E0));
#9227=CARTESIAN_POINT('',(2.378298411425E0,2.125E0,0.E0));
#9228=CARTESIAN_POINT('',(2.378298411425E0,2.125E0,0.E0));
#9229=B_SPLINE_SURFACE_WITH_KNOTS('',3,3,((#9175,#9176,#9177,#9178,#9179,#9180),
(#9181,#9182,#9183,#9184,#9185,#9186),(#9187,#9188,#9189,#9190,#9191,#9192),(
#9193,#9194,#9195,#9196,#9197,#9198),(#9199,#9200,#9201,#9202,#9203,#9204),(
#9205,#9206,#9207,#9208,#9209,#9210),(#9211,#9212,#9213,#9214,#9215,#9216),(
#9217,#9218,#9219,#9220,#9221,#9222),(#9223,#9224,#9225,#9226,#9227,#9228)),
.UNSPECIFIED.,.F.,.F.,.F.,(4,1,1,1,1,1,4),(4,1,1,4),(-1.847955978226E-2,1.25E-1,
2.5E-1,5.E-1,7.5E-1,8.75E-1,1.E0),(-7.285336273206E-2,5.E-1,7.5E-1,
1.072857900545E0),.UNSPECIFIED.);
#9230=ORIENTED_EDGE('',*,*,#9167,.T.);
#9232=ORIENTED_EDGE('',*,*,#9231,.T.);
#9234=ORIENTED_EDGE('',*,*,#9233,.F.);
#9235=EDGE_LOOP('',(#9230,#9232,#9234));
#9236=FACE_OUTER_BOUND('',#9235,.F.);
#9238=CARTESIAN_POINT('',(6.384433582382E0,-1.28261E1,-1.5E-1));
#9239=DIRECTION('',(-2.588190451025E-1,9.659258262891E-1,0.E0));
#9240=DIRECTION('',(0.E0,0.E0,1.E0));
#9241=AXIS2_PLACEMENT_3D('',#9238,#9239,#9240);
#9242=CYLINDRICAL_SURFACE('',#9241,1.5E-1);
#9244=ORIENTED_EDGE('',*,*,#9243,.F.);
#9245=ORIENTED_EDGE('',*,*,#8843,.F.);
#9246=ORIENTED_EDGE('',*,*,#9231,.F.);
#9247=ORIENTED_EDGE('',*,*,#4610,.T.);
#9248=EDGE_LOOP('',(#9244,#9245,#9246,#9247));
#9249=FACE_OUTER_BOUND('',#9248,.F.);
#9251=CARTESIAN_POINT('',(2.374846549419E0,2.974940184856E0,
-2.094432167674E-1));
#9252=CARTESIAN_POINT('',(2.366046831120E0,2.975702972267E0,
-2.034453496794E-1));
#9253=CARTESIAN_POINT('',(2.348942627799E0,2.972518148112E0,
-1.938407751681E-1));
#9254=CARTESIAN_POINT('',(2.329333898915E0,2.956150115922E0,
-1.809337647692E-1));
#9255=CARTESIAN_POINT('',(2.319037445276E0,2.932419764052E0,
-1.680242236579E-1));
#9256=CARTESIAN_POINT('',(2.321067282440E0,2.914545982711E0,
-1.584137056117E-1));
#9257=CARTESIAN_POINT('',(2.324587120932E0,2.906130066968E0,
-1.524110903557E-1));
#9258=CARTESIAN_POINT('',(2.379192464770E0,2.973923967286E0,
-1.895558153165E-1));
#9259=CARTESIAN_POINT('',(2.370255179953E0,2.975313368928E0,
-1.836776243642E-1));
#9260=CARTESIAN_POINT('',(2.352280575575E0,2.973049222421E0,
-1.742884334726E-1));
#9261=CARTESIAN_POINT('',(2.331539006119E0,2.957159880925E0,
-1.617018218769E-1));
#9262=CARTESIAN_POINT('',(2.320556889817E0,2.934301816614E0,
-1.491326449164E-1));
#9263=CARTESIAN_POINT('',(2.321466426478E0,2.917588566654E0,
-1.397820712366E-1));
#9264=CARTESIAN_POINT('',(2.323966848654E0,2.909577092038E0,
-1.339330771869E-1));
#9265=CARTESIAN_POINT('',(2.377275510720E0,2.978353401838E0,
-1.494408851031E-1));
#9266=CARTESIAN_POINT('',(2.368172583106E0,2.980893921845E0,
-1.445644227256E-1));
#9267=CARTESIAN_POINT('',(2.349043895097E0,2.980133583085E0,
-1.365247264483E-1));
#9268=CARTESIAN_POINT('',(2.326665551198E0,2.964956845981E0,
-1.252643081311E-1));
#9269=CARTESIAN_POINT('',(2.314477431236E0,2.943324054728E0,
-1.138689082147E-1));
#9270=CARTESIAN_POINT('',(2.313487168248E0,2.928355768559E0,
-1.055279992506E-1));
#9271=CARTESIAN_POINT('',(2.314360312313E0,2.921067676613E0,
-1.004219006581E-1));
#9272=CARTESIAN_POINT('',(2.351307508835E0,2.998850365696E0,
-1.009968812095E-1));
#9273=CARTESIAN_POINT('',(2.342703743281E0,3.001688929833E0,
-9.824197846175E-2));
#9274=CARTESIAN_POINT('',(2.324027579781E0,3.001600850357E0,
-9.289651796820E-2));
#9275=CARTESIAN_POINT('',(2.301944397097E0,2.987633920135E0,
-8.397668797721E-2));
#9276=CARTESIAN_POINT('',(2.289666933240E0,2.968159094718E0,
-7.449163581756E-2));
#9277=CARTESIAN_POINT('',(2.287238660342E0,2.955322448522E0,
-6.788556709890E-2));
#9278=CARTESIAN_POINT('',(2.286780259354E0,2.948894616163E0,
-6.417030420066E-2));
#9279=CARTESIAN_POINT('',(2.315951904125E0,3.024302803986E0,
-6.613911569807E-2));
#9280=CARTESIAN_POINT('',(2.308280786366E0,3.026585815836E0,
-6.491504931729E-2));
#9281=CARTESIAN_POINT('',(2.291417648593E0,3.026407972208E0,
-6.166471295775E-2));
#9282=CARTESIAN_POINT('',(2.271325618995E0,3.014348359612E0,
-5.494924805154E-2));
#9283=CARTESIAN_POINT('',(2.259956319240E0,2.997884534724E0,
-4.749059663654E-2));
#9284=CARTESIAN_POINT('',(2.256982752474E0,2.987249279728E0,
-4.258282143352E-2));
#9285=CARTESIAN_POINT('',(2.255928781976E0,2.981731104744E0,
-4.009616498677E-2));
#9286=CARTESIAN_POINT('',(2.261727801091E0,3.061652954316E0,
-3.198751613240E-2));
#9287=CARTESIAN_POINT('',(2.255741373070E0,3.062904054276E0,
-3.189466735208E-2));
#9288=CARTESIAN_POINT('',(2.242602222747E0,3.062407836286E0,
-3.055784363287E-2));
#9289=CARTESIAN_POINT('',(2.226783516692E0,3.053654111330E0,
-2.665535982444E-2));
#9290=CARTESIAN_POINT('',(2.217576618472E0,3.041931832345E0,
-2.214119285739E-2));
#9291=CARTESIAN_POINT('',(2.214702399868E0,3.034363598613E0,
-1.944022955413E-2));
#9292=CARTESIAN_POINT('',(2.213524057695E0,3.030256938315E0,
-1.830822813012E-2));
#9293=CARTESIAN_POINT('',(2.201991213654E0,3.101120386100E0,
-1.202861121335E-2));
#9294=CARTESIAN_POINT('',(2.198149170796E0,3.101700367512E0,
-1.203011318694E-2));
#9295=CARTESIAN_POINT('',(2.190025488738E0,3.101296865776E0,
-1.150476300868E-2));
#9296=CARTESIAN_POINT('',(2.180159488759E0,3.096488109103E0,
-9.916164776379E-3));
#9297=CARTESIAN_POINT('',(2.174206315596E0,3.089819525910E0,
-8.142038632494E-3));
#9298=CARTESIAN_POINT('',(2.172329161566E0,3.085310556359E0,
-7.202925101032E-3));
#9299=CARTESIAN_POINT('',(2.171680414224E0,3.082872930967E0,
-6.889202601683E-3));
#9300=CARTESIAN_POINT('',(2.141391352897E0,3.142072618455E0,
-1.868479529784E-3));
#9301=CARTESIAN_POINT('',(2.139861309021E0,3.142452692485E0,
-1.845776314414E-3));
#9302=CARTESIAN_POINT('',(2.136754336550E0,3.142486238921E0,
-1.728504677590E-3));
#9303=CARTESIAN_POINT('',(2.132902937858E0,3.140977996992E0,
-1.458947825691E-3));
#9304=CARTESIAN_POINT('',(2.130495040931E0,3.138588016398E0,
-1.197870173239E-3));
#9305=CARTESIAN_POINT('',(2.129859965762E0,3.136890113181E0,
-1.099500379937E-3));
#9306=CARTESIAN_POINT('',(2.129793679279E0,3.136074449623E0,
-1.091175011986E-3));
#9307=CARTESIAN_POINT('',(2.111463103874E0,3.163639321358E0,0.E0));
#9308=CARTESIAN_POINT('',(2.110988735401E0,3.163815817905E0,0.E0));
#9309=CARTESIAN_POINT('',(2.110080009173E0,3.163916419491E0,0.E0));
#9310=CARTESIAN_POINT('',(2.108965325810E0,3.163605163335E0,0.E0));
#9311=CARTESIAN_POINT('',(2.108271608673E0,3.162970959094E0,0.E0));
#9312=CARTESIAN_POINT('',(2.108133399067E0,3.162480364320E0,0.E0));
#9313=CARTESIAN_POINT('',(2.108167074565E0,3.162267010550E0,0.E0));
#9314=CARTESIAN_POINT('',(2.096951759372E0,3.175E0,0.E0));
#9315=CARTESIAN_POINT('',(2.096951759372E0,3.175E0,0.E0));
#9316=CARTESIAN_POINT('',(2.096951759372E0,3.175E0,0.E0));
#9317=CARTESIAN_POINT('',(2.096951759372E0,3.175E0,0.E0));
#9318=CARTESIAN_POINT('',(2.096951759372E0,3.175E0,0.E0));
#9319=CARTESIAN_POINT('',(2.096951759372E0,3.175E0,0.E0));
#9320=CARTESIAN_POINT('',(2.096951759372E0,3.175E0,0.E0));
#9321=B_SPLINE_SURFACE_WITH_KNOTS('',3,3,((#9251,#9252,#9253,#9254,#9255,#9256,
#9257),(#9258,#9259,#9260,#9261,#9262,#9263,#9264),(#9265,#9266,#9267,#9268,
#9269,#9270,#9271),(#9272,#9273,#9274,#9275,#9276,#9277,#9278),(#9279,#9280,
#9281,#9282,#9283,#9284,#9285),(#9286,#9287,#9288,#9289,#9290,#9291,#9292),(
#9293,#9294,#9295,#9296,#9297,#9298,#9299),(#9300,#9301,#9302,#9303,#9304,#9305,
#9306),(#9307,#9308,#9309,#9310,#9311,#9312,#9313),(#9314,#9315,#9316,#9317,
#9318,#9319,#9320)),.UNSPECIFIED.,.F.,.F.,.F.,(4,1,1,1,1,1,1,4),(4,1,1,1,4),(
-1.433900225212E-2,1.25E-1,2.5E-1,3.75E-1,5.E-1,7.5E-1,8.75E-1,1.E0),(
-5.750239192038E-2,2.5E-1,5.E-1,7.5E-1,1.057479360421E0),.UNSPECIFIED.);
#9322=ORIENTED_EDGE('',*,*,#9243,.T.);
#9324=ORIENTED_EDGE('',*,*,#9323,.T.);
#9325=ORIENTED_EDGE('',*,*,#8825,.F.);
#9326=EDGE_LOOP('',(#9322,#9324,#9325));
#9327=FACE_OUTER_BOUND('',#9326,.F.);
#9329=CARTESIAN_POINT('',(-2.2418748E1,3.175E0,-2.E-1));
#9330=DIRECTION('',(1.E0,0.E0,0.E0));
#9331=DIRECTION('',(0.E0,0.E0,1.E0));
#9332=AXIS2_PLACEMENT_3D('',#9329,#9330,#9331);
#9333=CYLINDRICAL_SURFACE('',#9332,2.E-1);
#9335=ORIENTED_EDGE('',*,*,#9334,.F.);
#9336=ORIENTED_EDGE('',*,*,#8813,.F.);
#9337=ORIENTED_EDGE('',*,*,#9323,.F.);
#9338=ORIENTED_EDGE('',*,*,#4608,.T.);
#9339=EDGE_LOOP('',(#9335,#9336,#9337,#9338));
#9340=FACE_OUTER_BOUND('',#9339,.F.);
#9342=CARTESIAN_POINT('',(5.295412084298E0,2.906128235873E0,
-1.524097617529E-1));
#9343=CARTESIAN_POINT('',(5.298932534670E0,2.914544339357E0,
-1.584128078819E-1));
#9344=CARTESIAN_POINT('',(5.300962898983E0,2.932419752302E0,
-1.680241797208E-1));
#9345=CARTESIAN_POINT('',(5.290665451609E0,2.956150967142E0,
-1.809342285529E-1));
#9346=CARTESIAN_POINT('',(5.271057259742E0,2.972517818874E0,
-1.938407033981E-1));
#9347=CARTESIAN_POINT('',(5.253954714936E0,2.975702663397E0,
-2.034444055146E-1));
#9348=CARTESIAN_POINT('',(5.245155344066E0,2.974940363511E0,
-2.094418320105E-1));
#9349=CARTESIAN_POINT('',(5.296032597308E0,2.909575390600E0,
-1.339315622905E-1));
#9350=CARTESIAN_POINT('',(5.298533504806E0,2.917587067376E0,
-1.397809903919E-1));
#9351=CARTESIAN_POINT('',(5.299443434456E0,2.934301853648E0,
-1.491324201724E-1));
#9352=CARTESIAN_POINT('',(5.288460349092E0,2.957160705671E0,
-1.617021134125E-1));
#9353=CARTESIAN_POINT('',(5.267719374298E0,2.973048902628E0,
-1.742882497957E-1));
#9354=CARTESIAN_POINT('',(5.249746483166E0,2.975313180046E0,
-1.836766085739E-1));
#9355=CARTESIAN_POINT('',(5.240809504926E0,2.973924320148E0,
-1.895543754571E-1));
#9356=CARTESIAN_POINT('',(5.305639615838E0,2.921066198192E0,
-1.004207003705E-1));
#9357=CARTESIAN_POINT('',(5.306513027395E0,2.928354467028E0,
-1.055272222721E-1));
#9358=CARTESIAN_POINT('',(5.305522890220E0,2.943324066181E0,
-1.138690214041E-1));
#9359=CARTESIAN_POINT('',(5.293333752095E0,2.964957460751E0,
-1.252650441579E-1));
#9360=CARTESIAN_POINT('',(5.270955987806E0,2.980133054611E0,
-1.365252346369E-1));
#9361=CARTESIAN_POINT('',(5.251828988607E0,2.980893666273E0,
-1.445643414071E-1));
#9362=CARTESIAN_POINT('',(5.242726282450E0,2.978353799762E0,
-1.494405679044E-1));
#9363=CARTESIAN_POINT('',(5.333219466438E0,2.948892897931E0,
-6.416987927468E-2));
#9364=CARTESIAN_POINT('',(5.332761258574E0,2.955320972140E0,
-6.788528878793E-2));
#9365=CARTESIAN_POINT('',(5.330333062060E0,2.968158827656E0,
-7.449186728003E-2));
#9366=CARTESIAN_POINT('',(5.318054845368E0,2.987634351965E0,
-8.397711109444E-2));
#9367=CARTESIAN_POINT('',(5.295972415311E0,3.001600444370E0,
-9.289645259111E-2));
#9368=CARTESIAN_POINT('',(5.277297937819E0,3.001688944696E0,
-9.824127298179E-2));
#9369=CARTESIAN_POINT('',(5.268694409134E0,2.998851048866E0,
-1.009960187596E-1));
#9370=CARTESIAN_POINT('',(5.364070816543E0,2.981729207455E0,
-4.009607506809E-2));
#9371=CARTESIAN_POINT('',(5.363017057394E0,2.987247719660E0,
-4.258272108881E-2));
#9372=CARTESIAN_POINT('',(5.360043650562E0,2.997884122028E0,
-4.749077815404E-2));
#9373=CARTESIAN_POINT('',(5.348673977104E0,3.014348778019E0,
-5.494942157874E-2));
#9374=CARTESIAN_POINT('',(5.328582919572E0,3.026407927875E0,
-6.166435233093E-2));
#9375=CARTESIAN_POINT('',(5.311721431666E0,3.026586302156E0,
-6.491411732466E-2));
#9376=CARTESIAN_POINT('',(5.304050621409E0,3.024303923423E0,
-6.613810629858E-2));
#9377=CARTESIAN_POINT('',(5.406475206072E0,3.030254895306E0,
-1.830844473773E-2));
#9378=CARTESIAN_POINT('',(5.405297126983E0,3.034361964870E0,
-1.944033894381E-2));
#9379=CARTESIAN_POINT('',(5.402423203792E0,3.041931218556E0,
-2.214138783369E-2));
#9380=CARTESIAN_POINT('',(5.393216396281E0,3.053654433614E0,
-2.665544672359E-2));
#9381=CARTESIAN_POINT('',(5.377398842671E0,3.062408144526E0,
-3.055750900925E-2));
#9382=CARTESIAN_POINT('',(5.364261159386E0,3.062904925757E0,
-3.189393626521E-2));
#9383=CARTESIAN_POINT('',(5.358275120005E0,3.061654347739E0,
-3.198676972563E-2));
#9384=CARTESIAN_POINT('',(5.448318917435E0,3.082871468550E0,
-6.889229384762E-3));
#9385=CARTESIAN_POINT('',(5.447670414406E0,3.085309387930E0,
-7.202885034469E-3));
#9386=CARTESIAN_POINT('',(5.445793528411E0,3.089819032275E0,
-8.142028873420E-3));
#9387=CARTESIAN_POINT('',(5.439840544137E0,3.096488321470E0,
-9.916128163680E-3));
#9388=CARTESIAN_POINT('',(5.429975419079E0,3.101297196820E0,
-1.150457947868E-2));
#9389=CARTESIAN_POINT('',(5.421852692166E0,3.101701069314E0,
-1.202977798823E-2));
#9390=CARTESIAN_POINT('',(5.418010990387E0,3.101121431409E0,
-1.202827856282E-2));
#9391=CARTESIAN_POINT('',(5.490206083599E0,3.136073918217E0,
-1.091226354037E-3));
#9392=CARTESIAN_POINT('',(5.490139908322E0,3.136889665621E0,
-1.099542433303E-3));
#9393=CARTESIAN_POINT('',(5.489504932785E0,3.138587805697E0,
-1.197908602923E-3));
#9394=CARTESIAN_POINT('',(5.487097106579E0,3.140978059908E0,
-1.458953775667E-3));
#9395=CARTESIAN_POINT('',(5.483246062435E0,3.142486335375E0,
-1.728459845919E-3));
#9396=CARTESIAN_POINT('',(5.480139418907E0,3.142452903807E0,
-1.845699967524E-3));
#9397=CARTESIAN_POINT('',(5.478609507554E0,3.142072980742E0,
-1.868408089612E-3));
#9398=CARTESIAN_POINT('',(5.511832819289E0,3.162266835915E0,0.E0));
#9399=CARTESIAN_POINT('',(5.511866527662E0,3.162480204367E0,0.E0));
#9400=CARTESIAN_POINT('',(5.511728332729E0,3.162970859380E0,0.E0));
#9401=CARTESIAN_POINT('',(5.511034604903E0,3.163605136471E0,0.E0));
#9402=CARTESIAN_POINT('',(5.509919998502E0,3.163916391433E0,0.E0));
#9403=CARTESIAN_POINT('',(5.509011346734E0,3.163815812324E0,0.E0));
#9404=CARTESIAN_POINT('',(5.508537016562E0,3.163639363584E0,0.E0));
#9405=CARTESIAN_POINT('',(5.523048257499E0,3.175E0,0.E0));
#9406=CARTESIAN_POINT('',(5.523048257499E0,3.175E0,0.E0));
#9407=CARTESIAN_POINT('',(5.523048257499E0,3.175E0,0.E0));
#9408=CARTESIAN_POINT('',(5.523048257499E0,3.175E0,0.E0));
#9409=CARTESIAN_POINT('',(5.523048257499E0,3.175E0,0.E0));
#9410=CARTESIAN_POINT('',(5.523048257499E0,3.175E0,0.E0));
#9411=CARTESIAN_POINT('',(5.523048257499E0,3.175E0,0.E0));
#9412=B_SPLINE_SURFACE_WITH_KNOTS('',3,3,((#9342,#9343,#9344,#9345,#9346,#9347,
#9348),(#9349,#9350,#9351,#9352,#9353,#9354,#9355),(#9356,#9357,#9358,#9359,
#9360,#9361,#9362),(#9363,#9364,#9365,#9366,#9367,#9368,#9369),(#9370,#9371,
#9372,#9373,#9374,#9375,#9376),(#9377,#9378,#9379,#9380,#9381,#9382,#9383),(
#9384,#9385,#9386,#9387,#9388,#9389,#9390),(#9391,#9392,#9393,#9394,#9395,#9396,
#9397),(#9398,#9399,#9400,#9401,#9402,#9403,#9404),(#9405,#9406,#9407,#9408,
#9409,#9410,#9411)),.UNSPECIFIED.,.F.,.F.,.F.,(4,1,1,1,1,1,1,4),(4,1,1,1,4),(
-1.433880456389E-2,1.25E-1,2.5E-1,3.75E-1,5.E-1,7.5E-1,8.75E-1,1.E0),(
-5.750239032711E-2,2.5E-1,5.E-1,7.5E-1,1.057479358828E0),.UNSPECIFIED.);
#9413=ORIENTED_EDGE('',*,*,#9334,.T.);
#9415=ORIENTED_EDGE('',*,*,#9414,.T.);
#9416=ORIENTED_EDGE('',*,*,#8797,.F.);
#9417=EDGE_LOOP('',(#9413,#9415,#9416));
#9418=FACE_OUTER_BOUND('',#9417,.F.);
#9420=CARTESIAN_POINT('',(8.243028021889E0,1.33261E1,-1.5E-1));
#9421=DIRECTION('',(-2.588191087674E-1,-9.659258092301E-1,0.E0));
#9422=DIRECTION('',(0.E0,0.E0,1.E0));
#9423=AXIS2_PLACEMENT_3D('',#9420,#9421,#9422);
#9424=CYLINDRICAL_SURFACE('',#9423,1.5E-1);
#9425=ORIENTED_EDGE('',*,*,#9414,.F.);
#9426=ORIENTED_EDGE('',*,*,#4606,.T.);
#9428=ORIENTED_EDGE('',*,*,#9427,.F.);
#9429=ORIENTED_EDGE('',*,*,#8783,.F.);
#9430=EDGE_LOOP('',(#9425,#9426,#9428,#9429));
#9431=FACE_OUTER_BOUND('',#9430,.F.);
#9433=CARTESIAN_POINT('',(2.2418748E1,2.175E0,-1.5E-1));
#9434=DIRECTION('',(-1.E0,0.E0,0.E0));
#9435=DIRECTION('',(0.E0,0.E0,1.E0));
#9436=AXIS2_PLACEMENT_3D('',#9433,#9434,#9435);
#9437=CYLINDRICAL_SURFACE('',#9436,1.5E-1);
#9438=ORIENTED_EDGE('',*,*,#4604,.T.);
#9440=ORIENTED_EDGE('',*,*,#9439,.T.);
#9441=ORIENTED_EDGE('',*,*,#8769,.F.);
#9442=ORIENTED_EDGE('',*,*,#9427,.T.);
#9443=EDGE_LOOP('',(#9438,#9440,#9441,#9442));
#9444=FACE_OUTER_BOUND('',#9443,.F.);
#9446=CARTESIAN_POINT('',(4.757278303742E0,2.318700731895E0,
-1.619876825793E-1));
#9447=CARTESIAN_POINT('',(4.759186348333E0,2.326416251014E0,
-6.285435706575E-2));
#9448=CARTESIAN_POINT('',(4.742304111055E0,2.258149909078E0,7.468347090670E-3));
#9449=CARTESIAN_POINT('',(4.718505416622E0,2.161915637223E0,
-4.798074532566E-4));
#9450=CARTESIAN_POINT('',(4.594576932003E0,2.358936711814E0,
-1.619876825793E-1));
#9451=CARTESIAN_POINT('',(4.589987435911E0,2.368259069975E0,
-6.285435706575E-2));
#9452=CARTESIAN_POINT('',(4.630594957543E0,2.285775535152E0,7.468347090670E-3));
#9453=CARTESIAN_POINT('',(4.687838910641E0,2.169499451087E0,
-4.798074532566E-4));
#9454=CARTESIAN_POINT('',(4.476063914850E0,2.240423694760E0,
-1.619876825793E-1));
#9455=CARTESIAN_POINT('',(4.466741556692E0,2.245013190860E0,
-6.285435706575E-2));
#9456=CARTESIAN_POINT('',(4.549225091482E0,2.204405669159E0,7.468347090670E-3));
#9457=CARTESIAN_POINT('',(4.665501175498E0,2.147161715963E0,
-4.798074532566E-4));
#9458=CARTESIAN_POINT('',(4.516299894632E0,2.077722322987E0,
-1.619876825793E-1));
#9459=CARTESIAN_POINT('',(4.508584375512E0,2.075814278403E0,
-6.285435706575E-2));
#9460=CARTESIAN_POINT('',(4.576850717462E0,2.092696515624E0,7.468347090670E-3));
#9461=CARTESIAN_POINT('',(4.673084989337E0,2.116495209976E0,
-4.798074532566E-4));
#9462=(BOUNDED_SURFACE()B_SPLINE_SURFACE(3,3,((#9446,#9447,#9448,#9449),(#9450,
#9451,#9452,#9453),(#9454,#9455,#9456,#9457),(#9458,#9459,#9460,#9461)),
.UNSPECIFIED.,.F.,.F.,.F.)B_SPLINE_SURFACE_WITH_KNOTS((4,4),(4,4),(0.E0,1.E0),(
0.E0,1.E0),.UNSPECIFIED.)GEOMETRIC_REPRESENTATION_ITEM()RATIONAL_B_SPLINE_SURFACE(((1.600008693749E0,1.224896034220E0,1.224896034220E0,1.600008693749E0),(
1.084459071374E0,8.302139988299E-1,8.302139988299E-1,1.084459071374E0),(
1.084459071374E0,8.302139988299E-1,8.302139988299E-1,1.084459071374E0),(
1.600008693749E0,1.224896034220E0,1.224896034220E0,1.600008693749E0)))REPRESENTATION_ITEM('')SURFACE());
#9463=ORIENTED_EDGE('',*,*,#4602,.T.);
#9465=ORIENTED_EDGE('',*,*,#9464,.T.);
#9467=ORIENTED_EDGE('',*,*,#9466,.F.);
#9468=ORIENTED_EDGE('',*,*,#9439,.F.);
#9469=EDGE_LOOP('',(#9463,#9465,#9467,#9468));
#9470=FACE_OUTER_BOUND('',#9469,.F.);
#9472=CARTESIAN_POINT('',(4.66E0,2.147344226567E0,-1.5E-1));
#9473=DIRECTION('',(0.E0,-1.E0,0.E0));
#9474=DIRECTION('',(0.E0,0.E0,1.E0));
#9475=AXIS2_PLACEMENT_3D('',#9472,#9473,#9474);
#9476=CYLINDRICAL_SURFACE('',#9475,1.5E-1);
#9477=ORIENTED_EDGE('',*,*,#4600,.T.);
#9479=ORIENTED_EDGE('',*,*,#9478,.T.);
#9481=ORIENTED_EDGE('',*,*,#9480,.F.);
#9482=ORIENTED_EDGE('',*,*,#9464,.F.);
#9483=EDGE_LOOP('',(#9477,#9479,#9481,#9482));
#9484=FACE_OUTER_BOUND('',#9483,.F.);
#9486=CARTESIAN_POINT('',(4.516299821363E0,1.872278007304E0,
-1.619876825793E-1));
#9487=CARTESIAN_POINT('',(4.508584311520E0,1.874186037039E0,
-6.285451385730E-2));
#9488=CARTESIAN_POINT('',(4.576850500099E0,1.857303948836E0,7.468152511625E-3));
#9489=CARTESIAN_POINT('',(4.673084672378E0,1.833505435716E0,
-4.797824159610E-4));
#9490=CARTESIAN_POINT('',(4.476064180333E0,1.709576934714E0,
-1.619876825793E-1));
#9491=CARTESIAN_POINT('',(4.466741847522E0,1.704987445989E0,
-6.285451385730E-2));
#9492=CARTESIAN_POINT('',(4.549225071911E0,1.745594860032E0,7.468152511625E-3));
#9493=CARTESIAN_POINT('',(4.665500859254E0,1.802838730827E0,
-4.797824159610E-4));
#9494=CARTESIAN_POINT('',(4.594576934514E0,1.591064180431E0,
-1.619876825793E-1));
#9495=CARTESIAN_POINT('',(4.589987445781E0,1.581741847624E0,
-6.285451385730E-2));
#9496=CARTESIAN_POINT('',(4.630594859894E0,1.664225071979E0,7.468152511625E-3));
#9497=CARTESIAN_POINT('',(4.687838730789E0,1.780500859273E0,
-4.797824159610E-4));
#9498=CARTESIAN_POINT('',(4.757278007139E0,1.631299821322E0,
-1.619876825793E-1));
#9499=CARTESIAN_POINT('',(4.759186036867E0,1.623584311477E0,
-6.285451385730E-2));
#9500=CARTESIAN_POINT('',(4.742303948723E0,1.691850500071E0,7.468152511625E-3));
#9501=CARTESIAN_POINT('',(4.718505435685E0,1.788084672370E0,
-4.797824159610E-4));
#9502=(BOUNDED_SURFACE()B_SPLINE_SURFACE(3,3,((#9486,#9487,#9488,#9489),(#9490,
#9491,#9492,#9493),(#9494,#9495,#9496,#9497),(#9498,#9499,#9500,#9501)),
.UNSPECIFIED.,.F.,.F.,.F.)B_SPLINE_SURFACE_WITH_KNOTS((4,4),(4,4),(0.E0,1.E0),(
0.E0,1.E0),.UNSPECIFIED.)GEOMETRIC_REPRESENTATION_ITEM()RATIONAL_B_SPLINE_SURFACE(((1.600006536117E0,1.224895230508E0,1.224895230508E0,1.600006536117E0),(
1.084459010247E0,8.302145268464E-1,8.302145268464E-1,1.084459010247E0),(
1.084459010247E0,8.302145268464E-1,8.302145268464E-1,1.084459010247E0),(
1.600006536117E0,1.224895230508E0,1.224895230508E0,1.600006536117E0)))REPRESENTATION_ITEM('')SURFACE());
#9503=ORIENTED_EDGE('',*,*,#4598,.T.);
#9505=ORIENTED_EDGE('',*,*,#9504,.T.);
#9507=ORIENTED_EDGE('',*,*,#9506,.F.);
#9508=ORIENTED_EDGE('',*,*,#9478,.F.);
#9509=EDGE_LOOP('',(#9503,#9505,#9507,#9508));
#9510=FACE_OUTER_BOUND('',#9509,.F.);
#9512=CARTESIAN_POINT('',(4.6876564E0,1.775E0,-1.5E-1));
#9513=DIRECTION('',(1.E0,0.E0,0.E0));
#9514=DIRECTION('',(0.E0,0.E0,1.E0));
#9515=AXIS2_PLACEMENT_3D('',#9512,#9513,#9514);
#9516=CYLINDRICAL_SURFACE('',#9515,1.5E-1);
#9518=ORIENTED_EDGE('',*,*,#9517,.F.);
#9519=ORIENTED_EDGE('',*,*,#8698,.F.);
#9520=ORIENTED_EDGE('',*,*,#9504,.F.);
#9521=ORIENTED_EDGE('',*,*,#4596,.T.);
#9522=EDGE_LOOP('',(#9518,#9519,#9520,#9521));
#9523=FACE_OUTER_BOUND('',#9522,.F.);
#9525=CARTESIAN_POINT('',(5.463430374047E0,1.571353141318E0,
-2.082139315902E-1));
#9526=CARTESIAN_POINT('',(5.464101339294E0,1.579135554014E0,
-2.025326097307E-1));
#9527=CARTESIAN_POINT('',(5.461826239574E0,1.593932921974E0,
-1.931549145291E-1));
#9528=CARTESIAN_POINT('',(5.449503201419E0,1.612014648159E0,
-1.802972407725E-1));
#9529=CARTESIAN_POINT('',(5.430917316907E0,1.623977828706E0,
-1.673917078008E-1));
#9530=CARTESIAN_POINT('',(5.415629917283E0,1.625778324611E0,
-1.579137736594E-1));
#9531=CARTESIAN_POINT('',(5.407668487895E0,1.624714967698E0,
-1.521653491372E-1));
#9532=CARTESIAN_POINT('',(5.462649317601E0,1.567244919874E0,
-1.904425582689E-1));
#9533=CARTESIAN_POINT('',(5.463854532640E0,1.575170607311E0,
-1.849042917683E-1));
#9534=CARTESIAN_POINT('',(5.462369313826E0,1.590614324876E0,
-1.757786502879E-1));
#9535=CARTESIAN_POINT('',(5.450689327153E0,1.609611441426E0,
-1.632847400159E-1));
#9536=CARTESIAN_POINT('',(5.432945965832E0,1.622250642632E0,
-1.507581051425E-1));
#9537=CARTESIAN_POINT('',(5.418656054778E0,1.624836628651E0,
-1.415647067519E-1));
#9538=CARTESIAN_POINT('',(5.411194242136E0,1.624496656644E0,
-1.359830340570E-1));
#9539=CARTESIAN_POINT('',(5.466053921257E0,1.567475037769E0,
-1.551063942517E-1));
#9540=CARTESIAN_POINT('',(5.468181212550E0,1.575458550332E0,
-1.503697547723E-1));
#9541=CARTESIAN_POINT('',(5.468086359196E0,1.591436554127E0,
-1.424076923379E-1));
#9542=CARTESIAN_POINT('',(5.457794418007E0,1.611219464938E0,
-1.312254091609E-1));
#9543=CARTESIAN_POINT('',(5.441799027851E0,1.624537378688E0,
-1.199217725116E-1));
#9544=CARTESIAN_POINT('',(5.429367105270E0,1.628336094350E0,
-1.116889603779E-1));
#9545=CARTESIAN_POINT('',(5.422884447007E0,1.629189673226E0,
-1.067496252766E-1));
#9546=CARTESIAN_POINT('',(5.488582334986E0,1.590177895276E0,
-9.485537598319E-2));
#9547=CARTESIAN_POINT('',(5.491304698607E0,1.597442295524E0,
-9.225526731065E-2));
#9548=CARTESIAN_POINT('',(5.492553977563E0,1.612296854725E0,
-8.716396030831E-2));
#9549=CARTESIAN_POINT('',(5.484841698523E0,1.630734176154E0,
-7.893436103478E-2));
#9550=CARTESIAN_POINT('',(5.472408070131E0,1.643297091450E0,
-7.038934693926E-2));
#9551=CARTESIAN_POINT('',(5.463184386187E0,1.648037410972E0,
-6.458530050060E-2));
#9552=CARTESIAN_POINT('',(5.458333628055E0,1.650149229158E0,
-6.143732982998E-2));
#9553=CARTESIAN_POINT('',(5.532471635625E0,1.638051362118E0,
-4.268628266246E-2));
#9554=CARTESIAN_POINT('',(5.534386870410E0,1.643581331070E0,
-4.199483578872E-2));
#9555=CARTESIAN_POINT('',(5.535553016990E0,1.654951465673E0,
-3.976314761229E-2));
#9556=CARTESIAN_POINT('',(5.530881298718E0,1.669180303933E0,
-3.511264727218E-2));
#9557=CARTESIAN_POINT('',(5.523054028783E0,1.679022133279E0,
-3.018692386764E-2));
#9558=CARTESIAN_POINT('',(5.517248684919E0,1.683123805471E0,
-2.733193395943E-2));
#9559=CARTESIAN_POINT('',(5.514057548629E0,1.685115145541E0,
-2.615939998529E-2));
#9560=CARTESIAN_POINT('',(5.584522645023E0,1.694402514536E0,
-1.374286915947E-2));
#9561=CARTESIAN_POINT('',(5.585537620362E0,1.697669912141E0,
-1.356259405505E-2));
#9562=CARTESIAN_POINT('',(5.586259398572E0,1.704228608663E0,
-1.280620257741E-2));
#9563=CARTESIAN_POINT('',(5.584205165326E0,1.712524337624E0,
-1.114069994347E-2));
#9564=CARTESIAN_POINT('',(5.580373583348E0,1.718402658512E0,
-9.423983069367E-3));
#9565=CARTESIAN_POINT('',(5.577343349888E0,1.720814771002E0,
-8.551156155438E-3));
#9566=CARTESIAN_POINT('',(5.575653286397E0,1.721832517199E0,
-8.280972679429E-3));
#9567=CARTESIAN_POINT('',(5.628708496156E0,1.740866940470E0,
-2.056300080849E-3));
#9568=CARTESIAN_POINT('',(5.629214296659E0,1.742187419755E0,
-2.020626218853E-3));
#9569=CARTESIAN_POINT('',(5.629638692553E0,1.744778742016E0,
-1.884761695271E-3));
#9570=CARTESIAN_POINT('',(5.629077208619E0,1.748115374674E0,
-1.607432355369E-3));
#9571=CARTESIAN_POINT('',(5.627731432952E0,1.750535357921E0,
-1.343947566891E-3));
#9572=CARTESIAN_POINT('',(5.626588252028E0,1.751451416738E0,
-1.239237567208E-3));
#9573=CARTESIAN_POINT('',(5.625991755987E0,1.751724669213E0,
-1.227646271986E-3));
#9574=CARTESIAN_POINT('',(5.651702206915E0,1.763861111945E0,0.E0));
#9575=CARTESIAN_POINT('',(5.651896777516E0,1.764276670468E0,0.E0));
#9576=CARTESIAN_POINT('',(5.652082573702E0,1.765059123553E0,0.E0));
#9577=CARTESIAN_POINT('',(5.651992227464E0,1.766058608132E0,0.E0));
#9578=CARTESIAN_POINT('',(5.651629501900E0,1.766785645566E0,0.E0));
#9579=CARTESIAN_POINT('',(5.651288714154E0,1.767041462715E0,0.E0));
#9580=CARTESIAN_POINT('',(5.651119563728E0,1.767093296075E0,0.E0));
#9581=CARTESIAN_POINT('',(5.663534765956E0,1.775E0,0.E0));
#9582=CARTESIAN_POINT('',(5.663534765956E0,1.775E0,0.E0));
#9583=CARTESIAN_POINT('',(5.663534765956E0,1.775E0,0.E0));
#9584=CARTESIAN_POINT('',(5.663534765956E0,1.775E0,0.E0));
#9585=CARTESIAN_POINT('',(5.663534765956E0,1.775E0,0.E0));
#9586=CARTESIAN_POINT('',(5.663534765956E0,1.775E0,0.E0));
#9587=CARTESIAN_POINT('',(5.663534765956E0,1.775E0,0.E0));
#9588=B_SPLINE_SURFACE_WITH_KNOTS('',3,3,((#9525,#9526,#9527,#9528,#9529,#9530,
#9531),(#9532,#9533,#9534,#9535,#9536,#9537,#9538),(#9539,#9540,#9541,#9542,
#9543,#9544,#9545),(#9546,#9547,#9548,#9549,#9550,#9551,#9552),(#9553,#9554,
#9555,#9556,#9557,#9558,#9559),(#9560,#9561,#9562,#9563,#9564,#9565,#9566),(
#9567,#9568,#9569,#9570,#9571,#9572,#9573),(#9574,#9575,#9576,#9577,#9578,#9579,
#9580),(#9581,#9582,#9583,#9584,#9585,#9586,#9587)),.UNSPECIFIED.,.F.,.F.,.F.,
(4,1,1,1,1,1,4),(4,1,1,1,4),(-1.650032179347E-2,1.25E-1,2.5E-1,5.E-1,7.5E-1,
8.75E-1,1.E0),(-6.514804383347E-2,2.5E-1,5.E-1,7.5E-1,1.065120851350E0),
.UNSPECIFIED.);
#9589=ORIENTED_EDGE('',*,*,#9517,.T.);
#9591=ORIENTED_EDGE('',*,*,#9590,.T.);
#9592=ORIENTED_EDGE('',*,*,#8681,.F.);
#9593=EDGE_LOOP('',(#9589,#9591,#9592));
#9594=FACE_OUTER_BOUND('',#9593,.F.);
#9596=CARTESIAN_POINT('',(5.663534765956E0,1.33261E1,-2.E-1));
#9597=DIRECTION('',(0.E0,-1.E0,0.E0));
#9598=DIRECTION('',(0.E0,0.E0,1.E0));
#9599=AXIS2_PLACEMENT_3D('',#9596,#9597,#9598);
#9600=CYLINDRICAL_SURFACE('',#9599,2.E-1);
#9601=ORIENTED_EDGE('',*,*,#9590,.F.);
#9602=ORIENTED_EDGE('',*,*,#4594,.T.);
#9604=ORIENTED_EDGE('',*,*,#9603,.F.);
#9605=ORIENTED_EDGE('',*,*,#8665,.F.);
#9606=EDGE_LOOP('',(#9601,#9602,#9604,#9605));
#9607=FACE_OUTER_BOUND('',#9606,.F.);
#9609=CARTESIAN_POINT('',(5.407610192609E0,-2.624711989139E0,
-2.061172632633E-1));
#9610=CARTESIAN_POINT('',(5.422726609992E0,-2.626657965662E0,
-2.058180719454E-1));
#9611=CARTESIAN_POINT('',(5.453982861114E0,-2.615459955202E0,
-2.053793310780E-1));
#9612=CARTESIAN_POINT('',(5.465168765067E0,-2.584176513607E0,
-2.047834288576E-1));
#9613=CARTESIAN_POINT('',(5.463199044355E0,-2.569048172612E0,
-2.043488776779E-1));
#9614=CARTESIAN_POINT('',(5.406996382412E0,-2.624096938345E0,
-1.868845458865E-1));
#9615=CARTESIAN_POINT('',(5.421750532789E0,-2.626060837882E0,
-1.865620183034E-1));
#9616=CARTESIAN_POINT('',(5.453587611081E0,-2.615015596553E0,
-1.861138275310E-1));
#9617=CARTESIAN_POINT('',(5.464665459627E0,-2.583255339286E0,
-1.855662270461E-1));
#9618=CARTESIAN_POINT('',(5.462757826403E0,-2.568529810343E0,
-1.851743153367E-1));
#9619=CARTESIAN_POINT('',(5.413125455095E0,-2.628538219874E0,
-1.501451309474E-1));
#9620=CARTESIAN_POINT('',(5.426976311182E0,-2.630454390549E0,
-1.501055343440E-1));
#9621=CARTESIAN_POINT('',(5.458660684786E0,-2.620009495940E0,
-1.499544497877E-1));
#9622=CARTESIAN_POINT('',(5.469211588369E0,-2.588538003467E0,
-1.492182098346E-1));
#9623=CARTESIAN_POINT('',(5.467489949405E0,-2.574779891571E0,
-1.486340131101E-1));
#9624=CARTESIAN_POINT('',(5.444642665873E0,-2.653167433141E0,
-8.963346052715E-2));
#9625=CARTESIAN_POINT('',(5.456304582388E0,-2.654399839793E0,
-9.025116659815E-2));
#9626=CARTESIAN_POINT('',(5.484365831999E0,-2.645606824764E0,
-9.075123397740E-2));
#9627=CARTESIAN_POINT('',(5.493338551147E0,-2.617889489647E0,
-8.960011396118E-2));
#9628=CARTESIAN_POINT('',(5.492421668858E0,-2.606380415232E0,
-8.861303494929E-2));
#9629=CARTESIAN_POINT('',(5.502068983050E0,-2.698629274683E0,
-3.913900003848E-2));
#9630=CARTESIAN_POINT('',(5.510632219629E0,-2.698748810266E0,
-3.986603171289E-2));
#9631=CARTESIAN_POINT('',(5.530974128975E0,-2.692180122671E0,
-4.049434521636E-2));
#9632=CARTESIAN_POINT('',(5.537735642737E0,-2.672200796965E0,
-3.951549169517E-2));
#9633=CARTESIAN_POINT('',(5.537866036053E0,-2.663782986836E0,
-3.866988025085E-2));
#9634=CARTESIAN_POINT('',(5.568140104729E0,-2.749839522217E0,
-1.237453131181E-2));
#9635=CARTESIAN_POINT('',(5.573171100884E0,-2.749730127530E0,
-1.259808834570E-2));
#9636=CARTESIAN_POINT('',(5.584494460881E0,-2.745795217265E0,
-1.278570430930E-2));
#9637=CARTESIAN_POINT('',(5.588579164931E0,-2.734705429308E0,
-1.248231247242E-2));
#9638=CARTESIAN_POINT('',(5.588815453532E0,-2.729768677207E0,
-1.222888433416E-2));
#9639=CARTESIAN_POINT('',(5.622759591494E0,-2.792168364285E0,
-1.815426735801E-3));
#9640=CARTESIAN_POINT('',(5.624788342010E0,-2.792265267896E0,
-1.822171318436E-3));
#9641=CARTESIAN_POINT('',(5.629246672284E0,-2.790647447433E0,
-1.823404163173E-3));
#9642=CARTESIAN_POINT('',(5.630943370467E0,-2.786284741858E0,
-1.805209980400E-3));
#9643=CARTESIAN_POINT('',(5.630893811970E0,-2.784298704729E0,
-1.795008022760E-3));
#9644=CARTESIAN_POINT('',(5.650083390126E0,-2.813890636675E0,0.E0));
#9645=CARTESIAN_POINT('',(5.650722931686E0,-2.813971791806E0,0.E0));
#9646=CARTESIAN_POINT('',(5.652061042724E0,-2.813507210486E0,0.E0));
#9647=CARTESIAN_POINT('',(5.652554596016E0,-2.812198178905E0,0.E0));
#9648=CARTESIAN_POINT('',(5.652487933960E0,-2.811573109039E0,0.E0));
#9649=CARTESIAN_POINT('',(5.663534765956E0,-2.825E0,0.E0));
#9650=CARTESIAN_POINT('',(5.663534765956E0,-2.825E0,0.E0));
#9651=CARTESIAN_POINT('',(5.663534765956E0,-2.825E0,0.E0));
#9652=CARTESIAN_POINT('',(5.663534765956E0,-2.825E0,0.E0));
#9653=CARTESIAN_POINT('',(5.663534765956E0,-2.825E0,0.E0));
#9654=B_SPLINE_SURFACE_WITH_KNOTS('',3,3,((#9609,#9610,#9611,#9612,#9613),
(#9614,#9615,#9616,#9617,#9618),(#9619,#9620,#9621,#9622,#9623),(#9624,#9625,
#9626,#9627,#9628),(#9629,#9630,#9631,#9632,#9633),(#9634,#9635,#9636,#9637,
#9638),(#9639,#9640,#9641,#9642,#9643),(#9644,#9645,#9646,#9647,#9648),(#9649,
#9650,#9651,#9652,#9653)),.UNSPECIFIED.,.F.,.F.,.F.,(4,1,1,1,1,1,4),(4,1,4),(
-1.450440354680E-2,1.25E-1,2.5E-1,5.E-1,7.5E-1,8.75E-1,1.E0),
(-7.636118374805E-2,5.E-1,1.076440889910E0),.UNSPECIFIED.);
#9655=ORIENTED_EDGE('',*,*,#9603,.T.);
#9657=ORIENTED_EDGE('',*,*,#9656,.T.);
#9659=ORIENTED_EDGE('',*,*,#9658,.F.);
#9660=EDGE_LOOP('',(#9655,#9657,#9659));
#9661=FACE_OUTER_BOUND('',#9660,.F.);
#9663=CARTESIAN_POINT('',(2.2418748E1,-2.825E0,-2.E-1));
#9664=DIRECTION('',(-1.E0,0.E0,0.E0));
#9665=DIRECTION('',(0.E0,0.E0,1.E0));
#9666=AXIS2_PLACEMENT_3D('',#9663,#9664,#9665);
#9667=CYLINDRICAL_SURFACE('',#9666,2.E-1);
#9668=ORIENTED_EDGE('',*,*,#9656,.F.);
#9669=ORIENTED_EDGE('',*,*,#4592,.T.);
#9671=ORIENTED_EDGE('',*,*,#9670,.F.);
#9673=ORIENTED_EDGE('',*,*,#9672,.F.);
#9674=EDGE_LOOP('',(#9668,#9669,#9671,#9673));
#9675=FACE_OUTER_BOUND('',#9674,.F.);
#9677=CARTESIAN_POINT('',(4.143493130498E0,-2.945214723925E0,
-2.119932804513E-1));
#9678=CARTESIAN_POINT('',(4.149929695305E0,-2.949464965422E0,
-8.359889463433E-2));
#9679=CARTESIAN_POINT('',(4.074031547997E0,-2.899347322726E0,
7.353320041617E-3));
#9680=CARTESIAN_POINT('',(3.966888526862E0,-2.828597826973E0,
-3.599218990428E-4));
#9681=CARTESIAN_POINT('',(4.351457253339E0,-2.630273901070E0,
-2.119932804513E-1));
#9682=CARTESIAN_POINT('',(4.361907617628E0,-2.628445645496E0,
-8.359889463433E-2));
#9683=CARTESIAN_POINT('',(4.238679884830E0,-2.650003916876E0,
7.353320041617E-3));
#9684=CARTESIAN_POINT('',(4.064723180379E0,-2.680437048751E0,
-3.599218990428E-4));
#9685=CARTESIAN_POINT('',(4.162746554683E0,-2.303432853308E0,
-2.119932804513E-1));
#9686=CARTESIAN_POINT('',(4.169554719086E0,-2.295296421063E0,
-8.359889463433E-2));
#9687=CARTESIAN_POINT('',(4.089274774700E0,-2.391238923243E0,
7.353320041617E-3));
#9688=CARTESIAN_POINT('',(3.975946108806E0,-2.526677928062E0,
-3.599218990428E-4));
#9689=CARTESIAN_POINT('',(3.786018667992E0,-2.326080097719E0,
-2.119932804513E-1));
#9690=CARTESIAN_POINT('',(3.785555817686E0,-2.318380767300E0,
-8.359889463433E-2));
#9691=CARTESIAN_POINT('',(3.791013617271E0,-2.409169088673E0,
7.353320041617E-3));
#9692=CARTESIAN_POINT('',(3.798718220836E0,-2.537332098982E0,
-3.599218990428E-4));
#9693=(BOUNDED_SURFACE()B_SPLINE_SURFACE(3,3,((#9677,#9678,#9679,#9680),(#9681,
#9682,#9683,#9684),(#9685,#9686,#9687,#9688),(#9689,#9690,#9691,#9692)),
.UNSPECIFIED.,.F.,.F.,.F.)B_SPLINE_SURFACE_WITH_KNOTS((4,4),(4,4),(0.E0,1.E0),(
0.E0,1.E0),.UNSPECIFIED.)GEOMETRIC_REPRESENTATION_ITEM()RATIONAL_B_SPLINE_SURFACE(((1.661658100155E0,1.288817011418E0,1.288817011418E0,1.661658100155E0),(
1.049225685051E0,8.138015344933E-1,8.138015344933E-1,1.049225685051E0),(
1.049225685051E0,8.138015344933E-1,8.138015344933E-1,1.049225685051E0),(
1.661658100155E0,1.288817011418E0,1.288817011418E0,1.661658100155E0)))REPRESENTATION_ITEM('')SURFACE());
#9694=ORIENTED_EDGE('',*,*,#4590,.T.);
#9696=ORIENTED_EDGE('',*,*,#9695,.T.);
#9698=ORIENTED_EDGE('',*,*,#9697,.F.);
#9699=ORIENTED_EDGE('',*,*,#9670,.T.);
#9700=EDGE_LOOP('',(#9694,#9696,#9698,#9699));
#9701=FACE_OUTER_BOUND('',#9700,.F.);
#9703=CARTESIAN_POINT('',(3.833948627874E0,-2.326078132978E0,
-2.119932804513E-1));
#9704=CARTESIAN_POINT('',(3.834410846977E0,-2.318378764639E0,
-8.359889460722E-2));
#9705=CARTESIAN_POINT('',(3.828960490371E0,-2.409167533177E0,
7.353320075376E-3));
#9706=CARTESIAN_POINT('',(3.821266393828E0,-2.537331174715E0,
-3.599219023545E-4));
#9707=CARTESIAN_POINT('',(3.457241188250E0,-2.303463112256E0,
-2.119932804513E-1));
#9708=CARTESIAN_POINT('',(3.450432787279E0,-2.295327264022E0,
-8.359889460722E-2));
#9709=CARTESIAN_POINT('',(3.530715521212E0,-2.391262879730E0,
7.353320075376E-3));
#9710=CARTESIAN_POINT('',(3.644048125001E0,-2.526692163110E0,
-3.599219023545E-4));
#9711=CARTESIAN_POINT('',(3.268555058121E0,-2.630292545643E0,
-2.119932804513E-1));
#9712=CARTESIAN_POINT('',(3.258104931448E0,-2.628464649917E0,
-8.359889460722E-2));
#9713=CARTESIAN_POINT('',(3.381329862364E0,-2.650018678070E0,
7.353320075376E-3));
#9714=CARTESIAN_POINT('',(3.555282611460E0,-2.680445819911E0,
-3.599219023545E-4));
#9715=CARTESIAN_POINT('',(3.476506869456E0,-2.945214723956E0,
-2.119932804513E-1));
#9716=CARTESIAN_POINT('',(3.470070304647E0,-2.949464965453E0,
-8.359889460722E-2));
#9717=CARTESIAN_POINT('',(3.545968451982E0,-2.899347322740E0,
7.353320075376E-3));
#9718=CARTESIAN_POINT('',(3.653111473138E0,-2.828597826973E0,
-3.599219023545E-4));
#9719=(BOUNDED_SURFACE()B_SPLINE_SURFACE(3,3,((#9703,#9704,#9705,#9706),(#9707,
#9708,#9709,#9710),(#9711,#9712,#9713,#9714),(#9715,#9716,#9717,#9718)),
.UNSPECIFIED.,.F.,.F.,.F.)B_SPLINE_SURFACE_WITH_KNOTS((4,4),(4,4),(0.E0,1.E0),(
0.E0,1.E0),.UNSPECIFIED.)GEOMETRIC_REPRESENTATION_ITEM()RATIONAL_B_SPLINE_SURFACE(((1.661616002466E0,1.288784359449E0,1.288784359449E0,1.661616002466E0),(
1.049239717713E0,8.138124184497E-1,8.138124184497E-1,1.049239717713E0),(
1.049239717713E0,8.138124184497E-1,8.138124184497E-1,1.049239717713E0),(
1.661616002466E0,1.288784359449E0,1.288784359449E0,1.661616002466E0)))REPRESENTATION_ITEM('')SURFACE());
#9721=ORIENTED_EDGE('',*,*,#9720,.F.);
#9722=ORIENTED_EDGE('',*,*,#9695,.F.);
#9723=ORIENTED_EDGE('',*,*,#4588,.T.);
#9724=ORIENTED_EDGE('',*,*,#8407,.F.);
#9725=EDGE_LOOP('',(#9721,#9722,#9723,#9724));
#9726=FACE_OUTER_BOUND('',#9725,.F.);
#9728=CARTESIAN_POINT('',(3.81E0,-2.725000000001E0,0.E0));
#9729=DIRECTION('',(0.E0,0.E0,1.E0));
#9730=DIRECTION('',(1.E0,0.E0,0.E0));
#9731=AXIS2_PLACEMENT_3D('',#9728,#9729,#9730);
#9732=CYLINDRICAL_SURFACE('',#9731,4.E-1);
#9733=ORIENTED_EDGE('',*,*,#9697,.T.);
#9734=ORIENTED_EDGE('',*,*,#9720,.T.);
#9735=ORIENTED_EDGE('',*,*,#8423,.T.);
#9737=ORIENTED_EDGE('',*,*,#9736,.F.);
#9739=ORIENTED_EDGE('',*,*,#9738,.F.);
#9740=EDGE_LOOP('',(#9733,#9734,#9735,#9737,#9739));
#9741=FACE_OUTER_BOUND('',#9740,.F.);
#9743=CARTESIAN_POINT('',(2.2418748E1,-2.225E0,-6.35E0));
#9744=DIRECTION('',(-1.E0,0.E0,0.E0));
#9745=DIRECTION('',(0.E0,0.E0,-1.E0));
#9746=AXIS2_PLACEMENT_3D('',#9743,#9744,#9745);
#9747=CYLINDRICAL_SURFACE('',#9746,4.E-1);
#9749=ORIENTED_EDGE('',*,*,#9748,.F.);
#9751=ORIENTED_EDGE('',*,*,#9750,.T.);
#9752=ORIENTED_EDGE('',*,*,#9736,.T.);
#9753=ORIENTED_EDGE('',*,*,#8421,.T.);
#9755=ORIENTED_EDGE('',*,*,#9754,.T.);
#9756=ORIENTED_EDGE('',*,*,#8484,.F.);
#9757=EDGE_LOOP('',(#9749,#9751,#9752,#9753,#9755,#9756));
#9758=FACE_OUTER_BOUND('',#9757,.F.);
#9760=CARTESIAN_POINT('',(5.416913930501E0,-2.563064581294E0,
-6.344555541678E0));
#9761=CARTESIAN_POINT('',(5.426893085766E0,-2.603815333216E0,
-6.343929589585E0));
#9762=CARTESIAN_POINT('',(5.397227759666E0,-2.633480806478E0,
-6.343202359935E0));
#9763=CARTESIAN_POINT('',(5.356470809454E0,-2.623508002182E0,
-6.343073810798E0));
#9764=CARTESIAN_POINT('',(5.416899714288E0,-2.563097863406E0,
-6.346488877343E0));
#9765=CARTESIAN_POINT('',(5.426877155999E0,-2.603852641103E0,
-6.346095960272E0));
#9766=CARTESIAN_POINT('',(5.397210582476E0,-2.633521045023E0,
-6.345538373975E0));
#9767=CARTESIAN_POINT('',(5.356454051618E0,-2.623547255511E0,
-6.345352794905E0));
#9768=CARTESIAN_POINT('',(5.416744430950E0,-2.563279117089E0,
-6.367606654544E0));
#9769=CARTESIAN_POINT('',(5.426703155564E0,-2.604055874259E0,
-6.369759171553E0));
#9770=CARTESIAN_POINT('',(5.397022956487E0,-2.633740278657E0,
-6.371054594173E0));
#9771=CARTESIAN_POINT('',(5.356271006205E0,-2.623761110177E0,
-6.370246078966E0));
#9772=CARTESIAN_POINT('',(5.416449514176E0,-2.559856711520E0,
-6.407713898630E0));
#9773=CARTESIAN_POINT('',(5.426372691171E0,-2.600220794176E0,
-6.414700718470E0));
#9774=CARTESIAN_POINT('',(5.396666614366E0,-2.629604782404E0,
-6.419515386125E0));
#9775=CARTESIAN_POINT('',(5.355923363542E0,-2.619726606470E0,
-6.417523787079E0));
#9776=CARTESIAN_POINT('',(5.416039058693E0,-2.545337901085E0,-6.463533844E0));
#9777=CARTESIAN_POINT('',(5.425912761295E0,-2.583952016545E0,
-6.477248940293E0));
#9778=CARTESIAN_POINT('',(5.396170668435E0,-2.612062074781E0,
-6.486961615858E0));
#9779=CARTESIAN_POINT('',(5.355439525325E0,-2.602612162856E0,
-6.483323426721E0));
#9780=CARTESIAN_POINT('',(5.415651724780E0,-2.521546918620E0,
-6.516209368692E0));
#9781=CARTESIAN_POINT('',(5.425478739564E0,-2.557293342740E0,
-6.536273780674E0));
#9782=CARTESIAN_POINT('',(5.395702659203E0,-2.583315797270E0,
-6.550608590699E0));
#9783=CARTESIAN_POINT('',(5.354982941856E0,-2.574567686494E0,
-6.545416553356E0));
#9784=CARTESIAN_POINT('',(5.415297692044E0,-2.488911705978E0,
-6.564356095370E0));
#9785=CARTESIAN_POINT('',(5.425082032471E0,-2.520724359705E0,
-6.590224012059E0));
#9786=CARTESIAN_POINT('',(5.395274886302E0,-2.543883133077E0,
-6.608783620538E0));
#9787=CARTESIAN_POINT('',(5.354565612518E0,-2.536097721648E0,
-6.602171309606E0));
#9788=CARTESIAN_POINT('',(5.414990256678E0,-2.448614893125E0,
-6.606165806944E0));
#9789=CARTESIAN_POINT('',(5.424737538950E0,-2.475570189067E0,
-6.637073452059E0));
#9790=CARTESIAN_POINT('',(5.394903415421E0,-2.495192934006E0,
-6.659301849991E0));
#9791=CARTESIAN_POINT('',(5.354203210764E0,-2.488596248583E0,
-6.651456182055E0));
#9792=CARTESIAN_POINT('',(5.414735337349E0,-2.401344760668E0,
-6.640833593422E0));
#9793=CARTESIAN_POINT('',(5.424451891333E0,-2.422602056449E0,
-6.675920135946E0));
#9794=CARTESIAN_POINT('',(5.394595398421E0,-2.438076807463E0,
-6.701190661043E0));
#9795=CARTESIAN_POINT('',(5.353902713801E0,-2.432874575830E0,
-6.692322304590E0));
#9796=CARTESIAN_POINT('',(5.414539819149E0,-2.347584147550E0,
-6.667423115782E0));
#9797=CARTESIAN_POINT('',(5.424232804625E0,-2.362360988216E0,
-6.705714860532E0));
#9798=CARTESIAN_POINT('',(5.394359154460E0,-2.373118138722E0,
-6.733318688364E0));
#9799=CARTESIAN_POINT('',(5.353672237688E0,-2.369501848638E0,
-6.723665932777E0));
#9800=CARTESIAN_POINT('',(5.414414060694E0,-2.288049229330E0,
-6.684525652852E0));
#9801=CARTESIAN_POINT('',(5.424091887337E0,-2.295649481581E0,
-6.724878925031E0));
#9802=CARTESIAN_POINT('',(5.394207201941E0,-2.301182264887E0,
-6.753983490492E0));
#9803=CARTESIAN_POINT('',(5.353523994943E0,-2.299322278881E0,
-6.743826223734E0));
#9804=CARTESIAN_POINT('',(5.414383708266E0,-2.244236061184E0,
-6.688653435211E0));
#9805=CARTESIAN_POINT('',(5.424057874394E0,-2.246554879264E0,
-6.729504519507E0));
#9806=CARTESIAN_POINT('',(5.394170524240E0,-2.248242917706E0,
-6.758971479067E0));
#9807=CARTESIAN_POINT('',(5.353488213068E0,-2.247675440596E0,
-6.748692384304E0));
#9808=CARTESIAN_POINT('',(5.414385164876E0,-2.221132994529E0,
-6.688455343341E0));
#9809=CARTESIAN_POINT('',(5.424059507990E0,-2.220666845108E0,
-6.729282358394E0));
#9810=CARTESIAN_POINT('',(5.394172286678E0,-2.220327500617E0,
-6.758731796181E0));
#9811=CARTESIAN_POINT('',(5.353489932192E0,-2.220441579909E0,
-6.748458591808E0));
#9812=CARTESIAN_POINT('',(5.414385409474E0,-2.219200324276E0,
-6.688422079112E0));
#9813=CARTESIAN_POINT('',(5.424059782209E0,-2.218501200263E0,
-6.729245065975E0));
#9814=CARTESIAN_POINT('',(5.394172582459E0,-2.217992256410E0,
-6.758691571345E0));
#9815=CARTESIAN_POINT('',(5.353490220725E0,-2.218163350847E0,
-6.748419352778E0));
#9816=(BOUNDED_SURFACE()B_SPLINE_SURFACE(3,3,((#9760,#9761,#9762,#9763),(#9764,
#9765,#9766,#9767),(#9768,#9769,#9770,#9771),(#9772,#9773,#9774,#9775),(#9776,
#9777,#9778,#9779),(#9780,#9781,#9782,#9783),(#9784,#9785,#9786,#9787),(#9788,
#9789,#9790,#9791),(#9792,#9793,#9794,#9795),(#9796,#9797,#9798,#9799),(#9800,
#9801,#9802,#9803),(#9804,#9805,#9806,#9807),(#9808,#9809,#9810,#9811),(#9812,
#9813,#9814,#9815)),.UNSPECIFIED.,.F.,.F.,.F.)B_SPLINE_SURFACE_WITH_KNOTS((4,1,
1,1,1,1,1,1,1,1,1,4),(4,4),(-1.093642852097E-2,0.E0,1.084830386197E-1,
2.154776033828E-1,3.247437384500E-1,4.337602840329E-1,5.428492427559E-1,
6.515540861910E-1,7.637054222781E-1,8.802945529835E-1,1.E0,1.010932142861E0),(
0.E0,1.E0),.UNSPECIFIED.)GEOMETRIC_REPRESENTATION_ITEM()RATIONAL_B_SPLINE_SURFACE(((1.316872148614E0,8.943759504620E-1,8.943759504620E-1,1.316872148614E0),(
1.316872148614E0,8.943759504620E-1,8.943759504620E-1,1.316872148614E0),(
1.316872148614E0,8.943759504620E-1,8.943759504620E-1,1.316872148614E0),(
1.316872148614E0,8.943759504620E-1,8.943759504620E-1,1.316872148614E0),(
1.316872148614E0,8.943759504620E-1,8.943759504620E-1,1.316872148614E0),(
1.316872148614E0,8.943759504620E-1,8.943759504620E-1,1.316872148614E0),(
1.316872148614E0,8.943759504620E-1,8.943759504620E-1,1.316872148614E0),(
1.316872148614E0,8.943759504620E-1,8.943759504620E-1,1.316872148614E0),(
1.316872148614E0,8.943759504620E-1,8.943759504620E-1,1.316872148614E0),(
1.316872148614E0,8.943759504620E-1,8.943759504620E-1,1.316872148614E0),(
1.316872148614E0,8.943759504620E-1,8.943759504620E-1,1.316872148614E0),(
1.316872148614E0,8.943759504620E-1,8.943759504620E-1,1.316872148614E0),(
1.316872148614E0,8.943759504620E-1,8.943759504620E-1,1.316872148614E0),(
1.316872148614E0,8.943759504620E-1,8.943759504620E-1,1.316872148614E0)))REPRESENTATION_ITEM('')SURFACE());
#9817=ORIENTED_EDGE('',*,*,#8669,.F.);
#9819=ORIENTED_EDGE('',*,*,#9818,.T.);
#9820=ORIENTED_EDGE('',*,*,#9748,.T.);
#9821=ORIENTED_EDGE('',*,*,#8649,.F.);
#9822=EDGE_LOOP('',(#9817,#9819,#9820,#9821));
#9823=FACE_OUTER_BOUND('',#9822,.F.);
#9825=CARTESIAN_POINT('',(5.413652410654E0,-2.575E0,-1.830817562096E-1));
#9826=DIRECTION('',(-7.353005878252E-3,0.E0,-9.999729662869E-1));
#9827=DIRECTION('',(9.999729662869E-1,0.E0,-7.353005878252E-3));
#9828=AXIS2_PLACEMENT_3D('',#9825,#9826,#9827);
#9829=CYLINDRICAL_SURFACE('',#9828,5.E-2);
#9830=ORIENTED_EDGE('',*,*,#8667,.T.);
#9831=ORIENTED_EDGE('',*,*,#9658,.T.);
#9833=ORIENTED_EDGE('',*,*,#9832,.T.);
#9834=ORIENTED_EDGE('',*,*,#9818,.F.);
#9835=EDGE_LOOP('',(#9830,#9831,#9833,#9834));
#9836=FACE_OUTER_BOUND('',#9835,.F.);
#9838=CARTESIAN_POINT('',(4.197298334620E0,-2.625E0,0.E0));
#9839=DIRECTION('',(0.E0,-1.E0,0.E0));
#9840=DIRECTION('',(1.E0,0.E0,0.E0));
#9841=AXIS2_PLACEMENT_3D('',#9838,#9839,#9840);
#9842=PLANE('',#9841);
#9843=ORIENTED_EDGE('',*,*,#9832,.F.);
#9844=ORIENTED_EDGE('',*,*,#9672,.T.);
#9845=ORIENTED_EDGE('',*,*,#9738,.T.);
#9846=ORIENTED_EDGE('',*,*,#9750,.F.);
#9847=EDGE_LOOP('',(#9843,#9844,#9845,#9846));
#9848=FACE_OUTER_BOUND('',#9847,.F.);
#9850=CARTESIAN_POINT('',(2.263529190684E0,-2.623507994287E0,
-6.343073829640E0));
#9851=CARTESIAN_POINT('',(2.222772240476E0,-2.633480798115E0,
-6.343202379213E0));
#9852=CARTESIAN_POINT('',(2.193106914366E0,-2.603815326246E0,
-6.343929607567E0));
#9853=CARTESIAN_POINT('',(2.203086069618E0,-2.563064576238E0,
-6.344555557879E0));
#9854=CARTESIAN_POINT('',(2.263545948399E0,-2.623547254096E0,
-6.345352797243E0));
#9855=CARTESIAN_POINT('',(2.222789417541E0,-2.633521043402E0,
-6.345538376350E0));
#9856=CARTESIAN_POINT('',(2.193122844017E0,-2.603852640094E0,
-6.346095962538E0));
#9857=CARTESIAN_POINT('',(2.203100285728E0,-2.563097863237E0,
-6.346488879461E0));
#9858=CARTESIAN_POINT('',(2.263730953537E0,-2.623763425283E0,
-6.370512594303E0));
#9859=CARTESIAN_POINT('',(2.222979052297E0,-2.633742652813E0,
-6.371327778969E0));
#9860=CARTESIAN_POINT('',(2.193298707338E0,-2.604058072761E0,
-6.370012517129E0));
#9861=CARTESIAN_POINT('',(2.203257231557E0,-2.563281074299E0,
-6.367832747457E0));
#9862=CARTESIAN_POINT('',(2.264079995092E0,-2.619664476092E0,
-6.417980544898E0));
#9863=CARTESIAN_POINT('',(2.223336828315E0,-2.629541096946E0,
-6.419983573894E0));
#9864=CARTESIAN_POINT('',(2.193630501500E0,-2.600161734516E0,
-6.415134906286E0));
#9865=CARTESIAN_POINT('',(2.203553335065E0,-2.559804006209E0,
-6.408101381522E0));
#9866=CARTESIAN_POINT('',(2.264563708148E0,-2.602433707330E0,
-6.483763163263E0));
#9867=CARTESIAN_POINT('',(2.223832645954E0,-2.611879153575E0,
-6.487412356564E0));
#9868=CARTESIAN_POINT('',(2.194090312398E0,-2.583782379117E0,
-6.477666947604E0));
#9869=CARTESIAN_POINT('',(2.203963684363E0,-2.545186511266E0,
-6.463906886228E0));
#9870=CARTESIAN_POINT('',(2.265017426294E0,-2.574508340407E0,
-6.545466619929E0));
#9871=CARTESIAN_POINT('',(2.224297718160E0,-2.583254966036E0,
-6.550659910204E0));
#9872=CARTESIAN_POINT('',(2.194521610394E0,-2.557236929281E0,
-6.536321373161E0));
#9873=CARTESIAN_POINT('',(2.204348587531E0,-2.521496573752E0,
-6.516251841464E0));
#9874=CARTESIAN_POINT('',(2.265432027892E0,-2.536325461455E0,
-6.601850416864E0));
#9875=CARTESIAN_POINT('',(2.224722695060E0,-2.544116572018E0,
-6.608454697521E0));
#9876=CARTESIAN_POINT('',(2.194915724538E0,-2.520940845790E0,
-6.589918976195E0));
#9877=CARTESIAN_POINT('',(2.204700306247E0,-2.489104904332E0,
-6.564083872718E0));
#9878=CARTESIAN_POINT('',(2.265792473845E0,-2.489224859692E0,
-6.650869309874E0));
#9879=CARTESIAN_POINT('',(2.225092161194E0,-2.495837276183E0,
-6.658700291245E0));
#9880=CARTESIAN_POINT('',(2.195258358906E0,-2.476167737024E0,
-6.636515580513E0));
#9881=CARTESIAN_POINT('',(2.205006082459E0,-2.449148160979E0,
-6.605667947464E0));
#9882=CARTESIAN_POINT('',(2.266092447888E0,-2.433917069644E0,
-6.691664317886E0));
#9883=CARTESIAN_POINT('',(2.225399642187E0,-2.439145390160E0,
-6.700516207874E0));
#9884=CARTESIAN_POINT('',(2.195543509448E0,-2.423593034186E0,
-6.675294664533E0));
#9885=CARTESIAN_POINT('',(2.205260558192E0,-2.402229134326E0,
-6.640275407076E0));
#9886=CARTESIAN_POINT('',(2.266324422474E0,-2.370702345863E0,
-6.723211731162E0));
#9887=CARTESIAN_POINT('',(2.225637422121E0,-2.374348679306E0,
-6.732853120102E0));
#9888=CARTESIAN_POINT('',(2.195764020580E0,-2.363502160710E0,
-6.705283103917E0));
#9889=CARTESIAN_POINT('',(2.205457347585E0,-2.348602557233E0,
-6.667037805419E0));
#9890=CARTESIAN_POINT('',(2.266475205062E0,-2.300149022465E0,
-6.743717428314E0));
#9891=CARTESIAN_POINT('',(2.225791978039E0,-2.302029698481E0,
-6.753871971716E0));
#9892=CARTESIAN_POINT('',(2.195907352211E0,-2.296435369903E0,
-6.724775507251E0));
#9893=CARTESIAN_POINT('',(2.205585260681E0,-2.288750574382E0,
-6.684433363216E0));
#9894=CARTESIAN_POINT('',(2.266511807341E0,-2.247998808188E0,
-6.748695159829E0));
#9895=CARTESIAN_POINT('',(2.225829496692E0,-2.248574378005E0,
-6.758974325724E0));
#9896=CARTESIAN_POINT('',(2.195942144982E0,-2.246862266695E0,
-6.729507154573E0));
#9897=CARTESIAN_POINT('',(2.205616308973E0,-2.244510380291E0,
-6.688655779619E0));
#9898=CARTESIAN_POINT('',(2.266510067834E0,-2.220441613786E0,
-6.748458595366E0));
#9899=CARTESIAN_POINT('',(2.225827713348E0,-2.220327535325E0,
-6.758731799603E0));
#9900=CARTESIAN_POINT('',(2.195940492038E0,-2.220666877344E0,
-6.729282362221E0));
#9901=CARTESIAN_POINT('',(2.205614835157E0,-2.221133023369E0,
-6.688455347722E0));
#9902=CARTESIAN_POINT('',(2.266509779282E0,-2.218163413124E0,
-6.748419353743E0));
#9903=CARTESIAN_POINT('',(2.225827417546E0,-2.217992320219E0,
-6.758691571979E0));
#9904=CARTESIAN_POINT('',(2.195940217803E0,-2.218501259515E0,
-6.729245067592E0));
#9905=CARTESIAN_POINT('',(2.205614590548E0,-2.219200377267E0,
-6.688422082080E0));
#9906=(BOUNDED_SURFACE()B_SPLINE_SURFACE(3,3,((#9850,#9851,#9852,#9853),(#9854,
#9855,#9856,#9857),(#9858,#9859,#9860,#9861),(#9862,#9863,#9864,#9865),(#9866,
#9867,#9868,#9869),(#9870,#9871,#9872,#9873),(#9874,#9875,#9876,#9877),(#9878,
#9879,#9880,#9881),(#9882,#9883,#9884,#9885),(#9886,#9887,#9888,#9889),(#9890,
#9891,#9892,#9893),(#9894,#9895,#9896,#9897),(#9898,#9899,#9900,#9901),(#9902,
#9903,#9904,#9905)),.UNSPECIFIED.,.F.,.F.,.F.)B_SPLINE_SURFACE_WITH_KNOTS((4,1,
1,1,1,1,1,1,1,1,1,4),(4,4),(-1.093641928154E-2,0.E0,1.097617864233E-1,
2.163746314659E-1,3.248212631857E-1,4.331340358694E-1,5.415320905331E-1,
6.494096256183E-1,7.613121041241E-1,8.787436978992E-1,1.E0,1.010932022596E0),(
0.E0,1.E0),.UNSPECIFIED.)GEOMETRIC_REPRESENTATION_ITEM()RATIONAL_B_SPLINE_SURFACE(((1.316872148614E0,8.943759504619E-1,8.943759504619E-1,1.316872148614E0),(
1.316872148614E0,8.943759504619E-1,8.943759504619E-1,1.316872148614E0),(
1.316872148614E0,8.943759504619E-1,8.943759504619E-1,1.316872148614E0),(
1.316872148614E0,8.943759504619E-1,8.943759504619E-1,1.316872148614E0),(
1.316872148614E0,8.943759504619E-1,8.943759504619E-1,1.316872148614E0),(
1.316872148614E0,8.943759504619E-1,8.943759504619E-1,1.316872148614E0),(
1.316872148614E0,8.943759504619E-1,8.943759504619E-1,1.316872148614E0),(
1.316872148614E0,8.943759504619E-1,8.943759504619E-1,1.316872148614E0),(
1.316872148614E0,8.943759504619E-1,8.943759504619E-1,1.316872148614E0),(
1.316872148614E0,8.943759504619E-1,8.943759504619E-1,1.316872148614E0),(
1.316872148614E0,8.943759504619E-1,8.943759504619E-1,1.316872148614E0),(
1.316872148614E0,8.943759504619E-1,8.943759504619E-1,1.316872148614E0),(
1.316872148614E0,8.943759504619E-1,8.943759504619E-1,1.316872148614E0),(
1.316872148614E0,8.943759504619E-1,8.943759504619E-1,1.316872148614E0)))REPRESENTATION_ITEM('')SURFACE());
#9907=ORIENTED_EDGE('',*,*,#9754,.F.);
#9908=ORIENTED_EDGE('',*,*,#8438,.T.);
#9909=ORIENTED_EDGE('',*,*,#8450,.T.);
#9910=ORIENTED_EDGE('',*,*,#8469,.F.);
#9911=EDGE_LOOP('',(#9907,#9908,#9909,#9910));
#9912=FACE_OUTER_BOUND('',#9911,.F.);
#9914=CARTESIAN_POINT('',(4.7095E0,1.8245E0,0.E0));
#9915=DIRECTION('',(0.E0,0.E0,1.E0));
#9916=DIRECTION('',(1.E0,0.E0,0.E0));
#9917=AXIS2_PLACEMENT_3D('',#9914,#9915,#9916);
#9918=CYLINDRICAL_SURFACE('',#9917,1.995E-1);
#9919=ORIENTED_EDGE('',*,*,#8726,.F.);
#9921=ORIENTED_EDGE('',*,*,#9920,.F.);
#9922=ORIENTED_EDGE('',*,*,#9506,.T.);
#9923=ORIENTED_EDGE('',*,*,#8696,.T.);
#9924=EDGE_LOOP('',(#9919,#9921,#9922,#9923));
#9925=FACE_OUTER_BOUND('',#9924,.F.);
#9927=CARTESIAN_POINT('',(4.51E0,1.8245E0,0.E0));
#9928=DIRECTION('',(1.E0,0.E0,0.E0));
#9929=DIRECTION('',(0.E0,1.E0,0.E0));
#9930=AXIS2_PLACEMENT_3D('',#9927,#9928,#9929);
#9931=PLANE('',#9930);
#9932=ORIENTED_EDGE('',*,*,#8740,.F.);
#9934=ORIENTED_EDGE('',*,*,#9933,.F.);
#9935=ORIENTED_EDGE('',*,*,#9480,.T.);
#9936=ORIENTED_EDGE('',*,*,#9920,.T.);
#9937=EDGE_LOOP('',(#9932,#9934,#9935,#9936));
#9938=FACE_OUTER_BOUND('',#9937,.F.);
#9940=CARTESIAN_POINT('',(4.7095E0,2.125500626567E0,0.E0));
#9941=DIRECTION('',(0.E0,0.E0,1.E0));
#9942=DIRECTION('',(1.E0,0.E0,0.E0));
#9943=AXIS2_PLACEMENT_3D('',#9940,#9941,#9942);
#9944=CYLINDRICAL_SURFACE('',#9943,1.995E-1);
#9945=ORIENTED_EDGE('',*,*,#8753,.F.);
#9946=ORIENTED_EDGE('',*,*,#8771,.F.);
#9947=ORIENTED_EDGE('',*,*,#9466,.T.);
#9948=ORIENTED_EDGE('',*,*,#9933,.T.);
#9949=EDGE_LOOP('',(#9945,#9946,#9947,#9948));
#9950=FACE_OUTER_BOUND('',#9949,.F.);
#9952=CARTESIAN_POINT('',(2.518366349399E0,2.375E0,-1.84352E-1));
#9953=DIRECTION('',(0.E0,0.E0,-1.E0));
#9954=DIRECTION('',(0.E0,-1.E0,0.E0));
#9955=AXIS2_PLACEMENT_3D('',#9952,#9953,#9954);
#9956=CYLINDRICAL_SURFACE('',#9955,5.E-2);
#9957=ORIENTED_EDGE('',*,*,#9157,.F.);
#9958=ORIENTED_EDGE('',*,*,#9233,.T.);
#9959=ORIENTED_EDGE('',*,*,#8841,.T.);
#9960=ORIENTED_EDGE('',*,*,#8859,.F.);
#9961=EDGE_LOOP('',(#9957,#9958,#9959,#9960));
#9962=FACE_OUTER_BOUND('',#9961,.F.);
#9964=CARTESIAN_POINT('',(2.254267822962E0,1.575E0,-6.7E0));
#9965=DIRECTION('',(-7.097016999692E-1,0.E0,7.045023045107E-1));
#9966=DIRECTION('',(-7.045023045107E-1,0.E0,-7.097016999692E-1));
#9967=AXIS2_PLACEMENT_3D('',#9964,#9965,#9966);
#9968=SPHERICAL_SURFACE('',#9967,5.E-2);
#9969=ORIENTED_EDGE('',*,*,#8915,.F.);
#9970=ORIENTED_EDGE('',*,*,#8472,.F.);
#9971=ORIENTED_EDGE('',*,*,#8944,.F.);
#9972=EDGE_LOOP('',(#9969,#9970,#9971));
#9973=FACE_OUTER_BOUND('',#9972,.F.);
#9975=CARTESIAN_POINT('',(5.365732177038E0,1.575E0,-6.7E0));
#9976=DIRECTION('',(7.070876654647E-1,-7.071067811865E-1,-5.199360318618E-3));
#9977=DIRECTION('',(7.070876654647E-1,7.071067811866E-1,-5.199360318618E-3));
#9978=AXIS2_PLACEMENT_3D('',#9975,#9976,#9977);
#9979=SPHERICAL_SURFACE('',#9978,5.E-2);
#9980=ORIENTED_EDGE('',*,*,#8684,.F.);
#9981=ORIENTED_EDGE('',*,*,#8652,.F.);
#9982=ORIENTED_EDGE('',*,*,#8713,.F.);
#9983=EDGE_LOOP('',(#9980,#9981,#9982));
#9984=FACE_OUTER_BOUND('',#9983,.F.);
#9986=CARTESIAN_POINT('',(-3.41E0,-3.375E0,-8.4E0));
#9987=DIRECTION('',(1.E0,0.E0,0.E0));
#9988=DIRECTION('',(0.E0,0.E0,1.E0));
#9989=AXIS2_PLACEMENT_3D('',#9986,#9987,#9988);
#9990=PLANE('',#9989);
#9991=ORIENTED_EDGE('',*,*,#4460,.F.);
#9993=ORIENTED_EDGE('',*,*,#9992,.T.);
#9995=ORIENTED_EDGE('',*,*,#9994,.T.);
#9997=ORIENTED_EDGE('',*,*,#9996,.F.);
#9998=EDGE_LOOP('',(#9991,#9993,#9995,#9997));
#9999=FACE_OUTER_BOUND('',#9998,.F.);
#10001=CARTESIAN_POINT('',(-4.21E0,-3.375E0,-8.4E0));
#10002=DIRECTION('',(0.E0,0.E0,-1.E0));
#10003=DIRECTION('',(1.E0,0.E0,0.E0));
#10004=AXIS2_PLACEMENT_3D('',#10001,#10002,#10003);
#10005=PLANE('',#10004);
#10006=ORIENTED_EDGE('',*,*,#4466,.F.);
#10008=ORIENTED_EDGE('',*,*,#10007,.T.);
#10010=ORIENTED_EDGE('',*,*,#10009,.T.);
#10011=ORIENTED_EDGE('',*,*,#9992,.F.);
#10012=EDGE_LOOP('',(#10006,#10008,#10010,#10011));
#10013=FACE_OUTER_BOUND('',#10012,.F.);
#10015=CARTESIAN_POINT('',(-4.21E0,-3.375E0,-7.6E0));
#10016=DIRECTION('',(-1.E0,0.E0,0.E0));
#10017=DIRECTION('',(0.E0,0.E0,-1.E0));
#10018=AXIS2_PLACEMENT_3D('',#10015,#10016,#10017);
#10019=PLANE('',#10018);
#10020=ORIENTED_EDGE('',*,*,#4464,.F.);
#10022=ORIENTED_EDGE('',*,*,#10021,.T.);
#10024=ORIENTED_EDGE('',*,*,#10023,.T.);
#10025=ORIENTED_EDGE('',*,*,#10007,.F.);
#10026=EDGE_LOOP('',(#10020,#10022,#10024,#10025));
#10027=FACE_OUTER_BOUND('',#10026,.F.);
#10029=CARTESIAN_POINT('',(-3.41E0,-3.375E0,-7.6E0));
#10030=DIRECTION('',(0.E0,0.E0,1.E0));
#10031=DIRECTION('',(-1.E0,0.E0,0.E0));
#10032=AXIS2_PLACEMENT_3D('',#10029,#10030,#10031);
#10033=PLANE('',#10032);
#10034=ORIENTED_EDGE('',*,*,#4462,.F.);
#10035=ORIENTED_EDGE('',*,*,#9996,.T.);
#10037=ORIENTED_EDGE('',*,*,#10036,.T.);
#10038=ORIENTED_EDGE('',*,*,#10021,.F.);
#10039=EDGE_LOOP('',(#10034,#10035,#10037,#10038));
#10040=FACE_OUTER_BOUND('',#10039,.F.);
#10042=CARTESIAN_POINT('',(-6.215E0,-5.275E0,0.E0));
#10043=DIRECTION('',(0.E0,-1.E0,0.E0));
#10044=DIRECTION('',(0.E0,0.E0,-1.E0));
#10045=AXIS2_PLACEMENT_3D('',#10042,#10043,#10044);
#10046=PLANE('',#10045);
#10047=ORIENTED_EDGE('',*,*,#9994,.F.);
#10048=ORIENTED_EDGE('',*,*,#10009,.F.);
#10049=ORIENTED_EDGE('',*,*,#10023,.F.);
#10050=ORIENTED_EDGE('',*,*,#10036,.F.);
#10051=EDGE_LOOP('',(#10047,#10048,#10049,#10050));
#10052=FACE_OUTER_BOUND('',#10051,.F.);
#10054=CARTESIAN_POINT('',(4.E-1,-3.375E0,-8.4E0));
#10055=DIRECTION('',(1.E0,0.E0,0.E0));
#10056=DIRECTION('',(0.E0,0.E0,1.E0));
#10057=AXIS2_PLACEMENT_3D('',#10054,#10055,#10056);
#10058=PLANE('',#10057);
#10060=ORIENTED_EDGE('',*,*,#10059,.T.);
#10062=ORIENTED_EDGE('',*,*,#10061,.T.);
#10064=ORIENTED_EDGE('',*,*,#10063,.F.);
#10065=ORIENTED_EDGE('',*,*,#4470,.F.);
#10066=EDGE_LOOP('',(#10060,#10062,#10064,#10065));
#10067=FACE_OUTER_BOUND('',#10066,.F.);
#10069=CARTESIAN_POINT('',(-4.E-1,-3.375E0,-8.4E0));
#10070=DIRECTION('',(0.E0,0.E0,-1.E0));
#10071=DIRECTION('',(1.E0,0.E0,0.E0));
#10072=AXIS2_PLACEMENT_3D('',#10069,#10070,#10071);
#10073=PLANE('',#10072);
#10074=ORIENTED_EDGE('',*,*,#10059,.F.);
#10075=ORIENTED_EDGE('',*,*,#4476,.F.);
#10077=ORIENTED_EDGE('',*,*,#10076,.T.);
#10079=ORIENTED_EDGE('',*,*,#10078,.T.);
#10080=EDGE_LOOP('',(#10074,#10075,#10077,#10079));
#10081=FACE_OUTER_BOUND('',#10080,.F.);
#10083=CARTESIAN_POINT('',(-4.E-1,-3.375E0,-7.6E0));
#10084=DIRECTION('',(-1.E0,0.E0,0.E0));
#10085=DIRECTION('',(0.E0,0.E0,-1.E0));
#10086=AXIS2_PLACEMENT_3D('',#10083,#10084,#10085);
#10087=PLANE('',#10086);
#10089=ORIENTED_EDGE('',*,*,#10088,.T.);
#10091=ORIENTED_EDGE('',*,*,#10090,.T.);
#10092=ORIENTED_EDGE('',*,*,#10076,.F.);
#10093=ORIENTED_EDGE('',*,*,#4474,.F.);
#10094=EDGE_LOOP('',(#10089,#10091,#10092,#10093));
#10095=FACE_OUTER_BOUND('',#10094,.F.);
#10097=CARTESIAN_POINT('',(4.E-1,-3.375E0,-7.6E0));
#10098=DIRECTION('',(0.E0,0.E0,1.E0));
#10099=DIRECTION('',(-1.E0,0.E0,0.E0));
#10100=AXIS2_PLACEMENT_3D('',#10097,#10098,#10099);
#10101=PLANE('',#10100);
#10102=ORIENTED_EDGE('',*,*,#10063,.T.);
#10104=ORIENTED_EDGE('',*,*,#10103,.T.);
#10105=ORIENTED_EDGE('',*,*,#10088,.F.);
#10106=ORIENTED_EDGE('',*,*,#4472,.F.);
#10107=EDGE_LOOP('',(#10102,#10104,#10105,#10106));
#10108=FACE_OUTER_BOUND('',#10107,.F.);
#10110=CARTESIAN_POINT('',(-2.405E0,-5.275E0,0.E0));
#10111=DIRECTION('',(0.E0,-1.E0,0.E0));
#10112=DIRECTION('',(0.E0,0.E0,-1.E0));
#10113=AXIS2_PLACEMENT_3D('',#10110,#10111,#10112);
#10114=PLANE('',#10113);
#10115=ORIENTED_EDGE('',*,*,#10061,.F.);
#10116=ORIENTED_EDGE('',*,*,#10078,.F.);
#10117=ORIENTED_EDGE('',*,*,#10090,.F.);
#10118=ORIENTED_EDGE('',*,*,#10103,.F.);
#10119=EDGE_LOOP('',(#10115,#10116,#10117,#10118));
#10120=FACE_OUTER_BOUND('',#10119,.F.);
#10122=CARTESIAN_POINT('',(4.21E0,-3.375E0,-8.4E0));
#10123=DIRECTION('',(1.E0,0.E0,0.E0));
#10124=DIRECTION('',(0.E0,0.E0,1.E0));
#10125=AXIS2_PLACEMENT_3D('',#10122,#10123,#10124);
#10126=PLANE('',#10125);
#10128=ORIENTED_EDGE('',*,*,#10127,.T.);
#10130=ORIENTED_EDGE('',*,*,#10129,.T.);
#10132=ORIENTED_EDGE('',*,*,#10131,.F.);
#10133=ORIENTED_EDGE('',*,*,#4480,.F.);
#10134=EDGE_LOOP('',(#10128,#10130,#10132,#10133));
#10135=FACE_OUTER_BOUND('',#10134,.F.);
#10137=CARTESIAN_POINT('',(3.41E0,-3.375E0,-8.4E0));
#10138=DIRECTION('',(0.E0,0.E0,-1.E0));
#10139=DIRECTION('',(1.E0,0.E0,0.E0));
#10140=AXIS2_PLACEMENT_3D('',#10137,#10138,#10139);
#10141=PLANE('',#10140);
#10142=ORIENTED_EDGE('',*,*,#10127,.F.);
#10143=ORIENTED_EDGE('',*,*,#4486,.F.);
#10145=ORIENTED_EDGE('',*,*,#10144,.T.);
#10147=ORIENTED_EDGE('',*,*,#10146,.T.);
#10148=EDGE_LOOP('',(#10142,#10143,#10145,#10147));
#10149=FACE_OUTER_BOUND('',#10148,.F.);
#10151=CARTESIAN_POINT('',(3.41E0,-3.375E0,-7.6E0));
#10152=DIRECTION('',(-1.E0,0.E0,0.E0));
#10153=DIRECTION('',(0.E0,0.E0,-1.E0));
#10154=AXIS2_PLACEMENT_3D('',#10151,#10152,#10153);
#10155=PLANE('',#10154);
#10157=ORIENTED_EDGE('',*,*,#10156,.T.);
#10159=ORIENTED_EDGE('',*,*,#10158,.T.);
#10160=ORIENTED_EDGE('',*,*,#10144,.F.);
#10161=ORIENTED_EDGE('',*,*,#4484,.F.);
#10162=EDGE_LOOP('',(#10157,#10159,#10160,#10161));
#10163=FACE_OUTER_BOUND('',#10162,.F.);
#10165=CARTESIAN_POINT('',(4.21E0,-3.375E0,-7.6E0));
#10166=DIRECTION('',(0.E0,0.E0,1.E0));
#10167=DIRECTION('',(-1.E0,0.E0,0.E0));
#10168=AXIS2_PLACEMENT_3D('',#10165,#10166,#10167);
#10169=PLANE('',#10168);
#10170=ORIENTED_EDGE('',*,*,#10131,.T.);
#10172=ORIENTED_EDGE('',*,*,#10171,.T.);
#10173=ORIENTED_EDGE('',*,*,#10156,.F.);
#10174=ORIENTED_EDGE('',*,*,#4482,.F.);
#10175=EDGE_LOOP('',(#10170,#10172,#10173,#10174));
#10176=FACE_OUTER_BOUND('',#10175,.F.);
#10178=CARTESIAN_POINT('',(1.405E0,-5.275E0,0.E0));
#10179=DIRECTION('',(0.E0,-1.E0,0.E0));
#10180=DIRECTION('',(0.E0,0.E0,-1.E0));
#10181=AXIS2_PLACEMENT_3D('',#10178,#10179,#10180);
#10182=PLANE('',#10181);
#10183=ORIENTED_EDGE('',*,*,#10129,.F.);
#10184=ORIENTED_EDGE('',*,*,#10146,.F.);
#10185=ORIENTED_EDGE('',*,*,#10158,.F.);
#10186=ORIENTED_EDGE('',*,*,#10171,.F.);
#10187=EDGE_LOOP('',(#10183,#10184,#10185,#10186));
#10188=FACE_OUTER_BOUND('',#10187,.F.);
#10190=CLOSED_SHELL('',(#4291,#4310,#4330,#4344,#4381,#4394,#4407,#4420,#4432,
#4446,#4490,#4620,#4639,#4652,#4667,#4680,#4695,#4715,#4729,#4744,#4756,#4769,
#4791,#4804,#4817,#4830,#4843,#4855,#4870,#4942,#4956,#4971,#4985,#5001,#5016,
#5069,#5083,#5109,#5135,#5151,#5166,#5181,#5202,#5217,#5266,#5281,#5302,#5314,
#5329,#5343,#5357,#5370,#5382,#5397,#5411,#5425,#5441,#5457,#5471,#5485,#5499,
#5513,#5528,#5542,#5584,#5649,#5663,#5676,#5689,#5703,#5716,#5729,#5742,#5756,
#5769,#5832,#5844,#5857,#5935,#5948,#6026,#6040,#6054,#6080,#6094,#6119,#6133,
#6147,#6161,#6175,#6190,#6203,#6215,#6227,#6240,#6252,#6265,#6330,#6346,#6358,
#6422,#6435,#6500,#6541,#6554,#6565,#6580,#6645,#6688,#6703,#6718,#6732,#6751,
#6766,#6815,#6830,#6851,#6863,#6878,#6892,#6906,#6919,#6931,#6946,#6963,#6978,
#6993,#7007,#7021,#7035,#7049,#7065,#7079,#7093,#7107,#7121,#7137,#7153,#7167,
#7181,#7195,#7209,#7224,#7238,#7280,#7344,#7358,#7371,#7384,#7398,#7411,#7424,
#7437,#7451,#7464,#7527,#7540,#7618,#7631,#7709,#7722,#7735,#7761,#7775,#7801,
#7814,#7885,#7898,#7952,#7966,#7992,#8017,#8032,#8049,#8114,#8127,#8139,#8203,
#8216,#8229,#8241,#8253,#8264,#8275,#8290,#8355,#8398,#8413,#8428,#8442,#8461,
#8476,#8525,#8540,#8561,#8573,#8588,#8602,#8616,#8629,#8641,#8656,#8673,#8688,
#8703,#8717,#8731,#8745,#8759,#8775,#8789,#8803,#8817,#8831,#8847,#8863,#8877,
#8891,#8905,#8919,#8934,#8948,#8990,#9054,#9068,#9081,#9094,#9108,#9121,#9134,
#9147,#9161,#9174,#9237,#9250,#9328,#9341,#9419,#9432,#9445,#9471,#9485,#9511,
#9524,#9595,#9608,#9662,#9676,#9702,#9727,#9742,#9759,#9824,#9837,#9849,#9913,
#9926,#9939,#9951,#9963,#9974,#9985,#10000,#10014,#10028,#10041,#10053,#10068,
#10082,#10096,#10109,#10121,#10136,#10150,#10164,#10177,#10189));
#10191=MANIFOLD_SOLID_BREP('',#10190);
#10194=PLANE_ANGLE_MEASURE_WITH_UNIT(PLANE_ANGLE_MEASURE(1.745329251994E-2),
#10193);
#10195=(CONVERSION_BASED_UNIT('DEGREE',#10194)NAMED_UNIT(*)PLANE_ANGLE_UNIT());
#10197=UNCERTAINTY_MEASURE_WITH_UNIT(LENGTH_MEASURE(1.E-3),#10192,
'distance_accuracy_value',
'Maximum model space distance between geometric entities at asserted connectivities');
#10200=APPLICATION_CONTEXT('automotive_design');
#10201=APPLICATION_PROTOCOL_DEFINITION('international standard',
'automotive_design',2001,#10200);
#10202=PRODUCT_DEFINITION_CONTEXT('part definition',#10200,'design');
#10203=PRODUCT_CONTEXT('',#10200,'mechanical');
#10204=PRODUCT('C-2342077-3','C-2342077-3','NOT SPECIFIED',(#10203));
#10205=PRODUCT_DEFINITION_FORMATION('1','LAST_VERSION',#10204);
#10213=DERIVED_UNIT_ELEMENT(#10212,2.E0);
#10214=DERIVED_UNIT((#10213));
#10215=MEASURE_REPRESENTATION_ITEM('surface area measure',AREA_MEASURE(
1.019646888197E3),#10214);
#10220=DERIVED_UNIT_ELEMENT(#10219,3.E0);
#10221=DERIVED_UNIT((#10220));
#10222=MEASURE_REPRESENTATION_ITEM('volume measure',VOLUME_MEASURE(
4.854752975653E2),#10221);
#10226=CARTESIAN_POINT('centre point',(2.597195887424E-3,1.471365868523E-1,
-5.457059309136E0));
#10231=DERIVED_UNIT_ELEMENT(#10230,2.E0);
#10232=DERIVED_UNIT((#10231));
#10233=MEASURE_REPRESENTATION_ITEM('surface area measure',AREA_MEASURE(
1.019646888197E3),#10232);
#10238=DERIVED_UNIT_ELEMENT(#10237,3.E0);
#10239=DERIVED_UNIT((#10238));
#10240=MEASURE_REPRESENTATION_ITEM('volume measure',VOLUME_MEASURE(
4.854752975653E2),#10239);
#10244=CARTESIAN_POINT('centre point',(2.597195887424E-3,1.471365868523E-1,
-5.457059309136E0));
#10249=PRODUCT_RELATED_PRODUCT_CATEGORY('part','',(#10204));
#10251=GENERAL_PROPERTY('','DESC','user defined attribute');
#10252=GENERAL_PROPERTY_ASSOCIATION('user defined attribute','',#10251,#10250);
#10253=DESCRIPTIVE_REPRESENTATION_ITEM('DESC',
'HEADER 90 DEG, HIGH TEMPERATURE, 3.81MM PITCH, TAIL LENGTH 1.9mm');
#10257=GENERAL_PROPERTY('','DOC_STATUS','user defined attribute');
#10258=GENERAL_PROPERTY_ASSOCIATION('user defined attribute','',#10257,#10256);
#10259=DESCRIPTIVE_REPRESENTATION_ITEM('DOC_STATUS','Active');
#10263=GENERAL_PROPERTY('','DWG_TITLE','user defined attribute');
#10264=GENERAL_PROPERTY_ASSOCIATION('user defined attribute','',#10263,#10262);
#10265=DESCRIPTIVE_REPRESENTATION_ITEM('DWG_TITLE',
'HEADER 90 DEG, HIGH TEMPERATURE,');
#10269=GENERAL_PROPERTY('','PART_NO','user defined attribute');
#10270=GENERAL_PROPERTY_ASSOCIATION('user defined attribute','',#10269,#10268);
#10271=DESCRIPTIVE_REPRESENTATION_ITEM('PART_NO','2342077');
#10275=GENERAL_PROPERTY('','DWG_TITLE_2','user defined attribute');
#10276=GENERAL_PROPERTY_ASSOCIATION('user defined attribute','',#10275,#10274);
#10277=DESCRIPTIVE_REPRESENTATION_ITEM('DWG_TITLE_2',
'3.81MM PITCH, TAIL LENGTH 1.9mm');
#10281=GENERAL_PROPERTY('','PTC_ORGANIZATION_ID','user defined attribute');
#10282=GENERAL_PROPERTY_ASSOCIATION('user defined attribute','',#10281,#10280);
#10283=DESCRIPTIVE_REPRESENTATION_ITEM('PTC_ORGANIZATION_ID','TE');
#10287=GENERAL_PROPERTY('','PTC_WM_REVISION','user defined attribute');
#10288=GENERAL_PROPERTY_ASSOCIATION('user defined attribute','',#10287,#10286);
#10289=DESCRIPTIVE_REPRESENTATION_ITEM('PTC_WM_REVISION','GN');
#10293=GENERAL_PROPERTY('','PTC_WM_ITERATION','user defined attribute');
#10294=GENERAL_PROPERTY_ASSOCIATION('user defined attribute','',#10293,#10292);
#10295=DESCRIPTIVE_REPRESENTATION_ITEM('PTC_WM_ITERATION','0');
#10299=GENERAL_PROPERTY('','PTC_WM_VERSION','user defined attribute');
#10300=GENERAL_PROPERTY_ASSOCIATION('user defined attribute','',#10299,#10298);
#10301=DESCRIPTIVE_REPRESENTATION_ITEM('PTC_WM_VERSION','GN.0');
#10305=GENERAL_PROPERTY('','PTC_WM_LIFECYCLE_STATE','user defined attribute');
#10306=GENERAL_PROPERTY_ASSOCIATION('user defined attribute','',#10305,#10304);
#10307=DESCRIPTIVE_REPRESENTATION_ITEM('PTC_WM_LIFECYCLE_STATE','Concept');
#10311=GENERAL_PROPERTY('','PTC_WM_LIFECYCLE','user defined attribute');
#10312=GENERAL_PROPERTY_ASSOCIATION('user defined attribute','',#10311,#10310);
#10313=DESCRIPTIVE_REPRESENTATION_ITEM('PTC_WM_LIFECYCLE',
'TE Standard Lifecycle');
#10317=GENERAL_PROPERTY('','PTC_WM_LOCATION','user defined attribute');
#10318=GENERAL_PROPERTY_ASSOCIATION('user defined attribute','',#10317,#10316);
#10319=DESCRIPTIVE_REPRESENTATION_ITEM('PTC_WM_LOCATION',
'/Libraries/CVM Library/Documentation/GPL-124');
#10323=GENERAL_PROPERTY('','PTC_WM_CREATED_BY','user defined attribute');
#10324=GENERAL_PROPERTY_ASSOCIATION('user defined attribute','',#10323,#10322);
#10325=DESCRIPTIVE_REPRESENTATION_ITEM('PTC_WM_CREATED_BY','Bidger S, Vinod');
#10329=GENERAL_PROPERTY('','PTC_WM_CREATED_ON','user defined attribute');
#10330=GENERAL_PROPERTY_ASSOCIATION('user defined attribute','',#10329,#10328);
#10331=DESCRIPTIVE_REPRESENTATION_ITEM('PTC_WM_CREATED_ON',
'23-Jul-19 06:33:37 PM');
#10335=GENERAL_PROPERTY('','PTC_WM_MODIFIED_BY','user defined attribute');
#10336=GENERAL_PROPERTY_ASSOCIATION('user defined attribute','',#10335,#10334);
#10337=DESCRIPTIVE_REPRESENTATION_ITEM('PTC_WM_MODIFIED_BY','Bidger S, Vinod');
#10341=GENERAL_PROPERTY('','PTC_WM_MODIFIED_ON','user defined attribute');
#10342=GENERAL_PROPERTY_ASSOCIATION('user defined attribute','',#10341,#10340);
#10343=DESCRIPTIVE_REPRESENTATION_ITEM('PTC_WM_MODIFIED_ON',
'23-Jul-19 07:00:44 PM');
#10347=GENERAL_PROPERTY('','PTC_WM_TEAM','user defined attribute');
#10348=GENERAL_PROPERTY_ASSOCIATION('user defined attribute','',#10347,#10346);
#10349=DESCRIPTIVE_REPRESENTATION_ITEM('PTC_WM_TEAM','');
#10353=GENERAL_PROPERTY('','PTC_MODIFIED','user defined attribute');
#10354=GENERAL_PROPERTY_ASSOCIATION('user defined attribute','',#10353,#10352);
#10355=DESCRIPTIVE_REPRESENTATION_ITEM('PTC_MODIFIED','NO');
#10358=DESCRIPTIVE_REPRESENTATION_ITEM('attribute description','Yes No');
#10363=GENERAL_PROPERTY('','PART_REV','user defined attribute');
#10364=GENERAL_PROPERTY_ASSOCIATION('user defined attribute','',#10363,#10362);
#10365=DESCRIPTIVE_REPRESENTATION_ITEM('PART_REV','A');
#10369=GENERAL_PROPERTY('','COMMENTS','user defined attribute');
#10370=GENERAL_PROPERTY_ASSOCIATION('user defined attribute','',#10369,#10368);
#10371=DESCRIPTIVE_REPRESENTATION_ITEM('COMMENTS','-');
#10375=GENERAL_PROPERTY('','MOD_NUM','user defined attribute');
#10376=GENERAL_PROPERTY_ASSOCIATION('user defined attribute','',#10375,#10374);
#10377=DESCRIPTIVE_REPRESENTATION_ITEM('MOD_NUM','MOD59081');
#10381=GENERAL_PROPERTY('','DOC_NUMBER','user defined attribute');
#10382=GENERAL_PROPERTY_ASSOCIATION('user defined attribute','',#10381,#10380);
#10383=DESCRIPTIVE_REPRESENTATION_ITEM('DOC_NUMBER','G-2342077');
#10387=GENERAL_PROPERTY('','EXPORT_RESTRICTED','user defined attribute');
#10388=GENERAL_PROPERTY_ASSOCIATION('user defined attribute','',#10387,#10386);
#10389=DESCRIPTIVE_REPRESENTATION_ITEM('EXPORT_RESTRICTED','NULL');
#10393=GENERAL_PROPERTY('','PTC_COMMON_NAME','user defined attribute');
#10394=GENERAL_PROPERTY_ASSOCIATION('user defined attribute','',#10393,#10392);
#10395=DESCRIPTIVE_REPRESENTATION_ITEM('PTC_COMMON_NAME','C-2342077-3');
#1=DRAUGHTING_PRE_DEFINED_COLOUR('black');
#2=COLOUR_RGB('',0.E0,0.E0,3.6E-1);
#3=COLOUR_RGB('',0.E0,0.E0,4.8E-1);
#4=DRAUGHTING_PRE_DEFINED_COLOUR('blue');
#5=COLOUR_RGB('',0.E0,5.8824E-2,4.58824E-1);
#6=COLOUR_RGB('',0.E0,1.80392E-1,4.78431E-1);
#7=COLOUR_RGB('',0.E0,3.6E-1,9.E-2);
#8=COLOUR_RGB('',0.E0,3.6E-1,2.7E-1);
#9=COLOUR_RGB('',0.E0,5.6E-1,6.4E-1);
#10=COLOUR_RGB('',0.E0,5.8E-1,8.E-1);
#11=COLOUR_RGB('',0.E0,7.1E-1,6.6E-1);
#12=COLOUR_RGB('',0.E0,7.13E-1,0.E0);
#13=COLOUR_RGB('',0.E0,9.5E-1,8.4E-1);
#14=DRAUGHTING_PRE_DEFINED_COLOUR('green');
#15=DRAUGHTING_PRE_DEFINED_COLOUR('cyan');
#16=COLOUR_RGB('',1.1765E-2,1.9608E-2,3.9216E-2);
#17=COLOUR_RGB('',4.E-2,0.E0,1.6E-1);
#18=COLOUR_RGB('',3.9216E-2,2.19608E-1,1.21569E-1);
#19=COLOUR_RGB('',3.9216E-2,3.60784E-1,2.E-1);
#20=COLOUR_RGB('',5.098E-2,7.0588E-2,1.01961E-1);
#21=COLOUR_RGB('',9.E-2,0.E0,1.2E-1);
#22=COLOUR_RGB('',9.0196E-2,1.60784E-1,1.09804E-1);
#23=COLOUR_RGB('',9.0196E-2,3.80392E-1,6.70588E-1);
#24=COLOUR_RGB('',1.E-1,0.E0,2.5E-1);
#25=COLOUR_RGB('',1.01961E-1,4.78431E-1,3.88235E-1);
#26=COLOUR_RGB('',1.09804E-1,1.4902E-1,9.0196E-2);
#27=COLOUR_RGB('',1.4902E-1,3.09804E-1,5.29412E-1);
#28=COLOUR_RGB('',1.4902E-1,4.E-1,1.60784E-1);
#29=COLOUR_RGB('',1.6E-1,3.2E-2,0.E0);
#30=COLOUR_RGB('',1.60784E-1,4.5098E-1,7.21569E-1);
#31=COLOUR_RGB('',1.6E-1,4.6E-1,6.5E-1);
#32=COLOUR_RGB('',1.6E-1,1.E0,1.6E-1);
#33=COLOUR_RGB('',2.E-1,3.2E-2,0.E0);
#34=COLOUR_RGB('',2.11765E-1,4.11765E-1,1.4902E-1);
#35=COLOUR_RGB('',2.39216E-1,2.39216E-1,2.31373E-1);
#36=COLOUR_RGB('',2.39216E-1,2.70588E-1,1.80392E-1);
#37=COLOUR_RGB('',2.5098E-1,2.90196E-1,3.29412E-1);
#38=COLOUR_RGB('',2.90196E-1,4.31373E-1,2.E-1);
#39=COLOUR_RGB('',3.1E-1,3.1E-1,5.6E-1);
#40=COLOUR_RGB('',3.09804E-1,6.58824E-1,2.E-1);
#41=COLOUR_RGB('',3.2E-1,1.5E-1,0.E0);
#42=COLOUR_RGB('',3.60784E-1,3.1373E-2,1.68627E-1);
#43=COLOUR_RGB('',3.68627E-1,2.E-1,1.21569E-1);
#44=COLOUR_RGB('',3.88235E-1,2.39216E-1,6.11765E-1);
#45=COLOUR_RGB('',4.E-1,4.E-1,4.E-1);
#46=COLOUR_RGB('',4.11765E-1,5.8824E-2,7.8431E-2);
#47=COLOUR_RGB('',4.11765E-1,3.29412E-1,2.19608E-1);
#48=COLOUR_RGB('',4.2E-1,4.2E-1,1.E0);
#49=COLOUR_RGB('',4.4E-1,8.5E-1,1.E0);
#50=COLOUR_RGB('',4.58824E-1,4.5098E-1,3.09804E-1);
#51=COLOUR_RGB('',4.70588E-1,5.09804E-1,5.4902E-1);
#52=COLOUR_RGB('',4.78431E-1,4.90196E-1,4.58824E-1);
#53=COLOUR_RGB('',4.90196E-1,3.60784E-1,2.19608E-1);
#54=COLOUR_RGB('',4.9E-1,4.9E-1,0.E0);
#55=COLOUR_RGB('',4.9E-1,1.E0,0.E0);
#56=COLOUR_RGB('',5.E-1,0.E0,0.E0);
#57=COLOUR_RGB('',5.E-1,0.E0,2.3E-1);
#58=COLOUR_RGB('',5.E-1,5.E-1,5.E-1);
#59=COLOUR_RGB('',5.21569E-1,2.19608E-1,1.68627E-1);
#60=COLOUR_RGB('',5.3E-1,0.E0,0.E0);
#61=COLOUR_RGB('',5.29412E-1,5.80392E-1,6.5098E-1);
#62=COLOUR_RGB('',5.4E-1,0.E0,4.4E-1);
#63=COLOUR_RGB('',5.5E-1,3.E-1,0.E0);
#64=COLOUR_RGB('',5.6E-1,1.E-1,5.E-2);
#65=COLOUR_RGB('',5.60784E-1,5.80392E-1,6.19608E-1);
#66=COLOUR_RGB('',5.68627E-1,5.8824E-2,4.E-1);
#67=COLOUR_RGB('',5.8E-1,2.2E-1,1.E-2);
#68=COLOUR_RGB('',5.88235E-1,1.21569E-1,1.09804E-1);
#69=COLOUR_RGB('',6.E-1,6.E-1,6.E-1);
#70=COLOUR_RGB('',6.11765E-1,5.60784E-1,3.80392E-1);
#71=COLOUR_RGB('',6.11765E-1,6.11765E-1,6.5098E-1);
#72=COLOUR_RGB('',6.2E-1,0.E0,5.5E-1);
#73=COLOUR_RGB('',6.19608E-1,6.39216E-1,6.90196E-1);
#74=COLOUR_RGB('',6.35294E-1,6.86275E-1,7.4902E-1);
#75=COLOUR_RGB('',6.4E-1,0.E0,2.5E-1);
#76=COLOUR_RGB('',6.4E-1,1.E-2,0.E0);
#77=COLOUR_RGB('',6.39216E-1,5.4902E-1,4.78431E-1);
#78=COLOUR_RGB('',6.5098E-1,6.70588E-1,7.09804E-1);
#79=COLOUR_RGB('',6.70588E-1,1.21569E-1,1.09804E-1);
#80=COLOUR_RGB('',6.78431E-1,4.78431E-1,3.09804E-1);
#81=COLOUR_RGB('',6.8E-1,7.5E-1,1.E0);
#82=COLOUR_RGB('',7.09804E-1,7.0588E-2,2.E-1);
#83=COLOUR_RGB('',7.1E-1,3.1E-1,0.E0);
#84=COLOUR_RGB('',7.2E-1,7.2E-1,7.2E-1);
#85=COLOUR_RGB('',7.29412E-1,7.41176E-1,7.29412E-1);
#86=COLOUR_RGB('',7.41176E-1,7.29412E-1,6.70588E-1);
#87=COLOUR_RGB('',7.4E-1,1.E0,2.6E-1);
#88=COLOUR_RGB('',7.5E-1,3.E-2,0.E0);
#89=COLOUR_RGB('',7.4902E-1,8.90196E-1,7.29412E-1);
#90=COLOUR_RGB('',7.6E-1,0.E0,4.7E-1);
#91=COLOUR_RGB('',7.80392E-1,9.0196E-2,7.0588E-2);
#92=COLOUR_RGB('',7.88235E-1,2.19608E-1,5.4902E-1);
#93=COLOUR_RGB('',8.1E-1,4.E-2,0.E0);
#94=COLOUR_RGB('',8.1E-1,6.1E-1,0.E0);
#95=COLOUR_RGB('',8.2E-1,4.E-2,6.6E-1);
#96=COLOUR_RGB('',8.31373E-1,8.5098E-1,8.58824E-1);
#97=COLOUR_RGB('',8.5098E-1,7.29412E-1,5.4902E-1);
#98=COLOUR_RGB('',8.5E-1,8.5E-1,8.5E-1);
#99=COLOUR_RGB('',8.78431E-1,3.68627E-1,1.21569E-1);
#100=COLOUR_RGB('',8.784E-1,9.49E-1,1.E0);
#101=COLOUR_RGB('',8.90196E-1,5.88235E-1,1.41176E-1);
#102=COLOUR_RGB('',9.E-1,1.E0,0.E0);
#103=COLOUR_RGB('',9.09804E-1,6.11765E-1,7.09804E-1);
#104=COLOUR_RGB('',9.37E-1,7.85E-1,0.E0);
#105=COLOUR_RGB('',9.41176E-1,9.29412E-1,9.01961E-1);
#106=COLOUR_RGB('',9.5E-1,2.2E-1,8.1E-1);
#107=COLOUR_RGB('',9.6E-1,3.7E-1,3.E-1);
#108=COLOUR_RGB('',9.6E-1,7.1E-1,3.75E-1);
#109=COLOUR_RGB('',9.80392E-1,1.E0,1.E0);
#110=COLOUR_RGB('',9.88235E-1,1.09804E-1,7.8431E-2);
#111=COLOUR_RGB('',9.88235E-1,7.21569E-1,1.29412E-1);
#112=COLOUR_RGB('',9.88235E-1,9.21569E-1,8.E-1);
#113=DRAUGHTING_PRE_DEFINED_COLOUR('red');
#114=COLOUR_RGB('',1.E0,0.E0,6.1E-1);
#115=COLOUR_RGB('',1.E0,4.E-2,0.E0);
#116=COLOUR_RGB('',1.E0,2.3E-1,0.E0);
#117=COLOUR_RGB('',1.E0,3.5E-1,5.2E-1);
#118=COLOUR_RGB('',1.E0,3.6E-1,0.E0);
#119=COLOUR_RGB('',1.E0,3.88235E-1,2.11765E-1);
#120=COLOUR_RGB('',1.E0,4.9E-1,3.7E-1);
#121=COLOUR_RGB('',1.E0,5.E-1,0.E0);
#122=COLOUR_RGB('',1.E0,5.6E-1,7.8E-1);
#123=COLOUR_RGB('',1.E0,6.4E-1,4.9E-1);
#124=COLOUR_RGB('',1.E0,6.7E-1,0.E0);
#125=COLOUR_RGB('',1.E0,7.6E-1,6.5E-1);
#126=COLOUR_RGB('',1.E0,8.39216E-1,3.01961E-1);
#127=COLOUR_RGB('',1.E0,8.6E-1,4.E-2);
#128=COLOUR_RGB('',1.E0,9.60784E-1,2.58824E-1);
#129=COLOUR_RGB('',1.E0,9.60784E-1,8.90196E-1);
#130=COLOUR_RGB('',1.E0,9.8E-1,7.2E-1);
#131=DRAUGHTING_PRE_DEFINED_COLOUR('yellow');
#132=COLOUR_RGB('',1.E0,1.E0,3.9216E-2);
#133=DRAUGHTING_PRE_DEFINED_COLOUR('white');
#150=CIRCLE('',#149,3.E-1);
#175=CIRCLE('',#174,3.E-1);
#372=CIRCLE('',#371,4.95E-2);
#381=CIRCLE('',#380,4.95E-2);
#422=CIRCLE('',#421,1.999999998264E-1);
#427=CIRCLE('',#426,1.999999997712E-1);
#444=CIRCLE('',#443,1.999999998264E-1);
#449=CIRCLE('',#448,1.999999997712E-1);
#466=CIRCLE('',#465,4.95E-2);
#475=CIRCLE('',#474,4.95E-2);
#516=CIRCLE('',#515,1.999999998264E-1);
#521=CIRCLE('',#520,1.999999997712E-1);
#538=CIRCLE('',#537,4.95E-2);
#547=CIRCLE('',#546,4.95E-2);
#664=CIRCLE('',#663,3.E-1);
#689=CIRCLE('',#688,3.E-1);
#723=B_SPLINE_CURVE_WITH_KNOTS('',3,(#714,#715,#716,#717,#718,#719,#720,#721,
#722),.UNSPECIFIED.,.F.,.F.,(4,1,1,1,1,1,4),(0.E0,1.25E-1,2.5E-1,5.E-1,7.5E-1,
8.75E-1,1.E0),.UNSPECIFIED.);
#733=B_SPLINE_CURVE_WITH_KNOTS('',3,(#724,#725,#726,#727,#728,#729,#730,#731,
#732),.UNSPECIFIED.,.F.,.F.,(4,1,1,1,1,1,4),(0.E0,1.25E-1,2.5E-1,5.E-1,7.5E-1,
8.75E-1,1.E0),.UNSPECIFIED.);
#741=B_SPLINE_CURVE_WITH_KNOTS('',3,(#734,#735,#736,#737,#738,#739,#740),
.UNSPECIFIED.,.F.,.F.,(4,1,1,1,4),(0.E0,2.5E-1,5.E-1,7.5E-1,1.E0),
.UNSPECIFIED.);
#751=B_SPLINE_CURVE_WITH_KNOTS('',3,(#742,#743,#744,#745,#746,#747,#748,#749,
#750),.UNSPECIFIED.,.F.,.F.,(4,1,1,1,1,1,4),(0.E0,1.25E-1,2.5E-1,5.E-1,7.5E-1,
8.75E-1,1.E0),.UNSPECIFIED.);
#756=CIRCLE('',#755,1.5E-1);
#789=B_SPLINE_CURVE_WITH_KNOTS('',3,(#777,#778,#779,#780,#781,#782,#783,#784,
#785,#786,#787,#788),.UNSPECIFIED.,.F.,.F.,(4,1,1,1,1,1,1,1,1,4),(0.E0,
1.111111111111E-1,2.222222222222E-1,3.333333333333E-1,4.444444444444E-1,
5.555555555556E-1,6.666666666667E-1,7.777777777778E-1,8.888888888889E-1,1.E0),
.UNSPECIFIED.);
#803=B_SPLINE_CURVE_WITH_KNOTS('',3,(#798,#799,#800,#801,#802),.UNSPECIFIED.,
.F.,.F.,(4,1,4),(0.E0,5.E-1,1.E0),.UNSPECIFIED.);
#813=B_SPLINE_CURVE_WITH_KNOTS('',3,(#804,#805,#806,#807,#808,#809,#810,#811,
#812),.UNSPECIFIED.,.F.,.F.,(4,1,1,1,1,1,4),(0.E0,1.25E-1,2.5E-1,5.E-1,7.5E-1,
8.75E-1,1.E0),.UNSPECIFIED.);
#825=B_SPLINE_CURVE_WITH_KNOTS('',3,(#814,#815,#816,#817,#818,#819,#820,#821,
#822,#823,#824),.UNSPECIFIED.,.F.,.F.,(4,1,1,1,1,1,1,1,4),(0.E0,1.25E-1,2.5E-1,
3.75E-1,5.E-1,6.25E-1,7.5E-1,8.75E-1,1.E0),.UNSPECIFIED.);
#830=CIRCLE('',#829,2.E-1);
#842=B_SPLINE_CURVE_WITH_KNOTS('',3,(#831,#832,#833,#834,#835,#836,#837,#838,
#839,#840,#841),.UNSPECIFIED.,.F.,.F.,(4,1,1,1,1,1,1,1,4),(0.E0,1.25E-1,2.5E-1,
3.75E-1,5.E-1,6.25E-1,7.5E-1,8.75E-1,1.E0),.UNSPECIFIED.);
#847=CIRCLE('',#846,4.E-1);
#852=CIRCLE('',#851,4.E-1);
#882=B_SPLINE_CURVE_WITH_KNOTS('',3,(#857,#858,#859,#860,#861,#862,#863,#864,
#865,#866,#867,#868,#869,#870,#871,#872,#873,#874,#875,#876,#877,#878,#879,#880,
#881),.UNSPECIFIED.,.F.,.F.,(4,1,1,1,1,1,1,1,1,1,1,1,1,1,1,1,1,1,1,1,1,1,4),(
0.E0,4.545454545455E-2,9.090909090909E-2,1.363636363636E-1,1.818181818182E-1,
2.272727272727E-1,2.727272727273E-1,3.181818181818E-1,3.636363636364E-1,
4.090909090909E-1,4.545454545455E-1,5.E-1,5.454545454545E-1,5.909090909091E-1,
6.363636363636E-1,6.818181818182E-1,7.272727272727E-1,7.727272727273E-1,
8.181818181818E-1,8.636363636364E-1,9.090909090909E-1,9.545454545455E-1,1.E0),
.UNSPECIFIED.);
#899=CIRCLE('',#898,5.E-2);
#916=B_SPLINE_CURVE_WITH_KNOTS('',3,(#904,#905,#906,#907,#908,#909,#910,#911,
#912,#913,#914,#915),.UNSPECIFIED.,.F.,.F.,(4,1,1,1,1,1,1,1,1,4),(0.E0,
1.111111111111E-1,2.222222222222E-1,3.333333333333E-1,4.444444444444E-1,
5.555555555556E-1,6.666666666667E-1,7.777777777778E-1,8.888888888889E-1,1.E0),
.UNSPECIFIED.);
#927=B_SPLINE_CURVE_WITH_KNOTS('',3,(#921,#922,#923,#924,#925,#926),
.UNSPECIFIED.,.F.,.F.,(4,1,1,4),(0.E0,3.333333333333E-1,6.666666666667E-1,1.E0),
.UNSPECIFIED.);
#938=B_SPLINE_CURVE_WITH_KNOTS('',3,(#932,#933,#934,#935,#936,#937),
.UNSPECIFIED.,.F.,.F.,(4,1,1,4),(0.E0,3.333333333333E-1,6.666666666667E-1,1.E0),
.UNSPECIFIED.);
#947=CIRCLE('',#946,5.E-2);
#952=CIRCLE('',#951,1.090001164408E0);
#957=CIRCLE('',#956,1.090001164408E0);
#962=CIRCLE('',#961,5.E-2);
#975=CIRCLE('',#974,2.494999988525E-1);
#984=CIRCLE('',#983,2.495E-1);
#1009=CIRCLE('',#1008,2.495E-1);
#1018=CIRCLE('',#1017,2.495E-1);
#1031=CIRCLE('',#1030,5.E-2);
#1044=CIRCLE('',#1043,9.000011644083E-1);
#1049=CIRCLE('',#1048,9.000011644084E-1);
#1126=B_SPLINE_CURVE_WITH_KNOTS('',3,(#1122,#1123,#1124,#1125),.UNSPECIFIED.,
.F.,.F.,(4,4),(0.E0,1.E0),.UNSPECIFIED.);
#1135=CIRCLE('',#1134,5.E-2);
#1140=CIRCLE('',#1139,5.E-2);
#1145=CIRCLE('',#1144,5.E-2);
#1150=CIRCLE('',#1149,5.E-2);
#1171=CIRCLE('',#1170,5.E-2);
#1176=CIRCLE('',#1175,5.E-2);
#1183=B_SPLINE_CURVE_WITH_KNOTS('',3,(#1177,#1178,#1179,#1180,#1181,#1182),
.UNSPECIFIED.,.F.,.F.,(4,1,1,4),(0.E0,3.333333333333E-1,6.666666666667E-1,1.E0),
.UNSPECIFIED.);
#1196=B_SPLINE_CURVE_WITH_KNOTS('',3,(#1184,#1185,#1186,#1187,#1188,#1189,#1190,
#1191,#1192,#1193,#1194,#1195),.UNSPECIFIED.,.F.,.F.,(4,1,1,1,1,1,1,1,1,4),
(0.E0,1.111111111111E-1,2.222222222222E-1,3.333333333333E-1,4.444444444444E-1,
5.555555555556E-1,6.666666666667E-1,7.777777777778E-1,8.888888888889E-1,1.E0),
.UNSPECIFIED.);
#1207=B_SPLINE_CURVE_WITH_KNOTS('',3,(#1197,#1198,#1199,#1200,#1201,#1202,#1203,
#1204,#1205,#1206),.UNSPECIFIED.,.F.,.F.,(4,1,1,1,1,1,1,4),(0.E0,
1.428571428571E-1,2.857142857143E-1,4.285714285714E-1,5.714285714286E-1,
7.142857142857E-1,8.571428571429E-1,1.E0),.UNSPECIFIED.);
#1212=CIRCLE('',#1211,1.995E-1);
#1217=CIRCLE('',#1216,1.995E-1);
#1244=B_SPLINE_CURVE_WITH_KNOTS('',3,(#1234,#1235,#1236,#1237,#1238,#1239,#1240,
#1241,#1242,#1243),.UNSPECIFIED.,.F.,.F.,(4,1,1,1,1,1,1,4),(0.E0,
1.428571428571E-1,2.857142857143E-1,4.285714285714E-1,5.714285714286E-1,
7.142857142857E-1,8.571428571429E-1,1.E0),.UNSPECIFIED.);
#1255=B_SPLINE_CURVE_WITH_KNOTS('',3,(#1245,#1246,#1247,#1248,#1249,#1250,#1251,
#1252,#1253,#1254),.UNSPECIFIED.,.F.,.F.,(4,1,1,1,1,1,1,4),(0.E0,
1.428571428571E-1,2.857142857143E-1,4.285714285714E-1,5.714285714286E-1,
7.142857142857E-1,8.571428571429E-1,1.E0),.UNSPECIFIED.);
#1260=CIRCLE('',#1259,1.995E-1);
#1265=CIRCLE('',#1264,1.995E-1);
#1294=B_SPLINE_CURVE_WITH_KNOTS('',3,(#1286,#1287,#1288,#1289,#1290,#1291,#1292,
#1293),.UNSPECIFIED.,.F.,.F.,(4,1,1,1,1,4),(0.E0,2.E-1,4.E-1,6.E-1,8.E-1,1.E0),
.UNSPECIFIED.);
#1301=B_SPLINE_CURVE_WITH_KNOTS('',3,(#1295,#1296,#1297,#1298,#1299,#1300),
.UNSPECIFIED.,.F.,.F.,(4,1,1,4),(0.E0,2.5E-1,5.E-1,1.E0),.UNSPECIFIED.);
#1311=B_SPLINE_CURVE_WITH_KNOTS('',3,(#1302,#1303,#1304,#1305,#1306,#1307,#1308,
#1309,#1310),.UNSPECIFIED.,.F.,.F.,(4,1,1,1,1,1,4),(0.E0,1.25E-1,2.5E-1,5.E-1,
7.5E-1,8.75E-1,1.E0),.UNSPECIFIED.);
#1322=B_SPLINE_CURVE_WITH_KNOTS('',3,(#1312,#1313,#1314,#1315,#1316,#1317,#1318,
#1319,#1320,#1321),.UNSPECIFIED.,.F.,.F.,(4,1,1,1,1,1,1,4),(0.E0,
1.428571428571E-1,2.857142857143E-1,4.285714285714E-1,5.714285714286E-1,
7.142857142857E-1,8.571428571429E-1,1.E0),.UNSPECIFIED.);
#1333=B_SPLINE_CURVE_WITH_KNOTS('',3,(#1323,#1324,#1325,#1326,#1327,#1328,#1329,
#1330,#1331,#1332),.UNSPECIFIED.,.F.,.F.,(4,1,1,1,1,1,1,4),(0.E0,1.25E-1,2.5E-1,
3.75E-1,5.E-1,7.5E-1,8.75E-1,1.E0),.UNSPECIFIED.);
#1343=B_SPLINE_CURVE_WITH_KNOTS('',3,(#1334,#1335,#1336,#1337,#1338,#1339,#1340,
#1341,#1342),.UNSPECIFIED.,.F.,.F.,(4,1,1,1,1,1,4),(0.E0,1.25E-1,2.5E-1,5.E-1,
7.5E-1,8.75E-1,1.E0),.UNSPECIFIED.);
#1351=B_SPLINE_CURVE_WITH_KNOTS('',3,(#1344,#1345,#1346,#1347,#1348,#1349,
#1350),.UNSPECIFIED.,.F.,.F.,(4,1,1,1,4),(0.E0,2.5E-1,5.E-1,7.5E-1,1.E0),
.UNSPECIFIED.);
#1362=B_SPLINE_CURVE_WITH_KNOTS('',3,(#1352,#1353,#1354,#1355,#1356,#1357,#1358,
#1359,#1360,#1361),.UNSPECIFIED.,.F.,.F.,(4,1,1,1,1,1,1,4),(0.E0,1.25E-1,2.5E-1,
5.E-1,6.25E-1,7.5E-1,8.75E-1,1.E0),.UNSPECIFIED.);
#1373=B_SPLINE_CURVE_WITH_KNOTS('',3,(#1363,#1364,#1365,#1366,#1367,#1368,#1369,
#1370,#1371,#1372),.UNSPECIFIED.,.F.,.F.,(4,1,1,1,1,1,1,4),(0.E0,1.25E-1,2.5E-1,
3.75E-1,5.E-1,7.5E-1,8.75E-1,1.E0),.UNSPECIFIED.);
#1381=B_SPLINE_CURVE_WITH_KNOTS('',3,(#1374,#1375,#1376,#1377,#1378,#1379,
#1380),.UNSPECIFIED.,.F.,.F.,(4,1,1,1,4),(0.E0,2.5E-1,5.E-1,7.5E-1,1.E0),
.UNSPECIFIED.);
#1392=B_SPLINE_CURVE_WITH_KNOTS('',3,(#1382,#1383,#1384,#1385,#1386,#1387,#1388,
#1389,#1390,#1391),.UNSPECIFIED.,.F.,.F.,(4,1,1,1,1,1,1,4),(0.E0,
1.428571428571E-1,2.857142857143E-1,4.285714285714E-1,5.714285714286E-1,
7.142857142857E-1,8.571428571429E-1,1.E0),.UNSPECIFIED.);
#1403=B_SPLINE_CURVE_WITH_KNOTS('',3,(#1393,#1394,#1395,#1396,#1397,#1398,#1399,
#1400,#1401,#1402),.UNSPECIFIED.,.F.,.F.,(4,1,1,1,1,1,1,4),(0.E0,1.25E-1,2.5E-1,
5.E-1,6.25E-1,7.5E-1,8.75E-1,1.E0),.UNSPECIFIED.);
#1408=CIRCLE('',#1407,1.5E-1);
#1413=CIRCLE('',#1412,1.5E-1);
#1418=CIRCLE('',#1417,1.5E-1);
#1423=CIRCLE('',#1422,1.995E-1);
#1428=CIRCLE('',#1427,1.995E-1);
#1437=CIRCLE('',#1436,5.E-2);
#1442=CIRCLE('',#1441,5.E-2);
#1455=B_SPLINE_CURVE_WITH_KNOTS('',3,(#1447,#1448,#1449,#1450,#1451,#1452,#1453,
#1454),.UNSPECIFIED.,.F.,.F.,(4,1,1,1,1,4),(0.E0,2.E-1,4.E-1,6.E-1,8.E-1,1.E0),
.UNSPECIFIED.);
#1464=CIRCLE('',#1463,1.995E-1);
#1469=CIRCLE('',#1468,1.995E-1);
#1498=CIRCLE('',#1497,5.E-2);
#1503=CIRCLE('',#1502,5.E-2);
#1508=CIRCLE('',#1507,5.E-2);
#1513=CIRCLE('',#1512,5.E-2);
#1518=CIRCLE('',#1517,5.E-2);
#1523=CIRCLE('',#1522,5.E-2);
#1536=B_SPLINE_CURVE_WITH_KNOTS('',3,(#1524,#1525,#1526,#1527,#1528,#1529,#1530,
#1531,#1532,#1533,#1534,#1535),.UNSPECIFIED.,.F.,.F.,(4,1,1,1,1,1,1,1,1,4),
(0.E0,1.111111111111E-1,2.222222222222E-1,3.333333333333E-1,4.444444444444E-1,
5.555555555556E-1,6.666666666667E-1,7.777777777778E-1,8.888888888889E-1,1.E0),
.UNSPECIFIED.);
#1549=B_SPLINE_CURVE_WITH_KNOTS('',3,(#1537,#1538,#1539,#1540,#1541,#1542,#1543,
#1544,#1545,#1546,#1547,#1548),.UNSPECIFIED.,.F.,.F.,(4,1,1,1,1,1,1,1,1,4),
(0.E0,1.111111111111E-1,2.222222222222E-1,3.333333333333E-1,4.444444444444E-1,
5.555555555556E-1,6.666666666667E-1,7.777777777778E-1,8.888888888889E-1,1.E0),
.UNSPECIFIED.);
#1570=CIRCLE('',#1569,5.E-2);
#1583=B_SPLINE_CURVE_WITH_KNOTS('',3,(#1571,#1572,#1573,#1574,#1575,#1576,#1577,
#1578,#1579,#1580,#1581,#1582),.UNSPECIFIED.,.F.,.F.,(4,1,1,1,1,1,1,1,1,4),
(0.E0,1.111111111111E-1,2.222222222222E-1,3.333333333333E-1,4.444444444444E-1,
5.555555555556E-1,6.666666666667E-1,7.777777777778E-1,8.888888888889E-1,1.E0),
.UNSPECIFIED.);
#1596=B_SPLINE_CURVE_WITH_KNOTS('',3,(#1584,#1585,#1586,#1587,#1588,#1589,#1590,
#1591,#1592,#1593,#1594,#1595),.UNSPECIFIED.,.F.,.F.,(4,1,1,1,1,1,1,1,1,4),
(0.E0,1.111111111111E-1,2.222222222222E-1,3.333333333333E-1,4.444444444444E-1,
5.555555555556E-1,6.666666666667E-1,7.777777777778E-1,8.888888888889E-1,1.E0),
.UNSPECIFIED.);
#1601=CIRCLE('',#1600,5.E-2);
#1614=B_SPLINE_CURVE_WITH_KNOTS('',3,(#1602,#1603,#1604,#1605,#1606,#1607,#1608,
#1609,#1610,#1611,#1612,#1613),.UNSPECIFIED.,.F.,.F.,(4,1,1,1,1,1,1,1,1,4),
(0.E0,1.111111111111E-1,2.222222222222E-1,3.333333333333E-1,4.444444444444E-1,
5.555555555556E-1,6.666666666667E-1,7.777777777778E-1,8.888888888889E-1,1.E0),
.UNSPECIFIED.);
#1621=B_SPLINE_CURVE_WITH_KNOTS('',3,(#1615,#1616,#1617,#1618,#1619,#1620),
.UNSPECIFIED.,.F.,.F.,(4,1,1,4),(0.E0,3.333333333333E-1,6.666666666667E-1,1.E0),
.UNSPECIFIED.);
#1626=CIRCLE('',#1625,5.E-2);
#1631=CIRCLE('',#1630,5.E-2);
#1636=CIRCLE('',#1635,5.E-2);
#1649=B_SPLINE_CURVE_WITH_KNOTS('',3,(#1637,#1638,#1639,#1640,#1641,#1642,#1643,
#1644,#1645,#1646,#1647,#1648),.UNSPECIFIED.,.F.,.F.,(4,1,1,1,1,1,1,1,1,4),
(0.E0,1.111111111111E-1,2.222222222222E-1,3.333333333333E-1,4.444444444444E-1,
5.555555555556E-1,6.666666666667E-1,7.777777777778E-1,8.888888888889E-1,1.E0),
.UNSPECIFIED.);
#1662=B_SPLINE_CURVE_WITH_KNOTS('',3,(#1650,#1651,#1652,#1653,#1654,#1655,#1656,
#1657,#1658,#1659,#1660,#1661),.UNSPECIFIED.,.F.,.F.,(4,1,1,1,1,1,1,1,1,4),
(0.E0,1.111111111111E-1,2.222222222222E-1,3.333333333333E-1,4.444444444444E-1,
5.555555555556E-1,6.666666666667E-1,7.777777777778E-1,8.888888888889E-1,1.E0),
.UNSPECIFIED.);
#1667=CIRCLE('',#1666,5.E-2);
#1674=B_SPLINE_CURVE_WITH_KNOTS('',3,(#1668,#1669,#1670,#1671,#1672,#1673),
.UNSPECIFIED.,.F.,.F.,(4,1,1,4),(0.E0,3.333333333333E-1,6.666666666667E-1,1.E0),
.UNSPECIFIED.);
#1687=B_SPLINE_CURVE_WITH_KNOTS('',3,(#1675,#1676,#1677,#1678,#1679,#1680,#1681,
#1682,#1683,#1684,#1685,#1686),.UNSPECIFIED.,.F.,.F.,(4,1,1,1,1,1,1,1,1,4),
(0.E0,1.111111111111E-1,2.222222222222E-1,3.333333333333E-1,4.444444444444E-1,
5.555555555556E-1,6.666666666667E-1,7.777777777778E-1,8.888888888889E-1,1.E0),
.UNSPECIFIED.);
#1704=CIRCLE('',#1703,5.E-2);
#1721=B_SPLINE_CURVE_WITH_KNOTS('',3,(#1709,#1710,#1711,#1712,#1713,#1714,#1715,
#1716,#1717,#1718,#1719,#1720),.UNSPECIFIED.,.F.,.F.,(4,1,1,1,1,1,1,1,1,4),
(0.E0,1.111111111111E-1,2.222222222222E-1,3.333333333333E-1,4.444444444444E-1,
5.555555555556E-1,6.666666666667E-1,7.777777777778E-1,8.888888888889E-1,1.E0),
.UNSPECIFIED.);
#1732=B_SPLINE_CURVE_WITH_KNOTS('',3,(#1726,#1727,#1728,#1729,#1730,#1731),
.UNSPECIFIED.,.F.,.F.,(4,1,1,4),(0.E0,3.333333333333E-1,6.666666666667E-1,1.E0),
.UNSPECIFIED.);
#1743=B_SPLINE_CURVE_WITH_KNOTS('',3,(#1737,#1738,#1739,#1740,#1741,#1742),
.UNSPECIFIED.,.F.,.F.,(4,1,1,4),(0.E0,3.333333333333E-1,6.666666666667E-1,1.E0),
.UNSPECIFIED.);
#1752=CIRCLE('',#1751,5.E-2);
#1757=CIRCLE('',#1756,1.090001164408E0);
#1762=CIRCLE('',#1761,1.090001164408E0);
#1783=CIRCLE('',#1782,2.495E-1);
#1792=CIRCLE('',#1791,2.495E-1);
#1805=CIRCLE('',#1804,5.E-2);
#1814=CIRCLE('',#1813,5.E-2);
#1827=CIRCLE('',#1826,2.494999988525E-1);
#1836=CIRCLE('',#1835,2.495E-1);
#1849=CIRCLE('',#1848,9.000011644083E-1);
#1854=CIRCLE('',#1853,9.000011644083E-1);
#1911=CIRCLE('',#1910,5.E-2);
#1936=B_SPLINE_CURVE_WITH_KNOTS('',3,(#1924,#1925,#1926,#1927,#1928,#1929,#1930,
#1931,#1932,#1933,#1934,#1935),.UNSPECIFIED.,.F.,.F.,(4,1,1,1,1,1,1,1,1,4),
(0.E0,1.111111111111E-1,2.222222222222E-1,3.333333333333E-1,4.444444444444E-1,
5.555555555556E-1,6.666666666667E-1,7.777777777778E-1,8.888888888889E-1,1.E0),
.UNSPECIFIED.);
#1953=CIRCLE('',#1952,5.E-2);
#1958=CIRCLE('',#1957,5.E-2);
#1963=CIRCLE('',#1962,5.E-2);
#1972=B_SPLINE_CURVE_WITH_KNOTS('',3,(#1964,#1965,#1966,#1967,#1968,#1969,#1970,
#1971),.UNSPECIFIED.,.F.,.F.,(4,1,1,1,1,4),(0.E0,2.E-1,4.E-1,6.E-1,8.E-1,1.E0),
.UNSPECIFIED.);
#2013=B_SPLINE_CURVE_WITH_KNOTS('',3,(#2009,#2010,#2011,#2012),.UNSPECIFIED.,
.F.,.F.,(4,4),(0.E0,1.E0),.UNSPECIFIED.);
#2022=CIRCLE('',#2021,5.E-2);
#2027=CIRCLE('',#2026,5.E-2);
#2032=CIRCLE('',#2031,5.E-2);
#2037=CIRCLE('',#2036,5.E-2);
#2058=CIRCLE('',#2057,5.E-2);
#2063=CIRCLE('',#2062,5.E-2);
#2070=B_SPLINE_CURVE_WITH_KNOTS('',3,(#2064,#2065,#2066,#2067,#2068,#2069),
.UNSPECIFIED.,.F.,.F.,(4,1,1,4),(0.E0,3.333333333333E-1,6.666666666667E-1,1.E0),
.UNSPECIFIED.);
#2083=B_SPLINE_CURVE_WITH_KNOTS('',3,(#2071,#2072,#2073,#2074,#2075,#2076,#2077,
#2078,#2079,#2080,#2081,#2082),.UNSPECIFIED.,.F.,.F.,(4,1,1,1,1,1,1,1,1,4),
(0.E0,1.111111111111E-1,2.222222222222E-1,3.333333333333E-1,4.444444444444E-1,
5.555555555556E-1,6.666666666667E-1,7.777777777778E-1,8.888888888889E-1,1.E0),
.UNSPECIFIED.);
#2094=B_SPLINE_CURVE_WITH_KNOTS('',3,(#2084,#2085,#2086,#2087,#2088,#2089,#2090,
#2091,#2092,#2093),.UNSPECIFIED.,.F.,.F.,(4,1,1,1,1,1,1,4),(0.E0,
1.428571428571E-1,2.857142857143E-1,4.285714285714E-1,5.714285714286E-1,
7.142857142857E-1,8.571428571429E-1,1.E0),.UNSPECIFIED.);
#2099=CIRCLE('',#2098,1.995E-1);
#2104=CIRCLE('',#2103,1.995E-1);
#2131=B_SPLINE_CURVE_WITH_KNOTS('',3,(#2121,#2122,#2123,#2124,#2125,#2126,#2127,
#2128,#2129,#2130),.UNSPECIFIED.,.F.,.F.,(4,1,1,1,1,1,1,4),(0.E0,
1.428571428571E-1,2.857142857143E-1,4.285714285714E-1,5.714285714286E-1,
7.142857142857E-1,8.571428571429E-1,1.E0),.UNSPECIFIED.);
#2142=B_SPLINE_CURVE_WITH_KNOTS('',3,(#2132,#2133,#2134,#2135,#2136,#2137,#2138,
#2139,#2140,#2141),.UNSPECIFIED.,.F.,.F.,(4,1,1,1,1,1,1,4),(0.E0,
1.428571428571E-1,2.857142857143E-1,4.285714285714E-1,5.714285714286E-1,
7.142857142857E-1,8.571428571429E-1,1.E0),.UNSPECIFIED.);
#2147=CIRCLE('',#2146,1.995E-1);
#2152=CIRCLE('',#2151,1.995E-1);
#2178=B_SPLINE_CURVE_WITH_KNOTS('',3,(#2169,#2170,#2171,#2172,#2173,#2174,#2175,
#2176,#2177),.UNSPECIFIED.,.F.,.F.,(4,1,1,1,1,1,4),(0.E0,1.25E-1,2.5E-1,5.E-1,
7.5E-1,8.75E-1,1.E0),.UNSPECIFIED.);
#2189=B_SPLINE_CURVE_WITH_KNOTS('',3,(#2179,#2180,#2181,#2182,#2183,#2184,#2185,
#2186,#2187,#2188),.UNSPECIFIED.,.F.,.F.,(4,1,1,1,1,1,1,4),(0.E0,
1.428571428571E-1,2.857142857143E-1,4.285714285714E-1,5.714285714286E-1,
7.142857142857E-1,8.571428571429E-1,1.E0),.UNSPECIFIED.);
#2196=B_SPLINE_CURVE_WITH_KNOTS('',3,(#2190,#2191,#2192,#2193,#2194,#2195),
.UNSPECIFIED.,.F.,.F.,(4,1,1,4),(0.E0,2.5E-1,5.E-1,1.E0),.UNSPECIFIED.);
#2207=B_SPLINE_CURVE_WITH_KNOTS('',3,(#2197,#2198,#2199,#2200,#2201,#2202,#2203,
#2204,#2205,#2206),.UNSPECIFIED.,.F.,.F.,(4,1,1,1,1,1,1,4),(0.E0,1.25E-1,2.5E-1,
3.75E-1,5.E-1,7.5E-1,8.75E-1,1.E0),.UNSPECIFIED.);
#2217=B_SPLINE_CURVE_WITH_KNOTS('',3,(#2208,#2209,#2210,#2211,#2212,#2213,#2214,
#2215,#2216),.UNSPECIFIED.,.F.,.F.,(4,1,1,1,1,1,4),(0.E0,1.25E-1,2.5E-1,5.E-1,
7.5E-1,8.75E-1,1.E0),.UNSPECIFIED.);
#2225=B_SPLINE_CURVE_WITH_KNOTS('',3,(#2218,#2219,#2220,#2221,#2222,#2223,
#2224),.UNSPECIFIED.,.F.,.F.,(4,1,1,1,4),(0.E0,2.5E-1,5.E-1,7.5E-1,1.E0),
.UNSPECIFIED.);
#2236=B_SPLINE_CURVE_WITH_KNOTS('',3,(#2226,#2227,#2228,#2229,#2230,#2231,#2232,
#2233,#2234,#2235),.UNSPECIFIED.,.F.,.F.,(4,1,1,1,1,1,1,4),(0.E0,1.25E-1,2.5E-1,
3.75E-1,5.E-1,7.5E-1,8.75E-1,1.E0),.UNSPECIFIED.);
#2247=B_SPLINE_CURVE_WITH_KNOTS('',3,(#2237,#2238,#2239,#2240,#2241,#2242,#2243,
#2244,#2245,#2246),.UNSPECIFIED.,.F.,.F.,(4,1,1,1,1,1,1,4),(0.E0,1.25E-1,2.5E-1,
5.E-1,6.25E-1,7.5E-1,8.75E-1,1.E0),.UNSPECIFIED.);
#2255=B_SPLINE_CURVE_WITH_KNOTS('',3,(#2248,#2249,#2250,#2251,#2252,#2253,
#2254),.UNSPECIFIED.,.F.,.F.,(4,1,1,1,4),(0.E0,2.5E-1,5.E-1,7.5E-1,1.E0),
.UNSPECIFIED.);
#2266=B_SPLINE_CURVE_WITH_KNOTS('',3,(#2256,#2257,#2258,#2259,#2260,#2261,#2262,
#2263,#2264,#2265),.UNSPECIFIED.,.F.,.F.,(4,1,1,1,1,1,1,4),(0.E0,1.25E-1,2.5E-1,
5.E-1,6.25E-1,7.5E-1,8.75E-1,1.E0),.UNSPECIFIED.);
#2277=B_SPLINE_CURVE_WITH_KNOTS('',3,(#2267,#2268,#2269,#2270,#2271,#2272,#2273,
#2274,#2275,#2276),.UNSPECIFIED.,.F.,.F.,(4,1,1,1,1,1,1,4),(0.E0,
1.428571428571E-1,2.857142857143E-1,4.285714285714E-1,5.714285714286E-1,
7.142857142857E-1,8.571428571429E-1,1.E0),.UNSPECIFIED.);
#2282=CIRCLE('',#2281,1.5E-1);
#2287=CIRCLE('',#2286,1.5E-1);
#2292=CIRCLE('',#2291,1.5E-1);
#2302=B_SPLINE_CURVE_WITH_KNOTS('',3,(#2293,#2294,#2295,#2296,#2297,#2298,#2299,
#2300,#2301),.UNSPECIFIED.,.F.,.F.,(4,1,1,1,1,1,4),(0.E0,1.25E-1,2.5E-1,5.E-1,
7.5E-1,8.75E-1,1.E0),.UNSPECIFIED.);
#2307=CIRCLE('',#2306,1.5E-1);
#2315=B_SPLINE_CURVE_WITH_KNOTS('',3,(#2308,#2309,#2310,#2311,#2312,#2313,
#2314),.UNSPECIFIED.,.F.,.F.,(4,1,1,1,4),(0.E0,2.5E-1,5.E-1,7.5E-1,1.E0),
.UNSPECIFIED.);
#2325=B_SPLINE_CURVE_WITH_KNOTS('',3,(#2316,#2317,#2318,#2319,#2320,#2321,#2322,
#2323,#2324),.UNSPECIFIED.,.F.,.F.,(4,1,1,1,1,1,4),(0.E0,1.25E-1,2.5E-1,5.E-1,
7.5E-1,8.75E-1,1.E0),.UNSPECIFIED.);
#2335=B_SPLINE_CURVE_WITH_KNOTS('',3,(#2326,#2327,#2328,#2329,#2330,#2331,#2332,
#2333,#2334),.UNSPECIFIED.,.F.,.F.,(4,1,1,1,1,1,4),(0.E0,1.25E-1,2.5E-1,5.E-1,
7.5E-1,8.75E-1,1.E0),.UNSPECIFIED.);
#2341=B_SPLINE_CURVE_WITH_KNOTS('',3,(#2336,#2337,#2338,#2339,#2340),
.UNSPECIFIED.,.F.,.F.,(4,1,4),(0.E0,5.E-1,1.E0),.UNSPECIFIED.);
#2351=B_SPLINE_CURVE_WITH_KNOTS('',3,(#2342,#2343,#2344,#2345,#2346,#2347,#2348,
#2349,#2350),.UNSPECIFIED.,.F.,.F.,(4,1,1,1,1,1,4),(0.E0,1.25E-1,2.5E-1,5.E-1,
7.5E-1,8.75E-1,1.E0),.UNSPECIFIED.);
#2363=B_SPLINE_CURVE_WITH_KNOTS('',3,(#2352,#2353,#2354,#2355,#2356,#2357,#2358,
#2359,#2360,#2361,#2362),.UNSPECIFIED.,.F.,.F.,(4,1,1,1,1,1,1,1,4),(0.E0,
1.25E-1,2.5E-1,3.75E-1,5.E-1,6.25E-1,7.5E-1,8.75E-1,1.E0),.UNSPECIFIED.);
#2368=CIRCLE('',#2367,2.E-1);
#2380=B_SPLINE_CURVE_WITH_KNOTS('',3,(#2369,#2370,#2371,#2372,#2373,#2374,#2375,
#2376,#2377,#2378,#2379),.UNSPECIFIED.,.F.,.F.,(4,1,1,1,1,1,1,1,4),(0.E0,
1.25E-1,2.5E-1,3.75E-1,5.E-1,6.25E-1,7.5E-1,8.75E-1,1.E0),.UNSPECIFIED.);
#2385=CIRCLE('',#2384,4.E-1);
#2390=CIRCLE('',#2389,4.E-1);
#2420=B_SPLINE_CURVE_WITH_KNOTS('',3,(#2395,#2396,#2397,#2398,#2399,#2400,#2401,
#2402,#2403,#2404,#2405,#2406,#2407,#2408,#2409,#2410,#2411,#2412,#2413,#2414,
#2415,#2416,#2417,#2418,#2419),.UNSPECIFIED.,.F.,.F.,(4,1,1,1,1,1,1,1,1,1,1,1,1,
1,1,1,1,1,1,1,1,1,4),(0.E0,4.545454545455E-2,9.090909090909E-2,
1.363636363636E-1,1.818181818182E-1,2.272727272727E-1,2.727272727273E-1,
3.181818181818E-1,3.636363636364E-1,4.090909090909E-1,4.545454545455E-1,5.E-1,
5.454545454545E-1,5.909090909091E-1,6.363636363636E-1,6.818181818182E-1,
7.272727272727E-1,7.727272727273E-1,8.181818181818E-1,8.636363636364E-1,
9.090909090909E-1,9.545454545455E-1,1.E0),.UNSPECIFIED.);
#2433=B_SPLINE_CURVE_WITH_KNOTS('',3,(#2421,#2422,#2423,#2424,#2425,#2426,#2427,
#2428,#2429,#2430,#2431,#2432),.UNSPECIFIED.,.F.,.F.,(4,1,1,1,1,1,1,1,1,4),
(0.E0,1.111111111111E-1,2.222222222222E-1,3.333333333333E-1,4.444444444444E-1,
5.555555555556E-1,6.666666666667E-1,7.777777777778E-1,8.888888888889E-1,1.E0),
.UNSPECIFIED.);
#2446=B_SPLINE_CURVE_WITH_KNOTS('',3,(#2434,#2435,#2436,#2437,#2438,#2439,#2440,
#2441,#2442,#2443,#2444,#2445),.UNSPECIFIED.,.F.,.F.,(4,1,1,1,1,1,1,1,1,4),
(0.E0,1.111111111111E-1,2.222222222222E-1,3.333333333333E-1,4.444444444444E-1,
5.555555555556E-1,6.666666666667E-1,7.777777777778E-1,8.888888888889E-1,1.E0),
.UNSPECIFIED.);
#2451=CIRCLE('',#2450,5.E-2);
#2476=CIRCLE('',#2475,5.E-2);
#2481=CIRCLE('',#2480,1.995E-1);
#2486=CIRCLE('',#2485,1.995E-1);
#2507=CIRCLE('',#2506,1.995E-1);
#2512=CIRCLE('',#2511,1.995E-1);
#2529=B_SPLINE_CURVE_WITH_KNOTS('',3,(#2521,#2522,#2523,#2524,#2525,#2526,#2527,
#2528),.UNSPECIFIED.,.F.,.F.,(4,1,1,1,1,4),(0.E0,2.E-1,4.E-1,6.E-1,8.E-1,1.E0),
.UNSPECIFIED.);
#2534=CIRCLE('',#2533,5.E-2);
#2539=CIRCLE('',#2538,5.E-2);
#2544=CIRCLE('',#2543,5.E-2);
#2549=CIRCLE('',#2548,5.E-2);
#2554=CIRCLE('',#2553,5.E-2);
#2559=CIRCLE('',#2558,5.E-2);
#2572=B_SPLINE_CURVE_WITH_KNOTS('',3,(#2560,#2561,#2562,#2563,#2564,#2565,#2566,
#2567,#2568,#2569,#2570,#2571),.UNSPECIFIED.,.F.,.F.,(4,1,1,1,1,1,1,1,1,4),
(0.E0,1.111111111111E-1,2.222222222222E-1,3.333333333333E-1,4.444444444444E-1,
5.555555555556E-1,6.666666666667E-1,7.777777777778E-1,8.888888888889E-1,1.E0),
.UNSPECIFIED.);
#2585=B_SPLINE_CURVE_WITH_KNOTS('',3,(#2573,#2574,#2575,#2576,#2577,#2578,#2579,
#2580,#2581,#2582,#2583,#2584),.UNSPECIFIED.,.F.,.F.,(4,1,1,1,1,1,1,1,1,4),
(0.E0,1.111111111111E-1,2.222222222222E-1,3.333333333333E-1,4.444444444444E-1,
5.555555555556E-1,6.666666666667E-1,7.777777777778E-1,8.888888888889E-1,1.E0),
.UNSPECIFIED.);
#2590=CIRCLE('',#2589,5.E-2);
#2597=B_SPLINE_CURVE_WITH_KNOTS('',3,(#2591,#2592,#2593,#2594,#2595,#2596),
.UNSPECIFIED.,.F.,.F.,(4,1,1,4),(0.E0,3.333333333333E-1,6.666666666667E-1,1.E0),
.UNSPECIFIED.);
#2610=B_SPLINE_CURVE_WITH_KNOTS('',3,(#2598,#2599,#2600,#2601,#2602,#2603,#2604,
#2605,#2606,#2607,#2608,#2609),.UNSPECIFIED.,.F.,.F.,(4,1,1,1,1,1,1,1,1,4),
(0.E0,1.111111111111E-1,2.222222222222E-1,3.333333333333E-1,4.444444444444E-1,
5.555555555556E-1,6.666666666667E-1,7.777777777778E-1,8.888888888889E-1,1.E0),
.UNSPECIFIED.);
#2627=CIRCLE('',#2626,5.E-2);
#2644=B_SPLINE_CURVE_WITH_KNOTS('',3,(#2632,#2633,#2634,#2635,#2636,#2637,#2638,
#2639,#2640,#2641,#2642,#2643),.UNSPECIFIED.,.F.,.F.,(4,1,1,1,1,1,1,1,1,4),
(0.E0,1.111111111111E-1,2.222222222222E-1,3.333333333333E-1,4.444444444444E-1,
5.555555555556E-1,6.666666666667E-1,7.777777777778E-1,8.888888888889E-1,1.E0),
.UNSPECIFIED.);
#2655=B_SPLINE_CURVE_WITH_KNOTS('',3,(#2649,#2650,#2651,#2652,#2653,#2654),
.UNSPECIFIED.,.F.,.F.,(4,1,1,4),(0.E0,3.333333333333E-1,6.666666666667E-1,1.E0),
.UNSPECIFIED.);
#2666=B_SPLINE_CURVE_WITH_KNOTS('',3,(#2660,#2661,#2662,#2663,#2664,#2665),
.UNSPECIFIED.,.F.,.F.,(4,1,1,4),(0.E0,3.333333333333E-1,6.666666666667E-1,1.E0),
.UNSPECIFIED.);
#2675=CIRCLE('',#2674,5.E-2);
#2680=CIRCLE('',#2679,1.090001164408E0);
#2685=CIRCLE('',#2684,1.090001164408E0);
#2706=CIRCLE('',#2705,2.495E-1);
#2715=CIRCLE('',#2714,2.495E-1);
#2728=CIRCLE('',#2727,5.E-2);
#2737=CIRCLE('',#2736,5.E-2);
#2750=CIRCLE('',#2749,2.494999988525E-1);
#2759=CIRCLE('',#2758,2.495E-1);
#2772=CIRCLE('',#2771,9.000011644084E-1);
#2777=CIRCLE('',#2776,9.000011644083E-1);
#2834=CIRCLE('',#2833,5.E-2);
#2859=B_SPLINE_CURVE_WITH_KNOTS('',3,(#2847,#2848,#2849,#2850,#2851,#2852,#2853,
#2854,#2855,#2856,#2857,#2858),.UNSPECIFIED.,.F.,.F.,(4,1,1,1,1,1,1,1,1,4),
(0.E0,1.111111111111E-1,2.222222222222E-1,3.333333333333E-1,4.444444444444E-1,
5.555555555556E-1,6.666666666667E-1,7.777777777778E-1,8.888888888889E-1,1.E0),
.UNSPECIFIED.);
#2876=CIRCLE('',#2875,5.E-2);
#2881=CIRCLE('',#2880,5.E-2);
#2886=CIRCLE('',#2885,5.E-2);
#2895=B_SPLINE_CURVE_WITH_KNOTS('',3,(#2887,#2888,#2889,#2890,#2891,#2892,#2893,
#2894),.UNSPECIFIED.,.F.,.F.,(4,1,1,1,1,4),(0.E0,2.E-1,4.E-1,6.E-1,8.E-1,1.E0),
.UNSPECIFIED.);
#2936=B_SPLINE_CURVE_WITH_KNOTS('',3,(#2932,#2933,#2934,#2935),.UNSPECIFIED.,
.F.,.F.,(4,4),(0.E0,1.E0),.UNSPECIFIED.);
#2945=CIRCLE('',#2944,5.E-2);
#2950=CIRCLE('',#2949,5.E-2);
#2955=CIRCLE('',#2954,5.E-2);
#2960=CIRCLE('',#2959,5.E-2);
#2981=CIRCLE('',#2980,5.E-2);
#2986=CIRCLE('',#2985,5.E-2);
#2993=B_SPLINE_CURVE_WITH_KNOTS('',3,(#2987,#2988,#2989,#2990,#2991,#2992),
.UNSPECIFIED.,.F.,.F.,(4,1,1,4),(0.E0,3.333333333333E-1,6.666666666667E-1,1.E0),
.UNSPECIFIED.);
#3006=B_SPLINE_CURVE_WITH_KNOTS('',3,(#2994,#2995,#2996,#2997,#2998,#2999,#3000,
#3001,#3002,#3003,#3004,#3005),.UNSPECIFIED.,.F.,.F.,(4,1,1,1,1,1,1,1,1,4),
(0.E0,1.111111111111E-1,2.222222222222E-1,3.333333333333E-1,4.444444444444E-1,
5.555555555556E-1,6.666666666667E-1,7.777777777778E-1,8.888888888889E-1,1.E0),
.UNSPECIFIED.);
#3017=B_SPLINE_CURVE_WITH_KNOTS('',3,(#3007,#3008,#3009,#3010,#3011,#3012,#3013,
#3014,#3015,#3016),.UNSPECIFIED.,.F.,.F.,(4,1,1,1,1,1,1,4),(0.E0,
1.428571428571E-1,2.857142857143E-1,4.285714285714E-1,5.714285714286E-1,
7.142857142857E-1,8.571428571429E-1,1.E0),.UNSPECIFIED.);
#3022=CIRCLE('',#3021,1.995E-1);
#3027=CIRCLE('',#3026,1.995E-1);
#3054=B_SPLINE_CURVE_WITH_KNOTS('',3,(#3044,#3045,#3046,#3047,#3048,#3049,#3050,
#3051,#3052,#3053),.UNSPECIFIED.,.F.,.F.,(4,1,1,1,1,1,1,4),(0.E0,
1.428571428571E-1,2.857142857143E-1,4.285714285714E-1,5.714285714286E-1,
7.142857142857E-1,8.571428571429E-1,1.E0),.UNSPECIFIED.);
#3065=B_SPLINE_CURVE_WITH_KNOTS('',3,(#3055,#3056,#3057,#3058,#3059,#3060,#3061,
#3062,#3063,#3064),.UNSPECIFIED.,.F.,.F.,(4,1,1,1,1,1,1,4),(0.E0,
1.428571428571E-1,2.857142857143E-1,4.285714285714E-1,5.714285714286E-1,
7.142857142857E-1,8.571428571429E-1,1.E0),.UNSPECIFIED.);
#3070=CIRCLE('',#3069,1.995E-1);
#3075=CIRCLE('',#3074,1.995E-1);
#3101=B_SPLINE_CURVE_WITH_KNOTS('',3,(#3092,#3093,#3094,#3095,#3096,#3097,#3098,
#3099,#3100),.UNSPECIFIED.,.F.,.F.,(4,1,1,1,1,1,4),(0.E0,1.25E-1,2.5E-1,5.E-1,
7.5E-1,8.75E-1,1.E0),.UNSPECIFIED.);
#3112=B_SPLINE_CURVE_WITH_KNOTS('',3,(#3102,#3103,#3104,#3105,#3106,#3107,#3108,
#3109,#3110,#3111),.UNSPECIFIED.,.F.,.F.,(4,1,1,1,1,1,1,4),(0.E0,
1.428571428571E-1,2.857142857143E-1,4.285714285714E-1,5.714285714286E-1,
7.142857142857E-1,8.571428571429E-1,1.E0),.UNSPECIFIED.);
#3119=B_SPLINE_CURVE_WITH_KNOTS('',3,(#3113,#3114,#3115,#3116,#3117,#3118),
.UNSPECIFIED.,.F.,.F.,(4,1,1,4),(0.E0,2.5E-1,5.E-1,1.E0),.UNSPECIFIED.);
#3130=B_SPLINE_CURVE_WITH_KNOTS('',3,(#3120,#3121,#3122,#3123,#3124,#3125,#3126,
#3127,#3128,#3129),.UNSPECIFIED.,.F.,.F.,(4,1,1,1,1,1,1,4),(0.E0,1.25E-1,2.5E-1,
3.75E-1,5.E-1,7.5E-1,8.75E-1,1.E0),.UNSPECIFIED.);
#3140=B_SPLINE_CURVE_WITH_KNOTS('',3,(#3131,#3132,#3133,#3134,#3135,#3136,#3137,
#3138,#3139),.UNSPECIFIED.,.F.,.F.,(4,1,1,1,1,1,4),(0.E0,1.25E-1,2.5E-1,5.E-1,
7.5E-1,8.75E-1,1.E0),.UNSPECIFIED.);
#3148=B_SPLINE_CURVE_WITH_KNOTS('',3,(#3141,#3142,#3143,#3144,#3145,#3146,
#3147),.UNSPECIFIED.,.F.,.F.,(4,1,1,1,4),(0.E0,2.5E-1,5.E-1,7.5E-1,1.E0),
.UNSPECIFIED.);
#3159=B_SPLINE_CURVE_WITH_KNOTS('',3,(#3149,#3150,#3151,#3152,#3153,#3154,#3155,
#3156,#3157,#3158),.UNSPECIFIED.,.F.,.F.,(4,1,1,1,1,1,1,4),(0.E0,1.25E-1,2.5E-1,
3.75E-1,5.E-1,7.5E-1,8.75E-1,1.E0),.UNSPECIFIED.);
#3170=B_SPLINE_CURVE_WITH_KNOTS('',3,(#3160,#3161,#3162,#3163,#3164,#3165,#3166,
#3167,#3168,#3169),.UNSPECIFIED.,.F.,.F.,(4,1,1,1,1,1,1,4),(0.E0,1.25E-1,2.5E-1,
5.E-1,6.25E-1,7.5E-1,8.75E-1,1.E0),.UNSPECIFIED.);
#3178=B_SPLINE_CURVE_WITH_KNOTS('',3,(#3171,#3172,#3173,#3174,#3175,#3176,
#3177),.UNSPECIFIED.,.F.,.F.,(4,1,1,1,4),(0.E0,2.5E-1,5.E-1,7.5E-1,1.E0),
.UNSPECIFIED.);
#3189=B_SPLINE_CURVE_WITH_KNOTS('',3,(#3179,#3180,#3181,#3182,#3183,#3184,#3185,
#3186,#3187,#3188),.UNSPECIFIED.,.F.,.F.,(4,1,1,1,1,1,1,4),(0.E0,1.25E-1,2.5E-1,
5.E-1,6.25E-1,7.5E-1,8.75E-1,1.E0),.UNSPECIFIED.);
#3200=B_SPLINE_CURVE_WITH_KNOTS('',3,(#3190,#3191,#3192,#3193,#3194,#3195,#3196,
#3197,#3198,#3199),.UNSPECIFIED.,.F.,.F.,(4,1,1,1,1,1,1,4),(0.E0,
1.428571428571E-1,2.857142857143E-1,4.285714285714E-1,5.714285714286E-1,
7.142857142857E-1,8.571428571429E-1,1.E0),.UNSPECIFIED.);
#3205=CIRCLE('',#3204,1.5E-1);
#3210=CIRCLE('',#3209,1.5E-1);
#3215=CIRCLE('',#3214,1.5E-1);
#3225=B_SPLINE_CURVE_WITH_KNOTS('',3,(#3216,#3217,#3218,#3219,#3220,#3221,#3222,
#3223,#3224),.UNSPECIFIED.,.F.,.F.,(4,1,1,1,1,1,4),(0.E0,1.25E-1,2.5E-1,5.E-1,
7.5E-1,8.75E-1,1.E0),.UNSPECIFIED.);
#3230=CIRCLE('',#3229,1.5E-1);
#3238=B_SPLINE_CURVE_WITH_KNOTS('',3,(#3231,#3232,#3233,#3234,#3235,#3236,
#3237),.UNSPECIFIED.,.F.,.F.,(4,1,1,1,4),(0.E0,2.5E-1,5.E-1,7.5E-1,1.E0),
.UNSPECIFIED.);
#3248=B_SPLINE_CURVE_WITH_KNOTS('',3,(#3239,#3240,#3241,#3242,#3243,#3244,#3245,
#3246,#3247),.UNSPECIFIED.,.F.,.F.,(4,1,1,1,1,1,4),(0.E0,1.25E-1,2.5E-1,5.E-1,
7.5E-1,8.75E-1,1.E0),.UNSPECIFIED.);
#3258=B_SPLINE_CURVE_WITH_KNOTS('',3,(#3249,#3250,#3251,#3252,#3253,#3254,#3255,
#3256,#3257),.UNSPECIFIED.,.F.,.F.,(4,1,1,1,1,1,4),(0.E0,1.25E-1,2.5E-1,5.E-1,
7.5E-1,8.75E-1,1.E0),.UNSPECIFIED.);
#3264=B_SPLINE_CURVE_WITH_KNOTS('',3,(#3259,#3260,#3261,#3262,#3263),
.UNSPECIFIED.,.F.,.F.,(4,1,4),(0.E0,5.E-1,1.E0),.UNSPECIFIED.);
#3274=B_SPLINE_CURVE_WITH_KNOTS('',3,(#3265,#3266,#3267,#3268,#3269,#3270,#3271,
#3272,#3273),.UNSPECIFIED.,.F.,.F.,(4,1,1,1,1,1,4),(0.E0,1.25E-1,2.5E-1,5.E-1,
7.5E-1,8.75E-1,1.E0),.UNSPECIFIED.);
#3286=B_SPLINE_CURVE_WITH_KNOTS('',3,(#3275,#3276,#3277,#3278,#3279,#3280,#3281,
#3282,#3283,#3284,#3285),.UNSPECIFIED.,.F.,.F.,(4,1,1,1,1,1,1,1,4),(0.E0,
1.25E-1,2.5E-1,3.75E-1,5.E-1,6.25E-1,7.5E-1,8.75E-1,1.E0),.UNSPECIFIED.);
#3291=CIRCLE('',#3290,2.E-1);
#3303=B_SPLINE_CURVE_WITH_KNOTS('',3,(#3292,#3293,#3294,#3295,#3296,#3297,#3298,
#3299,#3300,#3301,#3302),.UNSPECIFIED.,.F.,.F.,(4,1,1,1,1,1,1,1,4),(0.E0,
1.25E-1,2.5E-1,3.75E-1,5.E-1,6.25E-1,7.5E-1,8.75E-1,1.E0),.UNSPECIFIED.);
#3308=CIRCLE('',#3307,4.E-1);
#3313=CIRCLE('',#3312,4.E-1);
#3343=B_SPLINE_CURVE_WITH_KNOTS('',3,(#3318,#3319,#3320,#3321,#3322,#3323,#3324,
#3325,#3326,#3327,#3328,#3329,#3330,#3331,#3332,#3333,#3334,#3335,#3336,#3337,
#3338,#3339,#3340,#3341,#3342),.UNSPECIFIED.,.F.,.F.,(4,1,1,1,1,1,1,1,1,1,1,1,1,
1,1,1,1,1,1,1,1,1,4),(0.E0,4.545454545455E-2,9.090909090909E-2,
1.363636363636E-1,1.818181818182E-1,2.272727272727E-1,2.727272727273E-1,
3.181818181818E-1,3.636363636364E-1,4.090909090909E-1,4.545454545455E-1,5.E-1,
5.454545454545E-1,5.909090909091E-1,6.363636363636E-1,6.818181818182E-1,
7.272727272727E-1,7.727272727273E-1,8.181818181818E-1,8.636363636364E-1,
9.090909090909E-1,9.545454545455E-1,1.E0),.UNSPECIFIED.);
#3356=B_SPLINE_CURVE_WITH_KNOTS('',3,(#3344,#3345,#3346,#3347,#3348,#3349,#3350,
#3351,#3352,#3353,#3354,#3355),.UNSPECIFIED.,.F.,.F.,(4,1,1,1,1,1,1,1,1,4),
(0.E0,1.111111111111E-1,2.222222222222E-1,3.333333333333E-1,4.444444444444E-1,
5.555555555556E-1,6.666666666667E-1,7.777777777778E-1,8.888888888889E-1,1.E0),
.UNSPECIFIED.);
#3369=B_SPLINE_CURVE_WITH_KNOTS('',3,(#3357,#3358,#3359,#3360,#3361,#3362,#3363,
#3364,#3365,#3366,#3367,#3368),.UNSPECIFIED.,.F.,.F.,(4,1,1,1,1,1,1,1,1,4),
(0.E0,1.111111111111E-1,2.222222222222E-1,3.333333333333E-1,4.444444444444E-1,
5.555555555556E-1,6.666666666667E-1,7.777777777778E-1,8.888888888889E-1,1.E0),
.UNSPECIFIED.);
#3374=CIRCLE('',#3373,5.E-2);
#3399=CIRCLE('',#3398,5.E-2);
#3404=CIRCLE('',#3403,1.995E-1);
#3409=CIRCLE('',#3408,1.995E-1);
#3430=CIRCLE('',#3429,1.995E-1);
#3435=CIRCLE('',#3434,1.995E-1);
#3452=B_SPLINE_CURVE_WITH_KNOTS('',3,(#3444,#3445,#3446,#3447,#3448,#3449,#3450,
#3451),.UNSPECIFIED.,.F.,.F.,(4,1,1,1,1,4),(0.E0,2.E-1,4.E-1,6.E-1,8.E-1,1.E0),
.UNSPECIFIED.);
#3457=CIRCLE('',#3456,5.E-2);
#3462=CIRCLE('',#3461,5.E-2);
#3467=CIRCLE('',#3466,5.E-2);
#3472=CIRCLE('',#3471,5.E-2);
#3477=CIRCLE('',#3476,5.E-2);
#3482=CIRCLE('',#3481,5.E-2);
#4265=EDGE_CURVE('',#3651,#3652,#137,.T.);
#4267=EDGE_CURVE('',#3654,#3651,#141,.T.);
#4269=EDGE_CURVE('',#3654,#3591,#145,.T.);
#4271=EDGE_CURVE('',#3591,#3592,#150,.T.);
#4273=EDGE_CURVE('',#3592,#3594,#154,.T.);
#4275=EDGE_CURVE('',#3594,#3581,#158,.T.);
#4277=EDGE_CURVE('',#3581,#3582,#162,.T.);
#4279=EDGE_CURVE('',#3582,#3584,#166,.T.);
#4281=EDGE_CURVE('',#3584,#3586,#170,.T.);
#4283=EDGE_CURVE('',#3586,#3588,#175,.T.);
#4285=EDGE_CURVE('',#3588,#3692,#179,.T.);
#4287=EDGE_CURVE('',#3692,#3652,#183,.T.);
#4291=ADVANCED_FACE('',(#4290),#4264,.F.);
#4298=EDGE_CURVE('',#3676,#3652,#187,.T.);
#4300=EDGE_CURVE('',#3646,#3676,#191,.T.);
#4302=EDGE_CURVE('',#3645,#3646,#195,.T.);
#4304=EDGE_CURVE('',#3648,#3645,#199,.T.);
#4306=EDGE_CURVE('',#3651,#3648,#203,.T.);
#4310=ADVANCED_FACE('',(#4309),#4296,.T.);
#4316=EDGE_CURVE('',#3657,#3658,#651,.T.);
#4318=EDGE_CURVE('',#3680,#3657,#207,.T.);
#4320=EDGE_CURVE('',#3679,#3680,#211,.T.);
#4322=EDGE_CURVE('',#3684,#3679,#215,.T.);
#4324=EDGE_CURVE('',#3683,#3684,#219,.T.);
#4326=EDGE_CURVE('',#3658,#3683,#223,.T.);
#4330=ADVANCED_FACE('',(#4329),#4315,.T.);
#4337=EDGE_CURVE('',#3692,#3696,#235,.T.);
#4339=EDGE_CURVE('',#3696,#3676,#227,.T.);
#4344=ADVANCED_FACE('',(#4343),#4335,.F.);
#4350=EDGE_CURVE('',#3661,#3696,#231,.T.);
#4354=EDGE_CURVE('',#3588,#3604,#239,.T.);
#4356=EDGE_CURVE('',#3604,#3694,#659,.T.);
#4358=EDGE_CURVE('',#3694,#3698,#243,.T.);
#4360=EDGE_CURVE('',#3698,#3690,#247,.T.);
#4362=EDGE_CURVE('',#3690,#3687,#251,.T.);
#4364=EDGE_CURVE('',#3687,#3688,#255,.T.);
#4366=EDGE_CURVE('',#3666,#3688,#259,.T.);
#4368=EDGE_CURVE('',#3666,#3607,#693,.T.);
#4370=EDGE_CURVE('',#3591,#3607,#647,.T.);
#4373=EDGE_CURVE('',#3654,#3664,#263,.T.);
#4375=EDGE_CURVE('',#3664,#3662,#267,.T.);
#4377=EDGE_CURVE('',#3661,#3662,#271,.T.);
#4381=ADVANCED_FACE('',(#4380),#4349,.T.);
#4388=EDGE_CURVE('',#3661,#3646,#275,.T.);
#4394=ADVANCED_FACE('',(#4393),#4386,.F.);
#4401=EDGE_CURVE('',#3662,#3645,#279,.T.);
#4407=ADVANCED_FACE('',(#4406),#4399,.F.);
#4414=EDGE_CURVE('',#3664,#3648,#283,.T.);
#4420=ADVANCED_FACE('',(#4419),#4412,.F.);
#4432=ADVANCED_FACE('',(#4431),#4425,.F.);
#4439=EDGE_CURVE('',#3586,#3602,#287,.T.);
#4441=EDGE_CURVE('',#3602,#3604,#664,.T.);
#4446=ADVANCED_FACE('',(#4445),#4437,.T.);
#4453=EDGE_CURVE('',#3584,#3600,#291,.T.);
#4455=EDGE_CURVE('',#3600,#3602,#668,.T.);
#4460=EDGE_CURVE('',#3717,#3718,#295,.T.);
#4462=EDGE_CURVE('',#3718,#3720,#299,.T.);
#4464=EDGE_CURVE('',#3720,#3722,#303,.T.);
#4466=EDGE_CURVE('',#3722,#3717,#307,.T.);
#4470=EDGE_CURVE('',#3867,#3869,#311,.T.);
#4472=EDGE_CURVE('',#3869,#3871,#315,.T.);
#4474=EDGE_CURVE('',#3871,#3873,#319,.T.);
#4476=EDGE_CURVE('',#3873,#3867,#323,.T.);
#4480=EDGE_CURVE('',#3899,#3901,#327,.T.);
#4482=EDGE_CURVE('',#3901,#3903,#331,.T.);
#4484=EDGE_CURVE('',#3903,#3905,#335,.T.);
#4486=EDGE_CURVE('',#3905,#3899,#339,.T.);
#4490=ADVANCED_FACE('',(#4459,#4469,#4479,#4489),#4451,.T.);
#4496=EDGE_CURVE('',#3618,#3624,#343,.T.);
#4498=EDGE_CURVE('',#3624,#3626,#347,.T.);
#4500=EDGE_CURVE('',#3626,#3622,#351,.T.);
#4502=EDGE_CURVE('',#3622,#3598,#355,.T.);
#4504=EDGE_CURVE('',#3598,#3600,#672,.T.);
#4508=EDGE_CURVE('',#3582,#3618,#359,.T.);
#4512=EDGE_CURVE('',#3762,#3764,#363,.T.);
#4514=EDGE_CURVE('',#3742,#3762,#367,.T.);
#4516=EDGE_CURVE('',#3741,#3742,#372,.T.);
#4518=EDGE_CURVE('',#3748,#3741,#376,.T.);
#4520=EDGE_CURVE('',#3752,#3748,#381,.T.);
#4522=EDGE_CURVE('',#3756,#3752,#385,.T.);
#4524=EDGE_CURVE('',#3778,#3756,#389,.T.);
#4526=EDGE_CURVE('',#3782,#3778,#393,.T.);
#4528=EDGE_CURVE('',#3792,#3782,#397,.T.);
#4530=EDGE_CURVE('',#3730,#3792,#401,.T.);
#4532=EDGE_CURVE('',#3729,#3730,#405,.T.);
#4534=EDGE_CURVE('',#3926,#3729,#409,.T.);
#4536=EDGE_CURVE('',#3944,#3926,#413,.T.);
#4538=EDGE_CURVE('',#3833,#3944,#417,.T.);
#4540=EDGE_CURVE('',#3827,#3833,#422,.T.);
#4542=EDGE_CURVE('',#3803,#3827,#427,.T.);
#4544=EDGE_CURVE('',#3764,#3803,#431,.T.);
#4548=EDGE_CURVE('',#4126,#4135,#435,.T.);
#4550=EDGE_CURVE('',#3969,#4126,#439,.T.);
#4552=EDGE_CURVE('',#3961,#3969,#444,.T.);
#4554=EDGE_CURVE('',#3960,#3961,#449,.T.);
#4556=EDGE_CURVE('',#4093,#3960,#453,.T.);
#4558=EDGE_CURVE('',#4091,#4093,#457,.T.);
#4560=EDGE_CURVE('',#3973,#4091,#461,.T.);
#4562=EDGE_CURVE('',#3972,#3973,#466,.T.);
#4564=EDGE_CURVE('',#3979,#3972,#470,.T.);
#4566=EDGE_CURVE('',#3983,#3979,#475,.T.);
#4568=EDGE_CURVE('',#3987,#3983,#479,.T.);
#4570=EDGE_CURVE('',#4100,#3987,#483,.T.);
#4572=EDGE_CURVE('',#4109,#4100,#487,.T.);
#4574=EDGE_CURVE('',#4158,#4109,#491,.T.);
#4576=EDGE_CURVE('',#3997,#4158,#495,.T.);
#4578=EDGE_CURVE('',#3996,#3997,#499,.T.);
#4580=EDGE_CURVE('',#4135,#3996,#503,.T.);
#4584=EDGE_CURVE('',#4226,#4235,#507,.T.);
#4586=EDGE_CURVE('',#4025,#4226,#511,.T.);
#4588=EDGE_CURVE('',#4017,#4025,#516,.T.);
#4590=EDGE_CURVE('',#4016,#4017,#521,.T.);
#4592=EDGE_CURVE('',#4193,#4016,#525,.T.);
#4594=EDGE_CURVE('',#4191,#4193,#529,.T.);
#4596=EDGE_CURVE('',#4029,#4191,#533,.T.);
#4598=EDGE_CURVE('',#4028,#4029,#538,.T.);
#4600=EDGE_CURVE('',#4035,#4028,#542,.T.);
#4602=EDGE_CURVE('',#4039,#4035,#547,.T.);
#4604=EDGE_CURVE('',#4043,#4039,#551,.T.);
#4606=EDGE_CURVE('',#4200,#4043,#555,.T.);
#4608=EDGE_CURVE('',#4209,#4200,#559,.T.);
#4610=EDGE_CURVE('',#4258,#4209,#563,.T.);
#4612=EDGE_CURVE('',#4053,#4258,#567,.T.);
#4614=EDGE_CURVE('',#4052,#4053,#571,.T.);
#4616=EDGE_CURVE('',#4235,#4052,#575,.T.);
#4620=ADVANCED_FACE('',(#4511,#4547,#4583,#4619),#4495,.T.);
#4626=EDGE_CURVE('',#3617,#3618,#579,.T.);
#4628=EDGE_CURVE('',#3632,#3617,#595,.T.);
#4630=EDGE_CURVE('',#3632,#3629,#615,.T.);
#4632=EDGE_CURVE('',#3629,#3613,#635,.T.);
#4634=EDGE_CURVE('',#3624,#3613,#643,.T.);
#4639=ADVANCED_FACE('',(#4638),#4625,.F.);
#4648=EDGE_CURVE('',#3581,#3617,#583,.T.);
#4652=ADVANCED_FACE('',(#4651),#4644,.T.);
#4658=EDGE_CURVE('',#3621,#3622,#587,.T.);
#4660=EDGE_CURVE('',#3621,#3597,#591,.T.);
#4662=EDGE_CURVE('',#3597,#3598,#676,.T.);
#4667=ADVANCED_FACE('',(#4666),#4657,.T.);
#4676=EDGE_CURVE('',#3594,#3632,#599,.T.);
#4680=ADVANCED_FACE('',(#4679),#4672,.T.);
#4686=EDGE_CURVE('',#3634,#3621,#603,.T.);
#4688=EDGE_CURVE('',#3634,#3610,#607,.T.);
#4690=EDGE_CURVE('',#3610,#3597,#680,.T.);
#4695=ADVANCED_FACE('',(#4694),#4685,.T.);
#4701=EDGE_CURVE('',#3629,#3630,#611,.T.);
#4706=EDGE_CURVE('',#3592,#3608,#619,.T.);
#4708=EDGE_CURVE('',#3608,#3610,#684,.T.);
#4711=EDGE_CURVE('',#3634,#3630,#623,.T.);
#4715=ADVANCED_FACE('',(#4714),#4700,.T.);
#4722=EDGE_CURVE('',#3614,#3630,#627,.T.);
#4724=EDGE_CURVE('',#3613,#3614,#631,.T.);
#4729=ADVANCED_FACE('',(#4728),#4720,.T.);
#4737=EDGE_CURVE('',#3626,#3614,#639,.T.);
#4744=ADVANCED_FACE('',(#4743),#4734,.F.);
#4756=ADVANCED_FACE('',(#4755),#4749,.F.);
#4764=EDGE_CURVE('',#3607,#3608,#689,.T.);
#4769=ADVANCED_FACE('',(#4768),#4761,.T.);
#4776=EDGE_CURVE('',#3694,#3658,#655,.T.);
#4787=EDGE_CURVE('',#3666,#3657,#697,.T.);
#4791=ADVANCED_FACE('',(#4790),#4774,.T.);
#4799=EDGE_CURVE('',#3698,#3683,#701,.T.);
#4804=ADVANCED_FACE('',(#4803),#4796,.F.);
#4813=EDGE_CURVE('',#3690,#3684,#705,.T.);
#4817=ADVANCED_FACE('',(#4816),#4809,.F.);
#4826=EDGE_CURVE('',#3687,#3679,#709,.T.);
#4830=ADVANCED_FACE('',(#4829),#4822,.F.);
#4839=EDGE_CURVE('',#3688,#3680,#713,.T.);
#4843=ADVANCED_FACE('',(#4842),#4835,.F.);
#4855=ADVANCED_FACE('',(#4854),#4848,.F.);
#4861=EDGE_CURVE('',#3762,#3759,#723,.T.);
#4864=EDGE_CURVE('',#3766,#3764,#733,.T.);
#4866=EDGE_CURVE('',#3759,#3766,#776,.T.);
#4870=ADVANCED_FACE('',(#4869),#4860,.T.);
#4935=EDGE_CURVE('',#3761,#3762,#751,.T.);
#4938=EDGE_CURVE('',#3761,#3759,#741,.T.);
#4942=ADVANCED_FACE('',(#4941),#4934,.T.);
#4949=EDGE_CURVE('',#3746,#3761,#764,.T.);
#4951=EDGE_CURVE('',#3742,#3746,#756,.T.);
#4956=ADVANCED_FACE('',(#4955),#4947,.T.);
#4962=EDGE_CURVE('',#3768,#3761,#768,.T.);
#4964=EDGE_CURVE('',#3823,#3768,#760,.T.);
#4966=EDGE_CURVE('',#3746,#3823,#1432,.T.);
#4971=ADVANCED_FACE('',(#4970),#4961,.F.);
#4979=EDGE_CURVE('',#3759,#3760,#772,.T.);
#4981=EDGE_CURVE('',#3760,#3768,#1503,.T.);
#4985=ADVANCED_FACE('',(#4984),#4976,.F.);
#4993=EDGE_CURVE('',#3807,#3766,#797,.T.);
#4995=EDGE_CURVE('',#3807,#3837,#789,.T.);
#4997=EDGE_CURVE('',#3837,#3760,#793,.T.);
#5001=ADVANCED_FACE('',(#5000),#4990,.F.);
#5008=EDGE_CURVE('',#3766,#3796,#803,.T.);
#5010=EDGE_CURVE('',#3796,#3797,#1553,.T.);
#5012=EDGE_CURVE('',#3807,#3797,#1523,.T.);
#5016=ADVANCED_FACE('',(#5015),#5006,.F.);
#5064=EDGE_CURVE('',#3764,#3796,#813,.T.);
#5069=ADVANCED_FACE('',(#5068),#5062,.T.);
#5077=EDGE_CURVE('',#3801,#3803,#825,.T.);
#5079=EDGE_CURVE('',#3796,#3801,#1557,.T.);
#5083=ADVANCED_FACE('',(#5082),#5074,.T.);
#5102=EDGE_CURVE('',#3827,#3829,#830,.T.);
#5104=EDGE_CURVE('',#3801,#3829,#847,.T.);
#5109=ADVANCED_FACE('',(#5108),#5100,.T.);
#5127=EDGE_CURVE('',#3829,#3831,#852,.T.);
#5131=EDGE_CURVE('',#3831,#3833,#842,.T.);
#5135=ADVANCED_FACE('',(#5134),#5126,.T.);
#5143=EDGE_CURVE('',#3831,#3835,#856,.T.);
#5145=EDGE_CURVE('',#3834,#3835,#882,.T.);
#5147=EDGE_CURVE('',#3801,#3834,#1561,.T.);
#5151=ADVANCED_FACE('',(#5150),#5140,.T.);
#5157=EDGE_CURVE('',#3917,#3912,#886,.T.);
#5159=EDGE_CURVE('',#3835,#3912,#890,.T.);
#5162=EDGE_CURVE('',#3831,#3917,#894,.T.);
#5166=ADVANCED_FACE('',(#5165),#5156,.F.);
#5172=EDGE_CURVE('',#3915,#3913,#920,.T.);
#5174=EDGE_CURVE('',#3912,#3913,#1570,.T.);
#5177=EDGE_CURVE('',#3917,#3915,#899,.T.);
#5181=ADVANCED_FACE('',(#5180),#5171,.F.);
#5187=EDGE_CURVE('',#3910,#3911,#903,.T.);
#5189=EDGE_CURVE('',#3913,#3910,#916,.T.);
#5192=EDGE_CURVE('',#3946,#3915,#927,.T.);
#5194=EDGE_CURVE('',#3946,#3924,#931,.T.);
#5196=EDGE_CURVE('',#3924,#3919,#938,.T.);
#5198=EDGE_CURVE('',#3919,#3911,#942,.T.);
#5202=ADVANCED_FACE('',(#5201),#5186,.F.);
#5208=EDGE_CURVE('',#3841,#3907,#1000,.T.);
#5210=EDGE_CURVE('',#3841,#3910,#947,.T.);
#5213=EDGE_CURVE('',#3911,#3907,#1631,.T.);
#5217=ADVANCED_FACE('',(#5216),#5207,.F.);
#5223=EDGE_CURVE('',#3771,#3772,#962,.T.);
#5225=EDGE_CURVE('',#3738,#3771,#966,.T.);
#5227=EDGE_CURVE('',#3810,#3738,#970,.T.);
#5229=EDGE_CURVE('',#3810,#3811,#975,.T.);
#5231=EDGE_CURVE('',#3811,#3817,#979,.T.);
#5233=EDGE_CURVE('',#3817,#3821,#984,.T.);
#5235=EDGE_CURVE('',#3821,#3825,#988,.T.);
#5237=EDGE_CURVE('',#3839,#3825,#992,.T.);
#5239=EDGE_CURVE('',#3839,#3841,#996,.T.);
#5242=EDGE_CURVE('',#3907,#3930,#1004,.T.);
#5244=EDGE_CURVE('',#3930,#3932,#1009,.T.);
#5246=EDGE_CURVE('',#3932,#3936,#1013,.T.);
#5248=EDGE_CURVE('',#3936,#3940,#1018,.T.);
#5250=EDGE_CURVE('',#3940,#3799,#1022,.T.);
#5252=EDGE_CURVE('',#3786,#3799,#1026,.T.);
#5254=EDGE_CURVE('',#3776,#3786,#1031,.T.);
#5256=EDGE_CURVE('',#3772,#3776,#1035,.T.);
#5260=EDGE_CURVE('',#3641,#3642,#952,.T.);
#5262=EDGE_CURVE('',#3642,#3641,#957,.T.);
#5266=ADVANCED_FACE('',(#5259,#5265),#5222,.T.);
#5272=EDGE_CURVE('',#3637,#3638,#1044,.T.);
#5274=EDGE_CURVE('',#3638,#3642,#1069,.T.);
#5277=EDGE_CURVE('',#3637,#3641,#1039,.T.);
#5281=ADVANCED_FACE('',(#5280),#5271,.T.);
#5288=EDGE_CURVE('',#3638,#3637,#1049,.T.);
#5292=EDGE_CURVE('',#3700,#3706,#1053,.T.);
#5294=EDGE_CURVE('',#3702,#3700,#1057,.T.);
#5296=EDGE_CURVE('',#3704,#3702,#1061,.T.);
#5298=EDGE_CURVE('',#3706,#3704,#1065,.T.);
#5302=ADVANCED_FACE('',(#5291,#5301),#5286,.T.);
#5314=ADVANCED_FACE('',(#5313),#5307,.T.);
#5320=EDGE_CURVE('',#3700,#3670,#1077,.T.);
#5323=EDGE_CURVE('',#3706,#3669,#1073,.T.);
#5325=EDGE_CURVE('',#3669,#3670,#1085,.T.);
#5329=ADVANCED_FACE('',(#5328),#5319,.T.);
#5336=EDGE_CURVE('',#3670,#3672,#1081,.T.);
#5338=EDGE_CURVE('',#3702,#3672,#1101,.T.);
#5343=ADVANCED_FACE('',(#5342),#5334,.T.);
#5351=EDGE_CURVE('',#3674,#3669,#1089,.T.);
#5353=EDGE_CURVE('',#3672,#3674,#1093,.T.);
#5357=ADVANCED_FACE('',(#5356),#5348,.T.);
#5363=EDGE_CURVE('',#3704,#3674,#1097,.T.);
#5370=ADVANCED_FACE('',(#5369),#5362,.T.);
#5382=ADVANCED_FACE('',(#5381),#5375,.T.);
#5388=EDGE_CURVE('',#3774,#3772,#1109,.T.);
#5390=EDGE_CURVE('',#3774,#3784,#1381,.T.);
#5392=EDGE_CURVE('',#3784,#3771,#1105,.T.);
#5397=ADVANCED_FACE('',(#5396),#5387,.F.);
#5405=EDGE_CURVE('',#3780,#3776,#1113,.T.);
#5407=EDGE_CURVE('',#3780,#3774,#1117,.T.);
#5411=ADVANCED_FACE('',(#5410),#5402,.F.);
#5417=EDGE_CURVE('',#3786,#3787,#1121,.T.);
#5419=EDGE_CURVE('',#3787,#3780,#1351,.T.);
#5425=ADVANCED_FACE('',(#5424),#5416,.F.);
#5433=EDGE_CURVE('',#3805,#3799,#1126,.T.);
#5435=EDGE_CURVE('',#3793,#3805,#1285,.T.);
#5437=EDGE_CURVE('',#3793,#3787,#1130,.T.);
#5441=ADVANCED_FACE('',(#5440),#5430,.F.);
#5449=EDGE_CURVE('',#3940,#3942,#1135,.T.);
#5451=EDGE_CURVE('',#3942,#3791,#1277,.T.);
#5453=EDGE_CURVE('',#3791,#3805,#1294,.T.);
#5457=ADVANCED_FACE('',(#5456),#5446,.F.);
#5464=EDGE_CURVE('',#3936,#3938,#1140,.T.);
#5466=EDGE_CURVE('',#3938,#3942,#1260,.T.);
#5471=ADVANCED_FACE('',(#5470),#5462,.F.);
#5478=EDGE_CURVE('',#3932,#3934,#1145,.T.);
#5480=EDGE_CURVE('',#3934,#3938,#1225,.T.);
#5485=ADVANCED_FACE('',(#5484),#5476,.F.);
#5492=EDGE_CURVE('',#3930,#3928,#1150,.T.);
#5494=EDGE_CURVE('',#3928,#3934,#1212,.T.);
#5499=ADVANCED_FACE('',(#5498),#5490,.F.);
#5505=EDGE_CURVE('',#3923,#3928,#1166,.T.);
#5509=EDGE_CURVE('',#3907,#3923,#1626,.T.);
#5513=ADVANCED_FACE('',(#5512),#5504,.F.);
#5519=EDGE_CURVE('',#3922,#3923,#1154,.T.);
#5521=EDGE_CURVE('',#3922,#3725,#1158,.T.);
#5523=EDGE_CURVE('',#3725,#3928,#1162,.T.);
#5528=ADVANCED_FACE('',(#5527),#5518,.F.);
#5535=EDGE_CURVE('',#3919,#3922,#1171,.T.);
#5538=EDGE_CURVE('',#3923,#3911,#1636,.T.);
#5542=ADVANCED_FACE('',(#5541),#5533,.F.);
#5577=EDGE_CURVE('',#3924,#3925,#1176,.T.);
#5579=EDGE_CURVE('',#3925,#3922,#1183,.T.);
#5584=ADVANCED_FACE('',(#5583),#5575,.F.);
#5642=EDGE_CURVE('',#3926,#3925,#1196,.T.);
#5645=EDGE_CURVE('',#3926,#3924,#1583,.T.);
#5649=ADVANCED_FACE('',(#5648),#5641,.F.);
#5658=EDGE_CURVE('',#3729,#3725,#1207,.T.);
#5663=ADVANCED_FACE('',(#5662),#5654,.T.);
#5669=EDGE_CURVE('',#3725,#3726,#1217,.T.);
#5672=EDGE_CURVE('',#3729,#3726,#1244,.T.);
#5676=ADVANCED_FACE('',(#5675),#5668,.T.);
#5685=EDGE_CURVE('',#3726,#3934,#1221,.T.);
#5689=ADVANCED_FACE('',(#5688),#5681,.T.);
#5697=EDGE_CURVE('',#3726,#3732,#1229,.T.);
#5699=EDGE_CURVE('',#3732,#3938,#1233,.T.);
#5703=ADVANCED_FACE('',(#5702),#5694,.F.);
#5710=EDGE_CURVE('',#3730,#3732,#1255,.T.);
#5716=ADVANCED_FACE('',(#5715),#5708,.T.);
#5722=EDGE_CURVE('',#3732,#3734,#1265,.T.);
#5725=EDGE_CURVE('',#3730,#3734,#1322,.T.);
#5729=ADVANCED_FACE('',(#5728),#5721,.T.);
#5738=EDGE_CURVE('',#3734,#3942,#1269,.T.);
#5742=ADVANCED_FACE('',(#5741),#5734,.T.);
#5748=EDGE_CURVE('',#3790,#3791,#1273,.T.);
#5752=EDGE_CURVE('',#3734,#3790,#1281,.T.);
#5756=ADVANCED_FACE('',(#5755),#5747,.F.);
#5763=EDGE_CURVE('',#3790,#3793,#1301,.T.);
#5769=ADVANCED_FACE('',(#5768),#5761,.F.);
#5825=EDGE_CURVE('',#3790,#3792,#1311,.T.);
#5827=EDGE_CURVE('',#3792,#3793,#1343,.T.);
#5832=ADVANCED_FACE('',(#5831),#5824,.T.);
#5844=ADVANCED_FACE('',(#5843),#5837,.T.);
#5850=EDGE_CURVE('',#3787,#3782,#1333,.T.);
#5857=ADVANCED_FACE('',(#5856),#5849,.T.);
#5930=EDGE_CURVE('',#3782,#3780,#1362,.T.);
#5935=ADVANCED_FACE('',(#5934),#5928,.T.);
#5944=EDGE_CURVE('',#3774,#3778,#1373,.T.);
#5948=ADVANCED_FACE('',(#5947),#5940,.T.);
#6021=EDGE_CURVE('',#3778,#3784,#1403,.T.);
#6026=ADVANCED_FACE('',(#6025),#6019,.T.);
#6033=EDGE_CURVE('',#3737,#3756,#1392,.T.);
#6035=EDGE_CURVE('',#3784,#3737,#1489,.T.);
#6040=ADVANCED_FACE('',(#6039),#6031,.T.);
#6047=EDGE_CURVE('',#3752,#3754,#1408,.T.);
#6049=EDGE_CURVE('',#3737,#3754,#1459,.T.);
#6054=ADVANCED_FACE('',(#6053),#6045,.T.);
#6073=EDGE_CURVE('',#3748,#3750,#1413,.T.);
#6075=EDGE_CURVE('',#3754,#3750,#1469,.T.);
#6080=ADVANCED_FACE('',(#6079),#6071,.T.);
#6087=EDGE_CURVE('',#3741,#3745,#1418,.T.);
#6089=EDGE_CURVE('',#3750,#3745,#1481,.T.);
#6094=ADVANCED_FACE('',(#6093),#6085,.T.);
#6114=EDGE_CURVE('',#3745,#3746,#1428,.T.);
#6119=ADVANCED_FACE('',(#6118),#6111,.T.);
#6125=EDGE_CURVE('',#3819,#3823,#1423,.T.);
#6127=EDGE_CURVE('',#3745,#3819,#1485,.T.);
#6133=ADVANCED_FACE('',(#6132),#6124,.T.);
#6140=EDGE_CURVE('',#3817,#3819,#1437,.T.);
#6143=EDGE_CURVE('',#3821,#3823,#1498,.T.);
#6147=ADVANCED_FACE('',(#6146),#6138,.F.);
#6154=EDGE_CURVE('',#3811,#3815,#1442,.T.);
#6156=EDGE_CURVE('',#3815,#3819,#1477,.T.);
#6161=ADVANCED_FACE('',(#6160),#6152,.F.);
#6168=EDGE_CURVE('',#3810,#3814,#1455,.T.);
#6170=EDGE_CURVE('',#3814,#3815,#1464,.T.);
#6175=ADVANCED_FACE('',(#6174),#6166,.F.);
#6181=EDGE_CURVE('',#3754,#3814,#1446,.T.);
#6185=EDGE_CURVE('',#3737,#3738,#1493,.T.);
#6190=ADVANCED_FACE('',(#6189),#6180,.F.);
#6199=EDGE_CURVE('',#3750,#3815,#1473,.T.);
#6203=ADVANCED_FACE('',(#6202),#6195,.T.);
#6215=ADVANCED_FACE('',(#6214),#6208,.F.);
#6227=ADVANCED_FACE('',(#6226),#6220,.F.);
#6236=EDGE_CURVE('',#3768,#3825,#1513,.T.);
#6240=ADVANCED_FACE('',(#6239),#6232,.F.);
#6247=EDGE_CURVE('',#3825,#3760,#1508,.T.);
#6252=ADVANCED_FACE('',(#6251),#6245,.F.);
#6259=EDGE_CURVE('',#3837,#3839,#1518,.T.);
#6265=ADVANCED_FACE('',(#6264),#6257,.F.);
#6325=EDGE_CURVE('',#3797,#3839,#1536,.T.);
#6330=ADVANCED_FACE('',(#6329),#6322,.F.);
#6337=EDGE_CURVE('',#3797,#3834,#1565,.T.);
#6341=EDGE_CURVE('',#3912,#3841,#1549,.T.);
#6346=ADVANCED_FACE('',(#6345),#6335,.F.);
#6358=ADVANCED_FACE('',(#6357),#6351,.F.);
#6422=ADVANCED_FACE('',(#6421),#6415,.F.);
#6430=EDGE_CURVE('',#3944,#3946,#1596,.T.);
#6435=ADVANCED_FACE('',(#6434),#6427,.T.);
#6494=EDGE_CURVE('',#3947,#3946,#1601,.T.);
#6496=EDGE_CURVE('',#3944,#3947,#1614,.T.);
#6500=ADVANCED_FACE('',(#6499),#6492,.F.);
#6534=EDGE_CURVE('',#3947,#3917,#1621,.T.);
#6541=ADVANCED_FACE('',(#6540),#6533,.F.);
#6554=ADVANCED_FACE('',(#6553),#6546,.T.);
#6565=ADVANCED_FACE('',(#6564),#6559,.F.);
#6571=EDGE_CURVE('',#4126,#4125,#1649,.T.);
#6574=EDGE_CURVE('',#4135,#4133,#1662,.T.);
#6576=EDGE_CURVE('',#4125,#4133,#1736,.T.);
#6580=ADVANCED_FACE('',(#6579),#6570,.T.);
#6639=EDGE_CURVE('',#4124,#4125,#1667,.T.);
#6641=EDGE_CURVE('',#4126,#4124,#1687,.T.);
#6645=ADVANCED_FACE('',(#6644),#6637,.F.);
#6679=EDGE_CURVE('',#4124,#4121,#1674,.T.);
#6682=EDGE_CURVE('',#4125,#4123,#1732,.T.);
#6684=EDGE_CURVE('',#4121,#4123,#1704,.T.);
#6688=ADVANCED_FACE('',(#6687),#6678,.F.);
#6695=EDGE_CURVE('',#3967,#4121,#1699,.T.);
#6697=EDGE_CURVE('',#3967,#3969,#2380,.T.);
#6703=ADVANCED_FACE('',(#6702),#6693,.T.);
#6709=EDGE_CURVE('',#4121,#4118,#1691,.T.);
#6711=EDGE_CURVE('',#3957,#4118,#1695,.T.);
#6713=EDGE_CURVE('',#3967,#3957,#2394,.T.);
#6718=ADVANCED_FACE('',(#6717),#6708,.F.);
#6726=EDGE_CURVE('',#4123,#4119,#1725,.T.);
#6728=EDGE_CURVE('',#4118,#4119,#2476,.T.);
#6732=ADVANCED_FACE('',(#6731),#6723,.F.);
#6738=EDGE_CURVE('',#4116,#4117,#1708,.T.);
#6740=EDGE_CURVE('',#4119,#4116,#1721,.T.);
#6745=EDGE_CURVE('',#4133,#4128,#1743,.T.);
#6747=EDGE_CURVE('',#4128,#4117,#1747,.T.);
#6751=ADVANCED_FACE('',(#6750),#6737,.F.);
#6757=EDGE_CURVE('',#4112,#4113,#1774,.T.);
#6759=EDGE_CURVE('',#4112,#4116,#1752,.T.);
#6762=EDGE_CURVE('',#4117,#4113,#2539,.T.);
#6766=ADVANCED_FACE('',(#6765),#6756,.F.);
#6772=EDGE_CURVE('',#4066,#4067,#1766,.T.);
#6774=EDGE_CURVE('',#4066,#4112,#1770,.T.);
#6777=EDGE_CURVE('',#4113,#4139,#1778,.T.);
#6779=EDGE_CURVE('',#4139,#4141,#1783,.T.);
#6781=EDGE_CURVE('',#4141,#4145,#1787,.T.);
#6783=EDGE_CURVE('',#4145,#4149,#1792,.T.);
#6785=EDGE_CURVE('',#4149,#4153,#1796,.T.);
#6787=EDGE_CURVE('',#4105,#4153,#1800,.T.);
#6789=EDGE_CURVE('',#4104,#4105,#1805,.T.);
#6791=EDGE_CURVE('',#4097,#4104,#1809,.T.);
#6793=EDGE_CURVE('',#4096,#4097,#1814,.T.);
#6795=EDGE_CURVE('',#4003,#4096,#1818,.T.);
#6797=EDGE_CURVE('',#4072,#4003,#1822,.T.);
#6799=EDGE_CURVE('',#4072,#4077,#1827,.T.);
#6801=EDGE_CURVE('',#4077,#4079,#1831,.T.);
#6803=EDGE_CURVE('',#4079,#4083,#1836,.T.);
#6805=EDGE_CURVE('',#4083,#4067,#1840,.T.);
#6809=EDGE_CURVE('',#3954,#3955,#1757,.T.);
#6811=EDGE_CURVE('',#3955,#3954,#1762,.T.);
#6815=ADVANCED_FACE('',(#6808,#6814),#6771,.T.);
#6821=EDGE_CURVE('',#3950,#3951,#1849,.T.);
#6823=EDGE_CURVE('',#3951,#3955,#1874,.T.);
#6826=EDGE_CURVE('',#3950,#3954,#1844,.T.);
#6830=ADVANCED_FACE('',(#6829),#6820,.T.);
#6837=EDGE_CURVE('',#3951,#3950,#1854,.T.);
#6841=EDGE_CURVE('',#3857,#3851,#1858,.T.);
#6843=EDGE_CURVE('',#3851,#3853,#1862,.T.);
#6845=EDGE_CURVE('',#3853,#3855,#1866,.T.);
#6847=EDGE_CURVE('',#3855,#3857,#1870,.T.);
#6851=ADVANCED_FACE('',(#6840,#6850),#6835,.T.);
#6863=ADVANCED_FACE('',(#6862),#6856,.T.);
#6869=EDGE_CURVE('',#3851,#3845,#1882,.T.);
#6872=EDGE_CURVE('',#3857,#3844,#1878,.T.);
#6874=EDGE_CURVE('',#3844,#3845,#1890,.T.);
#6878=ADVANCED_FACE('',(#6877),#6868,.T.);
#6885=EDGE_CURVE('',#3845,#3847,#1886,.T.);
#6887=EDGE_CURVE('',#3853,#3847,#1906,.T.);
#6892=ADVANCED_FACE('',(#6891),#6883,.T.);
#6900=EDGE_CURVE('',#3849,#3844,#1894,.T.);
#6902=EDGE_CURVE('',#3847,#3849,#1898,.T.);
#6906=ADVANCED_FACE('',(#6905),#6897,.T.);
#6912=EDGE_CURVE('',#3855,#3849,#1902,.T.);
#6919=ADVANCED_FACE('',(#6918),#6911,.T.);
#6931=ADVANCED_FACE('',(#6930),#6924,.T.);
#6937=EDGE_CURVE('',#4062,#4063,#1915,.T.);
#6939=EDGE_CURVE('',#4062,#4066,#1911,.T.);
#6942=EDGE_CURVE('',#4067,#4063,#2554,.T.);
#6946=ADVANCED_FACE('',(#6945),#6936,.F.);
#6953=EDGE_CURVE('',#4089,#4063,#1919,.T.);
#6955=EDGE_CURVE('',#4089,#4092,#1923,.T.);
#6957=EDGE_CURVE('',#4068,#4092,#2455,.T.);
#6959=EDGE_CURVE('',#4068,#4062,#1936,.T.);
#6963=ADVANCED_FACE('',(#6962),#6951,.F.);
#6969=EDGE_CURVE('',#4087,#4090,#1940,.T.);
#6971=EDGE_CURVE('',#4090,#4089,#2315,.T.);
#6974=EDGE_CURVE('',#4063,#4087,#2549,.T.);
#6978=ADVANCED_FACE('',(#6977),#6968,.F.);
#6984=EDGE_CURVE('',#4085,#4087,#1944,.T.);
#6986=EDGE_CURVE('',#3977,#4085,#2490,.T.);
#6988=EDGE_CURVE('',#3977,#4090,#1948,.T.);
#6993=ADVANCED_FACE('',(#6992),#6983,.F.);
#7000=EDGE_CURVE('',#4083,#4085,#1953,.T.);
#7003=EDGE_CURVE('',#4087,#4067,#2559,.T.);
#7007=ADVANCED_FACE('',(#7006),#6998,.F.);
#7014=EDGE_CURVE('',#4079,#4081,#1958,.T.);
#7016=EDGE_CURVE('',#4081,#4085,#2481,.T.);
#7021=ADVANCED_FACE('',(#7020),#7012,.F.);
#7028=EDGE_CURVE('',#4077,#4075,#1963,.T.);
#7030=EDGE_CURVE('',#4075,#4081,#2494,.T.);
#7035=ADVANCED_FACE('',(#7034),#7026,.F.);
#7041=EDGE_CURVE('',#4072,#4073,#1972,.T.);
#7043=EDGE_CURVE('',#4073,#4075,#2507,.T.);
#7049=ADVANCED_FACE('',(#7048),#7040,.F.);
#7057=EDGE_CURVE('',#3989,#4003,#1988,.T.);
#7059=EDGE_CURVE('',#3989,#3985,#1976,.T.);
#7061=EDGE_CURVE('',#3985,#4073,#1980,.T.);
#7065=ADVANCED_FACE('',(#7064),#7054,.F.);
#7071=EDGE_CURVE('',#4101,#4096,#1992,.T.);
#7073=EDGE_CURVE('',#4101,#3989,#1984,.T.);
#7079=ADVANCED_FACE('',(#7078),#7070,.F.);
#7085=EDGE_CURVE('',#4099,#4097,#1996,.T.);
#7087=EDGE_CURVE('',#4099,#4101,#2255,.T.);
#7093=ADVANCED_FACE('',(#7092),#7084,.F.);
#7101=EDGE_CURVE('',#4107,#4104,#2000,.T.);
#7103=EDGE_CURVE('',#4107,#4099,#2004,.T.);
#7107=ADVANCED_FACE('',(#7106),#7098,.F.);
#7113=EDGE_CURVE('',#4105,#4108,#2008,.T.);
#7115=EDGE_CURVE('',#4108,#4107,#2225,.T.);
#7121=ADVANCED_FACE('',(#7120),#7112,.F.);
#7129=EDGE_CURVE('',#4152,#4153,#2013,.T.);
#7131=EDGE_CURVE('',#4159,#4152,#2520,.T.);
#7133=EDGE_CURVE('',#4159,#4108,#2017,.T.);
#7137=ADVANCED_FACE('',(#7136),#7126,.F.);
#7145=EDGE_CURVE('',#4149,#4151,#2022,.T.);
#7147=EDGE_CURVE('',#4151,#4155,#2160,.T.);
#7149=EDGE_CURVE('',#4155,#4152,#2529,.T.);
#7153=ADVANCED_FACE('',(#7152),#7142,.F.);
#7160=EDGE_CURVE('',#4145,#4147,#2027,.T.);
#7162=EDGE_CURVE('',#4147,#4151,#2147,.T.);
#7167=ADVANCED_FACE('',(#7166),#7158,.F.);
#7174=EDGE_CURVE('',#4141,#4143,#2032,.T.);
#7176=EDGE_CURVE('',#4143,#4147,#2112,.T.);
#7181=ADVANCED_FACE('',(#7180),#7172,.F.);
#7188=EDGE_CURVE('',#4139,#4137,#2037,.T.);
#7190=EDGE_CURVE('',#4137,#4143,#2099,.T.);
#7195=ADVANCED_FACE('',(#7194),#7186,.F.);
#7201=EDGE_CURVE('',#4132,#4137,#2053,.T.);
#7205=EDGE_CURVE('',#4113,#4132,#2534,.T.);
#7209=ADVANCED_FACE('',(#7208),#7200,.F.);
#7215=EDGE_CURVE('',#4131,#4132,#2041,.T.);
#7217=EDGE_CURVE('',#4131,#3992,#2045,.T.);
#7219=EDGE_CURVE('',#3992,#4137,#2049,.T.);
#7224=ADVANCED_FACE('',(#7223),#7214,.F.);
#7231=EDGE_CURVE('',#4128,#4131,#2058,.T.);
#7234=EDGE_CURVE('',#4132,#4117,#2544,.T.);
#7238=ADVANCED_FACE('',(#7237),#7229,.F.);
#7273=EDGE_CURVE('',#4133,#4134,#2063,.T.);
#7275=EDGE_CURVE('',#4134,#4131,#2070,.T.);
#7280=ADVANCED_FACE('',(#7279),#7271,.F.);
#7338=EDGE_CURVE('',#4135,#4134,#2083,.T.);
#7344=ADVANCED_FACE('',(#7343),#7337,.F.);
#7353=EDGE_CURVE('',#3996,#3992,#2094,.T.);
#7358=ADVANCED_FACE('',(#7357),#7349,.T.);
#7364=EDGE_CURVE('',#3992,#3993,#2104,.T.);
#7367=EDGE_CURVE('',#3996,#3993,#2131,.T.);
#7371=ADVANCED_FACE('',(#7370),#7363,.T.);
#7380=EDGE_CURVE('',#3993,#4143,#2108,.T.);
#7384=ADVANCED_FACE('',(#7383),#7376,.T.);
#7392=EDGE_CURVE('',#3993,#3999,#2116,.T.);
#7394=EDGE_CURVE('',#3999,#4147,#2120,.T.);
#7398=ADVANCED_FACE('',(#7397),#7389,.F.);
#7405=EDGE_CURVE('',#3997,#3999,#2142,.T.);
#7411=ADVANCED_FACE('',(#7410),#7403,.T.);
#7417=EDGE_CURVE('',#3999,#4001,#2152,.T.);
#7420=EDGE_CURVE('',#3997,#4001,#2189,.T.);
#7424=ADVANCED_FACE('',(#7423),#7416,.T.);
#7433=EDGE_CURVE('',#4001,#4151,#2156,.T.);
#7437=ADVANCED_FACE('',(#7436),#7429,.T.);
#7445=EDGE_CURVE('',#4001,#4157,#2164,.T.);
#7447=EDGE_CURVE('',#4157,#4155,#2168,.T.);
#7451=ADVANCED_FACE('',(#7450),#7442,.F.);
#7457=EDGE_CURVE('',#4157,#4158,#2178,.T.);
#7464=ADVANCED_FACE('',(#7463),#7456,.T.);
#7521=EDGE_CURVE('',#4158,#4159,#2217,.T.);
#7523=EDGE_CURVE('',#4157,#4159,#2196,.T.);
#7527=ADVANCED_FACE('',(#7526),#7519,.T.);
#7533=EDGE_CURVE('',#4108,#4109,#2207,.T.);
#7540=ADVANCED_FACE('',(#7539),#7532,.T.);
#7613=EDGE_CURVE('',#4109,#4107,#2247,.T.);
#7618=ADVANCED_FACE('',(#7617),#7611,.T.);
#7624=EDGE_CURVE('',#4099,#4100,#2236,.T.);
#7631=ADVANCED_FACE('',(#7630),#7623,.T.);
#7704=EDGE_CURVE('',#4100,#4101,#2266,.T.);
#7709=ADVANCED_FACE('',(#7708),#7702,.T.);
#7717=EDGE_CURVE('',#3989,#3987,#2277,.T.);
#7722=ADVANCED_FACE('',(#7721),#7714,.T.);
#7729=EDGE_CURVE('',#3983,#3985,#2282,.T.);
#7735=ADVANCED_FACE('',(#7734),#7727,.T.);
#7754=EDGE_CURVE('',#3979,#3981,#2287,.T.);
#7756=EDGE_CURVE('',#3985,#3981,#2512,.T.);
#7761=ADVANCED_FACE('',(#7760),#7752,.T.);
#7768=EDGE_CURVE('',#3972,#3976,#2292,.T.);
#7770=EDGE_CURVE('',#3981,#3976,#2498,.T.);
#7775=ADVANCED_FACE('',(#7774),#7766,.T.);
#7794=EDGE_CURVE('',#3973,#3977,#2307,.T.);
#7796=EDGE_CURVE('',#3976,#3977,#2486,.T.);
#7801=ADVANCED_FACE('',(#7800),#7792,.T.);
#7807=EDGE_CURVE('',#4090,#4091,#2302,.T.);
#7814=ADVANCED_FACE('',(#7813),#7806,.T.);
#7880=EDGE_CURVE('',#4091,#4089,#2325,.T.);
#7885=ADVANCED_FACE('',(#7884),#7878,.T.);
#7893=EDGE_CURVE('',#4092,#4093,#2335,.T.);
#7898=ADVANCED_FACE('',(#7897),#7890,.T.);
#7946=EDGE_CURVE('',#4093,#4071,#2351,.T.);
#7948=EDGE_CURVE('',#4092,#4071,#2341,.T.);
#7952=ADVANCED_FACE('',(#7951),#7944,.T.);
#7960=EDGE_CURVE('',#3964,#3960,#2363,.T.);
#7962=EDGE_CURVE('',#4071,#3964,#2463,.T.);
#7966=ADVANCED_FACE('',(#7965),#7957,.T.);
#7985=EDGE_CURVE('',#3961,#3965,#2368,.T.);
#7987=EDGE_CURVE('',#3964,#3965,#2385,.T.);
#7992=ADVANCED_FACE('',(#7991),#7983,.T.);
#8010=EDGE_CURVE('',#3965,#3967,#2390,.T.);
#8017=ADVANCED_FACE('',(#8016),#8009,.T.);
#8026=EDGE_CURVE('',#3956,#3957,#2420,.T.);
#8028=EDGE_CURVE('',#3964,#3956,#2467,.T.);
#8032=ADVANCED_FACE('',(#8031),#8022,.T.);
#8038=EDGE_CURVE('',#4069,#4066,#2433,.T.);
#8040=EDGE_CURVE('',#4069,#3956,#2471,.T.);
#8044=EDGE_CURVE('',#4118,#4112,#2446,.T.);
#8049=ADVANCED_FACE('',(#8048),#8037,.F.);
#8108=EDGE_CURVE('',#4068,#4069,#2451,.T.);
#8114=ADVANCED_FACE('',(#8113),#8106,.F.);
#8122=EDGE_CURVE('',#4071,#4069,#2459,.T.);
#8127=ADVANCED_FACE('',(#8126),#8119,.F.);
#8139=ADVANCED_FACE('',(#8138),#8132,.F.);
#8203=ADVANCED_FACE('',(#8202),#8196,.F.);
#8210=EDGE_CURVE('',#3976,#4081,#2502,.T.);
#8216=ADVANCED_FACE('',(#8215),#8208,.T.);
#8223=EDGE_CURVE('',#3981,#4075,#2516,.T.);
#8229=ADVANCED_FACE('',(#8228),#8221,.F.);
#8241=ADVANCED_FACE('',(#8240),#8234,.T.);
#8253=ADVANCED_FACE('',(#8252),#8246,.F.);
#8264=ADVANCED_FACE('',(#8263),#8258,.F.);
#8275=ADVANCED_FACE('',(#8274),#8269,.F.);
#8281=EDGE_CURVE('',#4226,#4225,#2572,.T.);
#8284=EDGE_CURVE('',#4235,#4233,#2585,.T.);
#8286=EDGE_CURVE('',#4225,#4233,#2659,.T.);
#8290=ADVANCED_FACE('',(#8289),#8280,.T.);
#8349=EDGE_CURVE('',#4224,#4225,#2590,.T.);
#8351=EDGE_CURVE('',#4226,#4224,#2610,.T.);
#8355=ADVANCED_FACE('',(#8354),#8347,.F.);
#8389=EDGE_CURVE('',#4224,#4221,#2597,.T.);
#8392=EDGE_CURVE('',#4225,#4223,#2655,.T.);
#8394=EDGE_CURVE('',#4221,#4223,#2627,.T.);
#8398=ADVANCED_FACE('',(#8397),#8388,.F.);
#8405=EDGE_CURVE('',#4023,#4221,#2622,.T.);
#8407=EDGE_CURVE('',#4023,#4025,#3303,.T.);
#8413=ADVANCED_FACE('',(#8412),#8403,.T.);
#8419=EDGE_CURVE('',#4221,#4218,#2614,.T.);
#8421=EDGE_CURVE('',#4013,#4218,#2618,.T.);
#8423=EDGE_CURVE('',#4023,#4013,#3317,.T.);
#8428=ADVANCED_FACE('',(#8427),#8418,.F.);
#8436=EDGE_CURVE('',#4223,#4219,#2648,.T.);
#8438=EDGE_CURVE('',#4218,#4219,#3399,.T.);
#8442=ADVANCED_FACE('',(#8441),#8433,.F.);
#8448=EDGE_CURVE('',#4216,#4217,#2631,.T.);
#8450=EDGE_CURVE('',#4219,#4216,#2644,.T.);
#8455=EDGE_CURVE('',#4233,#4228,#2666,.T.);
#8457=EDGE_CURVE('',#4228,#4217,#2670,.T.);
#8461=ADVANCED_FACE('',(#8460),#8447,.F.);
#8467=EDGE_CURVE('',#4212,#4213,#2697,.T.);
#8469=EDGE_CURVE('',#4212,#4216,#2675,.T.);
#8472=EDGE_CURVE('',#4217,#4213,#3462,.T.);
#8476=ADVANCED_FACE('',(#8475),#8466,.F.);
#8482=EDGE_CURVE('',#4166,#4167,#2689,.T.);
#8484=EDGE_CURVE('',#4166,#4212,#2693,.T.);
#8487=EDGE_CURVE('',#4213,#4239,#2701,.T.);
#8489=EDGE_CURVE('',#4239,#4241,#2706,.T.);
#8491=EDGE_CURVE('',#4241,#4245,#2710,.T.);
#8493=EDGE_CURVE('',#4245,#4249,#2715,.T.);
#8495=EDGE_CURVE('',#4249,#4253,#2719,.T.);
#8497=EDGE_CURVE('',#4205,#4253,#2723,.T.);
#8499=EDGE_CURVE('',#4204,#4205,#2728,.T.);
#8501=EDGE_CURVE('',#4197,#4204,#2732,.T.);
#8503=EDGE_CURVE('',#4196,#4197,#2737,.T.);
#8505=EDGE_CURVE('',#4059,#4196,#2741,.T.);
#8507=EDGE_CURVE('',#4172,#4059,#2745,.T.);
#8509=EDGE_CURVE('',#4172,#4177,#2750,.T.);
#8511=EDGE_CURVE('',#4177,#4179,#2754,.T.);
#8513=EDGE_CURVE('',#4179,#4183,#2759,.T.);
#8515=EDGE_CURVE('',#4183,#4167,#2763,.T.);
#8519=EDGE_CURVE('',#4010,#4011,#2680,.T.);
#8521=EDGE_CURVE('',#4011,#4010,#2685,.T.);
#8525=ADVANCED_FACE('',(#8518,#8524),#8481,.T.);
#8531=EDGE_CURVE('',#4006,#4007,#2772,.T.);
#8533=EDGE_CURVE('',#4007,#4011,#2797,.T.);
#8536=EDGE_CURVE('',#4006,#4010,#2767,.T.);
#8540=ADVANCED_FACE('',(#8539),#8530,.T.);
#8547=EDGE_CURVE('',#4007,#4006,#2777,.T.);
#8551=EDGE_CURVE('',#3889,#3883,#2781,.T.);
#8553=EDGE_CURVE('',#3883,#3885,#2785,.T.);
#8555=EDGE_CURVE('',#3885,#3887,#2789,.T.);
#8557=EDGE_CURVE('',#3887,#3889,#2793,.T.);
#8561=ADVANCED_FACE('',(#8550,#8560),#8545,.T.);
#8573=ADVANCED_FACE('',(#8572),#8566,.T.);
#8579=EDGE_CURVE('',#3883,#3877,#2805,.T.);
#8582=EDGE_CURVE('',#3889,#3876,#2801,.T.);
#8584=EDGE_CURVE('',#3876,#3877,#2813,.T.);
#8588=ADVANCED_FACE('',(#8587),#8578,.T.);
#8595=EDGE_CURVE('',#3877,#3879,#2809,.T.);
#8597=EDGE_CURVE('',#3885,#3879,#2829,.T.);
#8602=ADVANCED_FACE('',(#8601),#8593,.T.);
#8610=EDGE_CURVE('',#3881,#3876,#2817,.T.);
#8612=EDGE_CURVE('',#3879,#3881,#2821,.T.);
#8616=ADVANCED_FACE('',(#8615),#8607,.T.);
#8622=EDGE_CURVE('',#3887,#3881,#2825,.T.);
#8629=ADVANCED_FACE('',(#8628),#8621,.T.);
#8641=ADVANCED_FACE('',(#8640),#8634,.T.);
#8647=EDGE_CURVE('',#4162,#4163,#2838,.T.);
#8649=EDGE_CURVE('',#4162,#4166,#2834,.T.);
#8652=EDGE_CURVE('',#4167,#4163,#3477,.T.);
#8656=ADVANCED_FACE('',(#8655),#8646,.F.);
#8663=EDGE_CURVE('',#4189,#4163,#2842,.T.);
#8665=EDGE_CURVE('',#4189,#4192,#2846,.T.);
#8667=EDGE_CURVE('',#4168,#4192,#3378,.T.);
#8669=EDGE_CURVE('',#4168,#4162,#2859,.T.);
#8673=ADVANCED_FACE('',(#8672),#8661,.F.);
#8679=EDGE_CURVE('',#4187,#4190,#2863,.T.);
#8681=EDGE_CURVE('',#4190,#4189,#3238,.T.);
#8684=EDGE_CURVE('',#4163,#4187,#3472,.T.);
#8688=ADVANCED_FACE('',(#8687),#8678,.F.);
#8694=EDGE_CURVE('',#4185,#4187,#2867,.T.);
#8696=EDGE_CURVE('',#4033,#4185,#3413,.T.);
#8698=EDGE_CURVE('',#4033,#4190,#2871,.T.);
#8703=ADVANCED_FACE('',(#8702),#8693,.F.);
#8710=EDGE_CURVE('',#4183,#4185,#2876,.T.);
#8713=EDGE_CURVE('',#4187,#4167,#3482,.T.);
#8717=ADVANCED_FACE('',(#8716),#8708,.F.);
#8724=EDGE_CURVE('',#4179,#4181,#2881,.T.);
#8726=EDGE_CURVE('',#4181,#4185,#3404,.T.);
#8731=ADVANCED_FACE('',(#8730),#8722,.F.);
#8738=EDGE_CURVE('',#4177,#4175,#2886,.T.);
#8740=EDGE_CURVE('',#4175,#4181,#3417,.T.);
#8745=ADVANCED_FACE('',(#8744),#8736,.F.);
#8751=EDGE_CURVE('',#4172,#4173,#2895,.T.);
#8753=EDGE_CURVE('',#4173,#4175,#3430,.T.);
#8759=ADVANCED_FACE('',(#8758),#8750,.F.);
#8767=EDGE_CURVE('',#4045,#4059,#2911,.T.);
#8769=EDGE_CURVE('',#4045,#4041,#2899,.T.);
#8771=EDGE_CURVE('',#4041,#4173,#2903,.T.);
#8775=ADVANCED_FACE('',(#8774),#8764,.F.);
#8781=EDGE_CURVE('',#4201,#4196,#2915,.T.);
#8783=EDGE_CURVE('',#4201,#4045,#2907,.T.);
#8789=ADVANCED_FACE('',(#8788),#8780,.F.);
#8795=EDGE_CURVE('',#4199,#4197,#2919,.T.);
#8797=EDGE_CURVE('',#4199,#4201,#3178,.T.);
#8803=ADVANCED_FACE('',(#8802),#8794,.F.);
#8811=EDGE_CURVE('',#4207,#4204,#2923,.T.);
#8813=EDGE_CURVE('',#4207,#4199,#2927,.T.);
#8817=ADVANCED_FACE('',(#8816),#8808,.F.);
#8823=EDGE_CURVE('',#4205,#4208,#2931,.T.);
#8825=EDGE_CURVE('',#4208,#4207,#3148,.T.);
#8831=ADVANCED_FACE('',(#8830),#8822,.F.);
#8839=EDGE_CURVE('',#4252,#4253,#2936,.T.);
#8841=EDGE_CURVE('',#4259,#4252,#3443,.T.);
#8843=EDGE_CURVE('',#4259,#4208,#2940,.T.);
#8847=ADVANCED_FACE('',(#8846),#8836,.F.);
#8855=EDGE_CURVE('',#4249,#4251,#2945,.T.);
#8857=EDGE_CURVE('',#4251,#4255,#3083,.T.);
#8859=EDGE_CURVE('',#4255,#4252,#3452,.T.);
#8863=ADVANCED_FACE('',(#8862),#8852,.F.);
#8870=EDGE_CURVE('',#4245,#4247,#2950,.T.);
#8872=EDGE_CURVE('',#4247,#4251,#3070,.T.);
#8877=ADVANCED_FACE('',(#8876),#8868,.F.);
#8884=EDGE_CURVE('',#4241,#4243,#2955,.T.);
#8886=EDGE_CURVE('',#4243,#4247,#3035,.T.);
#8891=ADVANCED_FACE('',(#8890),#8882,.F.);
#8898=EDGE_CURVE('',#4239,#4237,#2960,.T.);
#8900=EDGE_CURVE('',#4237,#4243,#3022,.T.);
#8905=ADVANCED_FACE('',(#8904),#8896,.F.);
#8911=EDGE_CURVE('',#4232,#4237,#2976,.T.);
#8915=EDGE_CURVE('',#4213,#4232,#3457,.T.);
#8919=ADVANCED_FACE('',(#8918),#8910,.F.);
#8925=EDGE_CURVE('',#4231,#4232,#2964,.T.);
#8927=EDGE_CURVE('',#4231,#4048,#2968,.T.);
#8929=EDGE_CURVE('',#4048,#4237,#2972,.T.);
#8934=ADVANCED_FACE('',(#8933),#8924,.F.);
#8941=EDGE_CURVE('',#4228,#4231,#2981,.T.);
#8944=EDGE_CURVE('',#4232,#4217,#3467,.T.);
#8948=ADVANCED_FACE('',(#8947),#8939,.F.);
#8983=EDGE_CURVE('',#4233,#4234,#2986,.T.);
#8985=EDGE_CURVE('',#4234,#4231,#2993,.T.);
#8990=ADVANCED_FACE('',(#8989),#8981,.F.);
#9048=EDGE_CURVE('',#4235,#4234,#3006,.T.);
#9054=ADVANCED_FACE('',(#9053),#9047,.F.);
#9063=EDGE_CURVE('',#4052,#4048,#3017,.T.);
#9068=ADVANCED_FACE('',(#9067),#9059,.T.);
#9074=EDGE_CURVE('',#4048,#4049,#3027,.T.);
#9077=EDGE_CURVE('',#4052,#4049,#3054,.T.);
#9081=ADVANCED_FACE('',(#9080),#9073,.T.);
#9090=EDGE_CURVE('',#4049,#4243,#3031,.T.);
#9094=ADVANCED_FACE('',(#9093),#9086,.T.);
#9102=EDGE_CURVE('',#4049,#4055,#3039,.T.);
#9104=EDGE_CURVE('',#4055,#4247,#3043,.T.);
#9108=ADVANCED_FACE('',(#9107),#9099,.F.);
#9115=EDGE_CURVE('',#4053,#4055,#3065,.T.);
#9121=ADVANCED_FACE('',(#9120),#9113,.T.);
#9127=EDGE_CURVE('',#4055,#4057,#3075,.T.);
#9130=EDGE_CURVE('',#4053,#4057,#3112,.T.);
#9134=ADVANCED_FACE('',(#9133),#9126,.T.);
#9143=EDGE_CURVE('',#4057,#4251,#3079,.T.);
#9147=ADVANCED_FACE('',(#9146),#9139,.T.);
#9155=EDGE_CURVE('',#4057,#4257,#3087,.T.);
#9157=EDGE_CURVE('',#4257,#4255,#3091,.T.);
#9161=ADVANCED_FACE('',(#9160),#9152,.F.);
#9167=EDGE_CURVE('',#4257,#4258,#3101,.T.);
#9174=ADVANCED_FACE('',(#9173),#9166,.T.);
#9231=EDGE_CURVE('',#4258,#4259,#3140,.T.);
#9233=EDGE_CURVE('',#4257,#4259,#3119,.T.);
#9237=ADVANCED_FACE('',(#9236),#9229,.T.);
#9243=EDGE_CURVE('',#4208,#4209,#3130,.T.);
#9250=ADVANCED_FACE('',(#9249),#9242,.T.);
#9323=EDGE_CURVE('',#4209,#4207,#3170,.T.);
#9328=ADVANCED_FACE('',(#9327),#9321,.T.);
#9334=EDGE_CURVE('',#4199,#4200,#3159,.T.);
#9341=ADVANCED_FACE('',(#9340),#9333,.T.);
#9414=EDGE_CURVE('',#4200,#4201,#3189,.T.);
#9419=ADVANCED_FACE('',(#9418),#9412,.T.);
#9427=EDGE_CURVE('',#4045,#4043,#3200,.T.);
#9432=ADVANCED_FACE('',(#9431),#9424,.T.);
#9439=EDGE_CURVE('',#4039,#4041,#3205,.T.);
#9445=ADVANCED_FACE('',(#9444),#9437,.T.);
#9464=EDGE_CURVE('',#4035,#4037,#3210,.T.);
#9466=EDGE_CURVE('',#4041,#4037,#3435,.T.);
#9471=ADVANCED_FACE('',(#9470),#9462,.T.);
#9478=EDGE_CURVE('',#4028,#4032,#3215,.T.);
#9480=EDGE_CURVE('',#4037,#4032,#3421,.T.);
#9485=ADVANCED_FACE('',(#9484),#9476,.T.);
#9504=EDGE_CURVE('',#4029,#4033,#3230,.T.);
#9506=EDGE_CURVE('',#4032,#4033,#3409,.T.);
#9511=ADVANCED_FACE('',(#9510),#9502,.T.);
#9517=EDGE_CURVE('',#4190,#4191,#3225,.T.);
#9524=ADVANCED_FACE('',(#9523),#9516,.T.);
#9590=EDGE_CURVE('',#4191,#4189,#3248,.T.);
#9595=ADVANCED_FACE('',(#9594),#9588,.T.);
#9603=EDGE_CURVE('',#4192,#4193,#3258,.T.);
#9608=ADVANCED_FACE('',(#9607),#9600,.T.);
#9656=EDGE_CURVE('',#4193,#4171,#3274,.T.);
#9658=EDGE_CURVE('',#4192,#4171,#3264,.T.);
#9662=ADVANCED_FACE('',(#9661),#9654,.T.);
#9670=EDGE_CURVE('',#4020,#4016,#3286,.T.);
#9672=EDGE_CURVE('',#4171,#4020,#3386,.T.);
#9676=ADVANCED_FACE('',(#9675),#9667,.T.);
#9695=EDGE_CURVE('',#4017,#4021,#3291,.T.);
#9697=EDGE_CURVE('',#4020,#4021,#3308,.T.);
#9702=ADVANCED_FACE('',(#9701),#9693,.T.);
#9720=EDGE_CURVE('',#4021,#4023,#3313,.T.);
#9727=ADVANCED_FACE('',(#9726),#9719,.T.);
#9736=EDGE_CURVE('',#4012,#4013,#3343,.T.);
#9738=EDGE_CURVE('',#4020,#4012,#3390,.T.);
#9742=ADVANCED_FACE('',(#9741),#9732,.T.);
#9748=EDGE_CURVE('',#4169,#4166,#3356,.T.);
#9750=EDGE_CURVE('',#4169,#4012,#3394,.T.);
#9754=EDGE_CURVE('',#4218,#4212,#3369,.T.);
#9759=ADVANCED_FACE('',(#9758),#9747,.F.);
#9818=EDGE_CURVE('',#4168,#4169,#3374,.T.);
#9824=ADVANCED_FACE('',(#9823),#9816,.F.);
#9832=EDGE_CURVE('',#4171,#4169,#3382,.T.);
#9837=ADVANCED_FACE('',(#9836),#9829,.F.);
#9849=ADVANCED_FACE('',(#9848),#9842,.F.);
#9913=ADVANCED_FACE('',(#9912),#9906,.F.);
#9920=EDGE_CURVE('',#4032,#4181,#3425,.T.);
#9926=ADVANCED_FACE('',(#9925),#9918,.T.);
#9933=EDGE_CURVE('',#4037,#4175,#3439,.T.);
#9939=ADVANCED_FACE('',(#9938),#9931,.F.);
#9951=ADVANCED_FACE('',(#9950),#9944,.T.);
#9963=ADVANCED_FACE('',(#9962),#9956,.F.);
#9974=ADVANCED_FACE('',(#9973),#9968,.F.);
#9985=ADVANCED_FACE('',(#9984),#9979,.F.);
#9992=EDGE_CURVE('',#3717,#3709,#3486,.T.);
#9994=EDGE_CURVE('',#3709,#3710,#3502,.T.);
#9996=EDGE_CURVE('',#3718,#3710,#3498,.T.);
#10000=ADVANCED_FACE('',(#9999),#9990,.T.);
#10007=EDGE_CURVE('',#3722,#3714,#3490,.T.);
#10009=EDGE_CURVE('',#3714,#3709,#3506,.T.);
#10014=ADVANCED_FACE('',(#10013),#10005,.T.);
#10021=EDGE_CURVE('',#3720,#3712,#3494,.T.);
#10023=EDGE_CURVE('',#3712,#3714,#3510,.T.);
#10028=ADVANCED_FACE('',(#10027),#10019,.T.);
#10036=EDGE_CURVE('',#3710,#3712,#3514,.T.);
#10041=ADVANCED_FACE('',(#10040),#10033,.T.);
#10053=ADVANCED_FACE('',(#10052),#10046,.T.);
#10059=EDGE_CURVE('',#3867,#3860,#3518,.T.);
#10061=EDGE_CURVE('',#3860,#3861,#3534,.T.);
#10063=EDGE_CURVE('',#3869,#3861,#3530,.T.);
#10068=ADVANCED_FACE('',(#10067),#10058,.T.);
#10076=EDGE_CURVE('',#3873,#3865,#3522,.T.);
#10078=EDGE_CURVE('',#3865,#3860,#3538,.T.);
#10082=ADVANCED_FACE('',(#10081),#10073,.T.);
#10088=EDGE_CURVE('',#3871,#3863,#3526,.T.);
#10090=EDGE_CURVE('',#3863,#3865,#3542,.T.);
#10096=ADVANCED_FACE('',(#10095),#10087,.T.);
#10103=EDGE_CURVE('',#3861,#3863,#3546,.T.);
#10109=ADVANCED_FACE('',(#10108),#10101,.T.);
#10121=ADVANCED_FACE('',(#10120),#10114,.T.);
#10127=EDGE_CURVE('',#3899,#3892,#3550,.T.);
#10129=EDGE_CURVE('',#3892,#3893,#3566,.T.);
#10131=EDGE_CURVE('',#3901,#3893,#3562,.T.);
#10136=ADVANCED_FACE('',(#10135),#10126,.T.);
#10144=EDGE_CURVE('',#3905,#3897,#3554,.T.);
#10146=EDGE_CURVE('',#3897,#3892,#3570,.T.);
#10150=ADVANCED_FACE('',(#10149),#10141,.T.);
#10156=EDGE_CURVE('',#3903,#3895,#3558,.T.);
#10158=EDGE_CURVE('',#3895,#3897,#3574,.T.);
#10164=ADVANCED_FACE('',(#10163),#10155,.T.);
#10171=EDGE_CURVE('',#3893,#3895,#3578,.T.);
#10177=ADVANCED_FACE('',(#10176),#10169,.T.);
#10189=ADVANCED_FACE('',(#10188),#10182,.T.);
#10192=(LENGTH_UNIT()NAMED_UNIT(*)SI_UNIT(.MILLI.,.METRE.));
#10193=(NAMED_UNIT(*)PLANE_ANGLE_UNIT()SI_UNIT($,.RADIAN.));
#10196=(NAMED_UNIT(*)SI_UNIT($,.STERADIAN.)SOLID_ANGLE_UNIT());
#10198=(GEOMETRIC_REPRESENTATION_CONTEXT(3)GLOBAL_UNCERTAINTY_ASSIGNED_CONTEXT((
#10197))GLOBAL_UNIT_ASSIGNED_CONTEXT((#10192,#10195,#10196))REPRESENTATION_CONTEXT('ID1','3'));
#10199=ADVANCED_BREP_SHAPE_REPRESENTATION('',(#10191),#10198);
#10206=PRODUCT_DEFINITION('part definition','',#10205,#10202);
#10207=PRODUCT_DEFINITION_SHAPE('','SHAPE FOR C-2342077-3.',#10206);
#10208=SHAPE_ASPECT('','solid data associated with C-2342077-3',#10207,.F.);
#10209=PROPERTY_DEFINITION('',
'shape for solid data with which properties are associated',#10208);
#10210=SHAPE_REPRESENTATION('',(#10191),#10198);
#10211=SHAPE_DEFINITION_REPRESENTATION(#10209,#10210);
#10212=(LENGTH_UNIT()NAMED_UNIT(*)SI_UNIT(.MILLI.,.METRE.));
#10216=PROPERTY_DEFINITION('geometric validation property',
'area of C-2342077-3',#10208);
#10217=REPRESENTATION('surface area',(#10215),#10198);
#10218=PROPERTY_DEFINITION_REPRESENTATION(#10216,#10217);
#10219=(LENGTH_UNIT()NAMED_UNIT(*)SI_UNIT(.MILLI.,.METRE.));
#10223=PROPERTY_DEFINITION('geometric validation property',
'volume of C-2342077-3',#10208);
#10224=REPRESENTATION('volume',(#10222),#10198);
#10225=PROPERTY_DEFINITION_REPRESENTATION(#10223,#10224);
#10227=PROPERTY_DEFINITION('geometric validation property',
'centroid of C-2342077-3',#10208);
#10228=REPRESENTATION('centroid',(#10226),#10198);
#10229=PROPERTY_DEFINITION_REPRESENTATION(#10227,#10228);
#10230=(LENGTH_UNIT()NAMED_UNIT(*)SI_UNIT(.MILLI.,.METRE.));
#10234=PROPERTY_DEFINITION('geometric validation property',
'area of C-2342077-3',#10207);
#10235=REPRESENTATION('surface area',(#10233),#10198);
#10236=PROPERTY_DEFINITION_REPRESENTATION(#10234,#10235);
#10237=(LENGTH_UNIT()NAMED_UNIT(*)SI_UNIT(.MILLI.,.METRE.));
#10241=PROPERTY_DEFINITION('geometric validation property',
'volume of C-2342077-3',#10207);
#10242=REPRESENTATION('volume',(#10240),#10198);
#10243=PROPERTY_DEFINITION_REPRESENTATION(#10241,#10242);
#10245=PROPERTY_DEFINITION('geometric validation property',
'centroid of C-2342077-3',#10207);
#10246=REPRESENTATION('centroid',(#10244),#10198);
#10247=PROPERTY_DEFINITION_REPRESENTATION(#10245,#10246);
#10248=SHAPE_DEFINITION_REPRESENTATION(#10207,#10199);
#10250=PROPERTY_DEFINITION('DESC','user defined attribute',#10206);
#10254=REPRESENTATION('',(#10253),#10198);
#10255=PROPERTY_DEFINITION_REPRESENTATION(#10250,#10254);
#10256=PROPERTY_DEFINITION('DOC_STATUS','user defined attribute',#10206);
#10260=REPRESENTATION('',(#10259),#10198);
#10261=PROPERTY_DEFINITION_REPRESENTATION(#10256,#10260);
#10262=PROPERTY_DEFINITION('DWG_TITLE','user defined attribute',#10206);
#10266=REPRESENTATION('',(#10265),#10198);
#10267=PROPERTY_DEFINITION_REPRESENTATION(#10262,#10266);
#10268=PROPERTY_DEFINITION('PART_NO','user defined attribute',#10206);
#10272=REPRESENTATION('',(#10271),#10198);
#10273=PROPERTY_DEFINITION_REPRESENTATION(#10268,#10272);
#10274=PROPERTY_DEFINITION('DWG_TITLE_2','user defined attribute',#10206);
#10278=REPRESENTATION('',(#10277),#10198);
#10279=PROPERTY_DEFINITION_REPRESENTATION(#10274,#10278);
#10280=PROPERTY_DEFINITION('PTC_ORGANIZATION_ID','user defined attribute',
#10206);
#10284=REPRESENTATION('',(#10283),#10198);
#10285=PROPERTY_DEFINITION_REPRESENTATION(#10280,#10284);
#10286=PROPERTY_DEFINITION('PTC_WM_REVISION','user defined attribute',#10206);
#10290=REPRESENTATION('',(#10289),#10198);
#10291=PROPERTY_DEFINITION_REPRESENTATION(#10286,#10290);
#10292=PROPERTY_DEFINITION('PTC_WM_ITERATION','user defined attribute',#10206);
#10296=REPRESENTATION('',(#10295),#10198);
#10297=PROPERTY_DEFINITION_REPRESENTATION(#10292,#10296);
#10298=PROPERTY_DEFINITION('PTC_WM_VERSION','user defined attribute',#10206);
#10302=REPRESENTATION('',(#10301),#10198);
#10303=PROPERTY_DEFINITION_REPRESENTATION(#10298,#10302);
#10304=PROPERTY_DEFINITION('PTC_WM_LIFECYCLE_STATE','user defined attribute',
#10206);
#10308=REPRESENTATION('',(#10307),#10198);
#10309=PROPERTY_DEFINITION_REPRESENTATION(#10304,#10308);
#10310=PROPERTY_DEFINITION('PTC_WM_LIFECYCLE','user defined attribute',#10206);
#10314=REPRESENTATION('',(#10313),#10198);
#10315=PROPERTY_DEFINITION_REPRESENTATION(#10310,#10314);
#10316=PROPERTY_DEFINITION('PTC_WM_LOCATION','user defined attribute',#10206);
#10320=REPRESENTATION('',(#10319),#10198);
#10321=PROPERTY_DEFINITION_REPRESENTATION(#10316,#10320);
#10322=PROPERTY_DEFINITION('PTC_WM_CREATED_BY','user defined attribute',#10206);
#10326=REPRESENTATION('',(#10325),#10198);
#10327=PROPERTY_DEFINITION_REPRESENTATION(#10322,#10326);
#10328=PROPERTY_DEFINITION('PTC_WM_CREATED_ON','user defined attribute',#10206);
#10332=REPRESENTATION('',(#10331),#10198);
#10333=PROPERTY_DEFINITION_REPRESENTATION(#10328,#10332);
#10334=PROPERTY_DEFINITION('PTC_WM_MODIFIED_BY','user defined attribute',
#10206);
#10338=REPRESENTATION('',(#10337),#10198);
#10339=PROPERTY_DEFINITION_REPRESENTATION(#10334,#10338);
#10340=PROPERTY_DEFINITION('PTC_WM_MODIFIED_ON','user defined attribute',
#10206);
#10344=REPRESENTATION('',(#10343),#10198);
#10345=PROPERTY_DEFINITION_REPRESENTATION(#10340,#10344);
#10346=PROPERTY_DEFINITION('PTC_WM_TEAM','user defined attribute',#10206);
#10350=REPRESENTATION('',(#10349),#10198);
#10351=PROPERTY_DEFINITION_REPRESENTATION(#10346,#10350);
#10352=PROPERTY_DEFINITION('PTC_MODIFIED','user defined attribute',#10206);
#10356=REPRESENTATION('',(#10355),#10198);
#10357=PROPERTY_DEFINITION_REPRESENTATION(#10352,#10356);
#10359=REPRESENTATION('',(#10358),#10198);
#10360=PROPERTY_DEFINITION('attribute type designation','Yes No',#10353);
#10361=PROPERTY_DEFINITION_REPRESENTATION(#10360,#10359);
#10362=PROPERTY_DEFINITION('PART_REV','user defined attribute',#10206);
#10366=REPRESENTATION('',(#10365),#10198);
#10367=PROPERTY_DEFINITION_REPRESENTATION(#10362,#10366);
#10368=PROPERTY_DEFINITION('COMMENTS','user defined attribute',#10206);
#10372=REPRESENTATION('',(#10371),#10198);
#10373=PROPERTY_DEFINITION_REPRESENTATION(#10368,#10372);
#10374=PROPERTY_DEFINITION('MOD_NUM','user defined attribute',#10206);
#10378=REPRESENTATION('',(#10377),#10198);
#10379=PROPERTY_DEFINITION_REPRESENTATION(#10374,#10378);
#10380=PROPERTY_DEFINITION('DOC_NUMBER','user defined attribute',#10206);
#10384=REPRESENTATION('',(#10383),#10198);
#10385=PROPERTY_DEFINITION_REPRESENTATION(#10380,#10384);
#10386=PROPERTY_DEFINITION('EXPORT_RESTRICTED','user defined attribute',#10206);
#10390=REPRESENTATION('',(#10389),#10198);
#10391=PROPERTY_DEFINITION_REPRESENTATION(#10386,#10390);
#10392=PROPERTY_DEFINITION('PTC_COMMON_NAME','user defined attribute',#10206);
#10396=REPRESENTATION('',(#10395),#10198);
#10397=PROPERTY_DEFINITION_REPRESENTATION(#10392,#10396);
ENDSEC;
END-ISO-10303-21;
