ISO-10303-21;
HEADER;
FILE_DESCRIPTION (( 'STEP AP214' ),
    '1' );
FILE_NAME ('796700-4.STEP',
    '2024-02-26T15:47:35',
    ( 'LENOVO' ),
    ( '' ),
    'SwSTEP 2.0',
    'SolidWorks 2021',
    '' );
FILE_SCHEMA (( 'AUTOMOTIVE_DESIGN' ));
ENDSEC;

DATA;
#1 = DIRECTION ( 'NONE',  ( 1.000000000000000000, 0.000000000000000000, 0.000000000000000000 ) ) ;
#2 = ADVANCED_FACE ( 'NONE', ( #2920 ), #331, .F. ) ;
#3 = LINE ( 'NONE', #1276, #249 ) ;
#4 = AXIS2_PLACEMENT_3D ( 'NONE', #4081, #3852, #839 ) ;
#5 = DIRECTION ( 'NONE',  ( -0.3236155771181821184, 0.3236155771181821184, -0.8891264907159901476 ) ) ;
#6 = VECTOR ( 'NONE', #2156, 1000.000000000000000 ) ;
#7 = ORIENTED_EDGE ( 'NONE', *, *, #1961, .T. ) ;
#8 = ORIENTED_EDGE ( 'NONE', *, *, #265, .T. ) ;
#9 = MECHANICAL_DESIGN_GEOMETRIC_PRESENTATION_REPRESENTATION (  '', ( #2278 ), #3298 ) ;
#10 = CARTESIAN_POINT ( 'NONE',  ( 0.8101224265433717431, 1.399999999999996803, -2.000000000000000888 ) ) ;
#11 = DIRECTION ( 'NONE',  ( -0.2164396139381033479, 0.000000000000000000, -0.9762960071199332512 ) ) ;
#12 = FACE_OUTER_BOUND ( 'NONE', #1620, .T. ) ;
#13 = UNCERTAINTY_MEASURE_WITH_UNIT (LENGTH_MEASURE( 1.000000000000000082E-05 ), #1718, 'distance_accuracy_value', 'NONE');
#14 = EDGE_CURVE ( 'NONE', #4231, #236, #4184, .T. ) ;
#15 = VECTOR ( 'NONE', #1542, 1000.000000000000000 ) ;
#16 = ORIENTED_EDGE ( 'NONE', *, *, #490, .F. ) ;
#17 = AXIS2_PLACEMENT_3D ( 'NONE', #3959, #1771, #116 ) ;
#18 = LINE ( 'NONE', #1990, #2860 ) ;
#19 = ORIENTED_EDGE ( 'NONE', *, *, #109, .F. ) ;
#20 = DIRECTION ( 'NONE',  ( 1.000000000000000000, 1.245016848787182258E-16, 0.000000000000000000 ) ) ;
#21 = EDGE_LOOP ( 'NONE', ( #1977, #2252, #2300, #3737 ) ) ;
#22 = DIRECTION ( 'NONE',  ( 0.000000000000000000, -0.000000000000000000, -1.000000000000000000 ) ) ;
#23 = FACE_OUTER_BOUND ( 'NONE', #1482, .T. ) ;
#24 = VERTEX_POINT ( 'NONE', #1367 ) ;
#25 = VERTEX_POINT ( 'NONE', #3524 ) ;
#26 = EDGE_CURVE ( 'NONE', #351, #4238, #4235, .T. ) ;
#27 = DIRECTION ( 'NONE',  ( 0.000000000000000000, 1.126443815569355400E-16, -1.000000000000000000 ) ) ;
#28 = VECTOR ( 'NONE', #3487, 1000.000000000000000 ) ;
#29 = VERTEX_POINT ( 'NONE', #663 ) ;
#30 = EDGE_LOOP ( 'NONE', ( #2937, #1564, #3925, #1096 ) ) ;
#31 = VERTEX_POINT ( 'NONE', #417 ) ;
#32 = ADVANCED_FACE ( 'NONE', ( #2929 ), #1974, .T. ) ;
#33 = CARTESIAN_POINT ( 'NONE',  ( 7.995220836013659849, 3.604779163986342461, 5.000000000000000888 ) ) ;
#34 = EDGE_CURVE ( 'NONE', #3845, #3272, #2885, .T. ) ;
#35 = CARTESIAN_POINT ( 'NONE',  ( 6.176588102244046752, 1.149999999999998579, 6.000000000000000000 ) ) ;
#36 = VECTOR ( 'NONE', #4218, 1000.000000000000000 ) ;
#37 = LINE ( 'NONE', #1434, #4209 ) ;
#38 = ORIENTED_EDGE ( 'NONE', *, *, #3939, .T. ) ;
#39 = DIRECTION ( 'NONE',  ( -0.000000000000000000, -0.000000000000000000, 1.000000000000000000 ) ) ;
#40 = CARTESIAN_POINT ( 'NONE',  ( -11.00000000000000000, 8.500000000000000000, 5.000000000000000888 ) ) ;
#41 = VERTEX_POINT ( 'NONE', #80 ) ;
#42 = CARTESIAN_POINT ( 'NONE',  ( -1.749999999999995559, 6.749999999999997335, 4.999999999999997335 ) ) ;
#43 = VERTEX_POINT ( 'NONE', #3288 ) ;
#44 = ADVANCED_FACE ( 'NONE', ( #1486 ), #3330, .F. ) ;
#45 = EDGE_CURVE ( 'NONE', #582, #1816, #4190, .T. ) ;
#46 = DIRECTION ( 'NONE',  ( 0.000000000000000000, 0.000000000000000000, -1.000000000000000000 ) ) ;
#47 = PLANE ( 'NONE',  #1057 ) ;
#48 = VECTOR ( 'NONE', #737, 1000.000000000000000 ) ;
#49 = VECTOR ( 'NONE', #4229, 1000.000000000000000 ) ;
#50 = ORIENTED_EDGE ( 'NONE', *, *, #4225, .F. ) ;
#51 = EDGE_CURVE ( 'NONE', #1064, #1891, #3, .T. ) ;
#52 = ORIENTED_EDGE ( 'NONE', *, *, #3839, .T. ) ;
#53 = PLANE ( 'NONE',  #17 ) ;
#54 = DIRECTION ( 'NONE',  ( -1.000000000000000000, 0.000000000000000000, 0.000000000000000000 ) ) ;
#55 = DIRECTION ( 'NONE',  ( -0.000000000000000000, -0.000000000000000000, -1.000000000000000000 ) ) ;
#56 = VECTOR ( 'NONE', #3099, 1000.000000000000114 ) ;
#57 = AXIS2_PLACEMENT_3D ( 'NONE', #2952, #3534, #1982 ) ;
#58 = ORIENTED_EDGE ( 'NONE', *, *, #3425, .T. ) ;
#59 = DIRECTION ( 'NONE',  ( -0.000000000000000000, -1.126443815569355400E-16, 1.000000000000000000 ) ) ;
#60 = VERTEX_POINT ( 'NONE', #684 ) ;
#61 = CARTESIAN_POINT ( 'NONE',  ( -11.00000000000000000, 7.700000000000000178, -5.500000000000000000 ) ) ;
#62 = VECTOR ( 'NONE', #3462, 1000.000000000000000 ) ;
#63 = ORIENTED_EDGE ( 'NONE', *, *, #1145, .F. ) ;
#64 = LINE ( 'NONE', #1781, #2902 ) ;
#65 = ORIENTED_EDGE ( 'NONE', *, *, #861, .F. ) ;
#66 = ORIENTED_EDGE ( 'NONE', *, *, #1634, .F. ) ;
#67 = DIRECTION ( 'NONE',  ( -0.000000000000000000, -0.000000000000000000, -1.000000000000000000 ) ) ;
#68 = DIRECTION ( 'NONE',  ( -0.000000000000000000, 0.000000000000000000, 1.000000000000000000 ) ) ;
#69 = PLANE ( 'NONE',  #3464 ) ;
#70 = ORIENTED_EDGE ( 'NONE', *, *, #3818, .F. ) ;
#71 = LINE ( 'NONE', #2289, #56 ) ;
#72 = VERTEX_POINT ( 'NONE', #1688 ) ;
#73 = PLANE ( 'NONE',  #3426 ) ;
#74 = PLANE ( 'NONE',  #1949 ) ;
#76 = ORIENTED_EDGE ( 'NONE', *, *, #2471, .T. ) ;
#75 = DIRECTION ( 'NONE',  ( 1.000000000000000000, 0.000000000000000000, 0.000000000000000000 ) ) ;
#77 = VERTEX_POINT ( 'NONE', #1633 ) ;
#78 = CARTESIAN_POINT ( 'NONE',  ( 3.250000000000002665, 3.350000000000000533, -1.999999999999999112 ) ) ;
#79 = ADVANCED_FACE ( 'NONE', ( #190 ), #4189, .T. ) ;
#80 = CARTESIAN_POINT ( 'NONE',  ( -2.749999999999998224, -2.799999999999994937, -4.500000000000000888 ) ) ;
#81 = LINE ( 'NONE', #360, #2930 ) ;
#82 = LINE ( 'NONE', #1879, #2876 ) ;
#83 = FACE_OUTER_BOUND ( 'NONE', #2100, .T. ) ;
#84 = VECTOR ( 'NONE', #3614, 1000.000000000000000 ) ;
#85 = EDGE_LOOP ( 'NONE', ( #186, #505, #3336, #3304, #94, #2936 ) ) ;
#86 = ORIENTED_EDGE ( 'NONE', *, *, #708, .T. ) ;
#87 = DIRECTION ( 'NONE',  ( -0.000000000000000000, -0.000000000000000000, -1.000000000000000000 ) ) ;
#88 = ORIENTED_EDGE ( 'NONE', *, *, #3224, .T. ) ;
#89 = CARTESIAN_POINT ( 'NONE',  ( 7.504779163986344592, 4.095220836013657717, 5.000000000000000888 ) ) ;
#90 = FACE_OUTER_BOUND ( 'NONE', #897, .T. ) ;
#91 = EDGE_CURVE ( 'NONE', #2777, #285, #111, .T. ) ;
#92 = LINE ( 'NONE', #1892, #3124 ) ;
#93 = VERTEX_POINT ( 'NONE', #3243 ) ;
#94 = ORIENTED_EDGE ( 'NONE', *, *, #1117, .F. ) ;
#95 = DIRECTION ( 'NONE',  ( 1.000000000000000000, 0.000000000000000000, -0.000000000000000000 ) ) ;
#96 = DIRECTION ( 'NONE',  ( 0.000000000000000000, 0.000000000000000000, 1.000000000000000000 ) ) ;
#97 = VECTOR ( 'NONE', #2238, 1000.000000000000000 ) ;
#98 = VERTEX_POINT ( 'NONE', #1305 ) ;
#99 = ORIENTED_EDGE ( 'NONE', *, *, #1066, .F. ) ;
#100 = ORIENTED_EDGE ( 'NONE', *, *, #407, .T. ) ;
#101 = DIRECTION ( 'NONE',  ( -0.3236155771181821184, 0.3236155771181821184, 0.8891264907159901476 ) ) ;
#102 = DIRECTION ( 'NONE',  ( 1.000000000000000000, 0.000000000000000000, 0.000000000000000000 ) ) ;
#103 = LINE ( 'NONE', #40, #1586 ) ;
#104 = CARTESIAN_POINT ( 'NONE',  ( 7.995220836013661625, -3.500000000000000000, -3.754779163986341040 ) ) ;
#105 = EDGE_CURVE ( 'NONE', #2169, #1159, #3034, .T. ) ;
#106 = ORIENTED_EDGE ( 'NONE', *, *, #909, .T. ) ;
#107 = ORIENTED_EDGE ( 'NONE', *, *, #1590, .F. ) ;
#108 = CARTESIAN_POINT ( 'NONE',  ( 7.504779163986344592, 3.604779163986342461, 5.000000000000000888 ) ) ;
#109 = EDGE_CURVE ( 'NONE', #29, #3863, #3063, .T. ) ;
#110 = DIRECTION ( 'NONE',  ( 1.000000000000000000, 0.000000000000000000, 0.000000000000000000 ) ) ;
#111 = LINE ( 'NONE', #2943, #1547 ) ;
#112 = VECTOR ( 'NONE', #4074, 1000.000000000000114 ) ;
#113 = VERTEX_POINT ( 'NONE', #1018 ) ;
#114 = VERTEX_POINT ( 'NONE', #3264 ) ;
#115 = ADVANCED_FACE ( 'NONE', ( #1566 ), #1659, .F. ) ;
#116 = DIRECTION ( 'NONE',  ( -0.000000000000000000, 0.000000000000000000, 1.000000000000000000 ) ) ;
#117 = CARTESIAN_POINT ( 'NONE',  ( 4.900000000000004796, 7.700000000000000178, -5.999999999999998224 ) ) ;
#118 = VECTOR ( 'NONE', #2564, 1000.000000000000114 ) ;
#119 = AXIS2_PLACEMENT_3D ( 'NONE', #1014, #3366, #3594 ) ;
#120 = LINE ( 'NONE', #3367, #1658 ) ;
#121 = CARTESIAN_POINT ( 'NONE',  ( -1.749999999999997113, 0.000000000000000000, -4.500000000000000888 ) ) ;
#122 = ORIENTED_EDGE ( 'NONE', *, *, #2257, .F. ) ;
#123 = ORIENTED_EDGE ( 'NONE', *, *, #534, .T. ) ;
#124 = AXIS2_PLACEMENT_3D ( 'NONE', #1464, #1490, #367 ) ;
#125 = VECTOR ( 'NONE', #1939, 1000.000000000000000 ) ;
#126 = EDGE_CURVE ( 'NONE', #3523, #1989, #241, .T. ) ;
#127 = ORIENTED_EDGE ( 'NONE', *, *, #4196, .F. ) ;
#128 = PRESENTATION_STYLE_ASSIGNMENT (( #1575 ) ) ;
#129 = EDGE_LOOP ( 'NONE', ( #562, #3796, #2378, #2035 ) ) ;
#130 = ORIENTED_EDGE ( 'NONE', *, *, #45, .T. ) ;
#131 = PLANE ( 'NONE',  #2068 ) ;
#132 = LINE ( 'NONE', #2482, #3071 ) ;
#133 = VECTOR ( 'NONE', #2130, 1000.000000000000000 ) ;
#134 = EDGE_CURVE ( 'NONE', #1107, #2714, #3092, .T. ) ;
#136 = ORIENTED_EDGE ( 'NONE', *, *, #1066, .T. ) ;
#135 = CARTESIAN_POINT ( 'NONE',  ( 8.250000000000001776, 0.000000000000000000, -3.500000000000000000 ) ) ;
#137 = ORIENTED_EDGE ( 'NONE', *, *, #2108, .F. ) ;
#138 = PLANE ( 'NONE',  #1570 ) ;
#139 = FACE_OUTER_BOUND ( 'NONE', #669, .T. ) ;
#140 = VECTOR ( 'NONE', #890, 1000.000000000000000 ) ;
#141 = DIRECTION ( 'NONE',  ( 0.1548704352003977824, -0.6985753890242775155, -0.6985753890242760722 ) ) ;
#142 = LINE ( 'NONE', #896, #159 ) ;
#143 = ORIENTED_EDGE ( 'NONE', *, *, #1661, .T. ) ;
#144 = ORIENTED_EDGE ( 'NONE', *, *, #1643, .F. ) ;
#145 = EDGE_CURVE ( 'NONE', #231, #2574, #2977, .T. ) ;
#146 = DIRECTION ( 'NONE',  ( -0.000000000000000000, -0.000000000000000000, 1.000000000000000000 ) ) ;
#147 = CARTESIAN_POINT ( 'NONE',  ( 2.995220836013661625, -3.500000000000000000, -3.754779163986341040 ) ) ;
#148 = LINE ( 'NONE', #3894, #125 ) ;
#149 = VECTOR ( 'NONE', #2271, 1000.000000000000000 ) ;
#150 = ORIENTED_EDGE ( 'NONE', *, *, #952, .F. ) ;
#151 = SURFACE_SIDE_STYLE ('',( #3656 ) ) ;
#152 = ORIENTED_EDGE ( 'NONE', *, *, #4097, .F. ) ;
#153 = VERTEX_POINT ( 'NONE', #3312 ) ;
#154 = ADVANCED_FACE ( 'NONE', ( #1597 ), #47, .F. ) ;
#155 = EDGE_CURVE ( 'NONE', #3495, #337, #361, .T. ) ;
#156 = VECTOR ( 'NONE', #3252, 1000.000000000000000 ) ;
#157 = DIRECTION ( 'NONE',  ( -0.000000000000000000, -0.000000000000000000, 1.000000000000000000 ) ) ;
#158 = VERTEX_POINT ( 'NONE', #2360 ) ;
#159 = VECTOR ( 'NONE', #1562, 1000.000000000000000 ) ;
#160 = ORIENTED_EDGE ( 'NONE', *, *, #3029, .T. ) ;
#161 = ORIENTED_EDGE ( 'NONE', *, *, #3097, .F. ) ;
#162 = CARTESIAN_POINT ( 'NONE',  ( 0.8101224265433717431, 1.399999999999996803, -5.938035677847513405 ) ) ;
#163 = EDGE_CURVE ( 'NONE', #93, #1429, #1794, .T. ) ;
#164 = LINE ( 'NONE', #387, #1604 ) ;
#165 = LINE ( 'NONE', #333, #3306 ) ;
#166 = VECTOR ( 'NONE', #110, 1000.000000000000000 ) ;
#167 = EDGE_CURVE ( 'NONE', #3165, #910, #391, .T. ) ;
#169 = ORIENTED_EDGE ( 'NONE', *, *, #2033, .T. ) ;
#168 = CARTESIAN_POINT ( 'NONE',  ( -10.45000000000000107, 1.399999999999996803, -27.57388467569065682 ) ) ;
#170 = ORIENTED_EDGE ( 'NONE', *, *, #3322, .T. ) ;
#171 = CARTESIAN_POINT ( 'NONE',  ( 2.250000000000001776, 0.000000000000000000, -4.500000000000000888 ) ) ;
#172 = FILL_AREA_STYLE_COLOUR ( '', #1246 ) ;
#173 = CARTESIAN_POINT ( 'NONE',  ( 10.00000000000000000, -3.500000000000000000, -3.754779163986341040 ) ) ;
#174 = LINE ( 'NONE', #2017, #1548 ) ;
#175 = CARTESIAN_POINT ( 'NONE',  ( -7.749999999999996447, 4.349999999999999645, 4.299999999999992717 ) ) ;
#176 = EDGE_LOOP ( 'NONE', ( #3575, #293, #3201, #1731 ) ) ;
#177 = ORIENTED_EDGE ( 'NONE', *, *, #909, .F. ) ;
#178 = VERTEX_POINT ( 'NONE', #456 ) ;
#179 = AXIS2_PLACEMENT_3D ( 'NONE', #535, #1857, #2828 ) ;
#180 = VECTOR ( 'NONE', #834, 1000.000000000000114 ) ;
#181 = AXIS2_PLACEMENT_3D ( 'NONE', #3509, #1224, #4142 ) ;
#182 = ADVANCED_FACE ( 'NONE', ( #1810 ), #3985, .T. ) ;
#183 = DIRECTION ( 'NONE',  ( -1.000000000000000000, 0.000000000000000000, 0.000000000000000000 ) ) ;
#184 = VECTOR ( 'NONE', #1846, 1000.000000000000000 ) ;
#185 = ORIENTED_EDGE ( 'NONE', *, *, #1643, .T. ) ;
#186 = ORIENTED_EDGE ( 'NONE', *, *, #2678, .T. ) ;
#187 = EDGE_CURVE ( 'NONE', #2259, #2803, #404, .T. ) ;
#188 = VECTOR ( 'NONE', #2018, 1000.000000000000114 ) ;
#189 = AXIS2_PLACEMENT_3D ( 'NONE', #785, #739, #2788 ) ;
#190 = FACE_OUTER_BOUND ( 'NONE', #3941, .T. ) ;
#191 = FILL_AREA_STYLE ('',( #2009 ) ) ;
#192 = LINE ( 'NONE', #4156, #1577 ) ;
#193 = CARTESIAN_POINT ( 'NONE',  ( 7.117896541990409887, 8.261647923437188012, 5.595880191407030857 ) ) ;
#194 = FACE_OUTER_BOUND ( 'NONE', #1319, .T. ) ;
#195 = VERTEX_POINT ( 'NONE', #4110 ) ;
#196 = ORIENTED_EDGE ( 'NONE', *, *, #804, .T. ) ;
#197 = ADVANCED_FACE ( 'NONE', ( #3158 ), #3088, .F. ) ;
#198 = DIRECTION ( 'NONE',  ( 1.000000000000000000, 0.000000000000000000, 0.000000000000000000 ) ) ;
#199 = DIRECTION ( 'NONE',  ( 0.3236155771181821184, 0.3236155771181821184, -0.8891264907159901476 ) ) ;
#200 = FACE_OUTER_BOUND ( 'NONE', #2684, .T. ) ;
#201 = LINE ( 'NONE', #1153, #184 ) ;
#202 = ORIENTED_EDGE ( 'NONE', *, *, #1032, .T. ) ;
#203 = EDGE_LOOP ( 'NONE', ( #751, #122, #2966, #397 ) ) ;
#204 = CARTESIAN_POINT ( 'NONE',  ( 9.689877573456632476, 1.399999999999996803, 5.600000000000002309 ) ) ;
#205 = VECTOR ( 'NONE', #1585, 1000.000000000000000 ) ;
#206 = FILL_AREA_STYLE ('',( #172 ) ) ;
#207 = DIRECTION ( 'NONE',  ( 0.000000000000000000, 1.000000000000000000, 1.387778780781445676E-16 ) ) ;
#208 = VECTOR ( 'NONE', #530, 1000.000000000000000 ) ;
#209 = LINE ( 'NONE', #1737, #3117 ) ;
#210 = ORIENTED_EDGE ( 'NONE', *, *, #1806, .F. ) ;
#211 = LINE ( 'NONE', #829, #3166 ) ;
#212 = CARTESIAN_POINT ( 'NONE',  ( 7.250000000000000888, -2.799999999999994937, -3.500000000000000000 ) ) ;
#213 = CARTESIAN_POINT ( 'NONE',  ( -6.749999999999997335, -2.799999999999994937, -4.500000000000000888 ) ) ;
#214 = CARTESIAN_POINT ( 'NONE',  ( 0.6000000000000050848, 8.500000000000000000, -5.500000000000000000 ) ) ;
#215 = LINE ( 'NONE', #4052, #3024 ) ;
#216 = ORIENTED_EDGE ( 'NONE', *, *, #3044, .T. ) ;
#217 = DIRECTION ( 'NONE',  ( 1.000000000000000000, 1.245016848787182258E-16, 0.000000000000000000 ) ) ;
#218 = EDGE_CURVE ( 'NONE', #1393, #1882, #1745, .T. ) ;
#219 = ORIENTED_EDGE ( 'NONE', *, *, #537, .T. ) ;
#220 = EDGE_CURVE ( 'NONE', #1181, #25, #3094, .T. ) ;
#221 = FACE_OUTER_BOUND ( 'NONE', #3765, .T. ) ;
#222 = SURFACE_STYLE_USAGE ( .BOTH. , #473 ) ;
#223 = ORIENTED_EDGE ( 'NONE', *, *, #2561, .T. ) ;
#224 = EDGE_CURVE ( 'NONE', #31, #2497, #3012, .T. ) ;
#225 = CARTESIAN_POINT ( 'NONE',  ( -11.00000000000000000, 7.699999999999999289, 3.299999999999999822 ) ) ;
#226 = FACE_OUTER_BOUND ( 'NONE', #1006, .T. ) ;
#227 = DIRECTION ( 'NONE',  ( 0.000000000000000000, -1.000000000000000000, 0.000000000000000000 ) ) ;
#228 = AXIS2_PLACEMENT_3D ( 'NONE', #1080, #1993, #2687 ) ;
#229 = LINE ( 'NONE', #1928, #180 ) ;
#230 = CARTESIAN_POINT ( 'NONE',  ( 8.250000000000001776, -3.500000000000000000, -4.500000000000000888 ) ) ;
#231 = VERTEX_POINT ( 'NONE', #1084 ) ;
#232 = SURFACE_STYLE_FILL_AREA ( #3321 ) ;
#233 = CARTESIAN_POINT ( 'NONE',  ( -7.888447750295753735, -2.419617932288108619, -3.361552249704243600 ) ) ;
#234 = VECTOR ( 'NONE', #2520, 1000.000000000000114 ) ;
#236 = VERTEX_POINT ( 'NONE', #3401 ) ;
#235 = DIRECTION ( 'NONE',  ( 0.000000000000000000, -1.000000000000000000, 0.000000000000000000 ) ) ;
#237 = ADVANCED_FACE ( 'NONE', ( #269 ), #4051, .T. ) ;
#238 = VECTOR ( 'NONE', #1055, 1000.000000000000000 ) ;
#239 = CARTESIAN_POINT ( 'NONE',  ( -6.749999999999997335, 0.000000000000000000, -3.500000000000000000 ) ) ;
#240 = DIRECTION ( 'NONE',  ( -0.000000000000000000, -0.000000000000000000, -1.000000000000000000 ) ) ;
#241 = LINE ( 'NONE', #1912, #1667 ) ;
#242 = LINE ( 'NONE', #3780, #3035 ) ;
#243 = AXIS2_PLACEMENT_3D ( 'NONE', #594, #1146, #1843 ) ;
#244 = VECTOR ( 'NONE', #501, 1000.000000000000114 ) ;
#245 = ORIENTED_EDGE ( 'NONE', *, *, #2062, .T. ) ;
#246 = LINE ( 'NONE', #3121, #3052 ) ;
#247 = AXIS2_PLACEMENT_3D ( 'NONE', #2927, #3858, #2293 ) ;
#248 = CARTESIAN_POINT ( 'NONE',  ( 7.250000000000000888, 3.500000000000000444, 5.000000000000000888 ) ) ;
#249 = VECTOR ( 'NONE', #3878, 1000.000000000000000 ) ;
#250 = FACE_OUTER_BOUND ( 'NONE', #2656, .T. ) ;
#251 = DIRECTION ( 'NONE',  ( -0.000000000000000000, -0.000000000000000000, -1.000000000000000000 ) ) ;
#252 = EDGE_CURVE ( 'NONE', #2042, #2727, #201, .T. ) ;
#253 = FACE_OUTER_BOUND ( 'NONE', #203, .T. ) ;
#254 = AXIS2_PLACEMENT_3D ( 'NONE', #2726, #3806, #3475 ) ;
#255 = DIRECTION ( 'NONE',  ( -0.000000000000000000, 1.000000000000000000, -0.000000000000000000 ) ) ;
#256 = ORIENTED_EDGE ( 'NONE', *, *, #510, .F. ) ;
#257 = LINE ( 'NONE', #4069, #302 ) ;
#258 = CARTESIAN_POINT ( 'NONE',  ( -11.00000000000000000, 0.08000000000000000167, 3.337127970494183415 ) ) ;
#259 = PRESENTATION_STYLE_ASSIGNMENT (( #3147 ) ) ;
#260 = ADVANCED_FACE ( 'NONE', ( #1618 ), #2129, .F. ) ;
#261 = DIRECTION ( 'NONE',  ( 1.000000000000000000, 1.245016848787182258E-16, 0.000000000000000000 ) ) ;
#262 = ORIENTED_EDGE ( 'NONE', *, *, #1219, .F. ) ;
#263 = DIRECTION ( 'NONE',  ( -0.000000000000000000, -1.000000000000000000, -0.000000000000000000 ) ) ;
#264 = LINE ( 'NONE', #4017, #483 ) ;
#265 = EDGE_CURVE ( 'NONE', #3630, #3944, #209, .T. ) ;
#266 = CARTESIAN_POINT ( 'NONE',  ( 8.250000000000001776, 4.349999999999999645, 7.414213562373094923 ) ) ;
#267 = LINE ( 'NONE', #233, #1796 ) ;
#268 = CARTESIAN_POINT ( 'NONE',  ( -9.399999999999995026, 0.000000000000000000, -5.500000000000000000 ) ) ;
#269 = FACE_OUTER_BOUND ( 'NONE', #3300, .T. ) ;
#270 = ORIENTED_EDGE ( 'NONE', *, *, #999, .F. ) ;
#271 =( NAMED_UNIT ( * ) PLANE_ANGLE_UNIT ( ) SI_UNIT ( $, .RADIAN. ) );
#272 = DIRECTION ( 'NONE',  ( 0.000000000000000000, -1.000000000000000000, -1.126443815569355400E-16 ) ) ;
#273 = EDGE_CURVE ( 'NONE', #1359, #1962, #142, .T. ) ;
#274 = VECTOR ( 'NONE', #2643, 1000.000000000000000 ) ;
#275 = CARTESIAN_POINT ( 'NONE',  ( 10.44999999999999751, 6.750000000000000000, 4.999999999999997335 ) ) ;
#276 = EDGE_CURVE ( 'NONE', #905, #1538, #1600, .T. ) ;
#277 = ORIENTED_EDGE ( 'NONE', *, *, #2411, .T. ) ;
#278 = CARTESIAN_POINT ( 'NONE',  ( -10.45000000000000107, 1.399999999999996803, 5.600000000000000533 ) ) ;
#279 = VECTOR ( 'NONE', #1743, 1000.000000000000000 ) ;
#280 = CARTESIAN_POINT ( 'NONE',  ( 4.573750091998069145, 1.308051797165927566, 5.747117124534515398 ) ) ;
#281 = LINE ( 'NONE', #2845, #1704 ) ;
#282 = EDGE_LOOP ( 'NONE', ( #1413, #2441, #1375, #1507 ) ) ;
#283 = AXIS2_PLACEMENT_3D ( 'NONE', #2098, #2808, #806 ) ;
#284 = CARTESIAN_POINT ( 'NONE',  ( -11.00000000000000000, 8.100000000000001421, 6.000000000000000888 ) ) ;
#285 = VERTEX_POINT ( 'NONE', #1252 ) ;
#286 = VERTEX_POINT ( 'NONE', #2552 ) ;
#287 = DIRECTION ( 'NONE',  ( 0.000000000000000000, -0.000000000000000000, -1.000000000000000000 ) ) ;
#288 = CARTESIAN_POINT ( 'NONE',  ( 10.44999999999999751, 6.750000000000000000, -27.57388467569065682 ) ) ;
#289 = CARTESIAN_POINT ( 'NONE',  ( 7.111552249704245376, -2.419617932288108619, -3.361552249704243600 ) ) ;
#290 = DIRECTION ( 'NONE',  ( -0.000000000000000000, 1.000000000000000000, -0.000000000000000000 ) ) ;
#291 = CARTESIAN_POINT ( 'NONE',  ( -1.749999999999997113, 0.000000000000000000, -4.500000000000000888 ) ) ;
#292 = VECTOR ( 'NONE', #1370, 1000.000000000000000 ) ;
#293 = ORIENTED_EDGE ( 'NONE', *, *, #3969, .F. ) ;
#294 = CARTESIAN_POINT ( 'NONE',  ( 10.44999999999999751, 1.399999999999999245, 5.600000000000000533 ) ) ;
#295 = VECTOR ( 'NONE', #734, 1000.000000000000000 ) ;
#296 = LINE ( 'NONE', #2609, #1701 ) ;
#297 = ORIENTED_EDGE ( 'NONE', *, *, #3989, .F. ) ;
#298 = DIRECTION ( 'NONE',  ( 1.000000000000000000, 0.000000000000000000, -0.000000000000000000 ) ) ;
#299 = DIRECTION ( 'NONE',  ( 0.000000000000000000, 1.000000000000000000, 1.126443815569355400E-16 ) ) ;
#300 = VERTEX_POINT ( 'NONE', #4204 ) ;
#301 = ADVANCED_FACE ( 'NONE', ( #194 ), #3533, .F. ) ;
#302 = VECTOR ( 'NONE', #198, 1000.000000000000000 ) ;
#303 = LINE ( 'NONE', #440, #1696 ) ;
#304 = SURFACE_SIDE_STYLE ('',( #3964 ) ) ;
#305 = EDGE_CURVE ( 'NONE', #2957, #432, #281, .T. ) ;
#306 = MANIFOLD_SOLID_BREP ( 'Chamfer4', #1089 ) ;
#307 = ORIENTED_EDGE ( 'NONE', *, *, #3805, .F. ) ;
#308 = VERTEX_POINT ( 'NONE', #2589 ) ;
#309 = DIRECTION ( 'NONE',  ( -0.000000000000000000, -0.000000000000000000, -1.000000000000000000 ) ) ;
#310 = VECTOR ( 'NONE', #2508, 1000.000000000000000 ) ;
#311 = DIRECTION ( 'NONE',  ( 1.000000000000000000, 0.000000000000000000, 0.000000000000000000 ) ) ;
#312 = DIRECTION ( 'NONE',  ( 0.000000000000000000, -0.6427876096865378086, 0.7660444431189793457 ) ) ;
#313 = ORIENTED_EDGE ( 'NONE', *, *, #3087, .T. ) ;
#314 = DIRECTION ( 'NONE',  ( 0.000000000000000000, 1.000000000000000000, 0.000000000000000000 ) ) ;
#315 =( NAMED_UNIT ( * ) SI_UNIT ( $, .STERADIAN. ) SOLID_ANGLE_UNIT ( ) );
#316 = LINE ( 'NONE', #2167, #1693 ) ;
#317 = DIRECTION ( 'NONE',  ( -1.000000000000000000, -0.000000000000000000, -0.000000000000000000 ) ) ;
#318 = DIRECTION ( 'NONE',  ( -1.000000000000000000, 0.000000000000000000, 0.000000000000000000 ) ) ;
#319 = VECTOR ( 'NONE', #314, 1000.000000000000000 ) ;
#320 = VERTEX_POINT ( 'NONE', #35 ) ;
#321 = CARTESIAN_POINT ( 'NONE',  ( -9.399999999999995026, 8.500000000000000000, -5.500000000000000000 ) ) ;
#322 = EDGE_CURVE ( 'NONE', #2401, #231, #4056, .T. ) ;
#323 = LINE ( 'NONE', #3160, #1748 ) ;
#324 = DIRECTION ( 'NONE',  ( 1.000000000000000000, 0.000000000000000000, -0.000000000000000000 ) ) ;
#325 = DIRECTION ( 'NONE',  ( -1.000000000000000000, 0.000000000000000000, 0.000000000000000000 ) ) ;
#326 = EDGE_CURVE ( 'NONE', #1213, #2042, #2691, .T. ) ;
#327 = LINE ( 'NONE', #3647, #1682 ) ;
#328 = ADVANCED_FACE ( 'NONE', ( #4155 ), #628, .T. ) ;
#329 = CARTESIAN_POINT ( 'NONE',  ( -10.45000000000000107, 6.749999999999997335, 6.000000000000000000 ) ) ;
#330 = CLOSED_SHELL ( 'NONE', ( #1455, #3114, #1970, #1225, #3374, #2356, #1836, #3871, #1705, #3415 ) ) ;
#331 = PLANE ( 'NONE',  #1295 ) ;
#332 = VERTEX_POINT ( 'NONE', #1650 ) ;
#333 = CARTESIAN_POINT ( 'NONE',  ( -11.00000000000000000, 0.000000000000000000, 3.270000000000001350 ) ) ;
#334 = CARTESIAN_POINT ( 'NONE',  ( -2.749999999999998224, -3.500000000000000000, -3.500000000000000000 ) ) ;
#335 =( GEOMETRIC_REPRESENTATION_CONTEXT ( 3 ) GLOBAL_UNCERTAINTY_ASSIGNED_CONTEXT ( ( #1024 ) ) GLOBAL_UNIT_ASSIGNED_CONTEXT ( ( #1833, #1807, #1498 ) ) REPRESENTATION_CONTEXT ( 'NONE', 'WORKASPACE' ) );
#336 = DIRECTION ( 'NONE',  ( 0.000000000000000000, 1.000000000000000000, 1.126443815569355400E-16 ) ) ;
#337 = VERTEX_POINT ( 'NONE', #1942 ) ;
#338 = VERTEX_POINT ( 'NONE', #2965 ) ;
#339 = CARTESIAN_POINT ( 'NONE',  ( -1.749999999999997113, -3.500000000000000000, -4.500000000000000888 ) ) ;
#340 = ADVANCED_FACE ( 'NONE', ( #1357 ), #69, .F. ) ;
#341 = LINE ( 'NONE', #2192, #205 ) ;
#342 = DIRECTION ( 'NONE',  ( 0.000000000000000000, 0.000000000000000000, 1.000000000000000000 ) ) ;
#343 = CARTESIAN_POINT ( 'NONE',  ( -9.073750091998064704, 1.308051797165926455, 5.747117124534515398 ) ) ;
#344 = AXIS2_PLACEMENT_3D ( 'NONE', #2667, #2910, #342 ) ;
#345 = DIRECTION ( 'NONE',  ( -0.000000000000000000, -0.000000000000000000, 1.000000000000000000 ) ) ;
#346 = ORIENTED_EDGE ( 'NONE', *, *, #2340, .T. ) ;
#347 = CARTESIAN_POINT ( 'NONE',  ( -11.00000000000000000, 0.000000000000000000, -5.999999999999999112 ) ) ;
#348 = PLANE ( 'NONE',  #3608 ) ;
#349 = DIRECTION ( 'NONE',  ( -0.000000000000000000, -0.3420201433256658263, -0.9396926207859095381 ) ) ;
#350 = CARTESIAN_POINT ( 'NONE',  ( 2.250000000000003553, 4.349999999999999645, -1.999999999999999112 ) ) ;
#351 = VERTEX_POINT ( 'NONE', #945 ) ;
#352 = EDGE_CURVE ( 'NONE', #3911, #1038, #1243, .T. ) ;
#353 = VECTOR ( 'NONE', #1087, 1000.000000000000000 ) ;
#354 = PLANE ( 'NONE',  #4191 ) ;
#355 = CARTESIAN_POINT ( 'NONE',  ( -0.4262499080019306330, 1.308051797165927566, 5.747117124534515398 ) ) ;
#356 = LINE ( 'NONE', #1453, #433 ) ;
#357 = ORIENTED_EDGE ( 'NONE', *, *, #3578, .T. ) ;
#358 = CARTESIAN_POINT ( 'NONE',  ( 7.137734010142631647, 4.462265989857372439, 3.991551727894137702 ) ) ;
#359 = EDGE_CURVE ( 'NONE', #1625, #1052, #1299, .T. ) ;
#360 = CARTESIAN_POINT ( 'NONE',  ( -1.528305337357056981, 3.500000000000000444, 6.000000000000000000 ) ) ;
#361 = LINE ( 'NONE', #3060, #1783 ) ;
#362 = FACE_OUTER_BOUND ( 'NONE', #518, .T. ) ;
#363 = DIRECTION ( 'NONE',  ( 1.000000000000000000, 0.000000000000000000, 0.000000000000000000 ) ) ;
#364 = VERTEX_POINT ( 'NONE', #3636 ) ;
#365 = ORIENTED_EDGE ( 'NONE', *, *, #3827, .T. ) ;
#366 = CARTESIAN_POINT ( 'NONE',  ( -11.00000000000000000, 0.000000000000000000, 3.270000000000001350 ) ) ;
#367 = DIRECTION ( 'NONE',  ( 1.000000000000000000, 0.000000000000000000, 0.000000000000000000 ) ) ;
#368 = LINE ( 'NONE', #520, #436 ) ;
#369 = CARTESIAN_POINT ( 'NONE',  ( -2.882103458009590113, 8.261647923437188012, 5.595880191407030857 ) ) ;
#370 = PLANE ( 'NONE',  #1867 ) ;
#371 = EDGE_CURVE ( 'NONE', #4023, #2983, #1270, .T. ) ;
#372 = LINE ( 'NONE', #3912, #292 ) ;
#373 = DIRECTION ( 'NONE',  ( 1.245016848787182258E-16, -1.000000000000000000, 0.000000000000000000 ) ) ;
#374 = EDGE_CURVE ( 'NONE', #3630, #2840, #2765, .T. ) ;
#375 = DIRECTION ( 'NONE',  ( 0.000000000000000000, -9.326470300950577354E-17, 1.000000000000000000 ) ) ;
#376 = VECTOR ( 'NONE', #3752, 1000.000000000000000 ) ;
#377 = CARTESIAN_POINT ( 'NONE',  ( 7.250000000000002665, 4.349999999999999645, -1.999999999999999112 ) ) ;
#378 = VECTOR ( 'NONE', #2121, 1000.000000000000000 ) ;
#379 = EDGE_CURVE ( 'NONE', #2497, #3173, #4112, .T. ) ;
#380 = ORIENTED_EDGE ( 'NONE', *, *, #1753, .F. ) ;
#381 = AXIS2_PLACEMENT_3D ( 'NONE', #3129, #2766, #3633 ) ;
#382 = CARTESIAN_POINT ( 'NONE',  ( 3.250000000000004441, 6.749999999999997335, 4.999999999999997335 ) ) ;
#383 = CIRCLE ( 'NONE', #1402, 3.125000000000000000 ) ;
#384 = CARTESIAN_POINT ( 'NONE',  ( 3.250000000000002665, -3.500000000000000000, -4.245220836013659849 ) ) ;
#385 = DIRECTION ( 'NONE',  ( 0.000000000000000000, 0.000000000000000000, 1.000000000000000000 ) ) ;
#386 = FACE_OUTER_BOUND ( 'NONE', #551, .T. ) ;
#387 = CARTESIAN_POINT ( 'NONE',  ( 2.250000000000003553, 4.349999999999999645, -1.999999999999999112 ) ) ;
#388 = VECTOR ( 'NONE', #290, 1000.000000000000000 ) ;
#389 = STYLED_ITEM ( 'NONE', ( #2455 ), #1690 ) ;
#390 = CARTESIAN_POINT ( 'NONE',  ( 8.250000000000001776, 3.350000000000000533, 7.414213562373094923 ) ) ;
#391 = LINE ( 'NONE', #3642, #1712 ) ;
#392 = DIRECTION ( 'NONE',  ( 1.000000000000000000, 1.245016848787182258E-16, 0.000000000000000000 ) ) ;
#393 = ORIENTED_EDGE ( 'NONE', *, *, #2752, .T. ) ;
#394 = LINE ( 'NONE', #1898, #1850 ) ;
#395 = CARTESIAN_POINT ( 'NONE',  ( 10.44999999999999751, 6.750000000000000000, -27.57388467569065682 ) ) ;
#396 = EDGE_CURVE ( 'NONE', #3901, #2426, #1363, .T. ) ;
#397 = ORIENTED_EDGE ( 'NONE', *, *, #894, .F. ) ;
#398 = CARTESIAN_POINT ( 'NONE',  ( 10.44999999999999751, 1.399999999999999245, -27.57388467569065682 ) ) ;
#399 = VECTOR ( 'NONE', #950, 1000.000000000000114 ) ;
#400 = DIRECTION ( 'NONE',  ( 0.000000000000000000, 0.000000000000000000, -1.000000000000000000 ) ) ;
#401 = SURFACE_SIDE_STYLE ('',( #232 ) ) ;
#402 = VECTOR ( 'NONE', #2233, 1000.000000000000000 ) ;
#403 = CARTESIAN_POINT ( 'NONE',  ( -5.999999999999999112, 3.604779163986342461, 5.000000000000000888 ) ) ;
#404 = LINE ( 'NONE', #3349, #295 ) ;
#405 = CARTESIAN_POINT ( 'NONE',  ( -2.749999999999996447, 4.095220836013657717, 5.000000000000000888 ) ) ;
#406 = CARTESIAN_POINT ( 'NONE',  ( -6.337460550774432377, 8.610845201717802766, 6.860845201717799213 ) ) ;
#407 = EDGE_CURVE ( 'NONE', #1142, #3860, #1286, .T. ) ;
#408 = LINE ( 'NONE', #634, #1842 ) ;
#409 = DIRECTION ( 'NONE',  ( 0.000000000000000000, -0.3713906763541032774, 0.9284766908852595257 ) ) ;
#410 = DIRECTION ( 'NONE',  ( 0.9396926207859095381, -0.3420201433256658263, 0.000000000000000000 ) ) ;
#411 = CARTESIAN_POINT ( 'NONE',  ( 8.471694662642942575, 7.750000000000001776, 6.000000000000000000 ) ) ;
#412 = CARTESIAN_POINT ( 'NONE',  ( -10.45000000000000107, 6.749999999999997335, 4.999999999999997335 ) ) ;
#413 = EDGE_LOOP ( 'NONE', ( #3807, #1013, #3788, #2446 ) ) ;
#414 = LINE ( 'NONE', #390, #1739 ) ;
#415 = ORIENTED_EDGE ( 'NONE', *, *, #3593, .T. ) ;
#416 = EDGE_CURVE ( 'NONE', #2983, #1587, #2636, .T. ) ;
#417 = CARTESIAN_POINT ( 'NONE',  ( -9.189877573456628923, 1.399999999999996803, -2.000000000000000888 ) ) ;
#418 = EDGE_CURVE ( 'NONE', #2127, #2025, #1348, .T. ) ;
#419 = CARTESIAN_POINT ( 'NONE',  ( -11.00000000000000000, 8.100000000000001421, 6.000000000000000888 ) ) ;
#420 = EDGE_LOOP ( 'NONE', ( #2410, #2705, #1000, #3947 ) ) ;
#421 = PLANE ( 'NONE',  #1172 ) ;
#422 = DIRECTION ( 'NONE',  ( 0.000000000000000000, 0.000000000000000000, -1.000000000000000000 ) ) ;
#423 = CARTESIAN_POINT ( 'NONE',  ( -0.3101224265433669691, 1.399999999999996803, 5.600000000000002309 ) ) ;
#424 = AXIS2_PLACEMENT_3D ( 'NONE', #855, #2865, #3263 ) ;
#425 = EDGE_LOOP ( 'NONE', ( #1817, #526, #245, #3715 ) ) ;
#426 = LINE ( 'NONE', #347, #3276 ) ;
#427 = DIRECTION ( 'NONE',  ( -0.000000000000000000, 1.000000000000000000, -0.000000000000000000 ) ) ;
#428 = AXIS2_PLACEMENT_3D ( 'NONE', #294, #902, #574 ) ;
#429 = ORIENTED_EDGE ( 'NONE', *, *, #3662, .F. ) ;
#430 = CARTESIAN_POINT ( 'NONE',  ( 10.44999999999999751, 1.399999999999999245, 5.600000000000000533 ) ) ;
#431 = CARTESIAN_POINT ( 'NONE',  ( -2.249999999999997780, 3.850000000000000089, -5.938035677847513405 ) ) ;
#432 = VERTEX_POINT ( 'NONE', #697 ) ;
#433 = VECTOR ( 'NONE', #39, 1000.000000000000000 ) ;
#434 = EDGE_CURVE ( 'NONE', #3561, #2152, #4039, .T. ) ;
#435 = AXIS2_PLACEMENT_3D ( 'NONE', #258, #312, #3164 ) ;
#436 = VECTOR ( 'NONE', #1594, 1000.000000000000000 ) ;
#437 = CARTESIAN_POINT ( 'NONE',  ( -11.00000000000000000, 7.700000000000000178, -5.999999999999998224 ) ) ;
#438 = ORIENTED_EDGE ( 'NONE', *, *, #1329, .F. ) ;
#439 = CARTESIAN_POINT ( 'NONE',  ( 3.250000000000002665, -2.799999999999994937, -4.500000000000000888 ) ) ;
#440 = CARTESIAN_POINT ( 'NONE',  ( 8.250000000000001776, 0.000000000000000000, -4.500000000000000888 ) ) ;
#441 = EDGE_CURVE ( 'NONE', #1038, #3272, #4162, .T. ) ;
#442 = ORIENTED_EDGE ( 'NONE', *, *, #1219, .T. ) ;
#443 = ORIENTED_EDGE ( 'NONE', *, *, #1971, .F. ) ;
#444 = LINE ( 'NONE', #2940, #1863 ) ;
#445 = DIRECTION ( 'NONE',  ( -0.000000000000000000, 0.000000000000000000, 1.000000000000000000 ) ) ;
#446 = ADVANCED_FACE ( 'NONE', ( #4095 ), #2772, .F. ) ;
#447 = ORIENTED_EDGE ( 'NONE', *, *, #2935, .F. ) ;
#448 = FACE_OUTER_BOUND ( 'NONE', #2783, .T. ) ;
#449 = ORIENTED_EDGE ( 'NONE', *, *, #3285, .F. ) ;
#450 = EDGE_CURVE ( 'NONE', #4048, #3027, #2700, .T. ) ;
#451 = DIRECTION ( 'NONE',  ( 1.000000000000000000, 0.000000000000000000, 0.000000000000000000 ) ) ;
#452 = CARTESIAN_POINT ( 'NONE',  ( 9.900000000000002132, 7.700000000000000178, -5.999999999999998224 ) ) ;
#453 = ORIENTED_EDGE ( 'NONE', *, *, #1151, .T. ) ;
#454 = DIRECTION ( 'NONE',  ( 1.000000000000000000, 0.000000000000000000, 0.000000000000000000 ) ) ;
#455 = EDGE_CURVE ( 'NONE', #2401, #3965, #4103, .T. ) ;
#456 = CARTESIAN_POINT ( 'NONE',  ( -1.749999999999997113, 8.500000000000000000, 5.000000000000000888 ) ) ;
#457 = PLANE ( 'NONE',  #554 ) ;
#458 = EDGE_LOOP ( 'NONE', ( #3490, #3413, #3754, #639 ) ) ;
#459 = VERTEX_POINT ( 'NONE', #1782 ) ;
#460 = CARTESIAN_POINT ( 'NONE',  ( -2.749999999999998224, -2.799999999999994937, -3.500000000000000000 ) ) ;
#461 = DIRECTION ( 'NONE',  ( -0.000000000000000000, 1.000000000000000000, 9.326470300950577354E-17 ) ) ;
#462 = VECTOR ( 'NONE', #2326, 1000.000000000000000 ) ;
#463 = DIRECTION ( 'NONE',  ( -1.000000000000000000, 0.000000000000000000, 0.000000000000000000 ) ) ;
#464 = MECHANICAL_DESIGN_GEOMETRIC_PRESENTATION_REPRESENTATION (  '', ( #1937 ), #2168 ) ;
#465 = SURFACE_STYLE_USAGE ( .BOTH. , #151 ) ;
#466 = ORIENTED_EDGE ( 'NONE', *, *, #3091, .T. ) ;
#467 = AXIS2_PLACEMENT_3D ( 'NONE', #2781, #569, #3453 ) ;
#468 = ORIENTED_EDGE ( 'NONE', *, *, #1778, .T. ) ;
#469 = FACE_OUTER_BOUND ( 'NONE', #1074, .T. ) ;
#470 = VECTOR ( 'NONE', #485, 1000.000000000000000 ) ;
#471 = PLANE ( 'NONE',  #2716 ) ;
#472 = EDGE_CURVE ( 'NONE', #2642, #680, #4045, .T. ) ;
#473 = SURFACE_SIDE_STYLE ('',( #2323 ) ) ;
#474 = DIRECTION ( 'NONE',  ( 1.245016848787182258E-16, -1.000000000000000000, 0.000000000000000000 ) ) ;
#475 = VECTOR ( 'NONE', #2972, 1000.000000000000000 ) ;
#476 = CARTESIAN_POINT ( 'NONE',  ( -11.00000000000000000, 7.700000000000000178, -5.999999999999998224 ) ) ;
#477 = EDGE_CURVE ( 'NONE', #3272, #1163, #4122, .T. ) ;
#478 = DIRECTION ( 'NONE',  ( -0.000000000000000000, -0.9396926207859095381, 0.3420201433256657153 ) ) ;
#479 = ADVANCED_FACE ( 'NONE', ( #4170 ), #3161, .T. ) ;
#480 = PLANE ( 'NONE',  #2268 ) ;
#481 = DIRECTION ( 'NONE',  ( 0.000000000000000000, -0.3713906763541032219, 0.9284766908852595257 ) ) ;
#482 = DIRECTION ( 'NONE',  ( 0.000000000000000000, -0.3420201433256658263, 0.9396926207859095381 ) ) ;
#483 = VECTOR ( 'NONE', #758, 1000.000000000000000 ) ;
#484 = CARTESIAN_POINT ( 'NONE',  ( -2.749999999999996447, 4.349999999999999645, 7.414213562373094923 ) ) ;
#485 = DIRECTION ( 'NONE',  ( -0.000000000000000000, 1.000000000000000000, -0.000000000000000000 ) ) ;
#486 = EDGE_CURVE ( 'NONE', #29, #1181, #4137, .T. ) ;
#487 = CARTESIAN_POINT ( 'NONE',  ( -9.399999999999995026, 0.000000000000000000, -5.999999999999999112 ) ) ;
#488 =( NAMED_UNIT ( * ) SI_UNIT ( $, .STERADIAN. ) SOLID_ANGLE_UNIT ( ) );
#489 = EDGE_LOOP ( 'NONE', ( #2407, #2671, #1298, #4118 ) ) ;
#490 = EDGE_CURVE ( 'NONE', #2028, #1107, #2685, .T. ) ;
#491 = CARTESIAN_POINT ( 'NONE',  ( -9.399999999999995026, 7.700000000000000178, -6.000000000000000000 ) ) ;
#492 = CARTESIAN_POINT ( 'NONE',  ( 8.250000000000001776, 3.604779163986342461, 5.000000000000000888 ) ) ;
#493 = DIRECTION ( 'NONE',  ( 1.000000000000000000, 0.000000000000000000, 0.000000000000000000 ) ) ;
#494 = EDGE_CURVE ( 'NONE', #623, #2513, #4024, .T. ) ;
#495 = DIRECTION ( 'NONE',  ( 0.000000000000000000, 0.000000000000000000, -1.000000000000000000 ) ) ;
#496 = EDGE_CURVE ( 'NONE', #1888, #308, #1215, .T. ) ;
#497 = DIRECTION ( 'NONE',  ( -0.2164396139381033479, 0.000000000000000000, 0.9762960071199332512 ) ) ;
#498 = ORIENTED_EDGE ( 'NONE', *, *, #3178, .F. ) ;
#499 = ORIENTED_EDGE ( 'NONE', *, *, #3732, .T. ) ;
#500 = DIRECTION ( 'NONE',  ( -0.000000000000000000, -0.000000000000000000, 1.000000000000000000 ) ) ;
#501 = DIRECTION ( 'NONE',  ( -0.3236155771181821184, 0.3236155771181821184, 0.8891264907159901476 ) ) ;
#502 = ADVANCED_FACE ( 'NONE', ( #4127 ), #601, .T. ) ;
#503 = AXIS2_PLACEMENT_3D ( 'NONE', #1830, #3409, #3729 ) ;
#504 = CARTESIAN_POINT ( 'NONE',  ( -5.676588102244043199, 1.149999999999999023, 6.000000000000000000 ) ) ;
#505 = ORIENTED_EDGE ( 'NONE', *, *, #1966, .T. ) ;
#506 = AXIS2_PLACEMENT_3D ( 'NONE', #2279, #2362, #1430 ) ;
#507 = DIRECTION ( 'NONE',  ( 1.000000000000000000, 0.000000000000000000, -0.000000000000000000 ) ) ;
#508 = ORIENTED_EDGE ( 'NONE', *, *, #224, .F. ) ;
#509 = ORIENTED_EDGE ( 'NONE', *, *, #1021, .F. ) ;
#510 = EDGE_CURVE ( 'NONE', #3901, #3495, #1279, .T. ) ;
#511 = PLANE ( 'NONE',  #3698 ) ;
#512 = PLANE ( 'NONE',  #1050 ) ;
#513 = EDGE_CURVE ( 'NONE', #2795, #3109, #1263, .T. ) ;
#514 = ORIENTED_EDGE ( 'NONE', *, *, #1035, .F. ) ;
#515 = CARTESIAN_POINT ( 'NONE',  ( -11.00000000000000000, 0.08000000000000000167, 3.337127970494183415 ) ) ;
#516 = CARTESIAN_POINT ( 'NONE',  ( -11.00000000000000000, 0.08000000000000000167, 3.337127970494183415 ) ) ;
#517 = DIRECTION ( 'NONE',  ( 0.000000000000000000, 1.000000000000000000, 1.084202172485502856E-15 ) ) ;
#518 = EDGE_LOOP ( 'NONE', ( #2993, #3463, #3051, #1602 ) ) ;
#519 = VERTEX_POINT ( 'NONE', #2206 ) ;
#520 = CARTESIAN_POINT ( 'NONE',  ( -10.45000000000000107, 1.149999999999996581, 6.000000000000000888 ) ) ;
#521 = DIRECTION ( 'NONE',  ( -0.000000000000000000, -0.000000000000000000, -1.000000000000000000 ) ) ;
#522 = ORIENTED_EDGE ( 'NONE', *, *, #3952, .T. ) ;
#523 = FACE_OUTER_BOUND ( 'NONE', #719, .T. ) ;
#524 = ADVANCED_FACE ( 'NONE', ( #1321 ), #3249, .F. ) ;
#525 = EDGE_CURVE ( 'NONE', #700, #2870, #4089, .T. ) ;
#526 = ORIENTED_EDGE ( 'NONE', *, *, #886, .T. ) ;
#527 = PRODUCT_CONTEXT ( 'NONE', #2524, 'mechanical' ) ;
#528 = CARTESIAN_POINT ( 'NONE',  ( -11.00000000000000000, 8.500000000000000000, 5.000000000000000888 ) ) ;
#529 = VECTOR ( 'NONE', #872, 1000.000000000000000 ) ;
#530 = DIRECTION ( 'NONE',  ( -0.000000000000000000, -1.000000000000000000, -0.000000000000000000 ) ) ;
#531 = EDGE_CURVE ( 'NONE', #3944, #3572, #2733, .T. ) ;
#532 = LINE ( 'NONE', #1406, #558 ) ;
#533 = ORIENTED_EDGE ( 'NONE', *, *, #1329, .T. ) ;
#534 = EDGE_CURVE ( 'NONE', #928, #2458, #2994, .T. ) ;
#535 = CARTESIAN_POINT ( 'NONE',  ( -0.9999999999999991118, 3.604779163986342461, 5.000000000000000888 ) ) ;
#536 = LINE ( 'NONE', #1599, #3375 ) ;
#537 = EDGE_CURVE ( 'NONE', #338, #31, #3074, .T. ) ;
#538 = CARTESIAN_POINT ( 'NONE',  ( -10.45000000000000107, 1.149999999999996581, 6.000000000000000000 ) ) ;
#539 = AXIS2_PLACEMENT_3D ( 'NONE', #1818, #1042, #3359 ) ;
#540 = CARTESIAN_POINT ( 'NONE',  ( -6.749999999999997335, 3.350000000000000533, -1.999999999999999112 ) ) ;
#541 = CARTESIAN_POINT ( 'NONE',  ( -7.495220836013657184, -3.500000000000000000, -4.245220836013659849 ) ) ;
#542 = PLANE ( 'NONE',  #3452 ) ;
#543 = CARTESIAN_POINT ( 'NONE',  ( 7.750000000000001776, 3.850000000000000089, 6.000000000000000000 ) ) ;
#544 = ORIENTED_EDGE ( 'NONE', *, *, #2047, .F. ) ;
#545 = CARTESIAN_POINT ( 'NONE',  ( 10.44999999999999751, 1.399999999999999245, 5.600000000000000533 ) ) ;
#546 = VECTOR ( 'NONE', #3484, 1000.000000000000000 ) ;
#547 = CARTESIAN_POINT ( 'NONE',  ( 2.250000000000001776, 3.500000000000000444, 5.000000000000000888 ) ) ;
#548 = ORIENTED_EDGE ( 'NONE', *, *, #2262, .T. ) ;
#549 = MECHANICAL_DESIGN_GEOMETRIC_PRESENTATION_REPRESENTATION (  '', ( #1770 ), #3521 ) ;
#550 = LINE ( 'NONE', #2113, #2039 ) ;
#551 = EDGE_LOOP ( 'NONE', ( #1601, #3543, #676, #3529 ) ) ;
#552 = CARTESIAN_POINT ( 'NONE',  ( 10.44999999999999751, 7.750000000000005329, 6.000000000000000888 ) ) ;
#553 = CARTESIAN_POINT ( 'NONE',  ( 0.000000000000000000, 0.000000000000000000, 0.000000000000000000 ) ) ;
#554 = AXIS2_PLACEMENT_3D ( 'NONE', #3372, #3090, #3672 ) ;
#555 = ADVANCED_FACE ( 'NONE', ( #777 ), #4154, .T. ) ;
#556 = CARTESIAN_POINT ( 'NONE',  ( 2.250000000000001776, 0.000000000000000000, -3.500000000000000000 ) ) ;
#557 = EDGE_CURVE ( 'NONE', #2850, #351, #789, .T. ) ;
#558 = VECTOR ( 'NONE', #2339, 1000.000000000000114 ) ;
#559 = ORIENTED_EDGE ( 'NONE', *, *, #2533, .T. ) ;
#560 = ORIENTED_EDGE ( 'NONE', *, *, #2359, .T. ) ;
#561 = CARTESIAN_POINT ( 'NONE',  ( -2.749999999999998224, -2.799999999999994937, -3.500000000000000000 ) ) ;
#562 = ORIENTED_EDGE ( 'NONE', *, *, #4178, .F. ) ;
#563 = EDGE_CURVE ( 'NONE', #1190, #983, #2285, .T. ) ;
#564 = CARTESIAN_POINT ( 'NONE',  ( -6.749999999999997335, 0.000000000000000000, -4.500000000000000888 ) ) ;
#565 = DIRECTION ( 'NONE',  ( 0.000000000000000000, 0.000000000000000000, -1.000000000000000000 ) ) ;
#566 = CARTESIAN_POINT ( 'NONE',  ( -10.45000000000000107, -9.536942337845330186, -11.28694233784530176 ) ) ;
#567 = ORIENTED_EDGE ( 'NONE', *, *, #3588, .T. ) ;
#568 = CARTESIAN_POINT ( 'NONE',  ( 2.250000000000001776, 8.500000000000000000, 5.000000000000000888 ) ) ;
#569 = DIRECTION ( 'NONE',  ( 0.000000000000000000, -1.000000000000000000, 0.000000000000000000 ) ) ;
#570 = PLANE ( 'NONE',  #1723 ) ;
#571 = VECTOR ( 'NONE', #55, 1000.000000000000000 ) ;
#572 =( NAMED_UNIT ( * ) PLANE_ANGLE_UNIT ( ) SI_UNIT ( $, .RADIAN. ) );
#573 = PLANE ( 'NONE',  #247 ) ;
#575 = ORIENTED_EDGE ( 'NONE', *, *, #1560, .T. ) ;
#574 = DIRECTION ( 'NONE',  ( -1.000000000000000000, -1.245016848787182258E-16, 0.000000000000000000 ) ) ;
#576 = EDGE_CURVE ( 'NONE', #3109, #2025, #2198, .T. ) ;
#577 = ORIENTED_EDGE ( 'NONE', *, *, #804, .F. ) ;
#578 = CARTESIAN_POINT ( 'NONE',  ( -7.749999999999996447, 3.350000000000000533, 4.299999999999992717 ) ) ;
#579 = CARTESIAN_POINT ( 'NONE',  ( -7.749999999999998224, -3.500000000000000000, -4.500000000000000888 ) ) ;
#580 = EDGE_CURVE ( 'NONE', #1052, #3165, #3600, .T. ) ;
#581 = SURFACE_STYLE_USAGE ( .BOTH. , #2863 ) ;
#582 = VERTEX_POINT ( 'NONE', #556 ) ;
#583 = PLANE ( 'NONE',  #424 ) ;
#584 = ADVANCED_FACE ( 'NONE', ( #718 ), #1164, .F. ) ;
#585 = VECTOR ( 'NONE', #963, 1000.000000000000000 ) ;
#586 = CARTESIAN_POINT ( 'NONE',  ( 11.00000000000000000, 0.000000000000000000, -5.999999999999999112 ) ) ;
#587 = VECTOR ( 'NONE', #3200, 1000.000000000000000 ) ;
#588 = AXIS2_PLACEMENT_3D ( 'NONE', #3615, #3865, #68 ) ;
#589 = DIRECTION ( 'NONE',  ( -1.000000000000000000, -1.245016848787182258E-16, 0.000000000000000000 ) ) ;
#590 = FACE_OUTER_BOUND ( 'NONE', #3132, .T. ) ;
#591 = MANIFOLD_SOLID_BREP ( 'LPattern3[2]', #2146 ) ;
#592 = CARTESIAN_POINT ( 'NONE',  ( -7.749999999999998224, -3.500000000000000000, -3.754779163986341040 ) ) ;
#593 = VERTEX_POINT ( 'NONE', #3256 ) ;
#594 = CARTESIAN_POINT ( 'NONE',  ( -11.00000000000000000, 8.100000000000001421, 6.000000000000000888 ) ) ;
#595 = ADVANCED_FACE ( 'NONE', ( #759 ), #3327, .F. ) ;
#596 = CARTESIAN_POINT ( 'NONE',  ( 8.250000000000001776, -3.500000000000000000, -4.500000000000000888 ) ) ;
#597 = ORIENTED_EDGE ( 'NONE', *, *, #4213, .F. ) ;
#598 = AXIS2_PLACEMENT_3D ( 'NONE', #528, #2496, #2135 ) ;
#599 = CARTESIAN_POINT ( 'NONE',  ( 10.44999999999999751, 6.750000000000000000, -27.57388467569065682 ) ) ;
#600 = ORIENTED_EDGE ( 'NONE', *, *, #1117, .T. ) ;
#601 = PLANE ( 'NONE',  #4 ) ;
#602 = FACE_OUTER_BOUND ( 'NONE', #3289, .T. ) ;
#604 = EDGE_LOOP ( 'NONE', ( #827, #1893, #976, #3517 ) ) ;
#603 = CARTESIAN_POINT ( 'NONE',  ( -9.189877573456628923, 1.399999999999996803, -5.938035677847513405 ) ) ;
#605 = EDGE_CURVE ( 'NONE', #1775, #3109, #4076, .T. ) ;
#606 = FACE_OUTER_BOUND ( 'NONE', #832, .T. ) ;
#607 = FACE_OUTER_BOUND ( 'NONE', #631, .T. ) ;
#608 = CARTESIAN_POINT ( 'NONE',  ( -7.004779163986338375, -3.500000000000000000, -3.500000000000000000 ) ) ;
#609 = ORIENTED_EDGE ( 'NONE', *, *, #1971, .T. ) ;
#610 = DIRECTION ( 'NONE',  ( 1.000000000000000000, 0.000000000000000000, 0.000000000000000000 ) ) ;
#611 = ORIENTED_EDGE ( 'NONE', *, *, #2213, .F. ) ;
#612 = DIRECTION ( 'NONE',  ( -0.000000000000000000, 1.000000000000000000, -0.000000000000000000 ) ) ;
#613 = DIRECTION ( 'NONE',  ( 0.000000000000000000, 0.000000000000000000, -1.000000000000000000 ) ) ;
#614 = EDGE_CURVE ( 'NONE', #2669, #158, #2237, .T. ) ;
#615 = LINE ( 'NONE', #3194, #635 ) ;
#616 = DIRECTION ( 'NONE',  ( -0.000000000000000000, 1.000000000000000000, -0.000000000000000000 ) ) ;
#617 = EDGE_LOOP ( 'NONE', ( #2437, #1118, #1412, #1366 ) ) ;
#618 = VECTOR ( 'NONE', #2620, 1000.000000000000000 ) ;
#619 = ADVANCED_FACE ( 'NONE', ( #3624 ), #3659, .T. ) ;
#620 = CARTESIAN_POINT ( 'NONE',  ( -8.951389122220492212, 1.224578106523809273, 5.880675029561902356 ) ) ;
#621 = DIRECTION ( 'NONE',  ( 0.000000000000000000, -0.000000000000000000, 1.000000000000000000 ) ) ;
#622 = ORIENTED_EDGE ( 'NONE', *, *, #2056, .T. ) ;
#623 = VERTEX_POINT ( 'NONE', #726 ) ;
#624 = DIRECTION ( 'NONE',  ( -0.000000000000000000, -0.000000000000000000, 1.000000000000000000 ) ) ;
#625 = ADVANCED_FACE ( 'NONE', ( #808 ), #131, .T. ) ;
#626 = EDGE_CURVE ( 'NONE', #1587, #43, #2215, .T. ) ;
#627 = LINE ( 'NONE', #284, #662 ) ;
#628 = PLANE ( 'NONE',  #989 ) ;
#629 = EDGE_LOOP ( 'NONE', ( #2155, #835, #2142, #3592 ) ) ;
#630 = CARTESIAN_POINT ( 'NONE',  ( -6.271189364005255840, -1.484478589409721661, -4.978810635994742384 ) ) ;
#631 = EDGE_LOOP ( 'NONE', ( #2813, #2586, #3994, #1389 ) ) ;
#632 = AXIS2_PLACEMENT_3D ( 'NONE', #1732, #4013, #3953 ) ;
#633 = DIRECTION ( 'NONE',  ( 0.000000000000000000, 0.000000000000000000, -1.000000000000000000 ) ) ;
#634 = CARTESIAN_POINT ( 'NONE',  ( -1.749999999999997113, -3.500000000000000000, -4.500000000000000888 ) ) ;
#635 = VECTOR ( 'NONE', #3804, 1000.000000000000000 ) ;
#636 = CARTESIAN_POINT ( 'NONE',  ( 8.250000000000001776, 8.500000000000000000, 5.000000000000000888 ) ) ;
#637 = DIRECTION ( 'NONE',  ( -1.000000000000000000, 0.000000000000000000, -0.000000000000000000 ) ) ;
#638 = MECHANICAL_DESIGN_GEOMETRIC_PRESENTATION_REPRESENTATION (  '', ( #2375 ), #3211 ) ;
#639 = ORIENTED_EDGE ( 'NONE', *, *, #3784, .F. ) ;
#640 = ORIENTED_EDGE ( 'NONE', *, *, #4182, .F. ) ;
#641 = VECTOR ( 'NONE', #1938, 1000.000000000000000 ) ;
#642 = EDGE_CURVE ( 'NONE', #3868, #231, #2154, .T. ) ;
#643 = CARTESIAN_POINT ( 'NONE',  ( -1.749999999999997113, 3.350000000000000533, 7.414213562373094923 ) ) ;
#644 = AXIS2_PLACEMENT_3D ( 'NONE', #339, #2971, #954 ) ;
#645 = DIRECTION ( 'NONE',  ( -1.000000000000000000, 0.000000000000000000, 0.000000000000000000 ) ) ;
#646 = EDGE_LOOP ( 'NONE', ( #3580, #533, #575, #2290, #1849, #1965, #3730, #2006, #876, #2348, #622, #2554, #2531, #2297, #3812, #2287, #814, #1077, #926, #567 ) ) ;
#647 = VERTEX_POINT ( 'NONE', #3518 ) ;
#648 = ORIENTED_EDGE ( 'NONE', *, *, #3684, .T. ) ;
#649 = VECTOR ( 'NONE', #67, 1000.000000000000000 ) ;
#650 = ADVANCED_FACE ( 'NONE', ( #3579 ), #655, .T. ) ;
#651 = LINE ( 'NONE', #2543, #2083 ) ;
#652 = ORIENTED_EDGE ( 'NONE', *, *, #2040, .F. ) ;
#653 = DIRECTION ( 'NONE',  ( -1.000000000000000000, 0.000000000000000000, 0.000000000000000000 ) ) ;
#654 = ORIENTED_EDGE ( 'NONE', *, *, #105, .T. ) ;
#655 = PLANE ( 'NONE',  #3287 ) ;
#656 = ADVANCED_FACE ( 'NONE', ( #782 ), #2280, .F. ) ;
#657 = ORIENTED_EDGE ( 'NONE', *, *, #1075, .F. ) ;
#658 = EDGE_CURVE ( 'NONE', #1033, #2708, #3643, .T. ) ;
#659 = CARTESIAN_POINT ( 'NONE',  ( -11.00000000000000000, 8.500000000000000000, 5.000000000000000888 ) ) ;
#660 = ORIENTED_EDGE ( 'NONE', *, *, #1899, .T. ) ;
#661 = PLANE ( 'NONE',  #228 ) ;
#662 = VECTOR ( 'NONE', #2197, 1000.000000000000000 ) ;
#663 = CARTESIAN_POINT ( 'NONE',  ( -11.00000000000000000, 8.500000000000000000, 3.300000000000000711 ) ) ;
#664 = VECTOR ( 'NONE', #3814, 1000.000000000000000 ) ;
#665 = EDGE_CURVE ( 'NONE', #3950, #2152, #800, .T. ) ;
#666 = ORIENTED_EDGE ( 'NONE', *, *, #3275, .T. ) ;
#667 = CARTESIAN_POINT ( 'NONE',  ( 9.900000000000003908, 0.000000000000000000, -6.000000000000000000 ) ) ;
#668 = ORIENTED_EDGE ( 'NONE', *, *, #1961, .F. ) ;
#669 = EDGE_LOOP ( 'NONE', ( #640, #2072, #3141, #160 ) ) ;
#670 = CARTESIAN_POINT ( 'NONE',  ( -10.45000000000000107, 6.749999999999997335, 4.999999999999997335 ) ) ;
#671 = ORIENTED_EDGE ( 'NONE', *, *, #3927, .F. ) ;
#672 = EDGE_CURVE ( 'NONE', #4099, #2582, #818, .T. ) ;
#673 = EDGE_CURVE ( 'NONE', #320, #1538, #742, .T. ) ;
#674 = DIRECTION ( 'NONE',  ( 0.000000000000000000, 1.000000000000000000, 1.126443815569355400E-16 ) ) ;
#675 = CARTESIAN_POINT ( 'NONE',  ( 10.44999999999999751, 7.750000000000005329, 6.000000000000000888 ) ) ;
#676 = ORIENTED_EDGE ( 'NONE', *, *, #1010, .F. ) ;
#677 = ADVANCED_FACE ( 'NONE', ( #2246 ), #3607, .F. ) ;
#678 = ORIENTED_EDGE ( 'NONE', *, *, #2960, .F. ) ;
#679 = DIRECTION ( 'NONE',  ( 1.000000000000000000, 0.000000000000000000, 0.000000000000000000 ) ) ;
#680 = VERTEX_POINT ( 'NONE', #2150 ) ;
#681 = CARTESIAN_POINT ( 'NONE',  ( -4.189877573456624482, 1.399999999999997025, 5.600000000000000533 ) ) ;
#682 = AXIS2_PLACEMENT_3D ( 'NONE', #2234, #2575, #299 ) ;
#683 = CARTESIAN_POINT ( 'NONE',  ( 10.00000000000000000, -3.500000000000000000, 0.000000000000000000 ) ) ;
#684 = CARTESIAN_POINT ( 'NONE',  ( -2.004779163986338375, -3.500000000000000000, -3.754779163986341040 ) ) ;
#685 = EDGE_CURVE ( 'NONE', #2298, #3863, #3651, .T. ) ;
#686 = ORIENTED_EDGE ( 'NONE', *, *, #3779, .F. ) ;
#687 = CARTESIAN_POINT ( 'NONE',  ( -10.44999999999999751, 6.749999999999997335, -1.999999999999998224 ) ) ;
#688 = DIRECTION ( 'NONE',  ( 0.3236155771181821739, -0.8891264907159901476, 0.3236155771181821739 ) ) ;
#689 = EDGE_LOOP ( 'NONE', ( #4108, #1250, #1193, #3741 ) ) ;
#690 = CARTESIAN_POINT ( 'NONE',  ( 11.00000000000000000, 8.100000000000001421, 6.000000000000000888 ) ) ;
#691 = MANIFOLD_SOLID_BREP ( 'LPattern3[6]', #1129 ) ;
#692 = DIRECTION ( 'NONE',  ( 1.000000000000000000, 1.245016848787182258E-16, 0.000000000000000000 ) ) ;
#693 = ADVANCED_FACE ( 'NONE', ( #985 ), #3479, .T. ) ;
#694 = ORIENTED_EDGE ( 'NONE', *, *, #3241, .F. ) ;
#695 = LINE ( 'NONE', #2683, #649 ) ;
#696 = EDGE_CURVE ( 'NONE', #1444, #332, #3770, .T. ) ;
#697 = CARTESIAN_POINT ( 'NONE',  ( 2.028305337357061866, 8.100000000000001421, 6.000000000000000000 ) ) ;
#698 = LINE ( 'NONE', #2311, #705 ) ;
#699 = DIRECTION ( 'NONE',  ( 1.000000000000000000, 0.000000000000000000, 0.000000000000000000 ) ) ;
#700 = VERTEX_POINT ( 'NONE', #1283 ) ;
#701 = ADVANCED_FACE ( 'NONE', ( #2376 ), #2203, .F. ) ;
#702 = DIRECTION ( 'NONE',  ( 0.000000000000000000, 1.000000000000000000, 0.000000000000000000 ) ) ;
#703 = DIRECTION ( 'NONE',  ( -0.2164396139381033479, 0.000000000000000000, -0.9762960071199332512 ) ) ;
#704 = EDGE_CURVE ( 'NONE', #2318, #1768, #883, .T. ) ;
#705 = VECTOR ( 'NONE', #1697, 1000.000000000000000 ) ;
#706 = DIRECTION ( 'NONE',  ( -0.000000000000000000, 0.000000000000000000, -1.000000000000000000 ) ) ;
#707 = EDGE_LOOP ( 'NONE', ( #52, #924, #7, #2878, #19, #2475, #3103, #2327, #76, #3654, #2010, #2016 ) ) ;
#708 = EDGE_CURVE ( 'NONE', #1033, #2028, #913, .T. ) ;
#709 = DIRECTION ( 'NONE',  ( 0.000000000000000000, 1.000000000000000000, -0.000000000000000000 ) ) ;
#710 = CARTESIAN_POINT ( 'NONE',  ( -5.099999999999995204, 0.000000000000000000, -5.500000000000000000 ) ) ;
#711 = CARTESIAN_POINT ( 'NONE',  ( 8.250000000000001776, -3.500000000000000000, -4.500000000000000888 ) ) ;
#712 = LINE ( 'NONE', #2171, #3554 ) ;
#713 = ORIENTED_EDGE ( 'NONE', *, *, #352, .T. ) ;
#714 = EDGE_CURVE ( 'NONE', #351, #3772, #868, .T. ) ;
#715 = EDGE_LOOP ( 'NONE', ( #3899, #1047, #4041, #3983 ) ) ;
#716 = LINE ( 'NONE', #2383, #3628 ) ;
#717 = AXIS2_PLACEMENT_3D ( 'NONE', #2096, #478, #1116 ) ;
#718 = FACE_OUTER_BOUND ( 'NONE', #1100, .T. ) ;
#719 = EDGE_LOOP ( 'NONE', ( #2202, #2557, #3837, #860 ) ) ;
#720 = CARTESIAN_POINT ( 'NONE',  ( 7.250000000000000888, -3.500000000000000000, -4.500000000000000888 ) ) ;
#721 = MANIFOLD_SOLID_BREP ( 'Chamfer3', #2351 ) ;
#722 = VECTOR ( 'NONE', #2180, 1000.000000000000000 ) ;
#723 = VERTEX_POINT ( 'NONE', #1105 ) ;
#724 = PLANE ( 'NONE',  #3512 ) ;
#725 = PRESENTATION_LAYER_ASSIGNMENT (  '', '', ( #3961 ) ) ;
#726 = CARTESIAN_POINT ( 'NONE',  ( 3.250000000000002665, -2.799999999999994937, -3.500000000000000000 ) ) ;
#727 = VECTOR ( 'NONE', #2792, 1000.000000000000000 ) ;
#728 = DIRECTION ( 'NONE',  ( -1.055772176229289737E-16, 0.8479983040050880216, 0.5299989400031801523 ) ) ;
#729 = ORIENTED_EDGE ( 'NONE', *, *, #3322, .F. ) ;
#730 = PLANE ( 'NONE',  #922 ) ;
#731 = EDGE_CURVE ( 'NONE', #3123, #3772, #930, .T. ) ;
#732 = PRESENTATION_STYLE_ASSIGNMENT (( #465 ) ) ;
#733 = AXIS2_PLACEMENT_3D ( 'NONE', #1665, #461, #2672 ) ;
#734 = DIRECTION ( 'NONE',  ( 0.000000000000000000, -1.000000000000000000, 0.000000000000000000 ) ) ;
#735 = PLANE ( 'NONE',  #124 ) ;
#736 = ORIENTED_EDGE ( 'NONE', *, *, #3789, .T. ) ;
#737 = DIRECTION ( 'NONE',  ( -0.000000000000000000, 1.000000000000000000, -0.000000000000000000 ) ) ;
#738 = ADVANCED_FACE ( 'NONE', ( #2303 ), #2055, .F. ) ;
#739 = DIRECTION ( 'NONE',  ( 0.000000000000000000, 0.000000000000000000, -1.000000000000000000 ) ) ;
#740 = DIRECTION ( 'NONE',  ( 0.000000000000000000, -0.3420201433256658263, 0.9396926207859095381 ) ) ;
#741 = DIRECTION ( 'NONE',  ( -0.000000000000000000, 1.000000000000000000, -0.000000000000000000 ) ) ;
#742 = CIRCLE ( 'NONE', #1672, 3.125000000000000888 ) ;
#743 = ORIENTED_EDGE ( 'NONE', *, *, #252, .F. ) ;
#744 = EDGE_LOOP ( 'NONE', ( #2438, #862, #2265, #3711 ) ) ;
#745 = EDGE_CURVE ( 'NONE', #3919, #432, #2402, .T. ) ;
#746 = ORIENTED_EDGE ( 'NONE', *, *, #2464, .F. ) ;
#747 = CARTESIAN_POINT ( 'NONE',  ( -2.749999999999996447, 3.350000000000000533, -1.999999999999999112 ) ) ;
#748 = VECTOR ( 'NONE', #87, 1000.000000000000000 ) ;
#749 = VECTOR ( 'NONE', #1870, 1000.000000000000000 ) ;
#750 =( LENGTH_UNIT ( ) NAMED_UNIT ( * ) SI_UNIT ( .MILLI., .METRE. ) );
#751 = ORIENTED_EDGE ( 'NONE', *, *, #3097, .T. ) ;
#752 = CARTESIAN_POINT ( 'NONE',  ( 0.000000000000000000, -3.500000000000000000, 0.000000000000000000 ) ) ;
#753 = LINE ( 'NONE', #1958, #2186 ) ;
#754 = EDGE_LOOP ( 'NONE', ( #8, #4133, #1489, #851 ) ) ;
#755 = EDGE_CURVE ( 'NONE', #1691, #1976, #2434, .T. ) ;
#756 = CARTESIAN_POINT ( 'NONE',  ( 2.995220836013661625, -3.500000000000000000, -3.500000000000000000 ) ) ;
#757 = LINE ( 'NONE', #1404, #2195 ) ;
#758 = DIRECTION ( 'NONE',  ( 1.000000000000000000, 0.000000000000000000, -0.000000000000000000 ) ) ;
#759 = FACE_OUTER_BOUND ( 'NONE', #3977, .T. ) ;
#760 = VECTOR ( 'NONE', #3577, 1000.000000000000000 ) ;
#761 = EDGE_CURVE ( 'NONE', #1115, #2714, #3832, .T. ) ;
#762 = CARTESIAN_POINT ( 'NONE',  ( -2.749999999999996447, 3.350000000000000533, -1.999999999999999112 ) ) ;
#763 = ORIENTED_EDGE ( 'NONE', *, *, #1554, .T. ) ;
#764 = DIRECTION ( 'NONE',  ( 0.000000000000000000, 0.000000000000000000, -1.000000000000000000 ) ) ;
#765 = CARTESIAN_POINT ( 'NONE',  ( -7.313475699075273617, 4.780966123763717768, 3.030966123763720432 ) ) ;
#766 = ADVANCED_FACE ( 'NONE', ( #1019 ), #3387, .T. ) ;
#767 = VECTOR ( 'NONE', #3326, 1000.000000000000114 ) ;
#768 = FACE_OUTER_BOUND ( 'NONE', #4219, .T. ) ;
#769 = CARTESIAN_POINT ( 'NONE',  ( -4.399999999999995026, 7.700000000000000178, -5.500000000000000000 ) ) ;
#770 = VECTOR ( 'NONE', #1536, 1000.000000000000000 ) ;
#771 = ORIENTED_EDGE ( 'NONE', *, *, #273, .T. ) ;
#772 = VECTOR ( 'NONE', #2011, 1000.000000000000000 ) ;
#773 = CARTESIAN_POINT ( 'NONE',  ( 10.44999999999999751, 7.750000000000005329, 6.000000000000000000 ) ) ;
#774 = LINE ( 'NONE', #3760, #3767 ) ;
#775 = DIRECTION ( 'NONE',  ( 1.000000000000000000, 0.000000000000000000, 0.000000000000000000 ) ) ;
#776 = DIRECTION ( 'NONE',  ( 0.000000000000000000, 1.000000000000000000, 0.000000000000000000 ) ) ;
#777 = FACE_OUTER_BOUND ( 'NONE', #3625, .T. ) ;
#778 = EDGE_CURVE ( 'NONE', #2513, #582, #2365, .T. ) ;
#779 = VECTOR ( 'NONE', #3635, 1000.000000000000114 ) ;
#780 = CARTESIAN_POINT ( 'NONE',  ( -2.971694662642938134, 7.750000000000001776, 6.000000000000000000 ) ) ;
#781 = LINE ( 'NONE', #2050, #821 ) ;
#782 = FACE_OUTER_BOUND ( 'NONE', #1980, .T. ) ;
#783 = PLANE ( 'NONE',  #1987 ) ;
#784 = FACE_OUTER_BOUND ( 'NONE', #3896, .T. ) ;
#785 = CARTESIAN_POINT ( 'NONE',  ( 15.00000000000000000, 0.000000000000000000, -1.999999999999999112 ) ) ;
#786 = DIRECTION ( 'NONE',  ( 0.000000000000000000, 0.000000000000000000, 1.000000000000000000 ) ) ;
#787 = CARTESIAN_POINT ( 'NONE',  ( -1.749999999999997113, -2.799999999999994937, -3.500000000000000000 ) ) ;
#788 = CARTESIAN_POINT ( 'NONE',  ( 5.600000000000004086, 7.700000000000000178, -5.500000000000000000 ) ) ;
#789 = LINE ( 'NONE', #1233, #823 ) ;
#790 = ORIENTED_EDGE ( 'NONE', *, *, #2085, .T. ) ;
#791 = PLANE ( 'NONE',  #2230 ) ;
#792 = CARTESIAN_POINT ( 'NONE',  ( 10.44999999999999751, 1.399999999999999245, 5.600000000000000533 ) ) ;
#793 = VECTOR ( 'NONE', #847, 1000.000000000000000 ) ;
#794 = LINE ( 'NONE', #991, #3661 ) ;
#795 = UNCERTAINTY_MEASURE_WITH_UNIT (LENGTH_MEASURE( 1.000000000000000082E-05 ), #1091, 'distance_accuracy_value', 'NONE');
#796 = VECTOR ( 'NONE', #199, 1000.000000000000114 ) ;
#798 = ORIENTED_EDGE ( 'NONE', *, *, #434, .T. ) ;
#797 = CARTESIAN_POINT ( 'NONE',  ( -1.749999999999997113, 4.349999999999999645, 7.414213562373094923 ) ) ;
#799 = DIRECTION ( 'NONE',  ( 1.000000000000000000, 1.245016848787182258E-16, 1.402441529595968838E-32 ) ) ;
#800 = LINE ( 'NONE', #266, #3583 ) ;
#801 = EDGE_CURVE ( 'NONE', #1625, #2507, #3776, .T. ) ;
#802 = PLANE ( 'NONE',  #2956 ) ;
#803 = DIRECTION ( 'NONE',  ( 1.000000000000000000, 0.000000000000000000, 0.000000000000000000 ) ) ;
#804 = EDGE_CURVE ( 'NONE', #4100, #4099, #964, .T. ) ;
#805 = ORIENTED_EDGE ( 'NONE', *, *, #704, .T. ) ;
#806 = DIRECTION ( 'NONE',  ( 0.000000000000000000, -1.000000000000000000, 0.000000000000000000 ) ) ;
#807 = CARTESIAN_POINT ( 'NONE',  ( 8.250000000000001776, 4.349999999999999645, 4.299999999999992717 ) ) ;
#808 = FACE_OUTER_BOUND ( 'NONE', #2330, .T. ) ;
#809 = CARTESIAN_POINT ( 'NONE',  ( -7.004779163986338375, -3.500000000000000000, -3.754779163986341040 ) ) ;
#810 = CARTESIAN_POINT ( 'NONE',  ( -7.249999999999997335, 3.850000000000000089, -1.999999999999998224 ) ) ;
#811 = CARTESIAN_POINT ( 'NONE',  ( -0.3101224265433669691, 1.399999999999996803, -5.938035677847513405 ) ) ;
#812 = CARTESIAN_POINT ( 'NONE',  ( -7.495220836013654520, 4.095220836013657717, 5.000000000000000888 ) ) ;
#813 = LINE ( 'NONE', #3022, #3416 ) ;
#814 = ORIENTED_EDGE ( 'NONE', *, *, #2849, .F. ) ;
#815 = PRESENTATION_LAYER_ASSIGNMENT (  '', '', ( #2594 ) ) ;
#816 = PLANE ( 'NONE',  #189 ) ;
#817 = DIRECTION ( 'NONE',  ( -0.9396926207859095381, -0.3420201433256658263, 0.000000000000000000 ) ) ;
#818 = LINE ( 'NONE', #566, #2166 ) ;
#819 = ORIENTED_EDGE ( 'NONE', *, *, #580, .F. ) ;
#820 = EDGE_LOOP ( 'NONE', ( #2544, #1008, #1292, #2338 ) ) ;
#821 = VECTOR ( 'NONE', #2819, 1000.000000000000000 ) ;
#822 = EDGE_CURVE ( 'NONE', #1052, #1072, #970, .T. ) ;
#823 = VECTOR ( 'NONE', #3182, 1000.000000000000000 ) ;
#824 = CARTESIAN_POINT ( 'NONE',  ( 0.6000000000000050848, 0.000000000000000000, -5.999999999999999112 ) ) ;
#825 = CARTESIAN_POINT ( 'NONE',  ( 4.323411897755957689, 1.149999999999999023, 6.000000000000000000 ) ) ;
#826 = ADVANCED_FACE ( 'NONE', ( #888 ), #2395, .F. ) ;
#827 = ORIENTED_EDGE ( 'NONE', *, *, #2281, .T. ) ;
#828 = VECTOR ( 'NONE', #3148, 1000.000000000000000 ) ;
#829 = CARTESIAN_POINT ( 'NONE',  ( -4.399999999999995026, 8.500000000000000000, -5.500000000000000000 ) ) ;
#830 = CARTESIAN_POINT ( 'NONE',  ( 0.6000000000000050848, 7.700000000000000178, -5.999999999999998224 ) ) ;
#831 = EDGE_CURVE ( 'NONE', #2574, #2949, #3815, .T. ) ;
#832 = EDGE_LOOP ( 'NONE', ( #3492, #522, #143, #1828 ) ) ;
#833 = CARTESIAN_POINT ( 'NONE',  ( 8.250000000000001776, -3.500000000000000000, -3.500000000000000000 ) ) ;
#834 = DIRECTION ( 'NONE',  ( 0.3236155771181821184, 0.3236155771181821184, -0.8891264907159901476 ) ) ;
#835 = ORIENTED_EDGE ( 'NONE', *, *, #557, .T. ) ;
#836 = ADVANCED_FACE ( 'NONE', ( #995 ), #583, .T. ) ;
#837 = CARTESIAN_POINT ( 'NONE',  ( -5.450000000000001066, 6.749999999999997335, 4.999999999999997335 ) ) ;
#838 = DIRECTION ( 'NONE',  ( 0.000000000000000000, 1.000000000000000000, 0.000000000000000000 ) ) ;
#839 = DIRECTION ( 'NONE',  ( 0.000000000000000000, 1.000000000000000000, 1.126443815569355400E-16 ) ) ;
#840 = DIRECTION ( 'NONE',  ( -0.000000000000000000, 0.000000000000000000, 1.000000000000000000 ) ) ;
#841 = EDGE_CURVE ( 'NONE', #351, #1823, #3841, .T. ) ;
#842 = ORIENTED_EDGE ( 'NONE', *, *, #1832, .T. ) ;
#843 = DIRECTION ( 'NONE',  ( -1.000000000000000000, -0.000000000000000000, -0.000000000000000000 ) ) ;
#844 = PLANE ( 'NONE',  #503 ) ;
#845 = VECTOR ( 'NONE', #624, 1000.000000000000000 ) ;
#846 = EDGE_LOOP ( 'NONE', ( #4082, #2491, #1123, #3978 ) ) ;
#847 = DIRECTION ( 'NONE',  ( 1.000000000000000000, 1.245016848787182258E-16, 1.402441529595968838E-32 ) ) ;
#848 = DIRECTION ( 'NONE',  ( -1.000000000000000000, 0.000000000000000000, 0.000000000000000000 ) ) ;
#849 = EDGE_CURVE ( 'NONE', #1962, #300, #3700, .T. ) ;
#850 = EDGE_LOOP ( 'NONE', ( #2372, #3191, #442, #3135 ) ) ;
#851 = ORIENTED_EDGE ( 'NONE', *, *, #3125, .F. ) ;
#852 = VECTOR ( 'NONE', #3465, 1000.000000000000114 ) ;
#853 = CARTESIAN_POINT ( 'NONE',  ( 11.00000000000000000, 0.08000000000000020983, 6.000000000000000888 ) ) ;
#854 = PLANE ( 'NONE',  #3691 ) ;
#855 = CARTESIAN_POINT ( 'NONE',  ( 15.00000000000000000, -3.500000000000000000, -4.245220836013659849 ) ) ;
#856 = ORIENTED_EDGE ( 'NONE', *, *, #2340, .F. ) ;
#857 = EDGE_CURVE ( 'NONE', #2190, #1190, #3405, .T. ) ;
#858 = VECTOR ( 'NONE', #336, 1000.000000000000000 ) ;
#859 = LINE ( 'NONE', #1310, #2216 ) ;
#860 = ORIENTED_EDGE ( 'NONE', *, *, #2980, .F. ) ;
#861 = EDGE_CURVE ( 'NONE', #3305, #1786, #3704, .T. ) ;
#862 = ORIENTED_EDGE ( 'NONE', *, *, #26, .T. ) ;
#863 = PLANE ( 'NONE',  #943 ) ;
#864 = CARTESIAN_POINT ( 'NONE',  ( 5.926249908001934408, 1.308051797165926455, 5.747117124534515398 ) ) ;
#865 = ORIENTED_EDGE ( 'NONE', *, *, #1889, .T. ) ;
#866 = DIRECTION ( 'NONE',  ( -0.000000000000000000, -0.000000000000000000, 1.000000000000000000 ) ) ;
#867 = CARTESIAN_POINT ( 'NONE',  ( 1.176588102244047640, 1.149999999999998579, 6.000000000000000000 ) ) ;
#868 = LINE ( 'NONE', #2516, #2388 ) ;
#869 = EDGE_LOOP ( 'NONE', ( #1544, #3004, #466, #130 ) ) ;
#870 = DIRECTION ( 'NONE',  ( -1.000000000000000000, -1.245016848787182258E-16, 0.000000000000000000 ) ) ;
#871 = ORIENTED_EDGE ( 'NONE', *, *, #359, .F. ) ;
#872 = DIRECTION ( 'NONE',  ( 0.000000000000000000, 1.000000000000000000, 0.000000000000000000 ) ) ;
#873 = VECTOR ( 'NONE', #2778, 1000.000000000000000 ) ;
#874 = AXIS2_PLACEMENT_3D ( 'NONE', #3851, #318, #1877 ) ;
#875 = AXIS2_PLACEMENT_3D ( 'NONE', #553, #3759, #3431 ) ;
#876 = ORIENTED_EDGE ( 'NONE', *, *, #2014, .F. ) ;
#877 = ADVANCED_FACE ( 'NONE', ( #879 ), #2220, .T. ) ;
#878 = LINE ( 'NONE', #2699, #3724 ) ;
#879 = FACE_OUTER_BOUND ( 'NONE', #2093, .T. ) ;
#880 = EDGE_CURVE ( 'NONE', #178, #2957, #2465, .T. ) ;
#881 = AXIS2_PLACEMENT_3D ( 'NONE', #2022, #2366, #4085 ) ;
#882 = VERTEX_POINT ( 'NONE', #3831 ) ;
#883 = LINE ( 'NONE', #3782, #978 ) ;
#884 =( LENGTH_UNIT ( ) NAMED_UNIT ( * ) SI_UNIT ( .MILLI., .METRE. ) );
#885 = CARTESIAN_POINT ( 'NONE',  ( -11.00000000000000000, 8.500000000000000000, 5.000000000000000888 ) ) ;
#886 = EDGE_CURVE ( 'NONE', #3520, #1438, #2449, .T. ) ;
#887 = ORIENTED_EDGE ( 'NONE', *, *, #2800, .F. ) ;
#888 = FACE_OUTER_BOUND ( 'NONE', #1244, .T. ) ;
#889 = LINE ( 'NONE', #3319, #2352 ) ;
#890 = DIRECTION ( 'NONE',  ( -1.000000000000000000, 0.000000000000000000, 0.000000000000000000 ) ) ;
#891 = VERTEX_POINT ( 'NONE', #2188 ) ;
#892 = LINE ( 'NONE', #797, #1017 ) ;
#893 = DIRECTION ( 'NONE',  ( 0.000000000000000000, -0.000000000000000000, -1.000000000000000000 ) ) ;
#894 = EDGE_CURVE ( 'NONE', #41, #3433, #1171, .T. ) ;
#895 = CARTESIAN_POINT ( 'NONE',  ( -7.004779163986338375, -3.500000000000000000, 0.000000000000000000 ) ) ;
#896 = CARTESIAN_POINT ( 'NONE',  ( 4.900000000000004796, 0.000000000000000000, -5.500000000000000000 ) ) ;
#897 = EDGE_LOOP ( 'NONE', ( #3393, #297, #2080, #3581 ) ) ;
#898 = MANIFOLD_SOLID_BREP ( 'LPattern3[3]', #1730 ) ;
#899 = EDGE_LOOP ( 'NONE', ( #3059, #144, #2973, #1589 ) ) ;
#900 = LINE ( 'NONE', #1291, #2422 ) ;
#901 = PLANE ( 'NONE',  #2429 ) ;
#902 = DIRECTION ( 'NONE',  ( -1.055772176229289737E-16, 0.8479983040050880216, 0.5299989400031801523 ) ) ;
#903 = VECTOR ( 'NONE', #4138, 1000.000000000000114 ) ;
#904 = EDGE_CURVE ( 'NONE', #3107, #2948, #1103, .T. ) ;
#905 = VERTEX_POINT ( 'NONE', #951 ) ;
#906 = VECTOR ( 'NONE', #1516, 1000.000000000000000 ) ;
#907 = DIRECTION ( 'NONE',  ( 0.000000000000000000, 1.000000000000000000, 1.126443815569355400E-16 ) ) ;
#908 = DIRECTION ( 'NONE',  ( 1.000000000000000000, 0.000000000000000000, 0.000000000000000000 ) ) ;
#909 = EDGE_CURVE ( 'NONE', #882, #4194, #1112, .T. ) ;
#910 = VERTEX_POINT ( 'NONE', #3798 ) ;
#911 = ADVANCED_FACE ( 'NONE', ( #3862 ), #1920, .T. ) ;
#912 = VECTOR ( 'NONE', #3739, 1000.000000000000114 ) ;
#913 = LINE ( 'NONE', #837, #3853 ) ;
#914 = ORIENTED_EDGE ( 'NONE', *, *, #1710, .F. ) ;
#915 = CARTESIAN_POINT ( 'NONE',  ( 11.00000000000000000, 0.08000000000000000167, 3.337127970494183415 ) ) ;
#916 = VERTEX_POINT ( 'NONE', #2829 ) ;
#917 = LINE ( 'NONE', #711, #2428 ) ;
#918 = CARTESIAN_POINT ( 'NONE',  ( -10.45000000000000107, 1.149999999999996581, 6.000000000000000888 ) ) ;
#919 = ORIENTED_EDGE ( 'NONE', *, *, #2800, .T. ) ;
#920 = CIRCLE ( 'NONE', #1344, 3.125000000000000000 ) ;
#921 = PLANE ( 'NONE',  #3422 ) ;
#922 = AXIS2_PLACEMENT_3D ( 'NONE', #1844, #702, #3424 ) ;
#923 = CARTESIAN_POINT ( 'NONE',  ( 5.600000000000004086, 8.500000000000000000, -5.500000000000000000 ) ) ;
#924 = ORIENTED_EDGE ( 'NONE', *, *, #145, .F. ) ;
#925 =( BOUNDED_CURVE ( )  B_SPLINE_CURVE ( 3, ( #504, #1157, #1852, #2104 ),
 .UNSPECIFIED., .F., .F. ) 
 B_SPLINE_CURVE_WITH_KNOTS ( ( 4, 4 ),
 ( 0.5276354822647816301, 0.6697127689535233852 ),
 .UNSPECIFIED. ) 
 CURVE ( )  GEOMETRIC_REPRESENTATION_ITEM ( )  RATIONAL_B_SPLINE_CURVE ( ( 1.000000000000000000, 0.9983185443496556122, 0.9983185443496556122, 1.000000000000000000 ) ) 
 REPRESENTATION_ITEM ( '' )  );
#926 = ORIENTED_EDGE ( 'NONE', *, *, #1021, .T. ) ;
#927 = FACE_OUTER_BOUND ( 'NONE', #1588, .T. ) ;
#928 = VERTEX_POINT ( 'NONE', #2165 ) ;
#929 = CARTESIAN_POINT ( 'NONE',  ( -7.749999999999996447, 4.349999999999999645, -1.999999999999999112 ) ) ;
#930 = LINE ( 'NONE', #2406, #3726 ) ;
#931 = ORIENTED_EDGE ( 'NONE', *, *, #407, .F. ) ;
#932 = VECTOR ( 'NONE', #317, 1000.000000000000000 ) ;
#933 = CARTESIAN_POINT ( 'NONE',  ( 3.250000000000002665, 3.500000000000000444, 5.000000000000000888 ) ) ;
#934 = ORIENTED_EDGE ( 'NONE', *, *, #1356, .T. ) ;
#935 = CARTESIAN_POINT ( 'NONE',  ( -11.00000000000000000, 7.700000000000000178, -5.500000000000000000 ) ) ;
#936 = AXIS2_PLACEMENT_3D ( 'NONE', #683, #2099, #3031 ) ;
#937 = ORIENTED_EDGE ( 'NONE', *, *, #2175, .T. ) ;
#938 = VECTOR ( 'NONE', #3563, 1000.000000000000000 ) ;
#939 = DIRECTION ( 'NONE',  ( 0.000000000000000000, 1.000000000000000000, 1.126443815569355400E-16 ) ) ;
#940 = VECTOR ( 'NONE', #2089, 1000.000000000000000 ) ;
#941 = CLOSED_SHELL ( 'NONE', ( #693, #4119, #1584, #3825, #2394, #1012, #502, #3466, #555, #3710, #1135, #1309, #1831, #115, #3688, #826, #3748, #2191, #2625, #619, #2132, #3325, #3341, #1950, #1068, #2515, #2555, #1338, #1468, #4161, #1637, #656, #3221, #1023, #2931, #2000, #3290, #2664, #3584, #182, #1195, #32, #3910, #4057, #260, #2635, #3268, #3078, #3010, #154, #595, #3406, #1769, #677, #3943, #2807, #44, #766, #877, #1861, #3500, #1183, #2058, #3303, #3795, #1418, #4083, #2903, #650 ) ) ;
#942 = AXIS2_PLACEMENT_3D ( 'NONE', #810, #2811, #207 ) ;
#943 = AXIS2_PLACEMENT_3D ( 'NONE', #2570, #1841, #621 ) ;
#944 = ORIENTED_EDGE ( 'NONE', *, *, #2014, .T. ) ;
#945 = CARTESIAN_POINT ( 'NONE',  ( 7.250000000000002665, 3.350000000000000533, 4.299999999999992717 ) ) ;
#946 = ORIENTED_EDGE ( 'NONE', *, *, #3611, .T. ) ;
#947 = LINE ( 'NONE', #603, #1053 ) ;
#948 = VECTOR ( 'NONE', #3418, 1000.000000000000000 ) ;
#949 = VERTEX_POINT ( 'NONE', #2938 ) ;
#950 = DIRECTION ( 'NONE',  ( 0.3236155771181821739, 0.8891264907159901476, -0.3236155771181821739 ) ) ;
#951 = CARTESIAN_POINT ( 'NONE',  ( 10.44999999999999751, 1.149999999999999023, 6.000000000000000888 ) ) ;
#952 = EDGE_CURVE ( 'NONE', #98, #1355, #2579, .T. ) ;
#953 = VERTEX_POINT ( 'NONE', #3188 ) ;
#954 = DIRECTION ( 'NONE',  ( 0.000000000000000000, 0.000000000000000000, 1.000000000000000000 ) ) ;
#955 = ADVANCED_FACE ( 'NONE', ( #2534 ), #4159, .F. ) ;
#956 = CARTESIAN_POINT ( 'NONE',  ( -11.00000000000000000, 8.500000000000000000, 5.000000000000000888 ) ) ;
#957 = DIRECTION ( 'NONE',  ( -0.000000000000000000, 0.000000000000000000, 1.000000000000000000 ) ) ;
#958 = EDGE_LOOP ( 'NONE', ( #668, #2305, #3963, #2659 ) ) ;
#959 = ORIENTED_EDGE ( 'NONE', *, *, #2991, .F. ) ;
#960 = ORIENTED_EDGE ( 'NONE', *, *, #642, .F. ) ;
#961 = DIRECTION ( 'NONE',  ( -0.000000000000000000, -0.000000000000000000, -1.000000000000000000 ) ) ;
#962 = ORIENTED_EDGE ( 'NONE', *, *, #1214, .T. ) ;
#963 = DIRECTION ( 'NONE',  ( 0.000000000000000000, 0.000000000000000000, 1.000000000000000000 ) ) ;
#964 = LINE ( 'NONE', #1752, #1004 ) ;
#965 = ORIENTED_EDGE ( 'NONE', *, *, #1832, .F. ) ;
#966 = EDGE_LOOP ( 'NONE', ( #4183, #2739, #1361, #2485 ) ) ;
#967 = EDGE_CURVE ( 'NONE', #1798, #2918, #2540, .T. ) ;
#968 = DIRECTION ( 'NONE',  ( 0.000000000000000000, 0.000000000000000000, 1.000000000000000000 ) ) ;
#969 = PLANE ( 'NONE',  #3743 ) ;
#970 = LINE ( 'NONE', #2034, #3799 ) ;
#971 = ADVANCED_FACE ( 'NONE', ( #3987 ), #661, .F. ) ;
#972 = EDGE_CURVE ( 'NONE', #1882, #928, #2548, .T. ) ;
#973 = ORIENTED_EDGE ( 'NONE', *, *, #3116, .F. ) ;
#974 = CARTESIAN_POINT ( 'NONE',  ( -2.749999999999996447, 3.350000000000000533, 7.414213562373094923 ) ) ;
#975 = CARTESIAN_POINT ( 'NONE',  ( -11.00000000000000000, 0.000000000000000000, -5.999999999999999112 ) ) ;
#976 = ORIENTED_EDGE ( 'NONE', *, *, #1799, .F. ) ;
#977 = VECTOR ( 'NONE', #2895, 1000.000000000000114 ) ;
#978 = VECTOR ( 'NONE', #263, 1000.000000000000000 ) ;
#979 = CARTESIAN_POINT ( 'NONE',  ( -7.749999999999998224, -2.799999999999994937, -3.500000000000000000 ) ) ;
#980 = AXIS2_PLACEMENT_3D ( 'NONE', #3981, #2043, #2321 ) ;
#981 = CARTESIAN_POINT ( 'NONE',  ( -0.09999999999999506506, 7.700000000000000178, -5.500000000000000000 ) ) ;
#982 = ADVANCED_FACE ( 'NONE', ( #1180 ), #3620, .F. ) ;
#983 = VERTEX_POINT ( 'NONE', #2069 ) ;
#984 = DIRECTION ( 'NONE',  ( 1.000000000000000000, 0.000000000000000000, 0.000000000000000000 ) ) ;
#985 = FACE_OUTER_BOUND ( 'NONE', #4018, .T. ) ;
#986 = DIRECTION ( 'NONE',  ( -1.000000000000000000, 0.000000000000000000, -0.000000000000000000 ) ) ;
#987 = ORIENTED_EDGE ( 'NONE', *, *, #1929, .T. ) ;
#988 = CARTESIAN_POINT ( 'NONE',  ( -10.45000000000000107, 6.749999999999994671, -1.999999999999998224 ) ) ;
#989 = AXIS2_PLACEMENT_3D ( 'NONE', #1324, #3026, #1267 ) ;
#990 = PLANE ( 'NONE',  #2500 ) ;
#991 = CARTESIAN_POINT ( 'NONE',  ( -11.00000000000000000, 0.000000000000000000, -5.999999999999999112 ) ) ;
#992 = ORIENTED_EDGE ( 'NONE', *, *, #3504, .F. ) ;
#993 = LINE ( 'NONE', #675, #1009 ) ;
#994 = CARTESIAN_POINT ( 'NONE',  ( 2.750000000000002665, 3.850000000000000089, -1.999999999999998224 ) ) ;
#995 = FACE_OUTER_BOUND ( 'NONE', #4046, .T. ) ;
#996 = PLANE ( 'NONE',  #3971 ) ;
#997 = ORIENTED_EDGE ( 'NONE', *, *, #665, .F. ) ;
#998 = FACE_OUTER_BOUND ( 'NONE', #689, .T. ) ;
#999 = EDGE_CURVE ( 'NONE', #1768, #3883, #1054, .T. ) ;
#1000 = ORIENTED_EDGE ( 'NONE', *, *, #2834, .F. ) ;
#1001 = FACE_OUTER_BOUND ( 'NONE', #3352, .T. ) ;
#1002 = DIRECTION ( 'NONE',  ( 1.804112415015879378E-15, 1.000000000000000000, 1.387778780781445676E-16 ) ) ;
#1003 = CARTESIAN_POINT ( 'NONE',  ( 9.323411897755956801, 1.149999999999999023, 6.000000000000000000 ) ) ;
#1004 = VECTOR ( 'NONE', #4000, 1000.000000000000000 ) ;
#1005 = ORIENTED_EDGE ( 'NONE', *, *, #109, .T. ) ;
#1006 = EDGE_LOOP ( 'NONE', ( #1922, #1535, #2086, #2276 ) ) ;
#1007 = DIRECTION ( 'NONE',  ( 1.000000000000000000, 0.000000000000000000, 0.000000000000000000 ) ) ;
#1008 = ORIENTED_EDGE ( 'NONE', *, *, #510, .T. ) ;
#1009 = VECTOR ( 'NONE', #1382, 1000.000000000000000 ) ;
#1010 = EDGE_CURVE ( 'NONE', #60, #1383, #2590, .T. ) ;
#1011 = ORIENTED_EDGE ( 'NONE', *, *, #2834, .T. ) ;
#1012 = ADVANCED_FACE ( 'NONE', ( #3957 ), #1790, .T. ) ;
#1013 = ORIENTED_EDGE ( 'NONE', *, *, #1996, .F. ) ;
#1014 = CARTESIAN_POINT ( 'NONE',  ( 2.750000000000002665, 3.850000000000000089, -5.938035677847513405 ) ) ;
#1015 = CARTESIAN_POINT ( 'NONE',  ( 7.028305337357060978, 7.750000000000001776, 6.000000000000000000 ) ) ;
#1016 = ORIENTED_EDGE ( 'NONE', *, *, #326, .F. ) ;
#1017 = VECTOR ( 'NONE', #3707, 1000.000000000000000 ) ;
#1018 = CARTESIAN_POINT ( 'NONE',  ( 7.250000000000000888, 0.000000000000000000, -4.500000000000000888 ) ) ;
#1019 = FACE_OUTER_BOUND ( 'NONE', #2481, .T. ) ;
#1020 = EDGE_LOOP ( 'NONE', ( #63, #1040, #2581, #2568 ) ) ;
#1021 = EDGE_CURVE ( 'NONE', #2542, #93, #2600, .T. ) ;
#1022 = ORIENTED_EDGE ( 'NONE', *, *, #2199, .F. ) ;
#1023 = ADVANCED_FACE ( 'NONE', ( #3972 ), #1140, .F. ) ;
#1024 = UNCERTAINTY_MEASURE_WITH_UNIT (LENGTH_MEASURE( 1.000000000000000082E-05 ), #1833, 'distance_accuracy_value', 'NONE');
#1025 = CARTESIAN_POINT ( 'NONE',  ( 4.000000000000000000, 8.100000000000001421, 5.000000000000000888 ) ) ;
#1026 = FILL_AREA_STYLE_COLOUR ( '', #3713 ) ;
#1027 = ORIENTED_EDGE ( 'NONE', *, *, #2827, .F. ) ;
#1028 = COLOUR_RGB ( '',0.7921568627450980005, 0.8196078431372548767, 0.9333333333333333481 ) ;
#1029 = DIRECTION ( 'NONE',  ( 1.804112415015879378E-15, 1.000000000000000000, 1.387778780781445676E-16 ) ) ;
#1030 = VECTOR ( 'NONE', #1686, 1000.000000000000000 ) ;
#1031 = VERTEX_POINT ( 'NONE', #3054 ) ;
#1032 = EDGE_CURVE ( 'NONE', #338, #2591, #1037, .T. ) ;
#1033 = VERTEX_POINT ( 'NONE', #42 ) ;
#1034 = LINE ( 'NONE', #3438, #912 ) ;
#1035 = EDGE_CURVE ( 'NONE', #3433, #1383, #1162, .T. ) ;
#1036 = CARTESIAN_POINT ( 'NONE',  ( -2.249999999999997780, 3.850000000000000089, -1.999999999999998224 ) ) ;
#1037 = LINE ( 'NONE', #168, #1046 ) ;
#1038 = VERTEX_POINT ( 'NONE', #1423 ) ;
#1039 =( NAMED_UNIT ( * ) PLANE_ANGLE_UNIT ( ) SI_UNIT ( $, .RADIAN. ) );
#1040 = ORIENTED_EDGE ( 'NONE', *, *, #642, .T. ) ;
#1041 = VECTOR ( 'NONE', #54, 1000.000000000000000 ) ;
#1042 = DIRECTION ( 'NONE',  ( -0.9396926207859095381, 0.000000000000000000, 0.3420201433256657153 ) ) ;
#1043 = DIRECTION ( 'NONE',  ( -0.000000000000000000, -0.000000000000000000, -1.000000000000000000 ) ) ;
#1044 = VERTEX_POINT ( 'NONE', #3112 ) ;
#1045 = STYLED_ITEM ( 'NONE', ( #3747 ), #721 ) ;
#1046 = VECTOR ( 'NONE', #2633, 1000.000000000000000 ) ;
#1047 = ORIENTED_EDGE ( 'NONE', *, *, #4196, .T. ) ;
#1048 = DIRECTION ( 'NONE',  ( -0.000000000000000000, -0.000000000000000000, 1.000000000000000000 ) ) ;
#1049 = DIRECTION ( 'NONE',  ( 0.000000000000000000, 0.000000000000000000, 1.000000000000000000 ) ) ;
#1050 = AXIS2_PLACEMENT_3D ( 'NONE', #752, #3574, #3906 ) ;
#1051 = CARTESIAN_POINT ( 'NONE',  ( -6.749999999999997335, -2.799999999999994937, -3.500000000000000000 ) ) ;
#1052 = VERTEX_POINT ( 'NONE', #1824 ) ;
#1053 = VECTOR ( 'NONE', #2526, 1000.000000000000000 ) ;
#1054 = LINE ( 'NONE', #1454, #1128 ) ;
#1055 = DIRECTION ( 'NONE',  ( 0.000000000000000000, 0.000000000000000000, -1.000000000000000000 ) ) ;
#1056 = VERTEX_POINT ( 'NONE', #411 ) ;
#1057 = AXIS2_PLACEMENT_3D ( 'NONE', #395, #3120, #1766 ) ;
#1058 = ADVANCED_FACE ( 'NONE', ( #2442 ), #2718, .T. ) ;
#1059 = ORIENTED_EDGE ( 'NONE', *, *, #1758, .F. ) ;
#1060 = DIRECTION ( 'NONE',  ( 0.000000000000000000, -0.3713906763541032219, 0.9284766908852595257 ) ) ;
#1061 = DIRECTION ( 'NONE',  ( 0.000000000000000000, -1.000000000000000000, 0.000000000000000000 ) ) ;
#1062 = ORIENTED_EDGE ( 'NONE', *, *, #2158, .T. ) ;
#1063 = VECTOR ( 'NONE', #3870, 1000.000000000000000 ) ;
#1064 = VERTEX_POINT ( 'NONE', #981 ) ;
#1065 = CARTESIAN_POINT ( 'NONE',  ( -5.099999999999995204, 0.000000000000000000, -5.999999999999999112 ) ) ;
#1066 = EDGE_CURVE ( 'NONE', #3699, #1421, #1154, .T. ) ;
#1067 = ORIENTED_EDGE ( 'NONE', *, *, #673, .T. ) ;
#1068 = ADVANCED_FACE ( 'NONE', ( #3918 ), #2474, .F. ) ;
#1069 = ORIENTED_EDGE ( 'NONE', *, *, #849, .T. ) ;
#1070 = LINE ( 'NONE', #334, #1179 ) ;
#1071 = DIRECTION ( 'NONE',  ( -0.9762960071199332512, 0.000000000000000000, -0.2164396139381033479 ) ) ;
#1072 = VERTEX_POINT ( 'NONE', #3933 ) ;
#1073 = DIRECTION ( 'NONE',  ( 0.000000000000000000, -0.7071067811865482389, -0.7071067811865469066 ) ) ;
#1074 = EDGE_LOOP ( 'NONE', ( #58, #2861, #2415, #2852, #1469, #3126, #1396, #1814, #2748 ) ) ;
#1075 = EDGE_CURVE ( 'NONE', #2662, #77, #3924, .T. ) ;
#1076 = DIRECTION ( 'NONE',  ( 0.000000000000000000, 1.000000000000000000, 0.000000000000000000 ) ) ;
#1077 = ORIENTED_EDGE ( 'NONE', *, *, #1208, .T. ) ;
#1078 = LINE ( 'NONE', #3692, #2501 ) ;
#1079 = VERTEX_POINT ( 'NONE', #135 ) ;
#1080 = CARTESIAN_POINT ( 'NONE',  ( 8.250000000000001776, 3.350000000000000533, 7.414213562373094923 ) ) ;
#1081 = ORIENTED_EDGE ( 'NONE', *, *, #1554, .F. ) ;
#1082 = EDGE_CURVE ( 'NONE', #286, #2513, #2484, .T. ) ;
#1083 = DIRECTION ( 'NONE',  ( 0.000000000000000000, 0.000000000000000000, 1.000000000000000000 ) ) ;
#1084 = CARTESIAN_POINT ( 'NONE',  ( 8.250000000000001776, 8.500000000000000000, 5.000000000000000888 ) ) ;
#1085 = ORIENTED_EDGE ( 'NONE', *, *, #3771, .F. ) ;
#1086 = LINE ( 'NONE', #2414, #2509 ) ;
#1087 = DIRECTION ( 'NONE',  ( -0.000000000000000000, 1.000000000000000000, -0.000000000000000000 ) ) ;
#1088 = EDGE_CURVE ( 'NONE', #1684, #2169, #1078, .T. ) ;
#1089 = CLOSED_SHELL ( 'NONE', ( #738, #982, #446, #3973, #1147, #2221, #3834, #1097, #328, #1903 ) ) ;
#1090 = DIRECTION ( 'NONE',  ( -0.000000000000000000, -0.000000000000000000, -1.000000000000000000 ) ) ;
#1091 =( LENGTH_UNIT ( ) NAMED_UNIT ( * ) SI_UNIT ( .MILLI., .METRE. ) );
#1092 = CARTESIAN_POINT ( 'NONE',  ( -2.749999999999996447, 4.349999999999999645, -1.999999999999999112 ) ) ;
#1093 = ORIENTED_EDGE ( 'NONE', *, *, #4149, .T. ) ;
#1094 = EDGE_CURVE ( 'NONE', #891, #29, #1086, .T. ) ;
#1095 = VECTOR ( 'NONE', #3286, 1000.000000000000000 ) ;
#1096 = ORIENTED_EDGE ( 'NONE', *, *, #778, .T. ) ;
#1097 = ADVANCED_FACE ( 'NONE', ( #2248 ), #3197, .T. ) ;
#1098 = PLANE ( 'NONE',  #2178 ) ;
#1099 = AXIS2_PLACEMENT_3D ( 'NONE', #2223, #46, #2597 ) ;
#1100 = EDGE_LOOP ( 'NONE', ( #3021, #170, #3236, #106 ) ) ;
#1101 = CARTESIAN_POINT ( 'NONE',  ( -11.00000000000000000, 0.000000000000000000, -5.999999999999999112 ) ) ;
#1102 = CARTESIAN_POINT ( 'NONE',  ( -6.749999999999997335, -3.500000000000000000, -4.500000000000000888 ) ) ;
#1103 = LINE ( 'NONE', #918, #1122 ) ;
#1104 = ORIENTED_EDGE ( 'NONE', *, *, #4221, .T. ) ;
#1105 = CARTESIAN_POINT ( 'NONE',  ( 7.504779163986341928, -3.500000000000000000, -4.245220836013659849 ) ) ;
#1106 = ORIENTED_EDGE ( 'NONE', *, *, #967, .F. ) ;
#1107 = VERTEX_POINT ( 'NONE', #2915 ) ;
#1108 = ADVANCED_FACE ( 'NONE', ( #3674 ), #1592, .T. ) ;
#1109 = MECHANICAL_DESIGN_GEOMETRIC_PRESENTATION_REPRESENTATION (  '', ( #389 ), #1910 ) ;
#1110 = DIRECTION ( 'NONE',  ( -0.000000000000000000, 1.000000000000000000, -0.000000000000000000 ) ) ;
#1111 = VERTEX_POINT ( 'NONE', #3808 ) ;
#1112 = LINE ( 'NONE', #1330, #1030 ) ;
#1113 = AXIS2_PLACEMENT_3D ( 'NONE', #599, #2573, #2205 ) ;
#1114 = CARTESIAN_POINT ( 'NONE',  ( 9.900000000000003908, 0.000000000000000000, -5.500000000000000000 ) ) ;
#1115 = VERTEX_POINT ( 'NONE', #780 ) ;
#1116 = DIRECTION ( 'NONE',  ( -1.000000000000000000, 0.000000000000000000, -0.000000000000000000 ) ) ;
#1117 = EDGE_CURVE ( 'NONE', #2458, #1976, #3702, .T. ) ;
#1118 = ORIENTED_EDGE ( 'NONE', *, *, #2678, .F. ) ;
#1119 = DIRECTION ( 'NONE',  ( -0.3236155771181821184, 0.3236155771181821184, 0.8891264907159901476 ) ) ;
#1120 = DIRECTION ( 'NONE',  ( 0.3236155771181821739, -0.8891264907159901476, 0.3236155771181821739 ) ) ;
#1121 = ORIENTED_EDGE ( 'NONE', *, *, #3142, .T. ) ;
#1122 = VECTOR ( 'NONE', #1655, 1000.000000000000000 ) ;
#1123 = ORIENTED_EDGE ( 'NONE', *, *, #2668, .F. ) ;
#1124 = CARTESIAN_POINT ( 'NONE',  ( -2.313475699075273173, 4.780966123763717768, 3.030966123763720432 ) ) ;
#1125 = CARTESIAN_POINT ( 'NONE',  ( -7.495220836013657184, -3.500000000000000000, 0.000000000000000000 ) ) ;
#1126 = ORIENTED_EDGE ( 'NONE', *, *, #1758, .T. ) ;
#1127 = LINE ( 'NONE', #2680, #3930 ) ;
#1128 = VECTOR ( 'NONE', #451, 1000.000000000000000 ) ;
#1129 = CLOSED_SHELL ( 'NONE', ( #971, #955, #340, #1760, #3443, #4195, #1273, #2320, #1058, #2470 ) ) ;
#1130 = ORIENTED_EDGE ( 'NONE', *, *, #1925, .F. ) ;
#1131 = EDGE_LOOP ( 'NONE', ( #2090, #2333, #3248, #3364 ) ) ;
#1132 = CARTESIAN_POINT ( 'NONE',  ( -4.073750091998064704, 1.308051797165926455, 5.747117124534515398 ) ) ;
#1133 = VECTOR ( 'NONE', #2595, 1000.000000000000000 ) ;
#1134 = DIRECTION ( 'NONE',  ( -0.2016115518741554702, -0.3637643765901014126, 0.9094109414752549192 ) ) ;
#1135 = ADVANCED_FACE ( 'NONE', ( #2162 ), #3781, .T. ) ;
#1136 = EDGE_LOOP ( 'NONE', ( #3354, #449, #3346, #3020 ) ) ;
#1137 = CARTESIAN_POINT ( 'NONE',  ( 8.250000000000001776, 3.500000000000000444, 5.000000000000000888 ) ) ;
#1138 = ORIENTED_EDGE ( 'NONE', *, *, #580, .T. ) ;
#1139 = LINE ( 'NONE', #1210, #2569 ) ;
#1140 = CYLINDRICAL_SURFACE ( 'NONE', #2707, 3.125000000000000000 ) ;
#1141 = ORIENTED_EDGE ( 'NONE', *, *, #861, .T. ) ;
#1142 = VERTEX_POINT ( 'NONE', #2149 ) ;
#1143 = CARTESIAN_POINT ( 'NONE',  ( 11.00000000000000000, 7.700000000000000178, -5.999999999999998224 ) ) ;
#1144 = ORIENTED_EDGE ( 'NONE', *, *, #187, .F. ) ;
#1145 = EDGE_CURVE ( 'NONE', #3868, #910, #3586, .T. ) ;
#1146 = DIRECTION ( 'NONE',  ( -0.000000000000000000, 0.000000000000000000, 1.000000000000000000 ) ) ;
#1147 = ADVANCED_FACE ( 'NONE', ( #998 ), #3449, .T. ) ;
#1148 = UNCERTAINTY_MEASURE_WITH_UNIT (LENGTH_MEASURE( 1.000000000000000082E-05 ), #1805, 'distance_accuracy_value', 'NONE');
#1149 = PLANE ( 'NONE',  #936 ) ;
#1150 = ORIENTED_EDGE ( 'NONE', *, *, #2584, .T. ) ;
#1151 = EDGE_CURVE ( 'NONE', #953, #1998, #2316, .T. ) ;
#1152 = DIRECTION ( 'NONE',  ( -0.000000000000000000, -0.000000000000000000, -1.000000000000000000 ) ) ;
#1153 = CARTESIAN_POINT ( 'NONE',  ( 11.00000000000000000, 0.000000000000000000, -5.999999999999999112 ) ) ;
#1154 = LINE ( 'NONE', #756, #2456 ) ;
#1155 = CARTESIAN_POINT ( 'NONE',  ( 4.323411897755957689, 1.149999999999999023, 6.000000000000000000 ) ) ;
#1156 = ORIENTED_EDGE ( 'NONE', *, *, #4055, .F. ) ;
#1157 = CARTESIAN_POINT ( 'NONE',  ( -5.548610877779503348, 1.224578106523809273, 5.880675029561902356 ) ) ;
#1158 = CARTESIAN_POINT ( 'NONE',  ( -1.749999999999997113, 0.000000000000000000, -4.500000000000000888 ) ) ;
#1159 = VERTEX_POINT ( 'NONE', #3478 ) ;
#1160 = CARTESIAN_POINT ( 'NONE',  ( -6.749999999999997335, 8.500000000000000000, 5.000000000000000888 ) ) ;
#1161 = AXIS2_PLACEMENT_3D ( 'NONE', #275, #2762, #217 ) ;
#1162 = LINE ( 'NONE', #1485, #2611 ) ;
#1163 = VERTEX_POINT ( 'NONE', #4169 ) ;
#1164 = PLANE ( 'NONE',  #4073 ) ;
#1165 = ORIENTED_EDGE ( 'NONE', *, *, #3555, .T. ) ;
#1166 = ORIENTED_EDGE ( 'NONE', *, *, #3948, .F. ) ;
#1167 = FACE_OUTER_BOUND ( 'NONE', #3259, .T. ) ;
#1168 = CARTESIAN_POINT ( 'NONE',  ( 7.250000000000000888, 0.000000000000000000, -3.500000000000000000 ) ) ;
#1169 = ORIENTED_EDGE ( 'NONE', *, *, #3818, .T. ) ;
#1170 = CARTESIAN_POINT ( 'NONE',  ( 2.250000000000001776, -2.799999999999994937, -4.500000000000000888 ) ) ;
#1171 = LINE ( 'NONE', #561, #1095 ) ;
#1172 = AXIS2_PLACEMENT_3D ( 'NONE', #1025, #2023, #3065 ) ;
#1173 = ORIENTED_EDGE ( 'NONE', *, *, #3069, .F. ) ;
#1174 = PRESENTATION_STYLE_ASSIGNMENT (( #4175 ) ) ;
#1175 = DIRECTION ( 'NONE',  ( 1.000000000000000000, 0.000000000000000000, 0.000000000000000000 ) ) ;
#1176 = DIRECTION ( 'NONE',  ( 0.000000000000000000, -0.000000000000000000, -1.000000000000000000 ) ) ;
#1177 = AXIS2_PLACEMENT_3D ( 'NONE', #1254, #3725, #2207 ) ;
#1178 = ORIENTED_EDGE ( 'NONE', *, *, #4117, .T. ) ;
#1179 = VECTOR ( 'NONE', #612, 1000.000000000000000 ) ;
#1180 = FACE_OUTER_BOUND ( 'NONE', #820, .T. ) ;
#1181 = VERTEX_POINT ( 'NONE', #4077 ) ;
#1182 = ORIENTED_EDGE ( 'NONE', *, *, #2160, .T. ) ;
#1183 = ADVANCED_FACE ( 'NONE', ( #3800 ), #542, .T. ) ;
#1184 = CARTESIAN_POINT ( 'NONE',  ( -2.971694662642938134, 8.100000000000001421, 6.000000000000000000 ) ) ;
#1185 = AXIS2_PLACEMENT_3D ( 'NONE', #1952, #2975, #2255 ) ;
#1186 = VECTOR ( 'NONE', #521, 1000.000000000000000 ) ;
#1187 = CARTESIAN_POINT ( 'NONE',  ( 11.00000000000000000, 8.500000000000000000, 5.000000000000000888 ) ) ;
#1188 = AXIS2_PLACEMENT_3D ( 'NONE', #1967, #3001, #3932 ) ;
#1189 = CARTESIAN_POINT ( 'NONE',  ( 7.028305337357060978, 8.100000000000001421, 6.000000000000000000 ) ) ;
#1190 = VERTEX_POINT ( 'NONE', #2173 ) ;
#1191 = DIRECTION ( 'NONE',  ( 0.000000000000000000, 0.000000000000000000, -1.000000000000000000 ) ) ;
#1192 = DIRECTION ( 'NONE',  ( 1.000000000000000000, 0.000000000000000000, 0.000000000000000000 ) ) ;
#1193 = ORIENTED_EDGE ( 'NONE', *, *, #2510, .F. ) ;
#1194 = VECTOR ( 'NONE', #454, 1000.000000000000000 ) ;
#1195 = ADVANCED_FACE ( 'NONE', ( #927 ), #2879, .T. ) ;
#1196 = EDGE_CURVE ( 'NONE', #983, #320, #1978, .T. ) ;
#1197 = DIRECTION ( 'NONE',  ( -0.9396926207859095381, 0.000000000000000000, 0.3420201433256657153 ) ) ;
#1198 = CARTESIAN_POINT ( 'NONE',  ( 0.6000000000000050848, 0.000000000000000000, -5.500000000000000000 ) ) ;
#1199 = ORIENTED_EDGE ( 'NONE', *, *, #2701, .F. ) ;
#1200 = CARTESIAN_POINT ( 'NONE',  ( 8.250000000000003553, 6.749999999999997335, 4.999999999999997335 ) ) ;
#1201 = ORIENTED_EDGE ( 'NONE', *, *, #3391, .F. ) ;
#1202 = CARTESIAN_POINT ( 'NONE',  ( -0.9999999999999991118, 8.100000000000001421, 5.000000000000000888 ) ) ;
#1203 = ORIENTED_EDGE ( 'NONE', *, *, #2094, .T. ) ;
#1204 = FACE_OUTER_BOUND ( 'NONE', #2603, .T. ) ;
#1205 = DIRECTION ( 'NONE',  ( 0.1548704352003977824, 0.6985753890242775155, 0.6985753890242760722 ) ) ;
#1206 = DIRECTION ( 'NONE',  ( -1.000000000000000000, 0.000000000000000000, 0.000000000000000000 ) ) ;
#1207 = ORIENTED_EDGE ( 'NONE', *, *, #1465, .T. ) ;
#1208 = EDGE_CURVE ( 'NONE', #300, #2542, #2332, .T. ) ;
#1209 = FILL_AREA_STYLE ('',( #3830 ) ) ;
#1210 = CARTESIAN_POINT ( 'NONE',  ( 8.471694662642942575, 3.500000000000000444, 6.000000000000000000 ) ) ;
#1211 = VECTOR ( 'NONE', #3866, 1000.000000000000114 ) ;
#1212 = DIRECTION ( 'NONE',  ( 0.000000000000000000, -1.000000000000000000, 0.000000000000000000 ) ) ;
#1213 = VERTEX_POINT ( 'NONE', #667 ) ;
#1214 = EDGE_CURVE ( 'NONE', #3520, #2889, #917, .T. ) ;
#1215 = LINE ( 'NONE', #765, #4144 ) ;
#1216 = DIRECTION ( 'NONE',  ( -0.000000000000000000, 0.000000000000000000, -1.000000000000000000 ) ) ;
#1217 = LINE ( 'NONE', #1793, #2736 ) ;
#1218 = CARTESIAN_POINT ( 'NONE',  ( -2.888447750295754179, -2.419617932288108619, -3.361552249704243600 ) ) ;
#1219 = EDGE_CURVE ( 'NONE', #72, #1768, #2361, .T. ) ;
#1220 = CARTESIAN_POINT ( 'NONE',  ( 5.600000000000004086, 8.500000000000000000, -5.500000000000000000 ) ) ;
#1221 = DIRECTION ( 'NONE',  ( 0.000000000000000000, -1.000000000000000000, 0.000000000000000000 ) ) ;
#1222 = CARTESIAN_POINT ( 'NONE',  ( 8.250000000000001776, -3.500000000000000000, -3.500000000000000000 ) ) ;
#1223 = ORIENTED_EDGE ( 'NONE', *, *, #220, .F. ) ;
#1224 = DIRECTION ( 'NONE',  ( 8.803598564689222601E-17, -0.7071067811865469066, 0.7071067811865482389 ) ) ;
#1225 = ADVANCED_FACE ( 'NONE', ( #2445 ), #3036, .F. ) ;
#1226 = ORIENTED_EDGE ( 'NONE', *, *, #2347, .T. ) ;
#1227 = VECTOR ( 'NONE', #240, 1000.000000000000000 ) ;
#1228 = AXIS2_PLACEMENT_3D ( 'NONE', #2355, #3309, #3329 ) ;
#1229 = DIRECTION ( 'NONE',  ( 1.000000000000000000, 1.245016848787182258E-16, 0.000000000000000000 ) ) ;
#1230 = DIRECTION ( 'NONE',  ( 0.1548704352003977824, -0.6985753890242775155, -0.6985753890242760722 ) ) ;
#1231 = CARTESIAN_POINT ( 'NONE',  ( 4.900000000000004796, 0.000000000000000000, -5.500000000000000000 ) ) ;
#1232 = EDGE_LOOP ( 'NONE', ( #1397, #2732, #1380, #1245 ) ) ;
#1233 = CARTESIAN_POINT ( 'NONE',  ( 7.250000000000002665, 3.350000000000000533, 4.299999999999992717 ) ) ;
#1234 = VECTOR ( 'NONE', #1119, 1000.000000000000114 ) ;
#1235 = EDGE_CURVE ( 'NONE', #60, #3404, #889, .T. ) ;
#1236 = ORIENTED_EDGE ( 'NONE', *, *, #2112, .F. ) ;
#1237 = FACE_OUTER_BOUND ( 'NONE', #604, .T. ) ;
#1238 = VECTOR ( 'NONE', #2060, 1000.000000000000114 ) ;
#1239 =( LENGTH_UNIT ( ) NAMED_UNIT ( * ) SI_UNIT ( .MILLI., .METRE. ) );
#1240 = VECTOR ( 'NONE', #500, 1000.000000000000000 ) ;
#1241 = CARTESIAN_POINT ( 'NONE',  ( -4.399999999999995026, 0.000000000000000000, -5.500000000000000000 ) ) ;
#1242 = EDGE_LOOP ( 'NONE', ( #3665, #2364, #2211, #3802 ) ) ;
#1243 = LINE ( 'NONE', #3050, #4063 ) ;
#1244 = EDGE_LOOP ( 'NONE', ( #1268, #2631, #3967, #1436, #4005, #1067 ) ) ;
#1245 = ORIENTED_EDGE ( 'NONE', *, *, #3939, .F. ) ;
#1246 = COLOUR_RGB ( '',0.7921568627450980005, 0.8196078431372548767, 0.9333333333333333481 ) ;
#1247 = DIRECTION ( 'NONE',  ( -0.2164396139381033479, 0.000000000000000000, 0.9762960071199332512 ) ) ;
#1248 = CARTESIAN_POINT ( 'NONE',  ( 6.048610877779506900, 1.224578106523809273, 5.880675029561902356 ) ) ;
#1249 = DIRECTION ( 'NONE',  ( 1.000000000000000000, 0.000000000000000000, 0.000000000000000000 ) ) ;
#1250 = ORIENTED_EDGE ( 'NONE', *, *, #2160, .F. ) ;
#1251 = DIRECTION ( 'NONE',  ( 0.9396926207859095381, -0.3420201433256658263, 0.000000000000000000 ) ) ;
#1252 = CARTESIAN_POINT ( 'NONE',  ( 11.00000000000000000, 0.08000000000000000167, 3.337127970494183415 ) ) ;
#1253 = VECTOR ( 'NONE', #1076, 1000.000000000000000 ) ;
#1254 = CARTESIAN_POINT ( 'NONE',  ( -2.495220836013657184, -3.500000000000000000, 0.000000000000000000 ) ) ;
#1255 = EDGE_CURVE ( 'NONE', #1571, #72, #2325, .T. ) ;
#1256 = ORIENTED_EDGE ( 'NONE', *, *, #418, .T. ) ;
#1257 = VECTOR ( 'NONE', #2551, 1000.000000000000000 ) ;
#1258 = CARTESIAN_POINT ( 'NONE',  ( -5.099999999999995204, 7.700000000000000178, -5.999999999999998224 ) ) ;
#1259 = MANIFOLD_SOLID_BREP ( 'LPattern3[4]', #330 ) ;
#1260 = DIRECTION ( 'NONE',  ( 0.000000000000000000, -1.000000000000000000, 0.000000000000000000 ) ) ;
#1261 = ORIENTED_EDGE ( 'NONE', *, *, #418, .F. ) ;
#1262 = ORIENTED_EDGE ( 'NONE', *, *, #2743, .T. ) ;
#1263 = LINE ( 'NONE', #811, #2675 ) ;
#1264 = ADVANCED_FACE ( 'NONE', ( #3655 ), #3884, .F. ) ;
#1265 = ORIENTED_EDGE ( 'NONE', *, *, #2630, .T. ) ;
#1266 = LINE ( 'NONE', #1051, #1194 ) ;
#1267 = DIRECTION ( 'NONE',  ( -1.000000000000000000, 0.000000000000000000, -0.000000000000000000 ) ) ;
#1268 = ORIENTED_EDGE ( 'NONE', *, *, #4139, .T. ) ;
#1269 =( NAMED_UNIT ( * ) PLANE_ANGLE_UNIT ( ) SI_UNIT ( $, .RADIAN. ) );
#1270 = LINE ( 'NONE', #3976, #1293 ) ;
#1271 =( NAMED_UNIT ( * ) PLANE_ANGLE_UNIT ( ) SI_UNIT ( $, .RADIAN. ) );
#1272 = ORIENTED_EDGE ( 'NONE', *, *, #1966, .F. ) ;
#1273 = ADVANCED_FACE ( 'NONE', ( #2301 ), #1744, .T. ) ;
#1274 = EDGE_CURVE ( 'NONE', #3786, #3305, #878, .T. ) ;
#1275 = DIRECTION ( 'NONE',  ( 0.000000000000000000, -7.634159850286111432E-17, -1.000000000000000000 ) ) ;
#1276 = CARTESIAN_POINT ( 'NONE',  ( -0.09999999999999506506, 8.500000000000000000, -5.500000000000000000 ) ) ;
#1277 = VERTEX_POINT ( 'NONE', #2644 ) ;
#1278 = EDGE_CURVE ( 'NONE', #1962, #1038, #794, .T. ) ;
#1279 = LINE ( 'NONE', #3508, #2653 ) ;
#1280 = LINE ( 'NONE', #2128, #1339 ) ;
#1281 = EDGE_LOOP ( 'NONE', ( #1909, #2601, #2377, #3339 ) ) ;
#1282 = DIRECTION ( 'NONE',  ( 1.000000000000000000, 0.000000000000000000, 0.000000000000000000 ) ) ;
#1283 = CARTESIAN_POINT ( 'NONE',  ( 2.504779163986345925, 4.095220836013657717, 5.000000000000000888 ) ) ;
#1284 = CARTESIAN_POINT ( 'NONE',  ( 8.250000000000001776, 0.000000000000000000, -4.500000000000000888 ) ) ;
#1285 = VERTEX_POINT ( 'NONE', #3601 ) ;
#1286 = LINE ( 'NONE', #1865, #2619 ) ;
#1287 =( GEOMETRIC_REPRESENTATION_CONTEXT ( 3 ) GLOBAL_UNCERTAINTY_ASSIGNED_CONTEXT ( ( #1717 ) ) GLOBAL_UNIT_ASSIGNED_CONTEXT ( ( #2457, #572, #2853 ) ) REPRESENTATION_CONTEXT ( 'NONE', 'WORKASPACE' ) );
#1288 = FACE_OUTER_BOUND ( 'NONE', #3778, .T. ) ;
#1289 = ORIENTED_EDGE ( 'NONE', *, *, #2266, .F. ) ;
#1290 = AXIS2_PLACEMENT_3D ( 'NONE', #1345, #2002, #3915 ) ;
#1291 = CARTESIAN_POINT ( 'NONE',  ( -11.00000000000000000, 7.700000000000000178, -5.999999999999998224 ) ) ;
#1292 = ORIENTED_EDGE ( 'NONE', *, *, #3680, .T. ) ;
#1293 = VECTOR ( 'NONE', #102, 1000.000000000000000 ) ;
#1294 = DIRECTION ( 'NONE',  ( -0.3236155771181821184, 0.3236155771181821184, -0.8891264907159901476 ) ) ;
#1295 = AXIS2_PLACEMENT_3D ( 'NONE', #2857, #3519, #298 ) ;
#1296 = LINE ( 'NONE', #291, #2703 ) ;
#1297 = ORIENTED_EDGE ( 'NONE', *, *, #187, .T. ) ;
#1298 = ORIENTED_EDGE ( 'NONE', *, *, #167, .T. ) ;
#1299 = LINE ( 'NONE', #1681, #2759 ) ;
#1300 =( NAMED_UNIT ( * ) SI_UNIT ( $, .STERADIAN. ) SOLID_ANGLE_UNIT ( ) );
#1301 = ADVANCED_FACE ( 'NONE', ( #3590 ), #1308, .T. ) ;
#1302 = FACE_OUTER_BOUND ( 'NONE', #1839, .T. ) ;
#1303 = CARTESIAN_POINT ( 'NONE',  ( -7.749999999999998224, -2.799999999999994937, -4.500000000000000888 ) ) ;
#1304 = CARTESIAN_POINT ( 'NONE',  ( 8.250000000000001776, 4.349999999999999645, -1.999999999999999112 ) ) ;
#1305 = CARTESIAN_POINT ( 'NONE',  ( -11.00000000000000000, 8.100000000000001421, 6.000000000000000888 ) ) ;
#1306 = ORIENTED_EDGE ( 'NONE', *, *, #14, .T. ) ;
#1307 = CARTESIAN_POINT ( 'NONE',  ( -6.749999999999997335, 3.350000000000000533, -1.999999999999999112 ) ) ;
#1308 = PLANE ( 'NONE',  #2219 ) ;
#1309 = ADVANCED_FACE ( 'NONE', ( #2218 ), #1342, .F. ) ;
#1310 = CARTESIAN_POINT ( 'NONE',  ( -2.749999999999996447, 3.350000000000000533, -1.999999999999999112 ) ) ;
#1311 = EDGE_LOOP ( 'NONE', ( #1822, #729, #671, #429 ) ) ;
#1312 = CARTESIAN_POINT ( 'NONE',  ( 8.250000000000001776, 3.350000000000000533, -1.999999999999999112 ) ) ;
#1313 = VECTOR ( 'NONE', #4021, 1000.000000000000000 ) ;
#1314 = CARTESIAN_POINT ( 'NONE',  ( -5.999999999999999112, 8.100000000000001421, 5.000000000000000888 ) ) ;
#1315 = VECTOR ( 'NONE', #2358, 1000.000000000000000 ) ;
#1316 = ORIENTED_EDGE ( 'NONE', *, *, #3138, .F. ) ;
#1317 = CARTESIAN_POINT ( 'NONE',  ( 3.250000000000002665, 8.500000000000000000, 5.000000000000000888 ) ) ;
#1318 = PLANE ( 'NONE',  #2274 ) ;
#1319 = EDGE_LOOP ( 'NONE', ( #3014, #1572, #2925, #2038 ) ) ;
#1320 = EDGE_CURVE ( 'NONE', #3958, #2840, #2187, .T. ) ;
#1321 = FACE_OUTER_BOUND ( 'NONE', #1848, .T. ) ;
#1322 = DIRECTION ( 'NONE',  ( 0.000000000000000000, 0.000000000000000000, 1.000000000000000000 ) ) ;
#1323 = FACE_OUTER_BOUND ( 'NONE', #1983, .T. ) ;
#1324 = CARTESIAN_POINT ( 'NONE',  ( -11.00000000000000000, 3.604779163986342461, 5.000000000000000888 ) ) ;
#1325 = EDGE_CURVE ( 'NONE', #1891, #2527, #757, .T. ) ;
#1326 = ORIENTED_EDGE ( 'NONE', *, *, #455, .F. ) ;
#1327 = CARTESIAN_POINT ( 'NONE',  ( -2.004779163986338375, -3.500000000000000000, -4.245220836013659849 ) ) ;
#1328 = VECTOR ( 'NONE', #1574, 1000.000000000000114 ) ;
#1329 = EDGE_CURVE ( 'NONE', #2454, #1064, #2245, .T. ) ;
#1330 = CARTESIAN_POINT ( 'NONE',  ( -1.749999999999997113, 3.350000000000000533, -1.999999999999999112 ) ) ;
#1331 = FACE_OUTER_BOUND ( 'NONE', #4193, .T. ) ;
#1332 = EDGE_LOOP ( 'NONE', ( #3229, #3558, #3254, #648 ) ) ;
#1333 = DIRECTION ( 'NONE',  ( 0.000000000000000000, 0.000000000000000000, 1.000000000000000000 ) ) ;
#1334 = AXIS2_PLACEMENT_3D ( 'NONE', #1923, #3469, #2440 ) ;
#1335 = DIRECTION ( 'NONE',  ( 0.000000000000000000, -0.3713906763541032774, 0.9284766908852595257 ) ) ;
#1336 = ORIENTED_EDGE ( 'NONE', *, *, #904, .T. ) ;
#1337 = VECTOR ( 'NONE', #776, 1000.000000000000000 ) ;
#1338 = ADVANCED_FACE ( 'NONE', ( #2181 ), #3207, .T. ) ;
#1339 = VECTOR ( 'NONE', #1900, 1000.000000000000000 ) ;
#1340 = DIRECTION ( 'NONE',  ( 0.000000000000000000, 1.000000000000000000, 0.000000000000000000 ) ) ;
#1341 = VERTEX_POINT ( 'NONE', #1092 ) ;
#1342 = PLANE ( 'NONE',  #1582 ) ;
#1343 = ORIENTED_EDGE ( 'NONE', *, *, #2970, .T. ) ;
#1344 = AXIS2_PLACEMENT_3D ( 'NONE', #2710, #2405, #3128 ) ;
#1345 = CARTESIAN_POINT ( 'NONE',  ( 10.44999999999999751, 1.399999999999999245, -27.57388467569065682 ) ) ;
#1346 = ORIENTED_EDGE ( 'NONE', *, *, #2102, .F. ) ;
#1347 = PLANE ( 'NONE',  #1458 ) ;
#1348 = LINE ( 'NONE', #162, #2661 ) ;
#1349 = PRESENTATION_LAYER_ASSIGNMENT (  '', '', ( #2278 ) ) ;
#1350 = LINE ( 'NONE', #3646, #2887 ) ;
#1351 = ADVANCED_FACE ( 'NONE', ( #784 ), #844, .F. ) ;
#1352 = ORIENTED_EDGE ( 'NONE', *, *, #761, .F. ) ;
#1353 = CARTESIAN_POINT ( 'NONE',  ( 3.250000000000002665, -3.500000000000000000, -4.500000000000000888 ) ) ;
#1354 = DIRECTION ( 'NONE',  ( -0.000000000000000000, -0.9396926207859095381, 0.3420201433256657153 ) ) ;
#1355 = VERTEX_POINT ( 'NONE', #3791 ) ;
#1356 = EDGE_CURVE ( 'NONE', #2537, #1031, #3598, .T. ) ;
#1357 = FACE_OUTER_BOUND ( 'NONE', #744, .T. ) ;
#1358 = FACE_OUTER_BOUND ( 'NONE', #1242, .T. ) ;
#1359 = VERTEX_POINT ( 'NONE', #1231 ) ;
#1360 = DIRECTION ( 'NONE',  ( -0.000000000000000000, -0.000000000000000000, -1.000000000000000000 ) ) ;
#1361 = ORIENTED_EDGE ( 'NONE', *, *, #2053, .T. ) ;
#1362 = EDGE_LOOP ( 'NONE', ( #177, #3315, #1740, #746 ) ) ;
#1363 = LINE ( 'NONE', #3133, #4030 ) ;
#1364 = CARTESIAN_POINT ( 'NONE',  ( 8.388447750295757288, -2.419617932288108619, -3.361552249704243600 ) ) ;
#1365 = VECTOR ( 'NONE', #2704, 1000.000000000000000 ) ;
#1366 = ORIENTED_EDGE ( 'NONE', *, *, #4121, .T. ) ;
#1367 = CARTESIAN_POINT ( 'NONE',  ( -6.749999999999997335, 4.349999999999999645, -1.999999999999999112 ) ) ;
#1368 = VERTEX_POINT ( 'NONE', #769 ) ;
#1369 = VECTOR ( 'NONE', #2371, 1000.000000000000000 ) ;
#1370 = DIRECTION ( 'NONE',  ( 0.000000000000000000, 1.000000000000000000, 1.126443815569355400E-16 ) ) ;
#1371 = ORIENTED_EDGE ( 'NONE', *, *, #2249, .T. ) ;
#1372 = CARTESIAN_POINT ( 'NONE',  ( 10.00000000000000000, -3.500000000000000000, -4.245220836013659849 ) ) ;
#1373 = ORIENTED_EDGE ( 'NONE', *, *, #3989, .T. ) ;
#1374 = DIRECTION ( 'NONE',  ( -0.000000000000000000, -1.126443815569355400E-16, 1.000000000000000000 ) ) ;
#1375 = ORIENTED_EDGE ( 'NONE', *, *, #2970, .F. ) ;
#1376 = DIRECTION ( 'NONE',  ( 0.9762960071199332512, 0.000000000000000000, -0.2164396139381033479 ) ) ;
#1377 = ADVANCED_FACE ( 'NONE', ( #3603 ), #2790, .T. ) ;
#1378 = VECTOR ( 'NONE', #633, 1000.000000000000000 ) ;
#1379 = EDGE_CURVE ( 'NONE', #2512, #891, #2208, .T. ) ;
#1380 = ORIENTED_EDGE ( 'NONE', *, *, #4062, .T. ) ;
#1381 = CARTESIAN_POINT ( 'NONE',  ( -7.004779163986339263, 4.095220836013657717, 5.000000000000000888 ) ) ;
#1382 = DIRECTION ( 'NONE',  ( 1.000000000000000000, 1.245016848787182258E-16, 0.000000000000000000 ) ) ;
#1383 = VERTEX_POINT ( 'NONE', #787 ) ;
#1384 = EDGE_CURVE ( 'NONE', #178, #1107, #781, .T. ) ;
#1385 = CARTESIAN_POINT ( 'NONE',  ( -8.823411897755953248, 1.149999999999998579, 6.000000000000000000 ) ) ;
#1386 = VECTOR ( 'NONE', #2224, 1000.000000000000000 ) ;
#1387 = CARTESIAN_POINT ( 'NONE',  ( -0.6765881022440427550, 1.149999999999999023, 6.000000000000000000 ) ) ;
#1388 = VECTOR ( 'NONE', #2077, 1000.000000000000000 ) ;
#1389 = ORIENTED_EDGE ( 'NONE', *, *, #614, .F. ) ;
#1390 = PRESENTATION_LAYER_ASSIGNMENT (  '', '', ( #1045 ) ) ;
#1391 = ORIENTED_EDGE ( 'NONE', *, *, #880, .F. ) ;
#1392 = LINE ( 'NONE', #2398, #2797 ) ;
#1393 = VERTEX_POINT ( 'NONE', #2728 ) ;
#1394 = DIRECTION ( 'NONE',  ( 0.000000000000000000, 0.000000000000000000, 1.000000000000000000 ) ) ;
#1395 = ORIENTED_EDGE ( 'NONE', *, *, #2444, .T. ) ;
#1396 = ORIENTED_EDGE ( 'NONE', *, *, #3538, .T. ) ;
#1397 = ORIENTED_EDGE ( 'NONE', *, *, #1904, .T. ) ;
#1398 = AXIS2_PLACEMENT_3D ( 'NONE', #214, #3179, #3459 ) ;
#1399 = LINE ( 'NONE', #2530, #62 ) ;
#1400 = DIRECTION ( 'NONE',  ( 1.000000000000000000, 0.000000000000000000, 0.000000000000000000 ) ) ;
#1401 = CARTESIAN_POINT ( 'NONE',  ( 7.250000000000002665, 4.349999999999999645, 7.414213562373094923 ) ) ;
#1402 = AXIS2_PLACEMENT_3D ( 'NONE', #4179, #786, #2425 ) ;
#1403 = EDGE_LOOP ( 'NONE', ( #100, #2999, #3485, #666 ) ) ;
#1404 = CARTESIAN_POINT ( 'NONE',  ( -0.09999999999999506506, 0.000000000000000000, -5.500000000000000000 ) ) ;
#1405 = ORIENTED_EDGE ( 'NONE', *, *, #658, .T. ) ;
#1406 = CARTESIAN_POINT ( 'NONE',  ( 8.414629510734142670, 4.514629510734137874, 3.847684136682078648 ) ) ;
#1407 = ORIENTED_EDGE ( 'NONE', *, *, #3538, .F. ) ;
#1408 = VECTOR ( 'NONE', #2688, 1000.000000000000114 ) ;
#1409 = AXIS2_PLACEMENT_3D ( 'NONE', #2741, #2013, #3618 ) ;
#1410 = VECTOR ( 'NONE', #2417, 1000.000000000000000 ) ;
#1411 = EDGE_CURVE ( 'NONE', #459, #3874, #3671, .T. ) ;
#1412 = ORIENTED_EDGE ( 'NONE', *, *, #972, .F. ) ;
#1413 = ORIENTED_EDGE ( 'NONE', *, *, #576, .F. ) ;
#1414 = AXIS2_PLACEMENT_3D ( 'NONE', #419, #1716, #2641 ) ;
#1415 = CARTESIAN_POINT ( 'NONE',  ( -2.495220836013654520, 4.095220836013657717, 5.000000000000000888 ) ) ;
#1416 = ORIENTED_EDGE ( 'NONE', *, *, #2471, .F. ) ;
#1417 = CARTESIAN_POINT ( 'NONE',  ( -0.4500000000000007327, 6.749999999999997335, 4.999999999999997335 ) ) ;
#1418 = ADVANCED_FACE ( 'NONE', ( #3622 ), #3378, .T. ) ;
#1419 = VECTOR ( 'NONE', #3430, 1000.000000000000000 ) ;
#1420 = DIRECTION ( 'NONE',  ( -1.000000000000000000, -1.245016848787182258E-16, 0.000000000000000000 ) ) ;
#1421 = VERTEX_POINT ( 'NONE', #147 ) ;
#1422 = EDGE_CURVE ( 'NONE', #4010, #1285, #774, .T. ) ;
#1423 = CARTESIAN_POINT ( 'NONE',  ( 5.600000000000004086, 0.000000000000000000, -5.999999999999999112 ) ) ;
#1424 = ORIENTED_EDGE ( 'NONE', *, *, #673, .F. ) ;
#1425 = CARTESIAN_POINT ( 'NONE',  ( 2.504779163986343260, -3.500000000000000000, -4.245220836013659849 ) ) ;
#1426 = LINE ( 'NONE', #2424, #4220 ) ;
#1427 = ORIENTED_EDGE ( 'NONE', *, *, #2827, .T. ) ;
#1428 = ORIENTED_EDGE ( 'NONE', *, *, #4065, .F. ) ;
#1429 = VERTEX_POINT ( 'NONE', #1198 ) ;
#1430 = DIRECTION ( 'NONE',  ( 1.000000000000000000, 0.000000000000000000, 0.000000000000000000 ) ) ;
#1431 = LINE ( 'NONE', #3115, #188 ) ;
#1432 = ORIENTED_EDGE ( 'NONE', *, *, #894, .T. ) ;
#1433 = FACE_OUTER_BOUND ( 'NONE', #3567, .T. ) ;
#1434 = CARTESIAN_POINT ( 'NONE',  ( 0.6000000000000050848, 0.000000000000000000, -5.500000000000000000 ) ) ;
#1435 = CARTESIAN_POINT ( 'NONE',  ( -10.45000000000000107, 6.749999999999997335, 4.999999999999997335 ) ) ;
#1436 = ORIENTED_EDGE ( 'NONE', *, *, #4055, .T. ) ;
#1437 =( NAMED_UNIT ( * ) PLANE_ANGLE_UNIT ( ) SI_UNIT ( $, .RADIAN. ) );
#1438 = VERTEX_POINT ( 'NONE', #4115 ) ;
#1439 = ORIENTED_EDGE ( 'NONE', *, *, #1094, .T. ) ;
#1440 = EDGE_CURVE ( 'NONE', #910, #2574, #2354, .T. ) ;
#1441 = LINE ( 'NONE', #2614, #1487 ) ;
#1442 = VERTEX_POINT ( 'NONE', #1569 ) ;
#1443 = EDGE_CURVE ( 'NONE', #3822, #364, #2463, .T. ) ;
#1444 = VERTEX_POINT ( 'NONE', #3299 ) ;
#1445 = FILL_AREA_STYLE ('',( #2796 ) ) ;
#1446 = DIRECTION ( 'NONE',  ( 1.000000000000000000, 0.000000000000000000, 0.000000000000000000 ) ) ;
#1447 = ORIENTED_EDGE ( 'NONE', *, *, #952, .T. ) ;
#1448 = VECTOR ( 'NONE', #3446, 1000.000000000000000 ) ;
#1449 = VERTEX_POINT ( 'NONE', #3859 ) ;
#1450 =( GEOMETRIC_REPRESENTATION_CONTEXT ( 3 ) GLOBAL_UNCERTAINTY_ASSIGNED_CONTEXT ( ( #3455 ) ) GLOBAL_UNIT_ASSIGNED_CONTEXT ( ( #4199, #3847, #315 ) ) REPRESENTATION_CONTEXT ( 'NONE', 'WORKASPACE' ) );
#1451 = ORIENTED_EDGE ( 'NONE', *, *, #276, .T. ) ;
#1452 = LINE ( 'NONE', #452, #2985 ) ;
#1453 = CARTESIAN_POINT ( 'NONE',  ( 10.44999999999999751, 1.399999999999999245, -27.57388467569065682 ) ) ;
#1454 = CARTESIAN_POINT ( 'NONE',  ( 2.250000000000003553, 3.350000000000000533, -1.999999999999999112 ) ) ;
#1455 = ADVANCED_FACE ( 'NONE', ( #2408 ), #1623, .F. ) ;
#1456 = EDGE_LOOP ( 'NONE', ( #2629, #1972, #508, #3350, #1551, #1104 ) ) ;
#1457 = DIRECTION ( 'NONE',  ( -0.000000000000000000, 1.000000000000000000, -0.000000000000000000 ) ) ;
#1458 = AXIS2_PLACEMENT_3D ( 'NONE', #2374, #1251, #3100 ) ;
#1459 = LINE ( 'NONE', #690, #1365 ) ;
#1460 = ORIENTED_EDGE ( 'NONE', *, *, #904, .F. ) ;
#1461 = PLANE ( 'NONE',  #467 ) ;
#1462 = ORIENTED_EDGE ( 'NONE', *, *, #2184, .T. ) ;
#1463 = DIRECTION ( 'NONE',  ( -1.000000000000000000, -1.245016848787182258E-16, -0.000000000000000000 ) ) ;
#1464 = CARTESIAN_POINT ( 'NONE',  ( 15.00000000000000000, -3.500000000000000000, -3.754779163986341040 ) ) ;
#1465 = EDGE_CURVE ( 'NONE', #3027, #3958, #2386, .T. ) ;
#1466 = FACE_OUTER_BOUND ( 'NONE', #2258, .T. ) ;
#1467 = LINE ( 'NONE', #935, #49 ) ;
#1468 = ADVANCED_FACE ( 'NONE', ( #3787 ), #3280, .T. ) ;
#1469 = ORIENTED_EDGE ( 'NONE', *, *, #1906, .T. ) ;
#1470 = CARTESIAN_POINT ( 'NONE',  ( 10.44999999999999751, 1.399999999999999245, 5.600000000000000533 ) ) ;
#1471 = CARTESIAN_POINT ( 'NONE',  ( 5.600000000000004086, 0.000000000000000000, -5.500000000000000000 ) ) ;
#1472 = LINE ( 'NONE', #1664, #1478 ) ;
#1473 = FACE_OUTER_BOUND ( 'NONE', #1332, .T. ) ;
#1474 = DIRECTION ( 'NONE',  ( -1.000000000000000000, 0.000000000000000000, 0.000000000000000000 ) ) ;
#1475 = VERTEX_POINT ( 'NONE', #3253 ) ;
#1476 = CARTESIAN_POINT ( 'NONE',  ( -6.749999999999997335, 3.350000000000000533, 7.414213562373094923 ) ) ;
#1477 = PLANE ( 'NONE',  #539 ) ;
#1478 = VECTOR ( 'NONE', #3526, 1000.000000000000000 ) ;
#1479 = EDGE_CURVE ( 'NONE', #1709, #2341, #900, .T. ) ;
#1480 = LINE ( 'NONE', #1959, #1540 ) ;
#1481 = ORIENTED_EDGE ( 'NONE', *, *, #576, .T. ) ;
#1482 = EDGE_LOOP ( 'NONE', ( #3279, #1513, #66, #2764 ) ) ;
#1483 = CARTESIAN_POINT ( 'NONE',  ( 5.000000000000000000, 0.000000000000000000, 0.000000000000000000 ) ) ;
#1484 = PLANE ( 'NONE',  #3966 ) ;
#1485 = CARTESIAN_POINT ( 'NONE',  ( -1.749999999999997113, -2.799999999999994937, -3.500000000000000000 ) ) ;
#1486 = FACE_OUTER_BOUND ( 'NONE', #1403, .T. ) ;
#1487 = VECTOR ( 'NONE', #3295, 1000.000000000000000 ) ;
#1488 = CARTESIAN_POINT ( 'NONE',  ( -6.749999999999997335, 3.604779163986342461, 5.000000000000000888 ) ) ;
#1489 = ORIENTED_EDGE ( 'NONE', *, *, #4062, .F. ) ;
#1490 = DIRECTION ( 'NONE',  ( 0.000000000000000000, -0.3420201433256658263, 0.9396926207859095381 ) ) ;
#1491 = ADVANCED_FACE ( 'NONE', ( #2334 ), #969, .F. ) ;
#1492 = VECTOR ( 'NONE', #616, 1000.000000000000000 ) ;
#1493 = LINE ( 'NONE', #3764, #2912 ) ;
#1494 = ORIENTED_EDGE ( 'NONE', *, *, #2806, .F. ) ;
#1495 = ORIENTED_EDGE ( 'NONE', *, *, #2053, .F. ) ;
#1496 = ORIENTED_EDGE ( 'NONE', *, *, #3550, .F. ) ;
#1497 = EDGE_LOOP ( 'NONE', ( #2558, #3013, #3038, #2044, #1504, #86, #169, #2511, #3411, #577, #3435, #600 ) ) ;
#1498 =( NAMED_UNIT ( * ) SI_UNIT ( $, .STERADIAN. ) SOLID_ANGLE_UNIT ( ) );
#1499 = EDGE_CURVE ( 'NONE', #1853, #1393, #2393, .T. ) ;
#1500 = LINE ( 'NONE', #747, #208 ) ;
#1501 = LINE ( 'NONE', #4211, #2955 ) ;
#1502 = ORIENTED_EDGE ( 'NONE', *, *, #1411, .T. ) ;
#1503 = EDGE_LOOP ( 'NONE', ( #2144, #3265, #357, #1934 ) ) ;
#1504 = ORIENTED_EDGE ( 'NONE', *, *, #3062, .T. ) ;
#1505 = VECTOR ( 'NONE', #507, 1000.000000000000000 ) ;
#1506 = PLANE ( 'NONE',  #2872 ) ;
#1507 = ORIENTED_EDGE ( 'NONE', *, *, #3044, .F. ) ;
#1508 = FACE_OUTER_BOUND ( 'NONE', #1136, .T. ) ;
#1509 = DIRECTION ( 'NONE',  ( 1.000000000000000000, 1.245016848787182258E-16, 0.000000000000000000 ) ) ;
#1510 = FACE_OUTER_BOUND ( 'NONE', #1935, .T. ) ;
#1511 = ADVANCED_BREP_SHAPE_REPRESENTATION ( '796700-4', ( #306, #721, #3338, #591, #898, #1259, #2626, #1690, #691, #875 ), #1287 ) ;
#1512 = ORIENTED_EDGE ( 'NONE', *, *, #1698, .F. ) ;
#1513 = ORIENTED_EDGE ( 'NONE', *, *, #755, .F. ) ;
#1514 = AXIS2_PLACEMENT_3D ( 'NONE', #2585, #2185, #1 ) ;
#1515 = DIRECTION ( 'NONE',  ( -1.000000000000000000, 0.000000000000000000, 0.000000000000000000 ) ) ;
#1516 = DIRECTION ( 'NONE',  ( 1.000000000000000000, 0.000000000000000000, 0.000000000000000000 ) ) ;
#1517 = CARTESIAN_POINT ( 'NONE',  ( -0.6765881022440427550, 1.149999999999999023, 6.000000000000000000 ) ) ;
#1518 = LINE ( 'NONE', #1916, #1645 ) ;
#1519 = AXIS2_PLACEMENT_3D ( 'NONE', #2541, #1997, #11 ) ;
#1520 = VECTOR ( 'NONE', #1884, 1000.000000000000000 ) ;
#1521 = COLOUR_RGB ( '',0.000000000000000000, 0.000000000000000000, 0.7529411764705882248 ) ;
#1522 = ORIENTED_EDGE ( 'NONE', *, *, #1545, .T. ) ;
#1523 = DIRECTION ( 'NONE',  ( -1.000000000000000000, 0.000000000000000000, 0.000000000000000000 ) ) ;
#1524 = DIRECTION ( 'NONE',  ( 1.000000000000000000, 0.000000000000000000, 0.000000000000000000 ) ) ;
#1525 = DIRECTION ( 'NONE',  ( 0.000000000000000000, -7.634159850286112665E-17, -1.000000000000000000 ) ) ;
#1526 = ORIENTED_EDGE ( 'NONE', *, *, #2722, .F. ) ;
#1527 = VERTEX_POINT ( 'NONE', #3023 ) ;
#1528 = CARTESIAN_POINT ( 'NONE',  ( -2.495220836013657184, -3.500000000000000000, -4.500000000000000888 ) ) ;
#1529 = ADVANCED_FACE ( 'NONE', ( #1001 ), #3946, .T. ) ;
#1530 = VECTOR ( 'NONE', #3009, 1000.000000000000000 ) ;
#1531 = FILL_AREA_STYLE ('',( #1905 ) ) ;
#1532 = LINE ( 'NONE', #608, #2945 ) ;
#1533 = SURFACE_STYLE_FILL_AREA ( #1209 ) ;
#1534 = ORIENTED_EDGE ( 'NONE', *, *, #1088, .F. ) ;
#1535 = ORIENTED_EDGE ( 'NONE', *, *, #477, .F. ) ;
#1536 = DIRECTION ( 'NONE',  ( 1.000000000000000000, 1.245016848787182258E-16, 0.000000000000000000 ) ) ;
#1537 = CARTESIAN_POINT ( 'NONE',  ( -1.749999999999997113, 0.000000000000000000, -3.500000000000000000 ) ) ;
#1538 = VERTEX_POINT ( 'NONE', #1003 ) ;
#1539 = VECTOR ( 'NONE', #3843, 1000.000000000000000 ) ;
#1540 = VECTOR ( 'NONE', #3559, 1000.000000000000000 ) ;
#1541 = EDGE_LOOP ( 'NONE', ( #4037, #2616, #1289, #2566 ) ) ;
#1542 = DIRECTION ( 'NONE',  ( 0.000000000000000000, 0.000000000000000000, -1.000000000000000000 ) ) ;
#1543 = ORIENTED_EDGE ( 'NONE', *, *, #1274, .T. ) ;
#1544 = ORIENTED_EDGE ( 'NONE', *, *, #2690, .F. ) ;
#1545 = EDGE_CURVE ( 'NONE', #4231, #3630, #2319, .T. ) ;
#1546 = CARTESIAN_POINT ( 'NONE',  ( 10.44999999999999751, 6.750000000000000000, 4.999999999999997335 ) ) ;
#1547 = VECTOR ( 'NONE', #311, 1000.000000000000000 ) ;
#1548 = VECTOR ( 'NONE', #1995, 1000.000000000000000 ) ;
#1549 = DIRECTION ( 'NONE',  ( 0.000000000000000000, 0.000000000000000000, 1.000000000000000000 ) ) ;
#1550 = FACE_OUTER_BOUND ( 'NONE', #3669, .T. ) ;
#1551 = ORIENTED_EDGE ( 'NONE', *, *, #2858, .T. ) ;
#1552 = ORIENTED_EDGE ( 'NONE', *, *, #2262, .F. ) ;
#1553 = DIRECTION ( 'NONE',  ( 0.000000000000000000, 0.000000000000000000, -1.000000000000000000 ) ) ;
#1554 = EDGE_CURVE ( 'NONE', #3950, #2850, #2439, .T. ) ;
#1555 = CARTESIAN_POINT ( 'NONE',  ( 5.810122426543371077, 1.399999999999996803, -5.938035677847513405 ) ) ;
#1556 = CARTESIAN_POINT ( 'NONE',  ( 4.549999999999998934, 6.749999999999997335, 4.999999999999997335 ) ) ;
#1557 = DIRECTION ( 'NONE',  ( 0.000000000000000000, 0.000000000000000000, 1.000000000000000000 ) ) ;
#1558 = LINE ( 'NONE', #2200, #3152 ) ;
#1559 = DIRECTION ( 'NONE',  ( -0.000000000000000000, 1.000000000000000000, -0.000000000000000000 ) ) ;
#1560 = EDGE_CURVE ( 'NONE', #1064, #1368, #2400, .T. ) ;
#1561 = DIRECTION ( 'NONE',  ( -1.000000000000000000, 0.000000000000000000, -0.000000000000000000 ) ) ;
#1562 = DIRECTION ( 'NONE',  ( 0.000000000000000000, 0.000000000000000000, -1.000000000000000000 ) ) ;
#1563 = COLOUR_RGB ( '',0.7921568627450980005, 0.8196078431372548767, 0.9333333333333333481 ) ;
#1564 = ORIENTED_EDGE ( 'NONE', *, *, #2640, .T. ) ;
#1565 = ORIENTED_EDGE ( 'NONE', *, *, #2257, .T. ) ;
#1566 = FACE_OUTER_BOUND ( 'NONE', #1020, .T. ) ;
#1567 = FACE_OUTER_BOUND ( 'NONE', #869, .T. ) ;
#1568 = VECTOR ( 'NONE', #3797, 1000.000000000000000 ) ;
#1569 = CARTESIAN_POINT ( 'NONE',  ( -2.004779163986339263, 4.095220836013657717, 5.000000000000000888 ) ) ;
#1570 = AXIS2_PLACEMENT_3D ( 'NONE', #2071, #4104, #3056 ) ;
#1571 = VERTEX_POINT ( 'NONE', #2622 ) ;
#1572 = ORIENTED_EDGE ( 'NONE', *, *, #3441, .T. ) ;
#1573 = DIRECTION ( 'NONE',  ( 0.000000000000000000, -1.000000000000000000, 0.000000000000000000 ) ) ;
#1574 = DIRECTION ( 'NONE',  ( -0.3236155771181821184, 0.3236155771181821184, -0.8891264907159901476 ) ) ;
#1575 = SURFACE_STYLE_USAGE ( .BOTH. , #401 ) ;
#1576 = VECTOR ( 'NONE', #2637, 1000.000000000000000 ) ;
#1577 = VECTOR ( 'NONE', #5, 1000.000000000000114 ) ;
#1578 = VECTOR ( 'NONE', #2576, 1000.000000000000114 ) ;
#1579 = LINE ( 'NONE', #824, #2933 ) ;
#1580 = EDGE_LOOP ( 'NONE', ( #2577, #3975, #3982, #3937 ) ) ;
#1581 = ORIENTED_EDGE ( 'NONE', *, *, #3193, .T. ) ;
#1582 = AXIS2_PLACEMENT_3D ( 'NONE', #2982, #3914, #20 ) ;
#1583 = CARTESIAN_POINT ( 'NONE',  ( -2.495220836013654520, 8.100000000000001421, 5.000000000000000888 ) ) ;
#1584 = ADVANCED_FACE ( 'NONE', ( #3886 ), #3892, .T. ) ;
#1585 = DIRECTION ( 'NONE',  ( 1.000000000000000000, 0.000000000000000000, 0.000000000000000000 ) ) ;
#1586 = VECTOR ( 'NONE', #1991, 1000.000000000000000 ) ;
#1587 = VERTEX_POINT ( 'NONE', #3541 ) ;
#1588 = EDGE_LOOP ( 'NONE', ( #1451, #1424, #1011, #1346, #1343, #2368, #1336, #2676, #2831, #4165, #4152, #1373, #2466, #1447, #1395, #1407, #1326, #914, #1670, #2809 ) ) ;
#1589 = ORIENTED_EDGE ( 'NONE', *, *, #3525, .F. ) ;
#1590 = EDGE_CURVE ( 'NONE', #31, #4003, #947, .T. ) ;
#1591 = DIRECTION ( 'NONE',  ( 0.000000000000000000, -9.326470300950576121E-17, 1.000000000000000000 ) ) ;
#1592 = PLANE ( 'NONE',  #3101 ) ;
#1593 = LINE ( 'NONE', #1258, #156 ) ;
#1594 = DIRECTION ( 'NONE',  ( -1.000000000000000000, -1.245016848787182258E-16, 0.000000000000000000 ) ) ;
#1595 = ORIENTED_EDGE ( 'NONE', *, *, #1925, .T. ) ;
#1596 = CARTESIAN_POINT ( 'NONE',  ( -11.00000000000000000, 8.100000000000001421, 5.000000000000000888 ) ) ;
#1597 = FACE_OUTER_BOUND ( 'NONE', #1497, .T. ) ;
#1598 = LINE ( 'NONE', #321, #97 ) ;
#1599 = CARTESIAN_POINT ( 'NONE',  ( -11.00000000000000000, 8.500000000000000000, 5.000000000000000888 ) ) ;
#1600 = LINE ( 'NONE', #2884, #3019 ) ;
#1601 = ORIENTED_EDGE ( 'NONE', *, *, #472, .T. ) ;
#1602 = ORIENTED_EDGE ( 'NONE', *, *, #3566, .F. ) ;
#1603 = VECTOR ( 'NONE', #3734, 1000.000000000000000 ) ;
#1604 = VECTOR ( 'NONE', #1706, 1000.000000000000000 ) ;
#1605 = DIRECTION ( 'NONE',  ( 0.000000000000000000, -7.634159850286111432E-17, -1.000000000000000000 ) ) ;
#1606 = ORIENTED_EDGE ( 'NONE', *, *, #1356, .F. ) ;
#1607 = ORIENTED_EDGE ( 'NONE', *, *, #352, .F. ) ;
#1608 = CARTESIAN_POINT ( 'NONE',  ( -4.399999999999995026, 0.000000000000000000, -5.999999999999999112 ) ) ;
#1609 = LINE ( 'NONE', #412, #2987 ) ;
#1610 = EDGE_CURVE ( 'NONE', #1438, #723, #2382, .T. ) ;
#1611 = ORIENTED_EDGE ( 'NONE', *, *, #3751, .T. ) ;
#1612 = CARTESIAN_POINT ( 'NONE',  ( 5.600000000000004086, 7.700000000000000178, -6.000000000000000000 ) ) ;
#1613 = EDGE_CURVE ( 'NONE', #1044, #2562, #3731, .T. ) ;
#1614 = ADVANCED_FACE ( 'NONE', ( #3838 ), #1318, .T. ) ;
#1615 = FACE_OUTER_BOUND ( 'NONE', #1868, .T. ) ;
#1616 = PLANE ( 'NONE',  #1113 ) ;
#1617 = CARTESIAN_POINT ( 'NONE',  ( -5.099999999999995204, 0.000000000000000000, -5.500000000000000000 ) ) ;
#1618 = FACE_OUTER_BOUND ( 'NONE', #2941, .T. ) ;
#1619 = ORIENTED_EDGE ( 'NONE', *, *, #3410, .F. ) ;
#1620 = EDGE_LOOP ( 'NONE', ( #2859, #2890, #2786, #1265 ) ) ;
#1621 = AXIS2_PLACEMENT_3D ( 'NONE', #2041, #1711, #3347 ) ;
#1622 = VECTOR ( 'NONE', #3085, 1000.000000000000000 ) ;
#1623 = PLANE ( 'NONE',  #3053 ) ;
#1624 = ORIENTED_EDGE ( 'NONE', *, *, #2787, .F. ) ;
#1625 = VERTEX_POINT ( 'NONE', #382 ) ;
#1626 = CARTESIAN_POINT ( 'NONE',  ( -7.749999999999996447, 4.349999999999999645, -1.999999999999999112 ) ) ;
#1627 = VECTOR ( 'NONE', #2914, 1000.000000000000114 ) ;
#1628 = MECHANICAL_DESIGN_GEOMETRIC_PRESENTATION_REPRESENTATION (  '', ( #3961 ), #335 ) ;
#1629 = PRODUCT_DEFINITION_FORMATION_WITH_SPECIFIED_SOURCE ( 'ANY', '', #2750, .NOT_KNOWN. ) ;
#1630 = CARTESIAN_POINT ( 'NONE',  ( -6.749999999999997335, -3.500000000000000000, -3.500000000000000000 ) ) ;
#1631 = DIRECTION ( 'NONE',  ( 0.9762960071199332512, 0.000000000000000000, -0.2164396139381033479 ) ) ;
#1632 = VECTOR ( 'NONE', #1644, 1000.000000000000000 ) ;
#1633 = CARTESIAN_POINT ( 'NONE',  ( 8.250000000000001776, -2.799999999999994937, -3.500000000000000000 ) ) ;
#1634 = EDGE_CURVE ( 'NONE', #1056, #1691, #993, .T. ) ;
#1635 = EDGE_LOOP ( 'NONE', ( #944, #934, #959, #559 ) ) ;
#1636 = VECTOR ( 'NONE', #2563, 1000.000000000000000 ) ;
#1637 = ADVANCED_FACE ( 'NONE', ( #3746 ), #3968, .F. ) ;
#1638 = DIRECTION ( 'NONE',  ( 0.000000000000000000, 0.000000000000000000, 1.000000000000000000 ) ) ;
#1639 = VECTOR ( 'NONE', #3528, 1000.000000000000000 ) ;
#1640 = DIRECTION ( 'NONE',  ( 0.000000000000000000, 0.000000000000000000, -1.000000000000000000 ) ) ;
#1641 = ORIENTED_EDGE ( 'NONE', *, *, #126, .F. ) ;
#1642 = PLANE ( 'NONE',  #181 ) ;
#1643 = EDGE_CURVE ( 'NONE', #647, #1475, #2413, .T. ) ;
#1644 = DIRECTION ( 'NONE',  ( -1.000000000000000000, 0.000000000000000000, -0.000000000000000000 ) ) ;
#1645 = VECTOR ( 'NONE', #1591, 1000.000000000000000 ) ;
#1646 = LINE ( 'NONE', #2812, #2838 ) ;
#1647 = ORIENTED_EDGE ( 'NONE', *, *, #218, .T. ) ;
#1648 = VECTOR ( 'NONE', #4047, 1000.000000000000000 ) ;
#1649 = EDGE_CURVE ( 'NONE', #1475, #1786, #1034, .T. ) ;
#1650 = CARTESIAN_POINT ( 'NONE',  ( 7.504779163986341928, -3.500000000000000000, -3.754779163986341040 ) ) ;
#1651 = VECTOR ( 'NONE', #3621, 1000.000000000000000 ) ;
#1652 = LINE ( 'NONE', #2773, #112 ) ;
#1653 = PLANE ( 'NONE',  #2137 ) ;
#1654 = CIRCLE ( 'NONE', #506, 3.125000000000000000 ) ;
#1655 = DIRECTION ( 'NONE',  ( -1.000000000000000000, -1.245016848787182258E-16, 0.000000000000000000 ) ) ;
#1656 = EDGE_CURVE ( 'NONE', #1429, #1359, #2431, .T. ) ;
#1657 = CARTESIAN_POINT ( 'NONE',  ( -2.495220836013654520, 3.604779163986342461, 5.000000000000000888 ) ) ;
#1658 = VECTOR ( 'NONE', #4016, 1000.000000000000114 ) ;
#1659 = PLANE ( 'NONE',  #1185 ) ;
#1660 = LINE ( 'NONE', #2782, #244 ) ;
#1661 = EDGE_CURVE ( 'NONE', #3706, #4194, #892, .T. ) ;
#1662 = ORIENTED_EDGE ( 'NONE', *, *, #704, .F. ) ;
#1663 = LINE ( 'NONE', #4128, #1678 ) ;
#1664 = CARTESIAN_POINT ( 'NONE',  ( 10.44999999999999751, 6.750000000000000000, 6.000000000000000000 ) ) ;
#1665 = CARTESIAN_POINT ( 'NONE',  ( -11.00000000000000000, 7.700000000000000178, -5.999999999999998224 ) ) ;
#1666 = DIRECTION ( 'NONE',  ( -1.000000000000000000, 0.000000000000000000, 0.000000000000000000 ) ) ;
#1667 = VECTOR ( 'NONE', #589, 1000.000000000000000 ) ;
#1668 = LINE ( 'NONE', #1307, #3084 ) ;
#1669 = CARTESIAN_POINT ( 'NONE',  ( 0.8101224265433751848, 1.399999999999997025, 5.600000000000000533 ) ) ;
#1670 = ORIENTED_EDGE ( 'NONE', *, *, #1634, .T. ) ;
#1671 = ORIENTED_EDGE ( 'NONE', *, *, #886, .F. ) ;
#1672 = AXIS2_PLACEMENT_3D ( 'NONE', #543, #1638, #3505 ) ;
#1673 = ADVANCED_FACE ( 'NONE', ( #3756 ), #511, .F. ) ;
#1674 = SURFACE_STYLE_FILL_AREA ( #1531 ) ;
#1675 = AXIS2_PLACEMENT_3D ( 'NONE', #2529, #3235, #907 ) ;
#1676 = DIRECTION ( 'NONE',  ( 0.000000000000000000, -0.3420201433256658263, 0.9396926207859095381 ) ) ;
#1677 = VERTEX_POINT ( 'NONE', #1813 ) ;
#1678 = VECTOR ( 'NONE', #3131, 1000.000000000000114 ) ;
#1679 = EDGE_CURVE ( 'NONE', #3107, #1775, #920, .T. ) ;
#1680 = AXIS2_PLACEMENT_3D ( 'NONE', #1804, #3458, #1400 ) ;
#1681 = CARTESIAN_POINT ( 'NONE',  ( 3.662539449225567623, 8.610845201717802766, 6.860845201717799213 ) ) ;
#1682 = VECTOR ( 'NONE', #3990, 1000.000000000000000 ) ;
#1683 = PLANE ( 'NONE',  #1188 ) ;
#1684 = VERTEX_POINT ( 'NONE', #1415 ) ;
#1685 = VECTOR ( 'NONE', #775, 1000.000000000000000 ) ;
#1686 = DIRECTION ( 'NONE',  ( 0.000000000000000000, 1.000000000000000000, 0.000000000000000000 ) ) ;
#1687 = LINE ( 'NONE', #3334, #279 ) ;
#1688 = CARTESIAN_POINT ( 'NONE',  ( 2.250000000000003553, 3.350000000000000533, 4.299999999999992717 ) ) ;
#1689 = CARTESIAN_POINT ( 'NONE',  ( 2.504779163986343260, -3.500000000000000000, -3.754779163986341040 ) ) ;
#1690 = MANIFOLD_SOLID_BREP ( 'LPattern3[5]', #3468 ) ;
#1691 = VERTEX_POINT ( 'NONE', #773 ) ;
#1692 = ORIENTED_EDGE ( 'NONE', *, *, #105, .F. ) ;
#1693 = VECTOR ( 'NONE', #309, 1000.000000000000000 ) ;
#1694 = CARTESIAN_POINT ( 'NONE',  ( -1.749999999999997113, 4.349999999999999645, -1.999999999999999112 ) ) ;
#1695 = CARTESIAN_POINT ( 'NONE',  ( -7.749999999999998224, 0.000000000000000000, -4.500000000000000888 ) ) ;
#1696 = VECTOR ( 'NONE', #4086, 1000.000000000000000 ) ;
#1697 = DIRECTION ( 'NONE',  ( 0.000000000000000000, -1.000000000000000000, 0.000000000000000000 ) ) ;
#1698 = EDGE_CURVE ( 'NONE', #308, #25, #1127, .T. ) ;
#1699 = CARTESIAN_POINT ( 'NONE',  ( 5.000000000000000000, -3.500000000000000000, -4.245220836013659849 ) ) ;
#1700 = EDGE_LOOP ( 'NONE', ( #2412, #1297, #2627, #4174 ) ) ;
#1701 = VECTOR ( 'NONE', #2367, 1000.000000000000000 ) ;
#1702 = CARTESIAN_POINT ( 'NONE',  ( 7.504779163986344592, 8.100000000000001421, 5.000000000000000888 ) ) ;
#1703 = CARTESIAN_POINT ( 'NONE',  ( 10.44999999999999751, 1.399999999999999245, -1.999999999999998224 ) ) ;
#1704 = VECTOR ( 'NONE', #3482, 1000.000000000000114 ) ;
#1705 = ADVANCED_FACE ( 'NONE', ( #1237 ), #2031, .T. ) ;
#1706 = DIRECTION ( 'NONE',  ( -1.000000000000000000, -0.000000000000000000, -0.000000000000000000 ) ) ;
#1707 = FACE_OUTER_BOUND ( 'NONE', #2742, .T. ) ;
#1708 = CARTESIAN_POINT ( 'NONE',  ( 2.995220836013661625, -3.500000000000000000, -4.245220836013659849 ) ) ;
#1709 = VERTEX_POINT ( 'NONE', #3187 ) ;
#1710 = EDGE_CURVE ( 'NONE', #1056, #2401, #1139, .T. ) ;
#1711 = DIRECTION ( 'NONE',  ( 0.000000000000000000, -1.000000000000000000, 0.000000000000000000 ) ) ;
#1712 = VECTOR ( 'NONE', #3175, 1000.000000000000114 ) ;
#1713 = COLOUR_RGB ( '',0.7921568627450980005, 0.8196078431372548767, 0.9333333333333333481 ) ;
#1714 = ORIENTED_EDGE ( 'NONE', *, *, #3310, .T. ) ;
#1715 = ORIENTED_EDGE ( 'NONE', *, *, #1899, .F. ) ;
#1716 = DIRECTION ( 'NONE',  ( -0.000000000000000000, 0.000000000000000000, 1.000000000000000000 ) ) ;
#1717 = UNCERTAINTY_MEASURE_WITH_UNIT (LENGTH_MEASURE( 1.000000000000000082E-05 ), #2457, 'distance_accuracy_value', 'NONE');
#1718 =( LENGTH_UNIT ( ) NAMED_UNIT ( * ) SI_UNIT ( .MILLI., .METRE. ) );
#1719 = PLANE ( 'NONE',  #1290 ) ;
#1720 = ORIENTED_EDGE ( 'NONE', *, *, #1856, .F. ) ;
#1721 = DIRECTION ( 'NONE',  ( -0.2164396139381033479, 0.000000000000000000, -0.9762960071199332512 ) ) ;
#1722 = VECTOR ( 'NONE', #3835, 1000.000000000000000 ) ;
#1723 = AXIS2_PLACEMENT_3D ( 'NONE', #1596, #840, #1901 ) ;
#1724 = CARTESIAN_POINT ( 'NONE',  ( -3.823411897755952360, 1.149999999999998579, 6.000000000000000000 ) ) ;
#1725 = DIRECTION ( 'NONE',  ( -1.000000000000000000, 0.000000000000000000, 0.000000000000000000 ) ) ;
#1726 = EDGE_CURVE ( 'NONE', #2662, #332, #2651, .T. ) ;
#1727 = DIRECTION ( 'NONE',  ( 1.000000000000000000, 0.000000000000000000, -0.000000000000000000 ) ) ;
#1728 = CARTESIAN_POINT ( 'NONE',  ( 8.077249324141305920, 8.811691177043677214, 4.220772057390808740 ) ) ;
#1729 = VECTOR ( 'NONE', #961, 1000.000000000000000 ) ;
#1730 = CLOSED_SHELL ( 'NONE', ( #584, #1871, #1917, #1809, #3137, #2291, #3511, #625, #1529, #911 ) ) ;
#1731 = ORIENTED_EDGE ( 'NONE', *, *, #416, .F. ) ;
#1732 = CARTESIAN_POINT ( 'NONE',  ( -11.00000000000000000, 0.000000000000000000, -5.999999999999999112 ) ) ;
#1733 = ADVANCED_FACE ( 'NONE', ( #1167 ), #854, .F. ) ;
#1734 = CARTESIAN_POINT ( 'NONE',  ( 4.689877573456633364, 1.399999999999996803, -1.999999999999999112 ) ) ;
#1735 = PLANE ( 'NONE',  #3471 ) ;
#1736 = VECTOR ( 'NONE', #2981, 1000.000000000000000 ) ;
#1737 = CARTESIAN_POINT ( 'NONE',  ( -7.050631416267481022, -4.721499391681062363, -3.800631416267483687 ) ) ;
#1738 = EDGE_LOOP ( 'NONE', ( #3154, #2136, #3503, #937 ) ) ;
#1739 = VECTOR ( 'NONE', #3664, 1000.000000000000000 ) ;
#1740 = ORIENTED_EDGE ( 'NONE', *, *, #3684, .F. ) ;
#1741 = FACE_OUTER_BOUND ( 'NONE', #489, .T. ) ;
#1742 = CARTESIAN_POINT ( 'NONE',  ( -6.749999999999997335, 3.350000000000000533, 7.414213562373094923 ) ) ;
#1743 = DIRECTION ( 'NONE',  ( -0.000000000000000000, 1.000000000000000000, -0.000000000000000000 ) ) ;
#1744 = PLANE ( 'NONE',  #3156 ) ;
#1745 = CIRCLE ( 'NONE', #1953, 3.125000000000000000 ) ;
#1746 = FACE_OUTER_BOUND ( 'NONE', #30, .T. ) ;
#1747 = CARTESIAN_POINT ( 'NONE',  ( -2.050631416267481022, -4.721499391681062363, -3.800631416267483687 ) ) ;
#1748 = VECTOR ( 'NONE', #1275, 1000.000000000000000 ) ;
#1749 = EDGE_CURVE ( 'NONE', #3433, #114, #1070, .T. ) ;
#1750 = LINE ( 'NONE', #1555, #1779 ) ;
#1751 = EDGE_LOOP ( 'NONE', ( #1138, #1062, #1027, #2247 ) ) ;
#1752 = CARTESIAN_POINT ( 'NONE',  ( -10.45000000000000107, 6.749999999999997335, -27.57388467569065682 ) ) ;
#1753 = EDGE_CURVE ( 'NONE', #1285, #4064, #2490, .T. ) ;
#1754 = EDGE_LOOP ( 'NONE', ( #3032, #3419, #137, #1641 ) ) ;
#1755 = VECTOR ( 'NONE', #2409, 1000.000000000000000 ) ;
#1756 = CARTESIAN_POINT ( 'NONE',  ( -2.749999999999996447, 4.349999999999999645, 7.414213562373094923 ) ) ;
#1757 = DIRECTION ( 'NONE',  ( 1.000000000000000000, 0.000000000000000000, 0.000000000000000000 ) ) ;
#1758 = EDGE_CURVE ( 'NONE', #2507, #2957, #2587, .T. ) ;
#1759 = ORIENTED_EDGE ( 'NONE', *, *, #3998, .T. ) ;
#1760 = ADVANCED_FACE ( 'NONE', ( #3908 ), #730, .F. ) ;
#1761 = AXIS2_PLACEMENT_3D ( 'NONE', #2770, #1631, #3773 ) ;
#1762 = CARTESIAN_POINT ( 'NONE',  ( 10.44999999999999751, 1.399999999999999245, 5.600000000000000533 ) ) ;
#1763 = CARTESIAN_POINT ( 'NONE',  ( 7.504779163986341928, -3.500000000000000000, -4.500000000000000888 ) ) ;
#1764 = CARTESIAN_POINT ( 'NONE',  ( -2.749999999999996447, 3.350000000000000533, 7.414213562373094923 ) ) ;
#1765 = CARTESIAN_POINT ( 'NONE',  ( 8.250000000000001776, 0.000000000000000000, -3.500000000000000000 ) ) ;
#1766 = DIRECTION ( 'NONE',  ( -1.000000000000000000, -1.245016848787182258E-16, 0.000000000000000000 ) ) ;
#1767 = DIRECTION ( 'NONE',  ( 0.000000000000000000, 0.5299989400031800413, -0.8479983040050879106 ) ) ;
#1768 = VERTEX_POINT ( 'NONE', #2123 ) ;
#1769 = ADVANCED_FACE ( 'NONE', ( #4206 ), #138, .T. ) ;
#1770 = STYLED_ITEM ( 'NONE', ( #3736 ), #1259 ) ;
#1771 = DIRECTION ( 'NONE',  ( -1.000000000000000000, 0.000000000000000000, -0.000000000000000000 ) ) ;
#1772 = DIRECTION ( 'NONE',  ( 1.000000000000000000, 0.000000000000000000, 0.000000000000000000 ) ) ;
#1773 = LINE ( 'NONE', #2148, #319 ) ;
#1774 = PRESENTATION_LAYER_ASSIGNMENT (  '', '', ( #2375 ) ) ;
#1775 = VERTEX_POINT ( 'NONE', #1517 ) ;
#1776 = CARTESIAN_POINT ( 'NONE',  ( 7.250000000000000888, -3.500000000000000000, -3.500000000000000000 ) ) ;
#1777 = LINE ( 'NONE', #2329, #1851 ) ;
#1778 = EDGE_CURVE ( 'NONE', #2780, #2662, #2660, .T. ) ;
#1779 = VECTOR ( 'NONE', #345, 1000.000000000000000 ) ;
#1780 = VECTOR ( 'NONE', #4022, 1000.000000000000000 ) ;
#1781 = CARTESIAN_POINT ( 'NONE',  ( 10.44999999999999751, 1.399999999999999245, -1.999999999999998224 ) ) ;
#1782 = CARTESIAN_POINT ( 'NONE',  ( -2.749999999999998224, 0.000000000000000000, -4.500000000000000888 ) ) ;
#1783 = VECTOR ( 'NONE', #2074, 1000.000000000000000 ) ;
#1784 = LINE ( 'NONE', #2336, #1736 ) ;
#1785 = EDGE_CURVE ( 'NONE', #1285, #2169, #4126, .T. ) ;
#1786 = VERTEX_POINT ( 'NONE', #1425 ) ;
#1787 = CARTESIAN_POINT ( 'NONE',  ( 2.250000000000001776, -3.500000000000000000, -4.500000000000000888 ) ) ;
#1788 = VECTOR ( 'NONE', #679, 1000.000000000000000 ) ;
#1789 = FACE_OUTER_BOUND ( 'NONE', #3472, .T. ) ;
#1790 = PLANE ( 'NONE',  #632 ) ;
#1791 = FACE_OUTER_BOUND ( 'NONE', #2139, .T. ) ;
#1792 = PLANE ( 'NONE',  #4034 ) ;
#1793 = CARTESIAN_POINT ( 'NONE',  ( -0.09999999999999592548, 0.000000000000000000, -5.999999999999999112 ) ) ;
#1794 = LINE ( 'NONE', #1797, #3219 ) ;
#1795 = CARTESIAN_POINT ( 'NONE',  ( -4.399999999999995026, 0.000000000000000000, -5.500000000000000000 ) ) ;
#1796 = VECTOR ( 'NONE', #1956, 1000.000000000000114 ) ;
#1797 = CARTESIAN_POINT ( 'NONE',  ( 0.6000000000000050848, 8.500000000000000000, -5.500000000000000000 ) ) ;
#1798 = VERTEX_POINT ( 'NONE', #204 ) ;
#1799 = EDGE_CURVE ( 'NONE', #72, #4023, #1431, .T. ) ;
#1800 = LINE ( 'NONE', #1787, #3185 ) ;
#1801 = ORIENTED_EDGE ( 'NONE', *, *, #2210, .T. ) ;
#1802 = LINE ( 'NONE', #1973, #1780 ) ;
#1803 = LINE ( 'NONE', #1222, #388 ) ;
#1804 = CARTESIAN_POINT ( 'NONE',  ( -11.00000000000000000, 8.100000000000001421, 6.000000000000000888 ) ) ;
#1805 =( LENGTH_UNIT ( ) NAMED_UNIT ( * ) SI_UNIT ( .MILLI., .METRE. ) );
#1806 = EDGE_CURVE ( 'NONE', #153, #519, #1452, .T. ) ;
#1807 =( NAMED_UNIT ( * ) PLANE_ANGLE_UNIT ( ) SI_UNIT ( $, .RADIAN. ) );
#1808 = LINE ( 'NONE', #1951, #475 ) ;
#1809 = ADVANCED_FACE ( 'NONE', ( #139 ), #4079, .F. ) ;
#1810 = FACE_OUTER_BOUND ( 'NONE', #966, .T. ) ;
#1811 = EDGE_CURVE ( 'NONE', #98, #1527, #3017, .T. ) ;
#1812 = FACE_OUTER_BOUND ( 'NONE', #2518, .T. ) ;
#1813 = CARTESIAN_POINT ( 'NONE',  ( -5.310122426543366636, 1.399999999999996803, 5.600000000000002309 ) ) ;
#1814 = ORIENTED_EDGE ( 'NONE', *, *, #2617, .T. ) ;
#1815 = CARTESIAN_POINT ( 'NONE',  ( -2.971694662642938134, 3.500000000000000444, 6.000000000000000000 ) ) ;
#1816 = VERTEX_POINT ( 'NONE', #171 ) ;
#1817 = ORIENTED_EDGE ( 'NONE', *, *, #1214, .F. ) ;
#1818 = CARTESIAN_POINT ( 'NONE',  ( -7.495220836013654520, 8.100000000000001421, 5.000000000000000888 ) ) ;
#1819 = CARTESIAN_POINT ( 'NONE',  ( 10.44999999999999751, 1.399999999999999245, -1.999999999999998224 ) ) ;
#1820 = MECHANICAL_DESIGN_GEOMETRIC_PRESENTATION_REPRESENTATION (  '', ( #2594 ), #1450 ) ;
#1821 = DIRECTION ( 'NONE',  ( 0.000000000000000000, -1.000000000000000000, 0.000000000000000000 ) ) ;
#1822 = ORIENTED_EDGE ( 'NONE', *, *, #1889, .F. ) ;
#1823 = VERTEX_POINT ( 'NONE', #108 ) ;
#1824 = CARTESIAN_POINT ( 'NONE',  ( 3.471694662642943019, 7.750000000000001776, 6.000000000000000000 ) ) ;
#1825 = PLANE ( 'NONE',  #283 ) ;
#1826 = CARTESIAN_POINT ( 'NONE',  ( 10.00000000000000000, 0.000000000000000000, -1.999999999999999112 ) ) ;
#1827 = DIRECTION ( 'NONE',  ( 1.000000000000000000, 0.000000000000000000, -0.000000000000000000 ) ) ;
#1828 = ORIENTED_EDGE ( 'NONE', *, *, #2464, .T. ) ;
#1829 = DIRECTION ( 'NONE',  ( -0.000000000000000000, 0.000000000000000000, -1.000000000000000000 ) ) ;
#1830 = CARTESIAN_POINT ( 'NONE',  ( 15.00000000000000000, 0.000000000000000000, 0.000000000000000000 ) ) ;
#1831 = ADVANCED_FACE ( 'NONE', ( #1741 ), #480, .F. ) ;
#1832 = EDGE_CURVE ( 'NONE', #723, #2780, #264, .T. ) ;
#1833 =( LENGTH_UNIT ( ) NAMED_UNIT ( * ) SI_UNIT ( .MILLI., .METRE. ) );
#1834 = EDGE_LOOP ( 'NONE', ( #1416, #931, #3043, #2774 ) ) ;
#1835 = LINE ( 'NONE', #4011, #1788 ) ;
#1836 = ADVANCED_FACE ( 'NONE', ( #3296 ), #1825, .T. ) ;
#1837 = CARTESIAN_POINT ( 'NONE',  ( -11.00000000000000000, 8.100000000000001421, 6.000000000000000888 ) ) ;
#1838 = ORIENTED_EDGE ( 'NONE', *, *, #822, .T. ) ;
#1839 = EDGE_LOOP ( 'NONE', ( #1169, #2826, #2851, #2821 ) ) ;
#1840 = DIRECTION ( 'NONE',  ( 0.000000000000000000, 0.000000000000000000, 1.000000000000000000 ) ) ;
#1841 = DIRECTION ( 'NONE',  ( 0.000000000000000000, 1.000000000000000000, 0.000000000000000000 ) ) ;
#1842 = VECTOR ( 'NONE', #2553, 1000.000000000000000 ) ;
#1843 = DIRECTION ( 'NONE',  ( 1.000000000000000000, 0.000000000000000000, 0.000000000000000000 ) ) ;
#1844 = CARTESIAN_POINT ( 'NONE',  ( 7.250000000000002665, 3.350000000000000533, 7.414213562373094923 ) ) ;
#1845 = SURFACE_SIDE_STYLE ('',( #2725 ) ) ;
#1846 = DIRECTION ( 'NONE',  ( 0.000000000000000000, 1.000000000000000000, 1.126443815569355400E-16 ) ) ;
#1847 = CARTESIAN_POINT ( 'NONE',  ( 7.995220836013659849, 4.349999999999999645, 5.000000000000000888 ) ) ;
#1848 = EDGE_LOOP ( 'NONE', ( #4111, #1522, #2503, #3920 ) ) ;
#1849 = ORIENTED_EDGE ( 'NONE', *, *, #1479, .F. ) ;
#1850 = VECTOR ( 'NONE', #4172, 1000.000000000000000 ) ;
#1851 = VECTOR ( 'NONE', #3721, 1000.000000000000000 ) ;
#1852 = CARTESIAN_POINT ( 'NONE',  ( -5.426249908001931743, 1.308051797165927566, 5.747117124534515398 ) ) ;
#1853 = VERTEX_POINT ( 'NONE', #1734 ) ;
#1854 = DIRECTION ( 'NONE',  ( 0.000000000000000000, 0.000000000000000000, 1.000000000000000000 ) ) ;
#1855 = FACE_OUTER_BOUND ( 'NONE', #1541, .T. ) ;
#1856 = EDGE_CURVE ( 'NONE', #1421, #3305, #1777, .T. ) ;
#1857 = DIRECTION ( 'NONE',  ( -0.000000000000000000, -0.9396926207859095381, 0.3420201433256657153 ) ) ;
#1858 = EDGE_LOOP ( 'NONE', ( #1481, #1261, #1130, #2066 ) ) ;
#1859 = DIRECTION ( 'NONE',  ( -0.000000000000000000, -1.000000000000000000, -0.000000000000000000 ) ) ;
#1860 = ORIENTED_EDGE ( 'NONE', *, *, #1610, .F. ) ;
#1861 = ADVANCED_FACE ( 'NONE', ( #3333 ), #3641, .T. ) ;
#1862 = LINE ( 'NONE', #1114, #1880 ) ;
#1863 = VECTOR ( 'NONE', #3551, 1000.000000000000000 ) ;
#1864 = AXIS2_PLACEMENT_3D ( 'NONE', #1476, #3740, #2114 ) ;
#1865 = CARTESIAN_POINT ( 'NONE',  ( -6.922750675858694969, 8.811691177043677214, 4.220772057390808740 ) ) ;
#1866 = SHAPE_DEFINITION_REPRESENTATION ( #2363, #1511 ) ;
#1867 = AXIS2_PLACEMENT_3D ( 'NONE', #2871, #637, #957 ) ;
#1868 = EDGE_LOOP ( 'NONE', ( #3867, #3916, #4007, #3850 ) ) ;
#1869 = ORIENTED_EDGE ( 'NONE', *, *, #3432, .T. ) ;
#1870 = DIRECTION ( 'NONE',  ( -1.000000000000000000, -1.245016848787182258E-16, -0.000000000000000000 ) ) ;
#1871 = ADVANCED_FACE ( 'NONE', ( #606 ), #2713, .F. ) ;
#1872 = DIRECTION ( 'NONE',  ( 1.000000000000000000, 0.000000000000000000, -0.000000000000000000 ) ) ;
#1873 = EDGE_CURVE ( 'NONE', #1571, #3883, #695, .T. ) ;
#1874 = CARTESIAN_POINT ( 'NONE',  ( 7.504779163986344592, 3.350000000000000533, 5.000000000000000888 ) ) ;
#1875 = AXIS2_PLACEMENT_3D ( 'NONE', #3232, #1197, #709 ) ;
#1876 = CARTESIAN_POINT ( 'NONE',  ( 9.900000000000003908, 8.500000000000000000, -5.500000000000000000 ) ) ;
#1877 = DIRECTION ( 'NONE',  ( 0.000000000000000000, 0.000000000000000000, 1.000000000000000000 ) ) ;
#1878 = DIRECTION ( 'NONE',  ( -0.000000000000000000, -0.000000000000000000, 1.000000000000000000 ) ) ;
#1879 = CARTESIAN_POINT ( 'NONE',  ( -1.749999999999997113, -3.500000000000000000, -4.245220836013659849 ) ) ;
#1880 = VECTOR ( 'NONE', #495, 1000.000000000000000 ) ;
#1881 = CARTESIAN_POINT ( 'NONE',  ( 11.00000000000000000, 8.500000000000000000, 3.300000000000000711 ) ) ;
#1882 = VERTEX_POINT ( 'NONE', #3926 ) ;
#1883 = VECTOR ( 'NONE', #699, 1000.000000000000000 ) ;
#1884 = DIRECTION ( 'NONE',  ( 0.000000000000000000, -1.000000000000000000, 0.000000000000000000 ) ) ;
#1885 = CARTESIAN_POINT ( 'NONE',  ( 10.44999999999999751, 1.399999999999999245, -1.999999999999998224 ) ) ;
#1886 = CARTESIAN_POINT ( 'NONE',  ( 10.44999999999999751, 1.399999999999999245, -27.57388467569065682 ) ) ;
#1887 = DIRECTION ( 'NONE',  ( -0.9396926207859095381, 0.000000000000000000, 0.3420201433256657153 ) ) ;
#1888 = VERTEX_POINT ( 'NONE', #3301 ) ;
#1889 = EDGE_CURVE ( 'NONE', #4010, #1159, #716, .T. ) ;
#1890 = LINE ( 'NONE', #3591, #462 ) ;
#1891 = VERTEX_POINT ( 'NONE', #3049 ) ;
#1892 = CARTESIAN_POINT ( 'NONE',  ( -11.00000000000000000, 8.500000000000000000, 5.000000000000000888 ) ) ;
#1893 = ORIENTED_EDGE ( 'NONE', *, *, #371, .F. ) ;
#1894 = CARTESIAN_POINT ( 'NONE',  ( -10.45000000000000107, 6.749999999999997335, 4.999999999999997335 ) ) ;
#1895 = EDGE_CURVE ( 'NONE', #3699, #647, #3589, .T. ) ;
#1896 = CARTESIAN_POINT ( 'NONE',  ( -7.749999999999998224, 3.500000000000000444, 5.000000000000000888 ) ) ;
#1897 = DIRECTION ( 'NONE',  ( -1.000000000000000000, 0.000000000000000000, 0.000000000000000000 ) ) ;
#1898 = CARTESIAN_POINT ( 'NONE',  ( -11.00000000000000000, 0.000000000000000000, -5.999999999999999112 ) ) ;
#1899 = EDGE_CURVE ( 'NONE', #1442, #1684, #3683, .T. ) ;
#1900 = DIRECTION ( 'NONE',  ( 0.000000000000000000, -1.000000000000000000, 0.000000000000000000 ) ) ;
#1901 = DIRECTION ( 'NONE',  ( 1.000000000000000000, 0.000000000000000000, 0.000000000000000000 ) ) ;
#1902 = ORIENTED_EDGE ( 'NONE', *, *, #1726, .T. ) ;
#1903 = ADVANCED_FACE ( 'NONE', ( #3609 ), #1477, .T. ) ;
#1904 = EDGE_CURVE ( 'NONE', #3331, #4048, #2256, .T. ) ;
#1905 = FILL_AREA_STYLE_COLOUR ( '', #1713 ) ;
#1906 = EDGE_CURVE ( 'NONE', #3863, #3991, #3616, .T. ) ;
#1907 = CARTESIAN_POINT ( 'NONE',  ( -4.399999999999995026, 7.700000000000000178, -6.000000000000000000 ) ) ;
#1908 = CARTESIAN_POINT ( 'NONE',  ( -11.00000000000000000, 8.500000000000000000, 5.000000000000000888 ) ) ;
#1909 = ORIENTED_EDGE ( 'NONE', *, *, #1749, .F. ) ;
#1910 =( GEOMETRIC_REPRESENTATION_CONTEXT ( 3 ) GLOBAL_UNCERTAINTY_ASSIGNED_CONTEXT ( ( #2032 ) ) GLOBAL_UNIT_ASSIGNED_CONTEXT ( ( #2345, #2317, #3340 ) ) REPRESENTATION_CONTEXT ( 'NONE', 'WORKASPACE' ) );
#1911 = VERTEX_POINT ( 'NONE', #33 ) ;
#1912 = CARTESIAN_POINT ( 'NONE',  ( -10.45000000000000107, 1.149999999999996581, 6.000000000000000888 ) ) ;
#1913 = CARTESIAN_POINT ( 'NONE',  ( 2.504779163986343260, -3.500000000000000000, 0.000000000000000000 ) ) ;
#1914 = DIRECTION ( 'NONE',  ( -1.000000000000000000, 0.000000000000000000, 0.000000000000000000 ) ) ;
#1915 = EDGE_CURVE ( 'NONE', #364, #2537, #18, .T. ) ;
#1916 = CARTESIAN_POINT ( 'NONE',  ( 11.00000000000000000, 7.700000000000000178, -5.999999999999998224 ) ) ;
#1917 = ADVANCED_FACE ( 'NONE', ( #1473 ), #724, .F. ) ;
#1918 = CARTESIAN_POINT ( 'NONE',  ( -2.749999999999996447, 4.349999999999999645, -1.999999999999999112 ) ) ;
#1919 = CARTESIAN_POINT ( 'NONE',  ( 0.000000000000000000, -3.500000000000000000, -3.754779163986341040 ) ) ;
#1920 = PLANE ( 'NONE',  #4129 ) ;
#1921 = ORIENTED_EDGE ( 'NONE', *, *, #3952, .F. ) ;
#1922 = ORIENTED_EDGE ( 'NONE', *, *, #3399, .T. ) ;
#1923 = CARTESIAN_POINT ( 'NONE',  ( 2.250000000000003553, 3.350000000000000533, 7.414213562373094923 ) ) ;
#1924 = CARTESIAN_POINT ( 'NONE',  ( -6.749999999999997335, -3.500000000000000000, -4.500000000000000888 ) ) ;
#1925 = EDGE_CURVE ( 'NONE', #2795, #2127, #64, .T. ) ;
#1926 = EDGE_LOOP ( 'NONE', ( #2737, #2462, #3907, #2489 ) ) ;
#1927 = CARTESIAN_POINT ( 'NONE',  ( -9.189877573456625370, 1.399999999999997025, 5.600000000000000533 ) ) ;
#1928 = CARTESIAN_POINT ( 'NONE',  ( -1.585370489265857774, 4.514629510734137874, 3.847684136682078648 ) ) ;
#1929 = EDGE_CURVE ( 'NONE', #2454, #3208, #2924, .T. ) ;
#1930 = DIRECTION ( 'NONE',  ( -1.055772176229289737E-16, 0.8479983040050880216, 0.5299989400031801523 ) ) ;
#1931 = ORIENTED_EDGE ( 'NONE', *, *, #672, .T. ) ;
#1932 = CARTESIAN_POINT ( 'NONE',  ( -4.189877573456628035, 1.399999999999996803, -5.938035677847513405 ) ) ;
#1933 = PLANE ( 'NONE',  #682 ) ;
#1934 = ORIENTED_EDGE ( 'NONE', *, *, #2040, .T. ) ;
#1935 = EDGE_LOOP ( 'NONE', ( #4094, #2799, #2335, #1838 ) ) ;
#1936 = LINE ( 'NONE', #1847, #529 ) ;
#1937 = STYLED_ITEM ( 'NONE', ( #3942 ), #898 ) ;
#1938 = DIRECTION ( 'NONE',  ( -1.000000000000000000, 0.000000000000000000, -0.000000000000000000 ) ) ;
#1939 = DIRECTION ( 'NONE',  ( 1.000000000000000000, 1.245016848787182258E-16, 0.000000000000000000 ) ) ;
#1940 = ORIENTED_EDGE ( 'NONE', *, *, #1856, .T. ) ;
#1941 = CARTESIAN_POINT ( 'NONE',  ( -0.5486108777795033475, 1.224578106523809273, 5.880675029561902356 ) ) ;
#1942 = CARTESIAN_POINT ( 'NONE',  ( -6.749999999999997335, 3.350000000000000533, 4.299999999999992717 ) ) ;
#1943 = ORIENTED_EDGE ( 'NONE', *, *, #34, .T. ) ;
#1944 = AXIS2_PLACEMENT_3D ( 'NONE', #3470, #227, #1176 ) ;
#1945 = LINE ( 'NONE', #1317, #618 ) ;
#1946 = STYLED_ITEM ( 'NONE', ( #259 ), #1511 ) ;
#1947 = EDGE_LOOP ( 'NONE', ( #4164, #2430, #3988, #1059 ) ) ;
#1948 = CARTESIAN_POINT ( 'NONE',  ( -11.00000000000000000, 8.100000000000001421, 6.000000000000000888 ) ) ;
#1949 = AXIS2_PLACEMENT_3D ( 'NONE', #3345, #728, #3902 ) ;
#1950 = ADVANCED_FACE ( 'NONE', ( #1510 ), #3242, .F. ) ;
#1951 = CARTESIAN_POINT ( 'NONE',  ( 3.250000000000002665, 3.350000000000000533, -1.999999999999999112 ) ) ;
#1952 = CARTESIAN_POINT ( 'NONE',  ( 8.250000000000001776, 3.500000000000000444, 5.000000000000000888 ) ) ;
#1953 = AXIS2_PLACEMENT_3D ( 'NONE', #2390, #4020, #2021 ) ;
#1954 = AXIS2_PLACEMENT_3D ( 'NONE', #2706, #3070, #3995 ) ;
#1955 = EDGE_LOOP ( 'NONE', ( #468, #1902, #499, #842 ) ) ;
#1956 = DIRECTION ( 'NONE',  ( 0.3236155771181821739, -0.8891264907159901476, -0.3236155771181821739 ) ) ;
#1957 = DIRECTION ( 'NONE',  ( -1.000000000000000000, 0.000000000000000000, 0.000000000000000000 ) ) ;
#1958 = CARTESIAN_POINT ( 'NONE',  ( -1.749999999999997113, -3.500000000000000000, -3.500000000000000000 ) ) ;
#1959 = CARTESIAN_POINT ( 'NONE',  ( -6.749999999999997335, 0.000000000000000000, -4.500000000000000888 ) ) ;
#1960 = ORIENTED_EDGE ( 'NONE', *, *, #2004, .F. ) ;
#1961 = EDGE_CURVE ( 'NONE', #231, #3991, #92, .T. ) ;
#1962 = VERTEX_POINT ( 'NONE', #2143 ) ;
#1963 = DIRECTION ( 'NONE',  ( -1.000000000000000000, 0.000000000000000000, -0.000000000000000000 ) ) ;
#1964 = CARTESIAN_POINT ( 'NONE',  ( -2.749999999999998224, 0.000000000000000000, -4.500000000000000888 ) ) ;
#1965 = ORIENTED_EDGE ( 'NONE', *, *, #3779, .T. ) ;
#1966 = EDGE_CURVE ( 'NONE', #2918, #905, #1663, .T. ) ;
#1967 = CARTESIAN_POINT ( 'NONE',  ( -7.004779163986339263, 8.100000000000001421, 5.000000000000000888 ) ) ;
#1968 = VECTOR ( 'NONE', #688, 1000.000000000000114 ) ;
#1969 = CARTESIAN_POINT ( 'NONE',  ( 4.900000000000004796, 0.000000000000000000, -5.999999999999999112 ) ) ;
#1970 = ADVANCED_FACE ( 'NONE', ( #3136 ), #3712, .F. ) ;
#1971 = EDGE_CURVE ( 'NONE', #1994, #1891, #257, .T. ) ;
#1972 = ORIENTED_EDGE ( 'NONE', *, *, #3011, .F. ) ;
#1973 = CARTESIAN_POINT ( 'NONE',  ( -7.749999999999996447, 3.350000000000000533, -1.999999999999999112 ) ) ;
#1974 = PLANE ( 'NONE',  #3257 ) ;
#1975 = CARTESIAN_POINT ( 'NONE',  ( -6.749999999999997335, 8.500000000000000000, 5.000000000000000888 ) ) ;
#1976 = VERTEX_POINT ( 'NONE', #1546 ) ;
#1977 = ORIENTED_EDGE ( 'NONE', *, *, #163, .T. ) ;
#1978 =( BOUNDED_CURVE ( )  B_SPLINE_CURVE ( 3, ( #3226, #864, #1248, #2122 ),
 .UNSPECIFIED., .F., .F. ) 
 B_SPLINE_CURVE_WITH_KNOTS ( ( 4, 4 ),
 ( 5.613472538226063513, 5.755549824914804269 ),
 .UNSPECIFIED. ) 
 CURVE ( )  GEOMETRIC_REPRESENTATION_ITEM ( )  RATIONAL_B_SPLINE_CURVE ( ( 1.000000000000000000, 0.9983185443496556122, 0.9983185443496556122, 1.000000000000000000 ) ) 
 REPRESENTATION_ITEM ( '' )  );
#1979 = CARTESIAN_POINT ( 'NONE',  ( 9.689877573456632476, 1.399999999999996803, -5.938035677847513405 ) ) ;
#1980 = EDGE_LOOP ( 'NONE', ( #4181, #4228, #4216, #16 ) ) ;
#1981 = FACE_OUTER_BOUND ( 'NONE', #1503, .T. ) ;
#1982 = DIRECTION ( 'NONE',  ( 1.000000000000000000, 0.000000000000000000, -0.000000000000000000 ) ) ;
#1983 = EDGE_LOOP ( 'NONE', ( #3244, #223, #1595, #4166, #3388, #1647, #2621, #123, #1581, #1611, #219, #2942 ) ) ;
#1984 = AXIS2_PLACEMENT_3D ( 'NONE', #1764, #2747, #3693 ) ;
#1985 = PLANE ( 'NONE',  #254 ) ;
#1986 = EDGE_LOOP ( 'NONE', ( #997, #763, #2076, #798 ) ) ;
#1987 = AXIS2_PLACEMENT_3D ( 'NONE', #3206, #2493, #1229 ) ;
#1988 = DIRECTION ( 'NONE',  ( 0.000000000000000000, -0.000000000000000000, -1.000000000000000000 ) ) ;
#1989 = VERTEX_POINT ( 'NONE', #538 ) ;
#1990 = CARTESIAN_POINT ( 'NONE',  ( -9.399999999999995026, 7.700000000000000178, -5.999999999999998224 ) ) ;
#1991 = DIRECTION ( 'NONE',  ( 1.000000000000000000, 0.000000000000000000, 0.000000000000000000 ) ) ;
#1992 = LINE ( 'NONE', #1747, #1968 ) ;
#1993 = DIRECTION ( 'NONE',  ( -1.000000000000000000, 0.000000000000000000, 0.000000000000000000 ) ) ;
#1994 = VERTEX_POINT ( 'NONE', #1241 ) ;
#1995 = DIRECTION ( 'NONE',  ( -1.000000000000000000, 0.000000000000000000, -0.000000000000000000 ) ) ;
#1996 = EDGE_CURVE ( 'NONE', #1823, #1911, #3098, .T. ) ;
#1997 = DIRECTION ( 'NONE',  ( 0.9762960071199332512, 0.000000000000000000, -0.2164396139381033479 ) ) ;
#1998 = VERTEX_POINT ( 'NONE', #1608 ) ;
#1999 = LINE ( 'NONE', #3605, #4008 ) ;
#2000 = ADVANCED_FACE ( 'NONE', ( #3061 ), #1506, .T. ) ;
#2001 = DIRECTION ( 'NONE',  ( -0.000000000000000000, -0.3420201433256658263, -0.9396926207859095381 ) ) ;
#2002 = DIRECTION ( 'NONE',  ( 1.245016848787182258E-16, -1.000000000000000000, 0.000000000000000000 ) ) ;
#2003 = LINE ( 'NONE', #4208, #641 ) ;
#2004 = EDGE_CURVE ( 'NONE', #1368, #1994, #211, .T. ) ;
#2005 = DIRECTION ( 'NONE',  ( -1.000000000000000000, 0.000000000000000000, 0.000000000000000000 ) ) ;
#2006 = ORIENTED_EDGE ( 'NONE', *, *, #1915, .T. ) ;
#2007 = ORIENTED_EDGE ( 'NONE', *, *, #3441, .F. ) ;
#2008 = CARTESIAN_POINT ( 'NONE',  ( -3.951389122220492212, 1.224578106523809273, 5.880675029561902356 ) ) ;
#2009 = FILL_AREA_STYLE_COLOUR ( '', #1028 ) ;
#2010 = ORIENTED_EDGE ( 'NONE', *, *, #880, .T. ) ;
#2011 = DIRECTION ( 'NONE',  ( -0.000000000000000000, 1.000000000000000000, -0.000000000000000000 ) ) ;
#2012 = ORIENTED_EDGE ( 'NONE', *, *, #2935, .T. ) ;
#2013 = DIRECTION ( 'NONE',  ( 1.000000000000000000, -0.000000000000000000, 0.000000000000000000 ) ) ;
#2014 = EDGE_CURVE ( 'NONE', #2512, #2537, #341, .T. ) ;
#2015 = CARTESIAN_POINT ( 'NONE',  ( -11.00000000000000000, 7.700000000000000178, -5.500000000000000000 ) ) ;
#2016 = ORIENTED_EDGE ( 'NONE', *, *, #2467, .F. ) ;
#2017 = CARTESIAN_POINT ( 'NONE',  ( -7.749999999999996447, 4.095220836013657717, 5.000000000000000888 ) ) ;
#2018 = DIRECTION ( 'NONE',  ( 0.3236155771181821184, 0.3236155771181821184, 0.8891264907159901476 ) ) ;
#2019 = ORIENTED_EDGE ( 'NONE', *, *, #1235, .F. ) ;
#2020 = EDGE_CURVE ( 'NONE', #3772, #3561, #3104, .T. ) ;
#2021 = DIRECTION ( 'NONE',  ( 1.665334536937734811E-15, 1.000000000000000000, 1.387778780781445676E-16 ) ) ;
#2022 = CARTESIAN_POINT ( 'NONE',  ( 9.900000000000003908, 8.500000000000000000, -5.500000000000000000 ) ) ;
#2023 = DIRECTION ( 'NONE',  ( -0.000000000000000000, 0.000000000000000000, 1.000000000000000000 ) ) ;
#2024 = CARTESIAN_POINT ( 'NONE',  ( -0.09999999999999592548, 7.700000000000000178, -5.999999999999998224 ) ) ;
#2025 = VERTEX_POINT ( 'NONE', #2117 ) ;
#2026 = AXIS2_PLACEMENT_3D ( 'NONE', #1125, #817, #3676 ) ;
#2027 = CIRCLE ( 'NONE', #2225, 3.125000000000000000 ) ;
#2028 = VERTEX_POINT ( 'NONE', #3189 ) ;
#2029 = EDGE_LOOP ( 'NONE', ( #4071, #4001, #2650, #2598 ) ) ;
#2030 = CARTESIAN_POINT ( 'NONE',  ( 2.250000000000001776, 6.749999999999997335, 5.000000000000000888 ) ) ;
#2031 = PLANE ( 'NONE',  #179 ) ;
#2032 = UNCERTAINTY_MEASURE_WITH_UNIT (LENGTH_MEASURE( 1.000000000000000082E-05 ), #2345, 'distance_accuracy_value', 'NONE');
#2033 = EDGE_CURVE ( 'NONE', #2028, #2669, #3144, .T. ) ;
#2034 = CARTESIAN_POINT ( 'NONE',  ( 3.471694662642943019, 3.500000000000000444, 6.000000000000000000 ) ) ;
#2035 = ORIENTED_EDGE ( 'NONE', *, *, #2652, .T. ) ;
#2036 = DIRECTION ( 'NONE',  ( 0.000000000000000000, -0.000000000000000000, -1.000000000000000000 ) ) ;
#2037 = DIRECTION ( 'NONE',  ( -0.000000000000000000, -0.000000000000000000, 1.000000000000000000 ) ) ;
#2038 = ORIENTED_EDGE ( 'NONE', *, *, #1082, .T. ) ;
#2039 = VECTOR ( 'NONE', #3072, 1000.000000000000000 ) ;
#2040 = EDGE_CURVE ( 'NONE', #2602, #113, #316, .T. ) ;
#2041 = CARTESIAN_POINT ( 'NONE',  ( 7.250000000000002665, 4.349999999999999645, 7.414213562373094923 ) ) ;
#2042 = VERTEX_POINT ( 'NONE', #586 ) ;
#2043 = DIRECTION ( 'NONE',  ( 0.000000000000000000, 0.000000000000000000, -1.000000000000000000 ) ) ;
#2044 = ORIENTED_EDGE ( 'NONE', *, *, #801, .T. ) ;
#2045 = DIRECTION ( 'NONE',  ( 1.245016848787182258E-16, -1.000000000000000000, 0.000000000000000000 ) ) ;
#2046 = ORIENTED_EDGE ( 'NONE', *, *, #3425, .F. ) ;
#2047 = EDGE_CURVE ( 'NONE', #1444, #77, #3110, .T. ) ;
#2048 = PLANE ( 'NONE',  #881 ) ;
#2049 = CARTESIAN_POINT ( 'NONE',  ( -2.749999999999996447, 4.349999999999999645, 4.299999999999992717 ) ) ;
#2050 = CARTESIAN_POINT ( 'NONE',  ( -1.749999999999997113, 8.500000000000000000, 5.000000000000000888 ) ) ;
#2051 = ORIENTED_EDGE ( 'NONE', *, *, #3087, .F. ) ;
#2052 = ORIENTED_EDGE ( 'NONE', *, *, #2453, .T. ) ;
#2053 = EDGE_CURVE ( 'NONE', #1355, #2777, #323, .T. ) ;
#2054 = EDGE_LOOP ( 'NONE', ( #4029, #2618, #4060, #2107, #3717, #2284 ) ) ;
#2055 = PLANE ( 'NONE',  #1864 ) ;
#2056 = EDGE_CURVE ( 'NONE', #891, #2298, #3176, .T. ) ;
#2057 = ORIENTED_EDGE ( 'NONE', *, *, #477, .T. ) ;
#2058 = ADVANCED_FACE ( 'NONE', ( #226 ), #3905, .T. ) ;
#2059 = DIRECTION ( 'NONE',  ( 1.000000000000000000, 1.245016848787182258E-16, 1.402441529595968838E-32 ) ) ;
#2060 = DIRECTION ( 'NONE',  ( 0.3236155771181821739, 0.8891264907159901476, -0.3236155771181821739 ) ) ;
#2061 = ORIENTED_EDGE ( 'NONE', *, *, #1010, .T. ) ;
#2062 = EDGE_CURVE ( 'NONE', #1438, #113, #3186, .T. ) ;
#2063 = VECTOR ( 'NONE', #843, 1000.000000000000000 ) ;
#2064 = CARTESIAN_POINT ( 'NONE',  ( 7.250000000000002665, 3.350000000000000533, -1.999999999999999112 ) ) ;
#2065 = DIRECTION ( 'NONE',  ( -0.000000000000000000, 1.000000000000000000, -0.000000000000000000 ) ) ;
#2066 = ORIENTED_EDGE ( 'NONE', *, *, #513, .T. ) ;
#2067 = LINE ( 'NONE', #3777, #3412 ) ;
#2068 = AXIS2_PLACEMENT_3D ( 'NONE', #3714, #4040, #1757 ) ;
#2069 = CARTESIAN_POINT ( 'NONE',  ( 5.810122426543374630, 1.399999999999997025, 5.600000000000000533 ) ) ;
#2070 = CARTESIAN_POINT ( 'NONE',  ( 2.250000000000001776, -3.500000000000000000, -4.500000000000000888 ) ) ;
#2071 = CARTESIAN_POINT ( 'NONE',  ( 10.44999999999999751, 1.399999999999999245, 5.600000000000000533 ) ) ;
#2072 = ORIENTED_EDGE ( 'NONE', *, *, #1422, .T. ) ;
#2073 = PLANE ( 'NONE',  #3921 ) ;
#2074 = DIRECTION ( 'NONE',  ( 0.000000000000000000, -1.000000000000000000, 0.000000000000000000 ) ) ;
#2075 = ORIENTED_EDGE ( 'NONE', *, *, #745, .T. ) ;
#2076 = ORIENTED_EDGE ( 'NONE', *, *, #2694, .T. ) ;
#2077 = DIRECTION ( 'NONE',  ( 0.000000000000000000, 0.000000000000000000, -1.000000000000000000 ) ) ;
#2078 = CARTESIAN_POINT ( 'NONE',  ( 3.250000000000002665, -3.500000000000000000, -3.500000000000000000 ) ) ;
#2079 = MECHANICAL_DESIGN_GEOMETRIC_PRESENTATION_REPRESENTATION (  '', ( #1946 ), #3606 ) ;
#2080 = ORIENTED_EDGE ( 'NONE', *, *, #496, .T. ) ;
#2081 = AXIS2_PLACEMENT_3D ( 'NONE', #3945, #3999, #692 ) ;
#2082 =( NAMED_UNIT ( * ) PLANE_ANGLE_UNIT ( ) SI_UNIT ( $, .RADIAN. ) );
#2083 = VECTOR ( 'NONE', #2913, 1000.000000000000000 ) ;
#2084 = UNCERTAINTY_MEASURE_WITH_UNIT (LENGTH_MEASURE( 1.000000000000000082E-05 ), #1239, 'distance_accuracy_value', 'NONE');
#2085 = EDGE_CURVE ( 'NONE', #153, #2727, #3046, .T. ) ;
#2086 = ORIENTED_EDGE ( 'NONE', *, *, #34, .F. ) ;
#2087 = DIRECTION ( 'NONE',  ( -0.000000000000000000, 0.000000000000000000, -1.000000000000000000 ) ) ;
#2088 = CARTESIAN_POINT ( 'NONE',  ( -2.749999999999998224, 3.500000000000000444, 5.000000000000000888 ) ) ;
#2089 = DIRECTION ( 'NONE',  ( -0.000000000000000000, 1.000000000000000000, -0.000000000000000000 ) ) ;
#2090 = ORIENTED_EDGE ( 'NONE', *, *, #2004, .T. ) ;
#2091 = CARTESIAN_POINT ( 'NONE',  ( -6.611552249704240936, -2.419617932288108619, -3.361552249704243600 ) ) ;
#2092 = CARTESIAN_POINT ( 'NONE',  ( 8.250000000000001776, 3.350000000000000533, -1.999999999999999112 ) ) ;
#2093 = EDGE_LOOP ( 'NONE', ( #736, #3149, #1606, #3037 ) ) ;
#2094 = EDGE_CURVE ( 'NONE', #3868, #1056, #246, .T. ) ;
#2095 = EDGE_CURVE ( 'NONE', #195, #3944, #3068, .T. ) ;
#2096 = CARTESIAN_POINT ( 'NONE',  ( 4.000000000000000000, 3.604779163986342461, 5.000000000000000888 ) ) ;
#2097 = VERTEX_POINT ( 'NONE', #3934 ) ;
#2098 = CARTESIAN_POINT ( 'NONE',  ( 2.995220836013660737, 8.100000000000001421, 5.000000000000000888 ) ) ;
#2099 = DIRECTION ( 'NONE',  ( 0.000000000000000000, -1.000000000000000000, 0.000000000000000000 ) ) ;
#2100 = EDGE_LOOP ( 'NONE', ( #2478, #2776, #1427, #2399 ) ) ;
#2101 = CARTESIAN_POINT ( 'NONE',  ( -2.749999999999998224, -2.799999999999994937, -4.500000000000000888 ) ) ;
#2102 = EDGE_CURVE ( 'NONE', #2926, #2190, #1654, .T. ) ;
#2103 = VECTOR ( 'NONE', #2227, 1000.000000000000000 ) ;
#2104 = CARTESIAN_POINT ( 'NONE',  ( -5.310122426543366636, 1.399999999999996803, 5.600000000000002309 ) ) ;
#2105 = EDGE_LOOP ( 'NONE', ( #3237, #443, #1960, #2295 ) ) ;
#2106 = CARTESIAN_POINT ( 'NONE',  ( 10.44999999999999751, 7.750000000000005329, 6.000000000000000888 ) ) ;
#2107 = ORIENTED_EDGE ( 'NONE', *, *, #2868, .T. ) ;
#2108 = EDGE_CURVE ( 'NONE', #1989, #2591, #3073, .T. ) ;
#2109 = CARTESIAN_POINT ( 'NONE',  ( -6.528305337357057425, 3.500000000000000444, 6.000000000000000000 ) ) ;
#2110 = ORIENTED_EDGE ( 'NONE', *, *, #434, .F. ) ;
#2111 = ORIENTED_EDGE ( 'NONE', *, *, #3399, .F. ) ;
#2112 = EDGE_CURVE ( 'NONE', #308, #4099, #444, .T. ) ;
#2113 = CARTESIAN_POINT ( 'NONE',  ( -7.749999999999996447, 3.350000000000000533, -1.999999999999999112 ) ) ;
#2114 = DIRECTION ( 'NONE',  ( 0.000000000000000000, 0.000000000000000000, 1.000000000000000000 ) ) ;
#2115 = LINE ( 'NONE', #670, #760 ) ;
#2116 = LINE ( 'NONE', #1932, #376 ) ;
#2117 = CARTESIAN_POINT ( 'NONE',  ( 0.8101224265433751848, 1.399999999999997025, 5.600000000000000533 ) ) ;
#2118 = CARTESIAN_POINT ( 'NONE',  ( 5.600000000000004086, 0.000000000000000000, -5.500000000000000000 ) ) ;
#2119 = ORIENTED_EDGE ( 'NONE', *, *, #1274, .F. ) ;
#2120 = CARTESIAN_POINT ( 'NONE',  ( 7.995220836013661625, -3.500000000000000000, -4.245220836013659849 ) ) ;
#2121 = DIRECTION ( 'NONE',  ( 0.000000000000000000, -1.000000000000000000, -1.126443815569355400E-16 ) ) ;
#2122 = CARTESIAN_POINT ( 'NONE',  ( 6.176588102244046752, 1.149999999999998579, 6.000000000000000000 ) ) ;
#2123 = CARTESIAN_POINT ( 'NONE',  ( 2.250000000000003553, 3.350000000000000533, -1.999999999999999112 ) ) ;
#2124 = ORIENTED_EDGE ( 'NONE', *, *, #1208, .F. ) ;
#2125 = FACE_OUTER_BOUND ( 'NONE', #1700, .T. ) ;
#2126 = DIRECTION ( 'NONE',  ( 0.9762960071199332512, 0.000000000000000000, -0.2164396139381033479 ) ) ;
#2127 = VERTEX_POINT ( 'NONE', #10 ) ;
#2128 = CARTESIAN_POINT ( 'NONE',  ( -1.749999999999997113, 3.350000000000000533, 4.299999999999992717 ) ) ;
#2129 = PLANE ( 'NONE',  #2131 ) ;
#2130 = DIRECTION ( 'NONE',  ( 0.000000000000000000, 0.000000000000000000, -1.000000000000000000 ) ) ;
#2131 = AXIS2_PLACEMENT_3D ( 'NONE', #2418, #2451, #764 ) ;
#2132 = ADVANCED_FACE ( 'NONE', ( #448 ), #921, .F. ) ;
#2133 = DIRECTION ( 'NONE',  ( 0.000000000000000000, 0.000000000000000000, -1.000000000000000000 ) ) ;
#2134 = AXIS2_PLACEMENT_3D ( 'NONE', #1908, #2164, #2504 ) ;
#2135 = DIRECTION ( 'NONE',  ( 0.000000000000000000, -0.3713906763541032774, 0.9284766908852595257 ) ) ;
#2136 = ORIENTED_EDGE ( 'NONE', *, *, #3969, .T. ) ;
#2137 = AXIS2_PLACEMENT_3D ( 'NONE', #2968, #3258, #3544 ) ;
#2138 = LINE ( 'NONE', #1894, #3565 ) ;
#2139 = EDGE_LOOP ( 'NONE', ( #4214, #1223, #1121, #2825 ) ) ;
#2140 = CARTESIAN_POINT ( 'NONE',  ( 7.250000000000000888, 8.500000000000000000, 5.000000000000000888 ) ) ;
#2141 = FACE_OUTER_BOUND ( 'NONE', #4151, .T. ) ;
#2142 = ORIENTED_EDGE ( 'NONE', *, *, #714, .T. ) ;
#2143 = CARTESIAN_POINT ( 'NONE',  ( 4.900000000000004796, 0.000000000000000000, -6.000000000000000000 ) ) ;
#2144 = ORIENTED_EDGE ( 'NONE', *, *, #2062, .F. ) ;
#2145 = CARTESIAN_POINT ( 'NONE',  ( -2.749999999999998224, 3.500000000000000444, 5.000000000000000888 ) ) ;
#2146 = CLOSED_SHELL ( 'NONE', ( #3720, #2461, #301, #4232, #3146, #4015, #1301, #2433, #3652, #237 ) ) ;
#2147 = PLANE ( 'NONE',  #2894 ) ;
#2148 = CARTESIAN_POINT ( 'NONE',  ( 2.250000000000003553, 4.349999999999999645, 4.299999999999992717 ) ) ;
#2149 = CARTESIAN_POINT ( 'NONE',  ( -6.528305337357057425, 8.100000000000001421, 6.000000000000000000 ) ) ;
#2150 = CARTESIAN_POINT ( 'NONE',  ( -1.749999999999997113, -2.799999999999994937, -4.500000000000000888 ) ) ;
#2151 = CARTESIAN_POINT ( 'NONE',  ( 1.176588102244047640, 1.149999999999998579, 6.000000000000000000 ) ) ;
#2152 = VERTEX_POINT ( 'NONE', #1304 ) ;
#2153 = ADVANCED_FACE ( 'NONE', ( #3308 ), #457, .F. ) ;
#2154 = LINE ( 'NONE', #1137, #772 ) ;
#2155 = ORIENTED_EDGE ( 'NONE', *, *, #2694, .F. ) ;
#2156 = DIRECTION ( 'NONE',  ( 1.000000000000000000, 1.245016848787182258E-16, 0.000000000000000000 ) ) ;
#2157 = ORIENTED_EDGE ( 'NONE', *, *, #416, .T. ) ;
#2158 = EDGE_CURVE ( 'NONE', #3165, #2949, #3202, .T. ) ;
#2159 = LINE ( 'NONE', #3763, #3602 ) ;
#2160 = EDGE_CURVE ( 'NONE', #2097, #2758, #1802, .T. ) ;
#2161 = ADVANCED_FACE ( 'NONE', ( #1789 ), #735, .T. ) ;
#2162 = FACE_OUTER_BOUND ( 'NONE', #4205, .T. ) ;
#2163 = EDGE_LOOP ( 'NONE', ( #447, #1869, #962, #946 ) ) ;
#2164 = DIRECTION ( 'NONE',  ( -0.000000000000000000, 0.9284766908852595257, 0.3713906763541032774 ) ) ;
#2165 = CARTESIAN_POINT ( 'NONE',  ( 10.44999999999999751, 1.399999999999999245, -1.999999999999998224 ) ) ;
#2166 = VECTOR ( 'NONE', #3199, 999.9999999999998863 ) ;
#2167 = CARTESIAN_POINT ( 'NONE',  ( 7.250000000000000888, 0.000000000000000000, -4.500000000000000888 ) ) ;
#2168 =( GEOMETRIC_REPRESENTATION_CONTEXT ( 3 ) GLOBAL_UNCERTAINTY_ASSIGNED_CONTEXT ( ( #2084 ) ) GLOBAL_UNIT_ASSIGNED_CONTEXT ( ( #1239, #1271, #1300 ) ) REPRESENTATION_CONTEXT ( 'NONE', 'WORKASPACE' ) );
#2169 = VERTEX_POINT ( 'NONE', #1657 ) ;
#2170 = LINE ( 'NONE', #2958, #3497 ) ;
#2171 = CARTESIAN_POINT ( 'NONE',  ( -1.749999999999997113, -2.799999999999994937, -4.500000000000000888 ) ) ;
#2172 = CARTESIAN_POINT ( 'NONE',  ( -7.971694662642938134, 3.500000000000000444, 6.000000000000000000 ) ) ;
#2173 = CARTESIAN_POINT ( 'NONE',  ( 4.689877573456633364, 1.399999999999996803, 5.600000000000002309 ) ) ;
#2174 = DIRECTION ( 'NONE',  ( -1.000000000000000000, -1.245016848787182258E-16, -0.000000000000000000 ) ) ;
#2175 = EDGE_CURVE ( 'NONE', #3883, #2486, #1808, .T. ) ;
#2176 = CARTESIAN_POINT ( 'NONE',  ( -4.399999999999995026, 8.500000000000000000, -5.500000000000000000 ) ) ;
#2177 = ORIENTED_EDGE ( 'NONE', *, *, #3789, .F. ) ;
#2178 = AXIS2_PLACEMENT_3D ( 'NONE', #2648, #1376, #1721 ) ;
#2179 = PLANE ( 'NONE',  #4132 ) ;
#2180 = DIRECTION ( 'NONE',  ( -1.000000000000000000, 0.000000000000000000, 0.000000000000000000 ) ) ;
#2181 = FACE_OUTER_BOUND ( 'NONE', #2990, .T. ) ;
#2182 = DIRECTION ( 'NONE',  ( -1.000000000000000000, 0.000000000000000000, 0.000000000000000000 ) ) ;
#2183 = DIRECTION ( 'NONE',  ( 1.000000000000000000, 0.000000000000000000, 0.000000000000000000 ) ) ;
#2184 = EDGE_CURVE ( 'NONE', #680, #3874, #408, .T. ) ;
#2185 = DIRECTION ( 'NONE',  ( -0.000000000000000000, 0.9396926207859095381, 0.3420201433256657153 ) ) ;
#2186 = VECTOR ( 'NONE', #1559, 1000.000000000000000 ) ;
#2187 = LINE ( 'NONE', #1695, #748 ) ;
#2188 = CARTESIAN_POINT ( 'NONE',  ( -11.00000000000000000, 7.699999999999999289, 3.299999999999999822 ) ) ;
#2189 = EDGE_CURVE ( 'NONE', #3845, #3911, #3261, .T. ) ;
#2190 = VERTEX_POINT ( 'NONE', #1155 ) ;
#2191 = ADVANCED_FACE ( 'NONE', ( #1855 ), #1642, .T. ) ;
#2192 = CARTESIAN_POINT ( 'NONE',  ( -11.00000000000000000, 7.700000000000000178, -5.999999999999998224 ) ) ;
#2193 = CARTESIAN_POINT ( 'NONE',  ( 7.250000000000002665, 4.349999999999999645, 4.299999999999992717 ) ) ;
#2194 = DIRECTION ( 'NONE',  ( 0.3236155771181821739, 0.8891264907159901476, -0.3236155771181821739 ) ) ;
#2195 = VECTOR ( 'NONE', #422, 1000.000000000000000 ) ;
#2196 = DIRECTION ( 'NONE',  ( 0.3236155771181821739, 0.8891264907159901476, 0.3236155771181821739 ) ) ;
#2197 = DIRECTION ( 'NONE',  ( 1.000000000000000000, 0.000000000000000000, 0.000000000000000000 ) ) ;
#2198 = LINE ( 'NONE', #1470, #2253 ) ;
#2199 = EDGE_CURVE ( 'NONE', #1911, #2967, #1936, .T. ) ;
#2200 = CARTESIAN_POINT ( 'NONE',  ( -6.749999999999997335, 3.500000000000000444, 5.000000000000000888 ) ) ;
#2201 = DIRECTION ( 'NONE',  ( -1.000000000000000000, -1.245016848787182258E-16, 0.000000000000000000 ) ) ;
#2202 = ORIENTED_EDGE ( 'NONE', *, *, #3816, .T. ) ;
#2203 = PLANE ( 'NONE',  #3150 ) ;
#2204 = ORIENTED_EDGE ( 'NONE', *, *, #1778, .F. ) ;
#2205 = DIRECTION ( 'NONE',  ( 0.000000000000000000, 0.000000000000000000, -1.000000000000000000 ) ) ;
#2206 = CARTESIAN_POINT ( 'NONE',  ( 9.900000000000003908, 7.700000000000000178, -5.500000000000000000 ) ) ;
#2207 = DIRECTION ( 'NONE',  ( 0.000000000000000000, 0.000000000000000000, 1.000000000000000000 ) ) ;
#2208 = LINE ( 'NONE', #2427, #2236 ) ;
#2209 = ORIENTED_EDGE ( 'NONE', *, *, #3178, .T. ) ;
#2210 = EDGE_CURVE ( 'NONE', #2870, #43, #3381, .T. ) ;
#2211 = ORIENTED_EDGE ( 'NONE', *, *, #1799, .T. ) ;
#2212 = DIRECTION ( 'NONE',  ( 1.000000000000000000, 0.000000000000000000, 0.000000000000000000 ) ) ;
#2213 = EDGE_CURVE ( 'NONE', #3854, #4075, #3407, .T. ) ;
#2214 = DIRECTION ( 'NONE',  ( 0.9396926207859095381, 0.000000000000000000, 0.3420201433256657153 ) ) ;
#2215 = LINE ( 'NONE', #3392, #796 ) ;
#2216 = VECTOR ( 'NONE', #2919, 1000.000000000000000 ) ;
#2217 = ORIENTED_EDGE ( 'NONE', *, *, #2652, .F. ) ;
#2218 = FACE_OUTER_BOUND ( 'NONE', #617, .T. ) ;
#2219 = AXIS2_PLACEMENT_3D ( 'NONE', #1372, #2001, #1957 ) ;
#2220 = PLANE ( 'NONE',  #3363 ) ;
#2221 = ADVANCED_FACE ( 'NONE', ( #2125 ), #570, .T. ) ;
#2222 = VECTOR ( 'NONE', #1205, 1000.000000000000114 ) ;
#2223 = CARTESIAN_POINT ( 'NONE',  ( 5.600000000000004086, 8.500000000000000000, -5.500000000000000000 ) ) ;
#2224 = DIRECTION ( 'NONE',  ( -0.000000000000000000, -0.000000000000000000, -1.000000000000000000 ) ) ;
#2225 = AXIS2_PLACEMENT_3D ( 'NONE', #1036, #59, #1002 ) ;
#2226 = VECTOR ( 'NONE', #2337, 1000.000000000000000 ) ;
#2227 = DIRECTION ( 'NONE',  ( 1.000000000000000000, 0.000000000000000000, 0.000000000000000000 ) ) ;
#2228 = EDGE_CURVE ( 'NONE', #680, #41, #3556, .T. ) ;
#2229 = DIRECTION ( 'NONE',  ( -0.9762960071199332512, 0.000000000000000000, -0.2164396139381033479 ) ) ;
#2230 = AXIS2_PLACEMENT_3D ( 'NONE', #2460, #2214, #2624 ) ;
#2231 = CARTESIAN_POINT ( 'NONE',  ( 2.250000000000003553, 3.350000000000000533, 7.414213562373094923 ) ) ;
#2232 = ORIENTED_EDGE ( 'NONE', *, *, #2960, .T. ) ;
#2233 = DIRECTION ( 'NONE',  ( -1.000000000000000000, -1.245016848787182258E-16, -0.000000000000000000 ) ) ;
#2234 = CARTESIAN_POINT ( 'NONE',  ( -11.00000000000000000, -4.505775262277421601E-16, -1.999999999999999112 ) ) ;
#2235 = CARTESIAN_POINT ( 'NONE',  ( 2.576813176705869513, 4.023186823294135017, 6.149565596075033724 ) ) ;
#2236 = VECTOR ( 'NONE', #2854, 1000.000000000000000 ) ;
#2237 = LINE ( 'NONE', #406, #3612 ) ;
#2238 = DIRECTION ( 'NONE',  ( 0.000000000000000000, -1.000000000000000000, 0.000000000000000000 ) ) ;
#2239 = EDGE_CURVE ( 'NONE', #1072, #1449, #3080, .T. ) ;
#2240 = EDGE_LOOP ( 'NONE', ( #3281, #277, #3223, #2157 ) ) ;
#2241 = PLANE ( 'NONE',  #3111 ) ;
#2242 = CARTESIAN_POINT ( 'NONE',  ( -11.00000000000000000, 0.000000000000000000, -5.999999999999999112 ) ) ;
#2243 = ORIENTED_EDGE ( 'NONE', *, *, #3358, .T. ) ;
#2244 = CARTESIAN_POINT ( 'NONE',  ( -5.099999999999995204, 7.700000000000000178, -5.500000000000000000 ) ) ;
#2245 = LINE ( 'NONE', #2024, #2226 ) ;
#2246 = FACE_OUTER_BOUND ( 'NONE', #1456, .T. ) ;
#2247 = ORIENTED_EDGE ( 'NONE', *, *, #822, .F. ) ;
#2248 = FACE_OUTER_BOUND ( 'NONE', #2634, .T. ) ;
#2249 = EDGE_CURVE ( 'NONE', #337, #1044, #1660, .T. ) ;
#2250 = ADVANCED_FACE ( 'NONE', ( #253 ), #3429, .T. ) ;
#2251 = PLANE ( 'NONE',  #2134 ) ;
#2252 = ORIENTED_EDGE ( 'NONE', *, *, #3457, .F. ) ;
#2253 = VECTOR ( 'NONE', #3151, 1000.000000000000000 ) ;
#2254 = FACE_OUTER_BOUND ( 'NONE', #85, .T. ) ;
#2255 = DIRECTION ( 'NONE',  ( -1.000000000000000000, 0.000000000000000000, 0.000000000000000000 ) ) ;
#2256 = LINE ( 'NONE', #2091, #767 ) ;
#2257 = EDGE_CURVE ( 'NONE', #3404, #1277, #3095, .T. ) ;
#2258 = EDGE_LOOP ( 'NONE', ( #2881, #393, #1462, #2502 ) ) ;
#2259 = VERTEX_POINT ( 'NONE', #812 ) ;
#2260 = VECTOR ( 'NONE', #2842, 1000.000000000000000 ) ;
#2261 = CARTESIAN_POINT ( 'NONE',  ( 5.000000000000000000, -3.500000000000000000, -3.754779163986341040 ) ) ;
#2262 = EDGE_CURVE ( 'NONE', #1277, #2642, #82, .T. ) ;
#2263 = ORIENTED_EDGE ( 'NONE', *, *, #1278, .F. ) ;
#2264 = CARTESIAN_POINT ( 'NONE',  ( -7.004779163986338375, -3.500000000000000000, -4.245220836013659849 ) ) ;
#2265 = ORIENTED_EDGE ( 'NONE', *, *, #4178, .T. ) ;
#2266 = EDGE_CURVE ( 'NONE', #2708, #2572, #1646, .T. ) ;
#2267 = SURFACE_STYLE_FILL_AREA ( #3531 ) ;
#2268 = AXIS2_PLACEMENT_3D ( 'NONE', #3140, #3368, #497 ) ;
#2269 = CARTESIAN_POINT ( 'NONE',  ( -6.749999999999997335, 0.000000000000000000, -3.500000000000000000 ) ) ;
#2270 = ORIENTED_EDGE ( 'NONE', *, *, #696, .T. ) ;
#2271 = DIRECTION ( 'NONE',  ( -0.000000000000000000, -0.000000000000000000, -1.000000000000000000 ) ) ;
#2272 = DIRECTION ( 'NONE',  ( 0.1548704352003977824, 0.6985753890242775155, 0.6985753890242760722 ) ) ;
#2273 = LINE ( 'NONE', #2950, #845 ) ;
#2274 = AXIS2_PLACEMENT_3D ( 'NONE', #1919, #1676, #2212 ) ;
#2275 = CARTESIAN_POINT ( 'NONE',  ( -6.749999999999995559, 6.749999999999997335, 4.999999999999997335 ) ) ;
#2276 = ORIENTED_EDGE ( 'NONE', *, *, #2296, .F. ) ;
#2277 = DIRECTION ( 'NONE',  ( 0.000000000000000000, -1.000000000000000000, 0.000000000000000000 ) ) ;
#2278 = STYLED_ITEM ( 'NONE', ( #2989 ), #2626 ) ;
#2279 = CARTESIAN_POINT ( 'NONE',  ( 2.750000000000002665, 3.850000000000000089, 6.000000000000000000 ) ) ;
#2280 = PLANE ( 'NONE',  #2479 ) ;
#2281 = EDGE_CURVE ( 'NONE', #1571, #2983, #2856, .T. ) ;
#2282 = AXIS2_PLACEMENT_3D ( 'NONE', #3502, #2877, #287 ) ;
#2283 = ORIENTED_EDGE ( 'NONE', *, *, #1325, .T. ) ;
#2284 = ORIENTED_EDGE ( 'NONE', *, *, #1679, .T. ) ;
#2285 = LINE ( 'NONE', #792, #727 ) ;
#2286 = DIRECTION ( 'NONE',  ( 0.3236155771181821739, -0.8891264907159901476, -0.3236155771181821739 ) ) ;
#2287 = ORIENTED_EDGE ( 'NONE', *, *, #2189, .T. ) ;
#2288 = PLANE ( 'NONE',  #2495 ) ;
#2289 = CARTESIAN_POINT ( 'NONE',  ( -7.862265989857368353, 3.237734010142628183, 3.991551727894137702 ) ) ;
#2290 = ORIENTED_EDGE ( 'NONE', *, *, #3282, .T. ) ;
#2291 = ADVANCED_FACE ( 'NONE', ( #2932 ), #2953, .T. ) ;
#2292 = COLOUR_RGB ( '',0.7921568627450980005, 0.8196078431372548767, 0.9333333333333333481 ) ;
#2293 = DIRECTION ( 'NONE',  ( 0.000000000000000000, 0.000000000000000000, -1.000000000000000000 ) ) ;
#2294 = DIRECTION ( 'NONE',  ( 1.000000000000000000, 1.245016848787182258E-16, 1.402441529595968838E-32 ) ) ;
#2295 = ORIENTED_EDGE ( 'NONE', *, *, #1560, .F. ) ;
#2296 = EDGE_CURVE ( 'NONE', #519, #3845, #1467, .T. ) ;
#2297 = ORIENTED_EDGE ( 'NONE', *, *, #1806, .T. ) ;
#2298 = VERTEX_POINT ( 'NONE', #3887 ) ;
#2299 = CARTESIAN_POINT ( 'NONE',  ( -1.749999999999997113, 4.349999999999999645, 4.299999999999992717 ) ) ;
#2300 = ORIENTED_EDGE ( 'NONE', *, *, #2584, .F. ) ;
#2301 = FACE_OUTER_BOUND ( 'NONE', #3762, .T. ) ;
#2302 = CARTESIAN_POINT ( 'NONE',  ( 10.44999999999999751, 1.399999999999999245, -1.999999999999998224 ) ) ;
#2303 = FACE_OUTER_BOUND ( 'NONE', #3935, .T. ) ;
#2304 = EDGE_CURVE ( 'NONE', #2840, #236, #1480, .T. ) ;
#2305 = ORIENTED_EDGE ( 'NONE', *, *, #322, .F. ) ;
#2306 = DIRECTION ( 'NONE',  ( -0.000000000000000000, 0.9284766908852595257, 0.3713906763541032774 ) ) ;
#2307 = ORIENTED_EDGE ( 'NONE', *, *, #3457, .T. ) ;
#2308 = DIRECTION ( 'NONE',  ( 1.000000000000000000, 0.000000000000000000, 0.000000000000000000 ) ) ;
#2309 = DIRECTION ( 'NONE',  ( -0.000000000000000000, 1.000000000000000000, -0.000000000000000000 ) ) ;
#2310 = ORIENTED_EDGE ( 'NONE', *, *, #3373, .T. ) ;
#2311 = CARTESIAN_POINT ( 'NONE',  ( -5.099999999999995204, 8.500000000000000000, -5.500000000000000000 ) ) ;
#2312 = ORIENTED_EDGE ( 'NONE', *, *, #3578, .F. ) ;
#2313 = AXIS2_PLACEMENT_3D ( 'NONE', #2547, #866, #1249 ) ;
#2314 = ORIENTED_EDGE ( 'NONE', *, *, #1075, .T. ) ;
#2315 = CARTESIAN_POINT ( 'NONE',  ( 2.028305337357061866, 7.750000000000001776, 6.000000000000000000 ) ) ;
#2316 = LINE ( 'NONE', #2841, #906 ) ;
#2317 =( NAMED_UNIT ( * ) PLANE_ANGLE_UNIT ( ) SI_UNIT ( $, .RADIAN. ) );
#2318 = VERTEX_POINT ( 'NONE', #350 ) ;
#2319 = LINE ( 'NONE', #2580, #938 ) ;
#2320 = ADVANCED_FACE ( 'NONE', ( #2899 ), #2615, .T. ) ;
#2321 = DIRECTION ( 'NONE',  ( -1.000000000000000000, 0.000000000000000000, -0.000000000000000000 ) ) ;
#2322 = AXIS2_PLACEMENT_3D ( 'NONE', #3576, #2673, #645 ) ;
#2323 = SURFACE_STYLE_FILL_AREA ( #1445 ) ;
#2324 = DIRECTION ( 'NONE',  ( 0.000000000000000000, 0.000000000000000000, -1.000000000000000000 ) ) ;
#2325 = LINE ( 'NONE', #3271, #1041 ) ;
#2326 = DIRECTION ( 'NONE',  ( -1.000000000000000000, -0.000000000000000000, -0.000000000000000000 ) ) ;
#2327 = ORIENTED_EDGE ( 'NONE', *, *, #3310, .F. ) ;
#2328 = CARTESIAN_POINT ( 'NONE',  ( -1.611552249704241158, -2.419617932288108619, -3.361552249704243600 ) ) ;
#2329 = CARTESIAN_POINT ( 'NONE',  ( 2.250000000000001776, -3.500000000000000000, -3.754779163986341040 ) ) ;
#2330 = EDGE_LOOP ( 'NONE', ( #3703, #1921, #856, #1715 ) ) ;
#2331 = DIRECTION ( 'NONE',  ( 0.000000000000000000, -1.000000000000000000, 0.000000000000000000 ) ) ;
#2332 = LINE ( 'NONE', #117, #2419 ) ;
#2333 = ORIENTED_EDGE ( 'NONE', *, *, #3373, .F. ) ;
#2334 = FACE_OUTER_BOUND ( 'NONE', #4210, .T. ) ;
#2335 = ORIENTED_EDGE ( 'NONE', *, *, #359, .T. ) ;
#2336 = CARTESIAN_POINT ( 'NONE',  ( 4.689877573456633364, 1.399999999999996803, -5.938035677847513405 ) ) ;
#2337 = DIRECTION ( 'NONE',  ( 0.000000000000000000, -9.326470300950577354E-17, 1.000000000000000000 ) ) ;
#2338 = ORIENTED_EDGE ( 'NONE', *, *, #2996, .T. ) ;
#2339 = DIRECTION ( 'NONE',  ( 0.3236155771181821184, 0.3236155771181821184, -0.8891264907159901476 ) ) ;
#2340 = EDGE_CURVE ( 'NONE', #1684, #4064, #3058, .T. ) ;
#2341 = VERTEX_POINT ( 'NONE', #1907 ) ;
#2342 = VECTOR ( 'NONE', #4147, 1000.000000000000000 ) ;
#2343 = VERTEX_POINT ( 'NONE', #578 ) ;
#2344 = CARTESIAN_POINT ( 'NONE',  ( -4.189877573456624482, 1.399999999999997025, 5.600000000000000533 ) ) ;
#2345 =( LENGTH_UNIT ( ) NAMED_UNIT ( * ) SI_UNIT ( .MILLI., .METRE. ) );
#2346 = DIRECTION ( 'NONE',  ( -0.000000000000000000, 1.000000000000000000, -0.000000000000000000 ) ) ;
#2347 = EDGE_CURVE ( 'NONE', #337, #2343, #1501, .T. ) ;
#2348 = ORIENTED_EDGE ( 'NONE', *, *, #1379, .T. ) ;
#2349 = VECTOR ( 'NONE', #4035, 1000.000000000000000 ) ;
#2350 = DIRECTION ( 'NONE',  ( -0.000000000000000000, -0.000000000000000000, 1.000000000000000000 ) ) ;
#2351 = CLOSED_SHELL ( 'NONE', ( #197, #524, #1673, #1733, #3297, #1491, #1108, #3246, #1377, #1614 ) ) ;
#2352 = VECTOR ( 'NONE', #1666, 1000.000000000000000 ) ;
#2353 = ORIENTED_EDGE ( 'NONE', *, *, #2020, .F. ) ;
#2354 = LINE ( 'NONE', #248, #2373 ) ;
#2355 = CARTESIAN_POINT ( 'NONE',  ( -7.749999999999996447, 4.349999999999999645, 7.414213562373094923 ) ) ;
#2356 = ADVANCED_FACE ( 'NONE', ( #2922 ), #354, .T. ) ;
#2357 = VECTOR ( 'NONE', #3157, 1000.000000000000000 ) ;
#2358 = DIRECTION ( 'NONE',  ( -1.000000000000000000, -1.245016848787182258E-16, -1.402441529595968838E-32 ) ) ;
#2359 = EDGE_CURVE ( 'NONE', #2582, #1989, #2988, .T. ) ;
#2360 = CARTESIAN_POINT ( 'NONE',  ( -6.528305337357057425, 7.750000000000001776, 6.000000000000000000 ) ) ;
#2361 = LINE ( 'NONE', #2571, #3877 ) ;
#2362 = DIRECTION ( 'NONE',  ( 0.000000000000000000, 0.000000000000000000, 1.000000000000000000 ) ) ;
#2363 = PRODUCT_DEFINITION_SHAPE ( 'NONE', 'NONE',  #2488 ) ;
#2364 = ORIENTED_EDGE ( 'NONE', *, *, #4009, .F. ) ;
#2365 = LINE ( 'NONE', #3687, #3733 ) ;
#2366 = DIRECTION ( 'NONE',  ( -1.000000000000000000, 0.000000000000000000, -0.000000000000000000 ) ) ;
#2367 = DIRECTION ( 'NONE',  ( -0.000000000000000000, 1.000000000000000000, -0.000000000000000000 ) ) ;
#2368 = ORIENTED_EDGE ( 'NONE', *, *, #1679, .F. ) ;
#2369 = ORIENTED_EDGE ( 'NONE', *, *, #155, .T. ) ;
#2370 = STYLED_ITEM ( 'NONE', ( #732 ), #591 ) ;
#2371 = DIRECTION ( 'NONE',  ( 0.000000000000000000, 1.000000000000000000, 1.126443815569355400E-16 ) ) ;
#2372 = ORIENTED_EDGE ( 'NONE', *, *, #1873, .F. ) ;
#2373 = VECTOR ( 'NONE', #741, 1000.000000000000000 ) ;
#2374 = CARTESIAN_POINT ( 'NONE',  ( 7.995220836013661625, -3.500000000000000000, 0.000000000000000000 ) ) ;
#2375 = STYLED_ITEM ( 'NONE', ( #1174 ), #3338 ) ;
#2376 = FACE_OUTER_BOUND ( 'NONE', #425, .T. ) ;
#2377 = ORIENTED_EDGE ( 'NONE', *, *, #3040, .T. ) ;
#2378 = ORIENTED_EDGE ( 'NONE', *, *, #665, .T. ) ;
#2379 = CARTESIAN_POINT ( 'NONE',  ( -11.00000000000000000, 7.700000000000000178, -5.999999999999998224 ) ) ;
#2380 = EDGE_CURVE ( 'NONE', #3572, #3331, #1532, .T. ) ;
#2381 = ORIENTED_EDGE ( 'NONE', *, *, #326, .T. ) ;
#2382 = LINE ( 'NONE', #4236, #977 ) ;
#2383 = CARTESIAN_POINT ( 'NONE',  ( -2.423186823294130487, 4.023186823294135017, 6.149565596075033724 ) ) ;
#2384 = ORIENTED_EDGE ( 'NONE', *, *, #2849, .T. ) ;
#2385 = ORIENTED_EDGE ( 'NONE', *, *, #163, .F. ) ;
#2386 = LINE ( 'NONE', #2269, #3813 ) ;
#2387 = CARTESIAN_POINT ( 'NONE',  ( 3.250000000000002665, 0.000000000000000000, -4.500000000000000888 ) ) ;
#2388 = VECTOR ( 'NONE', #2880, 1000.000000000000000 ) ;
#2389 = CARTESIAN_POINT ( 'NONE',  ( 10.44999999999999751, 6.750000000000000000, -1.999999999999998224 ) ) ;
#2390 = CARTESIAN_POINT ( 'NONE',  ( 7.750000000000001776, 3.850000000000000089, -1.999999999999998224 ) ) ;
#2391 = CARTESIAN_POINT ( 'NONE',  ( 7.250000000000000888, -3.500000000000000000, -4.500000000000000888 ) ) ;
#2392 = ORIENTED_EDGE ( 'NONE', *, *, #2898, .F. ) ;
#2393 = LINE ( 'NONE', #1703, #2469 ) ;
#2394 = ADVANCED_FACE ( 'NONE', ( #1550 ), #2897, .T. ) ;
#2395 = CYLINDRICAL_SURFACE ( 'NONE', #2539, 3.125000000000000888 ) ;
#2396 = EDGE_CURVE ( 'NONE', #114, #459, #2964, .T. ) ;
#2397 = ORIENTED_EDGE ( 'NONE', *, *, #1379, .F. ) ;
#2398 = CARTESIAN_POINT ( 'NONE',  ( -2.004779163986339263, 4.349999999999999645, 5.000000000000000888 ) ) ;
#2399 = ORIENTED_EDGE ( 'NONE', *, *, #831, .F. ) ;
#2400 = LINE ( 'NONE', #61, #3803 ) ;
#2401 = VERTEX_POINT ( 'NONE', #3826 ) ;
#2402 = LINE ( 'NONE', #3076, #2357 ) ;
#2403 = ORIENTED_EDGE ( 'NONE', *, *, #4002, .T. ) ;
#2404 = CARTESIAN_POINT ( 'NONE',  ( 4.900000000000004796, 7.700000000000000178, -5.500000000000000000 ) ) ;
#2405 = DIRECTION ( 'NONE',  ( 0.000000000000000000, 0.000000000000000000, 1.000000000000000000 ) ) ;
#2406 = CARTESIAN_POINT ( 'NONE',  ( 7.250000000000002665, 3.350000000000000533, -1.999999999999999112 ) ) ;
#2407 = ORIENTED_EDGE ( 'NONE', *, *, #831, .T. ) ;
#2408 = FACE_OUTER_BOUND ( 'NONE', #1738, .T. ) ;
#2409 = DIRECTION ( 'NONE',  ( 1.000000000000000000, 0.000000000000000000, 0.000000000000000000 ) ) ;
#2410 = ORIENTED_EDGE ( 'NONE', *, *, #563, .F. ) ;
#2411 = EDGE_CURVE ( 'NONE', #700, #4023, #2159, .T. ) ;
#2412 = ORIENTED_EDGE ( 'NONE', *, *, #3879, .T. ) ;
#2413 = LINE ( 'NONE', #1170, #3829 ) ;
#2414 = CARTESIAN_POINT ( 'NONE',  ( -11.00000000000000000, 7.699999999999999289, 3.299999999999999822 ) ) ;
#2415 = ORIENTED_EDGE ( 'NONE', *, *, #3979, .T. ) ;
#2416 = EDGE_LOOP ( 'NONE', ( #3118, #1166, #2805, #1236 ) ) ;
#2417 = DIRECTION ( 'NONE',  ( 1.000000000000000000, 0.000000000000000000, 0.000000000000000000 ) ) ;
#2418 = CARTESIAN_POINT ( 'NONE',  ( -11.00000000000000000, 0.000000000000000000, 0.000000000000000000 ) ) ;
#2419 = VECTOR ( 'NONE', #375, 1000.000000000000000 ) ;
#2420 = CARTESIAN_POINT ( 'NONE',  ( 3.077249324141305475, 8.811691177043677214, 4.220772057390808740 ) ) ;
#2421 = VERTEX_POINT ( 'NONE', #4120 ) ;
#2422 = VECTOR ( 'NONE', #2995, 1000.000000000000000 ) ;
#2423 = AXIS2_PLACEMENT_3D ( 'NONE', #2088, #1071, #2735 ) ;
#2424 = CARTESIAN_POINT ( 'NONE',  ( 11.00000000000000000, 0.000000000000000000, 3.270000000000001350 ) ) ;
#2425 = DIRECTION ( 'NONE',  ( 1.000000000000000000, 0.000000000000000000, 0.000000000000000000 ) ) ;
#2426 = VERTEX_POINT ( 'NONE', #1626 ) ;
#2427 = CARTESIAN_POINT ( 'NONE',  ( -11.00000000000000000, 7.700000000000000178, -5.999999999999998224 ) ) ;
#2428 = VECTOR ( 'NONE', #2309, 1000.000000000000000 ) ;
#2429 = AXIS2_PLACEMENT_3D ( 'NONE', #1353, #968, #324 ) ;
#2430 = ORIENTED_EDGE ( 'NONE', *, *, #4107, .T. ) ;
#2431 = LINE ( 'NONE', #3105, #2349 ) ;
#2432 = DIRECTION ( 'NONE',  ( 0.000000000000000000, 9.326470300950577354E-17, -1.000000000000000000 ) ) ;
#2433 = ADVANCED_FACE ( 'NONE', ( #768 ), #573, .T. ) ;
#2434 = LINE ( 'NONE', #4093, #3793 ) ;
#2435 = EDGE_LOOP ( 'NONE', ( #678, #2209, #987, #1150 ) ) ;
#2436 = EDGE_CURVE ( 'NONE', #25, #1527, #2170, .T. ) ;
#2437 = ORIENTED_EDGE ( 'NONE', *, *, #967, .T. ) ;
#2438 = ORIENTED_EDGE ( 'NONE', *, *, #714, .F. ) ;
#2439 = LINE ( 'NONE', #3821, #3861 ) ;
#2440 = DIRECTION ( 'NONE',  ( 0.000000000000000000, 0.000000000000000000, -1.000000000000000000 ) ) ;
#2441 = ORIENTED_EDGE ( 'NONE', *, *, #605, .F. ) ;
#2442 = FACE_OUTER_BOUND ( 'NONE', #413, .T. ) ;
#2443 = ORIENTED_EDGE ( 'NONE', *, *, #2056, .F. ) ;
#2444 = EDGE_CURVE ( 'NONE', #1355, #593, #813, .T. ) ;
#2445 = FACE_OUTER_BOUND ( 'NONE', #850, .T. ) ;
#2446 = ORIENTED_EDGE ( 'NONE', *, *, #557, .F. ) ;
#2447 = SURFACE_STYLE_FILL_AREA ( #191 ) ;
#2448 = CARTESIAN_POINT ( 'NONE',  ( -2.749999999999996447, 4.349999999999999645, 4.299999999999992717 ) ) ;
#2449 = LINE ( 'NONE', #3218, #1133 ) ;
#2450 =( NAMED_UNIT ( * ) SI_UNIT ( $, .STERADIAN. ) SOLID_ANGLE_UNIT ( ) );
#2451 = DIRECTION ( 'NONE',  ( 1.000000000000000000, -0.000000000000000000, 0.000000000000000000 ) ) ;
#2452 = DIRECTION ( 'NONE',  ( 1.000000000000000000, 0.000000000000000000, -0.000000000000000000 ) ) ;
#2453 = EDGE_CURVE ( 'NONE', #2967, #3045, #2003, .T. ) ;
#2454 = VERTEX_POINT ( 'NONE', #3278 ) ;
#2455 = PRESENTATION_STYLE_ASSIGNMENT (( #3047 ) ) ;
#2456 = VECTOR ( 'NONE', #3083, 1000.000000000000000 ) ;
#2457 =( LENGTH_UNIT ( ) NAMED_UNIT ( * ) SI_UNIT ( .MILLI., .METRE. ) );
#2458 = VERTEX_POINT ( 'NONE', #3820 ) ;
#2459 = ORIENTED_EDGE ( 'NONE', *, *, #2199, .T. ) ;
#2460 = CARTESIAN_POINT ( 'NONE',  ( -2.004779163986339263, 8.100000000000001421, 5.000000000000000888 ) ) ;
#2461 = ADVANCED_FACE ( 'NONE', ( #602 ), #901, .F. ) ;
#2462 = ORIENTED_EDGE ( 'NONE', *, *, #2862, .F. ) ;
#2463 = LINE ( 'NONE', #3489, #2342 ) ;
#2464 = EDGE_CURVE ( 'NONE', #4194, #1341, #3390, .T. ) ;
#2465 = LINE ( 'NONE', #885, #1063 ) ;
#2466 = ORIENTED_EDGE ( 'NONE', *, *, #1811, .F. ) ;
#2467 = EDGE_CURVE ( 'NONE', #1449, #2957, #1945, .T. ) ;
#2468 = CLOSED_SHELL ( 'NONE', ( #2153, #2, #3595, #1264, #479, #3758, #3537, #2696, #2250, #4090 ) ) ;
#2469 = VECTOR ( 'NONE', #2294, 1000.000000000000000 ) ;
#2470 = ADVANCED_FACE ( 'NONE', ( #523 ), #2241, .T. ) ;
#2471 = EDGE_CURVE ( 'NONE', #3860, #1107, #536, .T. ) ;
#2472 = DIRECTION ( 'NONE',  ( 1.000000000000000000, 1.245016848787182258E-16, 0.000000000000000000 ) ) ;
#2473 = DIRECTION ( 'NONE',  ( 0.000000000000000000, 0.000000000000000000, -1.000000000000000000 ) ) ;
#2474 = CYLINDRICAL_SURFACE ( 'NONE', #119, 3.125000000000000000 ) ;
#2475 = ORIENTED_EDGE ( 'NONE', *, *, #486, .T. ) ;
#2476 = CARTESIAN_POINT ( 'NONE',  ( 5.600000000000004086, 0.000000000000000000, -5.500000000000000000 ) ) ;
#2477 = CARTESIAN_POINT ( 'NONE',  ( 8.728810635994742384, -1.484478589409721661, -4.978810635994742384 ) ) ;
#2478 = ORIENTED_EDGE ( 'NONE', *, *, #3839, .F. ) ;
#2479 = AXIS2_PLACEMENT_3D ( 'NONE', #3332, #3623, #848 ) ;
#2480 = DIRECTION ( 'NONE',  ( -1.000000000000000000, 0.000000000000000000, 0.000000000000000000 ) ) ;
#2481 = EDGE_LOOP ( 'NONE', ( #1496, #694, #2051, #686 ) ) ;
#2482 = CARTESIAN_POINT ( 'NONE',  ( 10.44999999999999751, 7.750000000000005329, 6.000000000000000888 ) ) ;
#2483 = CARTESIAN_POINT ( 'NONE',  ( 11.00000000000000000, 7.699999999999999289, 3.299999999999999822 ) ) ;
#2484 = LINE ( 'NONE', #2387, #3903 ) ;
#2485 = ORIENTED_EDGE ( 'NONE', *, *, #91, .T. ) ;
#2486 = VERTEX_POINT ( 'NONE', #2525 ) ;
#2487 = AXIS2_PLACEMENT_3D ( 'NONE', #173, #482, #1192 ) ;
#2488 = PRODUCT_DEFINITION ( 'UNKNOWN', '', #1629, #3353 ) ;
#2489 = ORIENTED_EDGE ( 'NONE', *, *, #2453, .F. ) ;
#2490 = LINE ( 'NONE', #2448, #2499 ) ;
#2491 = ORIENTED_EDGE ( 'NONE', *, *, #1545, .F. ) ;
#2492 = VECTOR ( 'NONE', #3640, 1000.000000000000000 ) ;
#2493 = DIRECTION ( 'NONE',  ( 8.803598564689222601E-17, -0.7071067811865469066, 0.7071067811865482389 ) ) ;
#2494 = CARTESIAN_POINT ( 'NONE',  ( -11.00000000000000000, 0.000000000000000000, 3.270000000000001350 ) ) ;
#2495 = AXIS2_PLACEMENT_3D ( 'NONE', #2645, #400, #3015 ) ;
#2496 = DIRECTION ( 'NONE',  ( -0.000000000000000000, 0.9284766908852595257, 0.3713906763541032774 ) ) ;
#2497 = VERTEX_POINT ( 'NONE', #3514 ) ;
#2498 = ORIENTED_EDGE ( 'NONE', *, *, #2928, .F. ) ;
#2499 = VECTOR ( 'NONE', #3171, 1000.000000000000000 ) ;
#2500 = AXIS2_PLACEMENT_3D ( 'NONE', #2261, #740, #2308 ) ;
#2501 = VECTOR ( 'NONE', #235, 1000.000000000000000 ) ;
#2502 = ORIENTED_EDGE ( 'NONE', *, *, #3382, .T. ) ;
#2503 = ORIENTED_EDGE ( 'NONE', *, *, #374, .T. ) ;
#2504 = DIRECTION ( 'NONE',  ( 0.000000000000000000, -0.3713906763541032774, 0.9284766908852595257 ) ) ;
#2505 = DIRECTION ( 'NONE',  ( -0.000000000000000000, 1.000000000000000000, -0.000000000000000000 ) ) ;
#2506 = ADVANCED_FACE ( 'NONE', ( #1981 ), #3437, .F. ) ;
#2507 = VERTEX_POINT ( 'NONE', #2030 ) ;
#2508 = DIRECTION ( 'NONE',  ( 1.000000000000000000, 0.000000000000000000, 0.000000000000000000 ) ) ;
#2509 = VECTOR ( 'NONE', #517, 1000.000000000000000 ) ;
#2510 = EDGE_CURVE ( 'NONE', #2426, #2097, #550, .T. ) ;
#2511 = ORIENTED_EDGE ( 'NONE', *, *, #2787, .T. ) ;
#2512 = VERTEX_POINT ( 'NONE', #2379 ) ;
#2513 = VERTEX_POINT ( 'NONE', #2734 ) ;
#2514 = PLANE ( 'NONE',  #2282 ) ;
#2515 = ADVANCED_FACE ( 'NONE', ( #590 ), #471, .T. ) ;
#2516 = CARTESIAN_POINT ( 'NONE',  ( 7.250000000000002665, 3.350000000000000533, 7.414213562373094923 ) ) ;
#2517 = PLANE ( 'NONE',  #3369 ) ;
#2518 = EDGE_LOOP ( 'NONE', ( #2061, #514, #3067, #2019 ) ) ;
#2519 = CARTESIAN_POINT ( 'NONE',  ( 3.250000000000002665, 4.349999999999999645, 7.414213562373094923 ) ) ;
#2520 = DIRECTION ( 'NONE',  ( -0.2016115518741554702, 0.3637643765901014126, -0.9094109414752549192 ) ) ;
#2521 = VECTOR ( 'NONE', #385, 1000.000000000000000 ) ;
#2522 = EDGE_LOOP ( 'NONE', ( #660, #3096, #654, #3685 ) ) ;
#2523 = VECTOR ( 'NONE', #2277, 1000.000000000000000 ) ;
#2524 = APPLICATION_CONTEXT ( 'automotive_design' ) ;
#2525 = CARTESIAN_POINT ( 'NONE',  ( 3.250000000000002665, 4.349999999999999645, -1.999999999999999112 ) ) ;
#2526 = DIRECTION ( 'NONE',  ( -0.000000000000000000, -0.000000000000000000, 1.000000000000000000 ) ) ;
#2527 = VERTEX_POINT ( 'NONE', #3686 ) ;
#2528 = EDGE_CURVE ( 'NONE', #3880, #3107, #3251, .T. ) ;
#2529 = CARTESIAN_POINT ( 'NONE',  ( -11.00000000000000000, 0.000000000000000000, -5.999999999999999112 ) ) ;
#2530 = CARTESIAN_POINT ( 'NONE',  ( 10.44999999999999751, 1.399999999999999245, 5.600000000000000533 ) ) ;
#2531 = ORIENTED_EDGE ( 'NONE', *, *, #2085, .F. ) ;
#2532 = VECTOR ( 'NONE', #2864, 1000.000000000000000 ) ;
#2533 = EDGE_CURVE ( 'NONE', #916, #2512, #3360, .T. ) ;
#2534 = FACE_OUTER_BOUND ( 'NONE', #129, .T. ) ;
#2535 = EDGE_LOOP ( 'NONE', ( #313, #611, #2177, #3134 ) ) ;
#2536 = CARTESIAN_POINT ( 'NONE',  ( 2.504779163986343260, -3.500000000000000000, -4.500000000000000888 ) ) ;
#2537 = VERTEX_POINT ( 'NONE', #491 ) ;
#2538 = VECTOR ( 'NONE', #1457, 1000.000000000000000 ) ;
#2539 = AXIS2_PLACEMENT_3D ( 'NONE', #3708, #157, #2711 ) ;
#2540 = LINE ( 'NONE', #1762, #3949 ) ;
#2541 = CARTESIAN_POINT ( 'NONE',  ( -6.749999999999997335, 3.500000000000000444, 5.000000000000000888 ) ) ;
#2542 = VERTEX_POINT ( 'NONE', #2404 ) ;
#2543 = CARTESIAN_POINT ( 'NONE',  ( -10.45000000000000107, 1.149999999999996581, 6.000000000000000888 ) ) ;
#2544 = ORIENTED_EDGE ( 'NONE', *, *, #396, .F. ) ;
#2545 = PLANE ( 'NONE',  #2723 ) ;
#2546 = CARTESIAN_POINT ( 'NONE',  ( 10.44999999999999751, 1.399999999999999245, 5.600000000000000533 ) ) ;
#2547 = CARTESIAN_POINT ( 'NONE',  ( -7.249999999999997335, 3.850000000000000089, -5.938035677847513405 ) ) ;
#2548 = LINE ( 'NONE', #2302, #2492 ) ;
#2549 = ORIENTED_EDGE ( 'NONE', *, *, #2729, .F. ) ;
#2550 = PRESENTATION_LAYER_ASSIGNMENT (  '', '', ( #1946 ) ) ;
#2551 = DIRECTION ( 'NONE',  ( 0.000000000000000000, 0.000000000000000000, -1.000000000000000000 ) ) ;
#2552 = CARTESIAN_POINT ( 'NONE',  ( 3.250000000000002665, 0.000000000000000000, -4.500000000000000888 ) ) ;
#2553 = DIRECTION ( 'NONE',  ( -0.000000000000000000, 1.000000000000000000, -0.000000000000000000 ) ) ;
#2554 = ORIENTED_EDGE ( 'NONE', *, *, #3979, .F. ) ;
#2555 = ADVANCED_FACE ( 'NONE', ( #607 ), #4066, .T. ) ;
#2556 = DIRECTION ( 'NONE',  ( 0.000000000000000000, 0.000000000000000000, 1.000000000000000000 ) ) ;
#2557 = ORIENTED_EDGE ( 'NONE', *, *, #26, .F. ) ;
#2558 = ORIENTED_EDGE ( 'NONE', *, *, #3888, .T. ) ;
#2559 = ORIENTED_EDGE ( 'NONE', *, *, #450, .T. ) ;
#2560 = DIRECTION ( 'NONE',  ( 0.000000000000000000, 1.000000000000000000, -0.000000000000000000 ) ) ;
#2561 = EDGE_CURVE ( 'NONE', #3173, #2795, #2027, .T. ) ;
#2562 = VERTEX_POINT ( 'NONE', #1381 ) ;
#2563 = DIRECTION ( 'NONE',  ( 1.000000000000000000, 0.000000000000000000, 0.000000000000000000 ) ) ;
#2564 = DIRECTION ( 'NONE',  ( -0.2016115518741554702, -0.3637643765901014126, 0.9094109414752549192 ) ) ;
#2565 = ORIENTED_EDGE ( 'NONE', *, *, #3898, .T. ) ;
#2566 = ORIENTED_EDGE ( 'NONE', *, *, #658, .F. ) ;
#2567 = CARTESIAN_POINT ( 'NONE',  ( -8.823411897755953248, 1.149999999999998579, 6.000000000000000000 ) ) ;
#2568 = ORIENTED_EDGE ( 'NONE', *, *, #1440, .F. ) ;
#2569 = VECTOR ( 'NONE', #2505, 1000.000000000000000 ) ;
#2570 = CARTESIAN_POINT ( 'NONE',  ( -7.749999999999996447, 3.350000000000000533, 7.414213562373094923 ) ) ;
#2571 = CARTESIAN_POINT ( 'NONE',  ( 2.250000000000003553, 3.350000000000000533, 7.414213562373094923 ) ) ;
#2572 = VERTEX_POINT ( 'NONE', #2315 ) ;
#2573 = DIRECTION ( 'NONE',  ( 1.000000000000000000, 0.000000000000000000, 0.000000000000000000 ) ) ;
#2574 = VERTEX_POINT ( 'NONE', #2140 ) ;
#2575 = DIRECTION ( 'NONE',  ( 0.000000000000000000, 1.126443815569355400E-16, -1.000000000000000000 ) ) ;
#2576 = DIRECTION ( 'NONE',  ( -0.3236155771181821184, 0.3236155771181821184, 0.8891264907159901476 ) ) ;
#2577 = ORIENTED_EDGE ( 'NONE', *, *, #374, .F. ) ;
#2578 = EDGE_CURVE ( 'NONE', #285, #1111, #3450, .T. ) ;
#2579 = LINE ( 'NONE', #1948, #2523 ) ;
#2580 = CARTESIAN_POINT ( 'NONE',  ( -7.749999999999998224, -2.799999999999994937, -4.500000000000000888 ) ) ;
#2581 = ORIENTED_EDGE ( 'NONE', *, *, #145, .T. ) ;
#2582 = VERTEX_POINT ( 'NONE', #4186 ) ;
#2583 = VECTOR ( 'NONE', #255, 1000.000000000000000 ) ;
#2584 = EDGE_CURVE ( 'NONE', #3208, #2421, #1579, .T. ) ;
#2585 = CARTESIAN_POINT ( 'NONE',  ( 4.000000000000000000, 4.095220836013657717, 5.000000000000000888 ) ) ;
#2586 = ORIENTED_EDGE ( 'NONE', *, *, #4230, .F. ) ;
#2587 = LINE ( 'NONE', #3667, #2538 ) ;
#2588 = DIRECTION ( 'NONE',  ( 0.000000000000000000, 1.000000000000000000, 1.126443815569355400E-16 ) ) ;
#2589 = CARTESIAN_POINT ( 'NONE',  ( -7.749999999999998224, 6.749999999999997335, 5.000000000000000888 ) ) ;
#2590 = LINE ( 'NONE', #2328, #3996 ) ;
#2591 = VERTEX_POINT ( 'NONE', #278 ) ;
#2592 = FACE_OUTER_BOUND ( 'NONE', #3960, .T. ) ;
#2593 = DIRECTION ( 'NONE',  ( 0.000000000000000000, -1.000000000000000000, -1.126443815569355400E-16 ) ) ;
#2594 = STYLED_ITEM ( 'NONE', ( #3663 ), #691 ) ;
#2595 = DIRECTION ( 'NONE',  ( -1.000000000000000000, 0.000000000000000000, 0.000000000000000000 ) ) ;
#2596 = EDGE_LOOP ( 'NONE', ( #919, #3527, #2385, #509 ) ) ;
#2597 = DIRECTION ( 'NONE',  ( -1.000000000000000000, 0.000000000000000000, -0.000000000000000000 ) ) ;
#2598 = ORIENTED_EDGE ( 'NONE', *, *, #2380, .F. ) ;
#2599 =( BOUNDED_CURVE ( )  B_SPLINE_CURVE ( 3, ( #3675, #3291, #4026, #3626 ),
 .UNSPECIFIED., .F., .F. ) 
 B_SPLINE_CURVE_WITH_KNOTS ( ( 4, 4 ),
 ( 0.5276354822647816301, 0.6697127689535233852 ),
 .UNSPECIFIED. ) 
 CURVE ( )  GEOMETRIC_REPRESENTATION_ITEM ( )  RATIONAL_B_SPLINE_CURVE ( ( 1.000000000000000000, 0.9983185443496556122, 0.9983185443496556122, 1.000000000000000000 ) ) 
 REPRESENTATION_ITEM ( '' )  );
#2600 = LINE ( 'NONE', #2015, #3954 ) ;
#2601 = ORIENTED_EDGE ( 'NONE', *, *, #1035, .T. ) ;
#2602 = VERTEX_POINT ( 'NONE', #1168 ) ;
#2603 = EDGE_LOOP ( 'NONE', ( #2891, #1428, #1405, #2623 ) ) ;
#2604 = LINE ( 'NONE', #1975, #2613 ) ;
#2605 = CARTESIAN_POINT ( 'NONE',  ( 3.388447750295759064, -2.419617932288108619, -3.361552249704243600 ) ) ;
#2606 = PLANE ( 'NONE',  #1414 ) ;
#2607 = EDGE_CURVE ( 'NONE', #4048, #4231, #2923, .T. ) ;
#2608 = ORIENTED_EDGE ( 'NONE', *, *, #2347, .F. ) ;
#2609 = CARTESIAN_POINT ( 'NONE',  ( 3.250000000000002665, 3.500000000000000444, 5.000000000000000888 ) ) ;
#2610 = FILL_AREA_STYLE ('',( #1026 ) ) ;
#2611 = VECTOR ( 'NONE', #2663, 1000.000000000000000 ) ;
#2612 = ORIENTED_EDGE ( 'NONE', *, *, #322, .T. ) ;
#2613 = VECTOR ( 'NONE', #3007, 1000.000000000000000 ) ;
#2614 = CARTESIAN_POINT ( 'NONE',  ( 3.250000000000002665, 0.000000000000000000, -4.500000000000000888 ) ) ;
#2615 = PLANE ( 'NONE',  #1514 ) ;
#2616 = ORIENTED_EDGE ( 'NONE', *, *, #3898, .F. ) ;
#2617 = EDGE_CURVE ( 'NONE', #593, #285, #2888, .T. ) ;
#2618 = ORIENTED_EDGE ( 'NONE', *, *, #513, .F. ) ;
#2619 = VECTOR ( 'NONE', #4070, 1000.000000000000114 ) ;
#2620 = DIRECTION ( 'NONE',  ( -1.000000000000000000, 0.000000000000000000, 0.000000000000000000 ) ) ;
#2621 = ORIENTED_EDGE ( 'NONE', *, *, #972, .T. ) ;
#2622 = CARTESIAN_POINT ( 'NONE',  ( 3.250000000000002665, 3.350000000000000533, 4.299999999999992717 ) ) ;
#2623 = ORIENTED_EDGE ( 'NONE', *, *, #3844, .T. ) ;
#2624 = DIRECTION ( 'NONE',  ( 0.000000000000000000, -1.000000000000000000, 0.000000000000000000 ) ) ;
#2625 = ADVANCED_FACE ( 'NONE', ( #83 ), #2251, .T. ) ;
#2626 = MANIFOLD_SOLID_BREP ( 'Body-Move/Copy1', #941 ) ;
#2627 = ORIENTED_EDGE ( 'NONE', *, *, #3391, .T. ) ;
#2628 = DIRECTION ( 'NONE',  ( 0.000000000000000000, 1.126443815569355400E-16, -1.000000000000000000 ) ) ;
#2629 = ORIENTED_EDGE ( 'NONE', *, *, #4225, .T. ) ;
#2630 = EDGE_CURVE ( 'NONE', #4241, #1111, #165, .T. ) ;
#2631 = ORIENTED_EDGE ( 'NONE', *, *, #4121, .F. ) ;
#2632 = FACE_OUTER_BOUND ( 'NONE', #2697, .T. ) ;
#2633 = DIRECTION ( 'NONE',  ( -0.000000000000000000, -0.000000000000000000, 1.000000000000000000 ) ) ;
#2634 = EDGE_LOOP ( 'NONE', ( #3233, #256, #307, #3215 ) ) ;
#2635 = ADVANCED_FACE ( 'NONE', ( #469 ), #3738, .T. ) ;
#2636 = LINE ( 'NONE', #4006, #1337 ) ;
#2637 = DIRECTION ( 'NONE',  ( -1.000000000000000000, 0.000000000000000000, 0.000000000000000000 ) ) ;
#2638 = ORIENTED_EDGE ( 'NONE', *, *, #4139, .F. ) ;
#2639 = LINE ( 'NONE', #1537, #2657 ) ;
#2640 = EDGE_CURVE ( 'NONE', #3786, #623, #3314, .T. ) ;
#2641 = DIRECTION ( 'NONE',  ( 1.000000000000000000, 0.000000000000000000, 0.000000000000000000 ) ) ;
#2642 = VERTEX_POINT ( 'NONE', #1327 ) ;
#2643 = DIRECTION ( 'NONE',  ( -0.000000000000000000, -0.000000000000000000, -1.000000000000000000 ) ) ;
#2644 = CARTESIAN_POINT ( 'NONE',  ( -2.495220836013657184, -3.500000000000000000, -4.245220836013659849 ) ) ;
#2645 = CARTESIAN_POINT ( 'NONE',  ( 5.000000000000000000, 0.000000000000000000, -1.999999999999999112 ) ) ;
#2646 = VERTEX_POINT ( 'NONE', #979 ) ;
#2647 = LINE ( 'NONE', #1795, #1240 ) ;
#2648 = CARTESIAN_POINT ( 'NONE',  ( 8.250000000000001776, 3.500000000000000444, 5.000000000000000888 ) ) ;
#2649 = AXIS2_PLACEMENT_3D ( 'NONE', #4198, #3719, #3245 ) ;
#2650 = ORIENTED_EDGE ( 'NONE', *, *, #1904, .F. ) ;
#2651 = LINE ( 'NONE', #3262, #2532 ) ;
#2652 = EDGE_CURVE ( 'NONE', #2152, #3123, #1890, .T. ) ;
#2653 = VECTOR ( 'NONE', #1524, 1000.000000000000000 ) ;
#2654 = ORIENTED_EDGE ( 'NONE', *, *, #3751, .F. ) ;
#2655 = DIRECTION ( 'NONE',  ( 0.000000000000000000, 1.000000000000000000, 0.000000000000000000 ) ) ;
#2656 = EDGE_LOOP ( 'NONE', ( #3817, #2403, #3956, #3536 ) ) ;
#2657 = VECTOR ( 'NONE', #1206, 1000.000000000000000 ) ;
#2658 = DIRECTION ( 'NONE',  ( 0.000000000000000000, 0.000000000000000000, -1.000000000000000000 ) ) ;
#2659 = ORIENTED_EDGE ( 'NONE', *, *, #3486, .F. ) ;
#2660 = LINE ( 'NONE', #2720, #2749 ) ;
#2661 = VECTOR ( 'NONE', #2037, 1000.000000000000000 ) ;
#2662 = VERTEX_POINT ( 'NONE', #104 ) ;
#2663 = DIRECTION ( 'NONE',  ( 1.000000000000000000, 0.000000000000000000, 0.000000000000000000 ) ) ;
#2664 = ADVANCED_FACE ( 'NONE', ( #3181 ), #74, .T. ) ;
#2665 = ORIENTED_EDGE ( 'NONE', *, *, #4117, .F. ) ;
#2666 = VECTOR ( 'NONE', #3689, 1000.000000000000000 ) ;
#2667 = CARTESIAN_POINT ( 'NONE',  ( 7.504779163986341928, -3.500000000000000000, 0.000000000000000000 ) ) ;
#2668 = EDGE_CURVE ( 'NONE', #3572, #4231, #3234, .T. ) ;
#2669 = VERTEX_POINT ( 'NONE', #2275 ) ;
#2670 = LINE ( 'NONE', #2109, #2583 ) ;
#2671 = ORIENTED_EDGE ( 'NONE', *, *, #2158, .F. ) ;
#2672 = DIRECTION ( 'NONE',  ( 0.000000000000000000, -9.326470300950577354E-17, 1.000000000000000000 ) ) ;
#2673 = DIRECTION ( 'NONE',  ( -0.000000000000000000, 0.000000000000000000, -1.000000000000000000 ) ) ;
#2674 = ORIENTED_EDGE ( 'NONE', *, *, #2304, .F. ) ;
#2675 = VECTOR ( 'NONE', #1878, 1000.000000000000000 ) ;
#2676 = ORIENTED_EDGE ( 'NONE', *, *, #4221, .F. ) ;
#2677 = VECTOR ( 'NONE', #1523, 1000.000000000000000 ) ;
#2678 = EDGE_CURVE ( 'NONE', #928, #2918, #356, .T. ) ;
#2679 = EDGE_LOOP ( 'NONE', ( #3745, #3380, #887, #2124 ) ) ;
#2680 = CARTESIAN_POINT ( 'NONE',  ( -7.749999999999998224, 3.500000000000000444, 5.000000000000000888 ) ) ;
#2681 = UNCERTAINTY_MEASURE_WITH_UNIT (LENGTH_MEASURE( 1.000000000000000082E-05 ), #4050, 'distance_accuracy_value', 'NONE');
#2682 = EDGE_LOOP ( 'NONE', ( #2110, #2353, #3660, #2217 ) ) ;
#2683 = CARTESIAN_POINT ( 'NONE',  ( 3.250000000000002665, 3.350000000000000533, 7.414213562373094923 ) ) ;
#2684 = EDGE_LOOP ( 'NONE', ( #2612, #960, #1203, #2721 ) ) ;
#2685 = LINE ( 'NONE', #2145, #4014 ) ;
#2686 = FACE_OUTER_BOUND ( 'NONE', #1947, .T. ) ;
#2687 = DIRECTION ( 'NONE',  ( 0.000000000000000000, 0.000000000000000000, 1.000000000000000000 ) ) ;
#2688 = DIRECTION ( 'NONE',  ( 0.3236155771181821184, 0.3236155771181821184, 0.8891264907159901476 ) ) ;
#2689 = EDGE_LOOP ( 'NONE', ( #3127, #65, #2119, #1619 ) ) ;
#2690 = EDGE_CURVE ( 'NONE', #1475, #1816, #1800, .T. ) ;
#2691 = LINE ( 'NONE', #975, #4068 ) ;
#2692 = CARTESIAN_POINT ( 'NONE',  ( -11.00000000000000000, 0.08000000000000020983, 6.000000000000000888 ) ) ;
#2693 = LINE ( 'NONE', #1617, #1257 ) ;
#2694 = EDGE_CURVE ( 'NONE', #2850, #3561, #414, .T. ) ;
#2695 = ORIENTED_EDGE ( 'NONE', *, *, #3805, .T. ) ;
#2696 = ADVANCED_FACE ( 'NONE', ( #386 ), #3951, .T. ) ;
#2697 = EDGE_LOOP ( 'NONE', ( #136, #1940, #1141, #3396 ) ) ;
#2698 = DIRECTION ( 'NONE',  ( 1.000000000000000000, 1.245016848787182258E-16, 0.000000000000000000 ) ) ;
#2699 = CARTESIAN_POINT ( 'NONE',  ( 2.111552249704246265, -2.419617932288108619, -3.361552249704243600 ) ) ;
#2700 = LINE ( 'NONE', #3445, #4084 ) ;
#2701 = EDGE_CURVE ( 'NONE', #1142, #2714, #1835, .T. ) ;
#2702 = DIRECTION ( 'NONE',  ( 0.000000000000000000, -1.000000000000000000, 0.000000000000000000 ) ) ;
#2703 = VECTOR ( 'NONE', #1083, 1000.000000000000000 ) ;
#2704 = DIRECTION ( 'NONE',  ( 0.000000000000000000, -1.000000000000000000, 0.000000000000000000 ) ) ;
#2705 = ORIENTED_EDGE ( 'NONE', *, *, #857, .F. ) ;
#2706 = CARTESIAN_POINT ( 'NONE',  ( -0.9999999999999991118, 4.095220836013657717, 5.000000000000000888 ) ) ;
#2707 = AXIS2_PLACEMENT_3D ( 'NONE', #431, #1048, #75 ) ;
#2708 = VERTEX_POINT ( 'NONE', #4101 ) ;
#2709 = VECTOR ( 'NONE', #2350, 1000.000000000000000 ) ;
#2710 = CARTESIAN_POINT ( 'NONE',  ( -2.249999999999997780, 3.850000000000000089, 6.000000000000000000 ) ) ;
#2711 = DIRECTION ( 'NONE',  ( 1.000000000000000000, 0.000000000000000000, 0.000000000000000000 ) ) ;
#2712 = LINE ( 'NONE', #3400, #4116 ) ;
#2713 = PLANE ( 'NONE',  #3460 ) ;
#2714 = VERTEX_POINT ( 'NONE', #1184 ) ;
#2715 = CARTESIAN_POINT ( 'NONE',  ( -7.749999999999996447, 3.350000000000000533, 7.414213562373094923 ) ) ;
#2716 = AXIS2_PLACEMENT_3D ( 'NONE', #3632, #445, #3385 ) ;
#2717 = LINE ( 'NONE', #2389, #1315 ) ;
#2718 = PLANE ( 'NONE',  #717 ) ;
#2719 = DIRECTION ( 'NONE',  ( 1.000000000000000000, 0.000000000000000000, -0.000000000000000000 ) ) ;
#2720 = CARTESIAN_POINT ( 'NONE',  ( 7.995220836013661625, -3.500000000000000000, -3.500000000000000000 ) ) ;
#2721 = ORIENTED_EDGE ( 'NONE', *, *, #1710, .T. ) ;
#2722 = EDGE_CURVE ( 'NONE', #1163, #1213, #1862, .T. ) ;
#2723 = AXIS2_PLACEMENT_3D ( 'NONE', #1896, #2229, #1247 ) ;
#2724 = VECTOR ( 'NONE', #1110, 1000.000000000000000 ) ;
#2725 = SURFACE_STYLE_FILL_AREA ( #206 ) ;
#2726 = CARTESIAN_POINT ( 'NONE',  ( -11.00000000000000000, 8.500000000000000000, 3.300000000000000711 ) ) ;
#2727 = VERTEX_POINT ( 'NONE', #1143 ) ;
#2728 = CARTESIAN_POINT ( 'NONE',  ( 5.810122426543371077, 1.399999999999996803, -2.000000000000000888 ) ) ;
#2729 = EDGE_CURVE ( 'NONE', #647, #286, #3174, .T. ) ;
#2730 = LINE ( 'NONE', #3436, #4049 ) ;
#2731 = ADVANCED_FACE ( 'NONE', ( #3216 ), #802, .F. ) ;
#2732 = ORIENTED_EDGE ( 'NONE', *, *, #3224, .F. ) ;
#2733 = LINE ( 'NONE', #3794, #1505 ) ;
#2734 = CARTESIAN_POINT ( 'NONE',  ( 3.250000000000002665, 0.000000000000000000, -3.500000000000000000 ) ) ;
#2735 = DIRECTION ( 'NONE',  ( -0.2164396139381033479, 0.000000000000000000, 0.9762960071199332512 ) ) ;
#2736 = VECTOR ( 'NONE', #3668, 1000.000000000000000 ) ;
#2737 = ORIENTED_EDGE ( 'NONE', *, *, #3116, .T. ) ;
#2738 = ORIENTED_EDGE ( 'NONE', *, *, #4031, .F. ) ;
#2739 = ORIENTED_EDGE ( 'NONE', *, *, #2444, .F. ) ;
#2740 = LINE ( 'NONE', #2477, #2775 ) ;
#2741 = CARTESIAN_POINT ( 'NONE',  ( 11.00000000000000000, 0.000000000000000000, 0.000000000000000000 ) ) ;
#2742 = EDGE_LOOP ( 'NONE', ( #2052, #3483, #3613, #2459 ) ) ;
#2743 = EDGE_CURVE ( 'NONE', #236, #3027, #3570, .T. ) ;
#2744 = ORIENTED_EDGE ( 'NONE', *, *, #685, .F. ) ;
#2745 = DIRECTION ( 'NONE',  ( -1.000000000000000000, 0.000000000000000000, 0.000000000000000000 ) ) ;
#2746 = DIRECTION ( 'NONE',  ( -0.000000000000000000, 0.000000000000000000, -1.000000000000000000 ) ) ;
#2747 = DIRECTION ( 'NONE',  ( 0.000000000000000000, 1.000000000000000000, 0.000000000000000000 ) ) ;
#2748 = ORIENTED_EDGE ( 'NONE', *, *, #2578, .T. ) ;
#2749 = VECTOR ( 'NONE', #1049, 1000.000000000000000 ) ;
#2750 = PRODUCT ( '796700-4', '796700-4', '', ( #527 ) ) ;
#2751 = CARTESIAN_POINT ( 'NONE',  ( -2.004779163986338375, -3.500000000000000000, -3.500000000000000000 ) ) ;
#2752 = EDGE_CURVE ( 'NONE', #1383, #680, #712, .T. ) ;
#2753 = VECTOR ( 'NONE', #799, 1000.000000000000000 ) ;
#2754 = CARTESIAN_POINT ( 'NONE',  ( 10.44999999999999751, 1.399999999999999245, -27.57388467569065682 ) ) ;
#2755 = LINE ( 'NONE', #1742, #2830 ) ;
#2756 = ORIENTED_EDGE ( 'NONE', *, *, #2928, .T. ) ;
#2757 = ORIENTED_EDGE ( 'NONE', *, *, #2396, .T. ) ;
#2758 = VERTEX_POINT ( 'NONE', #540 ) ;
#2759 = VECTOR ( 'NONE', #3343, 1000.000000000000114 ) ;
#2760 = AXIS2_PLACEMENT_3D ( 'NONE', #430, #4098, #1420 ) ;
#2761 = LINE ( 'NONE', #3408, #2791 ) ;
#2762 = DIRECTION ( 'NONE',  ( 8.803598564689222601E-17, -0.7071067811865469066, 0.7071067811865482389 ) ) ;
#2763 = ORIENTED_EDGE ( 'NONE', *, *, #4230, .T. ) ;
#2764 = ORIENTED_EDGE ( 'NONE', *, *, #2094, .F. ) ;
#2765 = LINE ( 'NONE', #579, #2724 ) ;
#2766 = DIRECTION ( 'NONE',  ( -1.000000000000000000, 0.000000000000000000, -0.000000000000000000 ) ) ;
#2767 = FACE_OUTER_BOUND ( 'NONE', #2873, .T. ) ;
#2768 = EDGE_LOOP ( 'NONE', ( #1943, #3539, #1607, #3184 ) ) ;
#2769 = ADVANCED_FACE ( 'NONE', ( #2141 ), #2147, .F. ) ;
#2770 = CARTESIAN_POINT ( 'NONE',  ( 3.250000000000002665, 3.500000000000000444, 5.000000000000000888 ) ) ;
#2771 = EDGE_LOOP ( 'NONE', ( #3909, #1432, #3757, #2757 ) ) ;
#2772 = PLANE ( 'NONE',  #3645 ) ;
#2773 = CARTESIAN_POINT ( 'NONE',  ( -1.922750675858694525, 8.811691177043677214, 4.220772057390808740 ) ) ;
#2774 = ORIENTED_EDGE ( 'NONE', *, *, #134, .F. ) ;
#2775 = VECTOR ( 'NONE', #2194, 1000.000000000000114 ) ;
#2776 = ORIENTED_EDGE ( 'NONE', *, *, #2239, .F. ) ;
#2777 = VERTEX_POINT ( 'NONE', #515 ) ;
#2778 = DIRECTION ( 'NONE',  ( -0.000000000000000000, -0.000000000000000000, 1.000000000000000000 ) ) ;
#2779 = CARTESIAN_POINT ( 'NONE',  ( -2.862265989857367909, 3.237734010142628183, 3.991551727894137702 ) ) ;
#2780 = VERTEX_POINT ( 'NONE', #2120 ) ;
#2781 = CARTESIAN_POINT ( 'NONE',  ( 15.00000000000000000, -3.500000000000000000, 0.000000000000000000 ) ) ;
#2782 = CARTESIAN_POINT ( 'NONE',  ( -7.423186823294130932, 4.023186823294135017, 6.149565596075033724 ) ) ;
#2783 = EDGE_LOOP ( 'NONE', ( #4054, #1156, #3042, #1178 ) ) ;
#2784 = LINE ( 'NONE', #2605, #2906 ) ;
#2785 = ORIENTED_EDGE ( 'NONE', *, *, #1465, .F. ) ;
#2786 = ORIENTED_EDGE ( 'NONE', *, *, #4031, .T. ) ;
#2787 = EDGE_CURVE ( 'NONE', #2669, #308, #2138, .T. ) ;
#2788 = DIRECTION ( 'NONE',  ( -1.000000000000000000, 0.000000000000000000, -0.000000000000000000 ) ) ;
#2789 =( NAMED_UNIT ( * ) SI_UNIT ( $, .STERADIAN. ) SOLID_ANGLE_UNIT ( ) );
#2790 = PLANE ( 'NONE',  #2026 ) ;
#2791 = VECTOR ( 'NONE', #1060, 999.9999999999998863 ) ;
#2792 = DIRECTION ( 'NONE',  ( 1.000000000000000000, 1.245016848787182258E-16, 0.000000000000000000 ) ) ;
#2793 = CARTESIAN_POINT ( 'NONE',  ( -1.337460550774432599, 8.610845201717802766, 6.860845201717799213 ) ) ;
#2794 = ORIENTED_EDGE ( 'NONE', *, *, #134, .T. ) ;
#2795 = VERTEX_POINT ( 'NONE', #2837 ) ;
#2796 = FILL_AREA_STYLE_COLOUR ( '', #2292 ) ;
#2797 = VECTOR ( 'NONE', #3705, 1000.000000000000000 ) ;
#2798 = DIRECTION ( 'NONE',  ( -1.000000000000000000, -1.245016848787182258E-16, -0.000000000000000000 ) ) ;
#2799 = ORIENTED_EDGE ( 'NONE', *, *, #4107, .F. ) ;
#2800 = EDGE_CURVE ( 'NONE', #2542, #1359, #615, .T. ) ;
#2801 = LINE ( 'NONE', #552, #6 ) ;
#2802 = DIRECTION ( 'NONE',  ( -1.000000000000000000, -1.245016848787182258E-16, -0.000000000000000000 ) ) ;
#2803 = VERTEX_POINT ( 'NONE', #4043 ) ;
#2804 = CARTESIAN_POINT ( 'NONE',  ( -11.00000000000000000, 7.699999999999999289, 3.299999999999999822 ) ) ;
#2805 = ORIENTED_EDGE ( 'NONE', *, *, #672, .F. ) ;
#2806 = EDGE_CURVE ( 'NONE', #2646, #3958, #2067, .T. ) ;
#2807 = ADVANCED_FACE ( 'NONE', ( #3516 ), #1484, .F. ) ;
#2808 = DIRECTION ( 'NONE',  ( 0.9396926207859095381, 0.000000000000000000, 0.3420201433256657153 ) ) ;
#2809 = ORIENTED_EDGE ( 'NONE', *, *, #3631, .F. ) ;
#2810 = CARTESIAN_POINT ( 'NONE',  ( 1.048610877779508010, 1.224578106523809273, 5.880675029561902356 ) ) ;
#2811 = DIRECTION ( 'NONE',  ( -0.000000000000000000, -1.126443815569355400E-16, 1.000000000000000000 ) ) ;
#2812 = CARTESIAN_POINT ( 'NONE',  ( 10.44999999999999751, 7.750000000000005329, 6.000000000000000888 ) ) ;
#2813 = ORIENTED_EDGE ( 'NONE', *, *, #2033, .F. ) ;
#2814 = VECTOR ( 'NONE', #3143, 1000.000000000000000 ) ;
#2815 = ORIENTED_EDGE ( 'NONE', *, *, #3275, .F. ) ;
#2816 = AXIS2_PLACEMENT_3D ( 'NONE', #4171, #1221, #893 ) ;
#2817 = EDGE_LOOP ( 'NONE', ( #2695, #2498, #1165, #1144 ) ) ;
#2818 = DIRECTION ( 'NONE',  ( -0.000000000000000000, -0.000000000000000000, 1.000000000000000000 ) ) ;
#2819 = DIRECTION ( 'NONE',  ( -1.000000000000000000, 0.000000000000000000, 0.000000000000000000 ) ) ;
#2820 = DIRECTION ( 'NONE',  ( -0.000000000000000000, 1.000000000000000000, -0.000000000000000000 ) ) ;
#2821 = ORIENTED_EDGE ( 'NONE', *, *, #3011, .T. ) ;
#2822 = AXIS2_PLACEMENT_3D ( 'NONE', #1886, #474, #1509 ) ;
#2823 = LINE ( 'NONE', #1065, #1369 ) ;
#2824 = CARTESIAN_POINT ( 'NONE',  ( 10.44999999999999751, 6.749999999999997335, -1.999999999999998224 ) ) ;
#2825 = ORIENTED_EDGE ( 'NONE', *, *, #1811, .T. ) ;
#2826 = ORIENTED_EDGE ( 'NONE', *, *, #2868, .F. ) ;
#2827 = EDGE_CURVE ( 'NONE', #1072, #2949, #627, .T. ) ;
#2828 = DIRECTION ( 'NONE',  ( -1.000000000000000000, 0.000000000000000000, -0.000000000000000000 ) ) ;
#2829 = CARTESIAN_POINT ( 'NONE',  ( -11.00000000000000000, 0.000000000000000000, -5.999999999999999112 ) ) ;
#2830 = VECTOR ( 'NONE', #3728, 1000.000000000000000 ) ;
#2831 = ORIENTED_EDGE ( 'NONE', *, *, #126, .T. ) ;
#2832 = ORIENTED_EDGE ( 'NONE', *, *, #3142, .F. ) ;
#2833 = DIRECTION ( 'NONE',  ( 0.000000000000000000, 0.000000000000000000, -1.000000000000000000 ) ) ;
#2834 = EDGE_CURVE ( 'NONE', #320, #2190, #651, .T. ) ;
#2835 = VECTOR ( 'NONE', #3552, 1000.000000000000000 ) ;
#2836 = FACE_OUTER_BOUND ( 'NONE', #2682, .T. ) ;
#2837 = CARTESIAN_POINT ( 'NONE',  ( -0.3101224265433669691, 1.399999999999996803, -1.999999999999999112 ) ) ;
#2838 = VECTOR ( 'NONE', #3454, 1000.000000000000000 ) ;
#2839 = DIRECTION ( 'NONE',  ( 0.000000000000000000, 1.084202172485502856E-15, -1.000000000000000000 ) ) ;
#2840 = VERTEX_POINT ( 'NONE', #3395 ) ;
#2841 = CARTESIAN_POINT ( 'NONE',  ( -11.00000000000000000, 0.000000000000000000, -5.999999999999999112 ) ) ;
#2842 = DIRECTION ( 'NONE',  ( 0.000000000000000000, 1.000000000000000000, 1.084202172485502856E-15 ) ) ;
#2843 = ORIENTED_EDGE ( 'NONE', *, *, #3593, .F. ) ;
#2844 = DIRECTION ( 'NONE',  ( -0.000000000000000000, -0.000000000000000000, 1.000000000000000000 ) ) ;
#2845 = CARTESIAN_POINT ( 'NONE',  ( 2.117896541990410331, 8.261647923437188012, 5.595880191407030857 ) ) ;
#2846 = DIRECTION ( 'NONE',  ( 0.1548704352003977824, -0.6985753890242775155, -0.6985753890242760722 ) ) ;
#2847 = DIRECTION ( 'NONE',  ( 0.000000000000000000, 9.326470300950577354E-17, -1.000000000000000000 ) ) ;
#2848 = LINE ( 'NONE', #439, #1388 ) ;
#2849 = EDGE_CURVE ( 'NONE', #300, #3911, #3522, .T. ) ;
#2850 = VERTEX_POINT ( 'NONE', #3269 ) ;
#2851 = ORIENTED_EDGE ( 'NONE', *, *, #379, .F. ) ;
#2852 = ORIENTED_EDGE ( 'NONE', *, *, #685, .T. ) ;
#2853 =( NAMED_UNIT ( * ) SI_UNIT ( $, .STERADIAN. ) SOLID_ANGLE_UNIT ( ) );
#2854 = DIRECTION ( 'NONE',  ( 0.000000000000000000, -9.326470300950576121E-17, 1.000000000000000000 ) ) ;
#2855 = FACE_OUTER_BOUND ( 'NONE', #1751, .T. ) ;
#2856 = LINE ( 'NONE', #2235, #1578 ) ;
#2857 = CARTESIAN_POINT ( 'NONE',  ( -1.749999999999997113, -3.500000000000000000, -4.500000000000000888 ) ) ;
#2858 = EDGE_CURVE ( 'NONE', #4003, #3523, #3900, .T. ) ;
#2859 = ORIENTED_EDGE ( 'NONE', *, *, #2578, .F. ) ;
#2860 = VECTOR ( 'NONE', #4004, 1000.000000000000000 ) ;
#2861 = ORIENTED_EDGE ( 'NONE', *, *, #252, .T. ) ;
#2862 = EDGE_CURVE ( 'NONE', #4238, #3950, #3535, .T. ) ;
#2863 = SURFACE_SIDE_STYLE ('',( #1533 ) ) ;
#2864 = DIRECTION ( 'NONE',  ( -1.000000000000000000, 0.000000000000000000, 0.000000000000000000 ) ) ;
#2865 = DIRECTION ( 'NONE',  ( -0.000000000000000000, -0.3420201433256658263, -0.9396926207859095381 ) ) ;
#2866 = LINE ( 'NONE', #366, #1378 ) ;
#2867 = ORIENTED_EDGE ( 'NONE', *, *, #2184, .F. ) ;
#2868 = EDGE_CURVE ( 'NONE', #3173, #3880, #2116, .T. ) ;
#2869 = CARTESIAN_POINT ( 'NONE',  ( 10.44999999999999751, 6.750000000000000000, 4.999999999999997335 ) ) ;
#2870 = VERTEX_POINT ( 'NONE', #3172 ) ;
#2871 = CARTESIAN_POINT ( 'NONE',  ( 4.900000000000004796, 8.500000000000000000, -5.500000000000000000 ) ) ;
#2872 = AXIS2_PLACEMENT_3D ( 'NONE', #2869, #4096, #2472 ) ;
#2873 = EDGE_LOOP ( 'NONE', ( #152, #1526, #2111, #210 ) ) ;
#2874 = VECTOR ( 'NONE', #1333, 1000.000000000000000 ) ;
#2875 = DIRECTION ( 'NONE',  ( -0.000000000000000000, 0.000000000000000000, -1.000000000000000000 ) ) ;
#2876 = VECTOR ( 'NONE', #2452, 1000.000000000000000 ) ;
#2877 = DIRECTION ( 'NONE',  ( 0.000000000000000000, -1.000000000000000000, 0.000000000000000000 ) ) ;
#2878 = ORIENTED_EDGE ( 'NONE', *, *, #1906, .F. ) ;
#2879 = PLANE ( 'NONE',  #243 ) ;
#2880 = DIRECTION ( 'NONE',  ( -0.000000000000000000, -0.000000000000000000, -1.000000000000000000 ) ) ;
#2881 = ORIENTED_EDGE ( 'NONE', *, *, #3040, .F. ) ;
#2882 = CARTESIAN_POINT ( 'NONE',  ( -11.00000000000000000, 8.500000000000000000, 5.000000000000000888 ) ) ;
#2883 = DIRECTION ( 'NONE',  ( -1.000000000000000000, 0.000000000000000000, 0.000000000000000000 ) ) ;
#2884 = CARTESIAN_POINT ( 'NONE',  ( -10.45000000000000107, 1.149999999999996581, 6.000000000000000888 ) ) ;
#2885 = LINE ( 'NONE', #923, #2835 ) ;
#2886 = PRESENTATION_LAYER_ASSIGNMENT (  '', '', ( #389 ) ) ;
#2887 = VECTOR ( 'NONE', #1090, 1000.000000000000000 ) ;
#2888 = LINE ( 'NONE', #853, #2900 ) ;
#2889 = VERTEX_POINT ( 'NONE', #1284 ) ;
#2890 = ORIENTED_EDGE ( 'NONE', *, *, #91, .F. ) ;
#2891 = ORIENTED_EDGE ( 'NONE', *, *, #3771, .T. ) ;
#2892 = PLANE ( 'NONE',  #1875 ) ;
#2893 = APPLICATION_CONTEXT ( 'automotive_design' ) ;
#2894 = AXIS2_PLACEMENT_3D ( 'NONE', #833, #1216, #2480 ) ;
#2895 = DIRECTION ( 'NONE',  ( 0.3236155771181821739, -0.8891264907159901476, 0.3236155771181821739 ) ) ;
#2896 = FACE_OUTER_BOUND ( 'NONE', #2689, .T. ) ;
#2897 = PLANE ( 'NONE',  #1675 ) ;
#2898 = EDGE_CURVE ( 'NONE', #910, #1625, #3238, .T. ) ;
#2899 = FACE_OUTER_BOUND ( 'NONE', #1926, .T. ) ;
#2900 = VECTOR ( 'NONE', #1605, 1000.000000000000000 ) ;
#2901 = EDGE_LOOP ( 'NONE', ( #70, #50, #1460, #3842 ) ) ;
#2902 = VECTOR ( 'NONE', #2059, 1000.000000000000000 ) ;
#2903 = ADVANCED_FACE ( 'NONE', ( #3203 ), #4201, .T. ) ;
#2904 = ORIENTED_EDGE ( 'NONE', *, *, #2607, .T. ) ;
#2905 = CARTESIAN_POINT ( 'NONE',  ( 7.137734010142631647, 3.237734010142628183, 3.991551727894137702 ) ) ;
#2906 = VECTOR ( 'NONE', #2196, 1000.000000000000114 ) ;
#2907 = VECTOR ( 'NONE', #1294, 1000.000000000000114 ) ;
#2908 = ORIENTED_EDGE ( 'NONE', *, *, #472, .F. ) ;
#2909 = ORIENTED_EDGE ( 'NONE', *, *, #2108, .T. ) ;
#2910 = DIRECTION ( 'NONE',  ( -0.9396926207859095381, -0.3420201433256658263, 0.000000000000000000 ) ) ;
#2911 = ORIENTED_EDGE ( 'NONE', *, *, #2533, .F. ) ;
#2912 = VECTOR ( 'NONE', #251, 1000.000000000000000 ) ;
#2913 = DIRECTION ( 'NONE',  ( -1.000000000000000000, -1.245016848787182258E-16, 0.000000000000000000 ) ) ;
#2914 = DIRECTION ( 'NONE',  ( 0.3236155771181821739, -0.8891264907159901476, -0.3236155771181821739 ) ) ;
#2915 = CARTESIAN_POINT ( 'NONE',  ( -2.749999999999998224, 8.500000000000000000, 5.000000000000000888 ) ) ;
#2916 = SURFACE_STYLE_USAGE ( .BOTH. , #3227 ) ;
#2917 = ORIENTED_EDGE ( 'NONE', *, *, #3634, .F. ) ;
#2918 = VERTEX_POINT ( 'NONE', #545 ) ;
#2919 = DIRECTION ( 'NONE',  ( 1.000000000000000000, 0.000000000000000000, 0.000000000000000000 ) ) ;
#2920 = FACE_OUTER_BOUND ( 'NONE', #4042, .T. ) ;
#2921 = VECTOR ( 'NONE', #1727, 1000.000000000000000 ) ;
#2922 = FACE_OUTER_BOUND ( 'NONE', #2240, .T. ) ;
#2923 = LINE ( 'NONE', #3260, #15 ) ;
#2924 = LINE ( 'NONE', #3025, #84 ) ;
#2925 = ORIENTED_EDGE ( 'NONE', *, *, #2729, .T. ) ;
#2926 = VERTEX_POINT ( 'NONE', #867 ) ;
#2927 = CARTESIAN_POINT ( 'NONE',  ( 2.995220836013661625, -3.500000000000000000, 0.000000000000000000 ) ) ;
#2928 = EDGE_CURVE ( 'NONE', #2343, #3901, #3250, .T. ) ;
#2929 = FACE_OUTER_BOUND ( 'NONE', #1834, .T. ) ;
#2930 = VECTOR ( 'NONE', #2820, 1000.000000000000000 ) ;
#2931 = ADVANCED_FACE ( 'NONE', ( #1791 ), #2517, .T. ) ;
#2932 = FACE_OUTER_BOUND ( 'NONE', #2522, .T. ) ;
#2933 = VECTOR ( 'NONE', #2593, 1000.000000000000000 ) ;
#2934 = ORIENTED_EDGE ( 'NONE', *, *, #2743, .F. ) ;
#2935 = EDGE_CURVE ( 'NONE', #77, #1079, #1803, .T. ) ;
#2936 = ORIENTED_EDGE ( 'NONE', *, *, #534, .F. ) ;
#2937 = ORIENTED_EDGE ( 'NONE', *, *, #3091, .F. ) ;
#2938 = CARTESIAN_POINT ( 'NONE',  ( -1.749999999999997113, 0.000000000000000000, -3.500000000000000000 ) ) ;
#2939 = LINE ( 'NONE', #3855, #1632 ) ;
#2940 = CARTESIAN_POINT ( 'NONE',  ( -10.45000000000000107, 6.749999999999997335, 4.999999999999997335 ) ) ;
#2941 = EDGE_LOOP ( 'NONE', ( #2843, #2738, #1495, #150, #2832, #4188, #4176, #2397, #2911 ) ) ;
#2942 = ORIENTED_EDGE ( 'NONE', *, *, #224, .T. ) ;
#2943 = CARTESIAN_POINT ( 'NONE',  ( -11.00000000000000000, 0.08000000000000000167, 3.337127970494183415 ) ) ;
#2944 = FACE_OUTER_BOUND ( 'NONE', #707, .T. ) ;
#2945 = VECTOR ( 'NONE', #1322, 1000.000000000000000 ) ;
#2946 = CARTESIAN_POINT ( 'NONE',  ( -1.528305337357056981, 8.100000000000001421, 6.000000000000000000 ) ) ;
#2947 = DIRECTION ( 'NONE',  ( 0.000000000000000000, 1.000000000000000000, 0.000000000000000000 ) ) ;
#2948 = VERTEX_POINT ( 'NONE', #3810 ) ;
#2949 = VERTEX_POINT ( 'NONE', #1189 ) ;
#2950 = CARTESIAN_POINT ( 'NONE',  ( -5.310122426543366636, 1.399999999999996803, -5.938035677847513405 ) ) ;
#2951 = PLANE ( 'NONE',  #3694 ) ;
#2952 = CARTESIAN_POINT ( 'NONE',  ( -6.749999999999997335, -3.500000000000000000, -4.500000000000000888 ) ) ;
#2953 = PLANE ( 'NONE',  #4028 ) ;
#2954 = VECTOR ( 'NONE', #4240, 1000.000000000000114 ) ;
#2955 = VECTOR ( 'NONE', #4153, 1000.000000000000000 ) ;
#2956 = AXIS2_PLACEMENT_3D ( 'NONE', #230, #1515, #3167 ) ;
#2957 = VERTEX_POINT ( 'NONE', #568 ) ;
#2958 = CARTESIAN_POINT ( 'NONE',  ( -7.882103458009590113, 8.261647923437188012, 5.595880191407030857 ) ) ;
#2959 = CARTESIAN_POINT ( 'NONE',  ( 3.250000000000002665, 3.350000000000000533, 7.414213562373094923 ) ) ;
#2960 = EDGE_CURVE ( 'NONE', #2527, #2421, #426, .T. ) ;
#2961 = AXIS2_PLACEMENT_3D ( 'NONE', #3302, #2628, #2588 ) ;
#2962 = LINE ( 'NONE', #484, #2979 ) ;
#2963 = DIRECTION ( 'NONE',  ( -0.000000000000000000, 0.000000000000000000, 1.000000000000000000 ) ) ;
#2964 = LINE ( 'NONE', #1964, #149 ) ;
#2965 = CARTESIAN_POINT ( 'NONE',  ( -10.44999999999999751, 1.399999999999996803, -1.999999999999998224 ) ) ;
#2966 = ORIENTED_EDGE ( 'NONE', *, *, #3955, .F. ) ;
#2967 = VERTEX_POINT ( 'NONE', #3532 ) ;
#2968 = CARTESIAN_POINT ( 'NONE',  ( 0.6000000000000050848, 8.500000000000000000, -5.500000000000000000 ) ) ;
#2969 = LINE ( 'NONE', #988, #1530 ) ;
#2970 = EDGE_CURVE ( 'NONE', #2926, #1775, #368, .T. ) ;
#2971 = DIRECTION ( 'NONE',  ( -1.000000000000000000, 0.000000000000000000, 0.000000000000000000 ) ) ;
#2972 = DIRECTION ( 'NONE',  ( 0.000000000000000000, 1.000000000000000000, 0.000000000000000000 ) ) ;
#2973 = ORIENTED_EDGE ( 'NONE', *, *, #1895, .F. ) ;
#2974 = ORIENTED_EDGE ( 'NONE', *, *, #1235, .T. ) ;
#2975 = DIRECTION ( 'NONE',  ( -0.000000000000000000, 0.000000000000000000, -1.000000000000000000 ) ) ;
#2976 = CARTESIAN_POINT ( 'NONE',  ( 3.250000000000002665, -3.500000000000000000, -3.500000000000000000 ) ) ;
#2977 = LINE ( 'NONE', #636, #1576 ) ;
#2978 = PLANE ( 'NONE',  #3217 ) ;
#2979 = VECTOR ( 'NONE', #1360, 1000.000000000000000 ) ;
#2980 = EDGE_CURVE ( 'NONE', #3045, #1823, #3230, .T. ) ;
#2981 = DIRECTION ( 'NONE',  ( -0.000000000000000000, -0.000000000000000000, 1.000000000000000000 ) ) ;
#2982 = CARTESIAN_POINT ( 'NONE',  ( 10.44999999999999751, 1.399999999999999245, -27.57388467569065682 ) ) ;
#2983 = VERTEX_POINT ( 'NONE', #3849 ) ;
#2984 = EDGE_LOOP ( 'NONE', ( #3885, #3619, #657, #2204 ) ) ;
#2985 = VECTOR ( 'NONE', #3398, 1000.000000000000000 ) ;
#2986 = DIRECTION ( 'NONE',  ( 1.000000000000000000, 0.000000000000000000, 0.000000000000000000 ) ) ;
#2987 = VECTOR ( 'NONE', #1463, 1000.000000000000000 ) ;
#2988 = LINE ( 'NONE', #329, #1520 ) ;
#2989 = PRESENTATION_STYLE_ASSIGNMENT (( #581 ) ) ;
#2990 = EDGE_LOOP ( 'NONE', ( #1391, #1085, #2075, #4087 ) ) ;
#2991 = EDGE_CURVE ( 'NONE', #916, #1031, #394, .T. ) ;
#2992 = ORIENTED_EDGE ( 'NONE', *, *, #3673, .T. ) ;
#2993 = ORIENTED_EDGE ( 'NONE', *, *, #45, .F. ) ;
#2994 = LINE ( 'NONE', #2824, #1603 ) ;
#2995 = DIRECTION ( 'NONE',  ( 1.000000000000000000, 0.000000000000000000, 0.000000000000000000 ) ) ;
#2996 = EDGE_CURVE ( 'NONE', #24, #2426, #3267, .T. ) ;
#2997 = VECTOR ( 'NONE', #984, 1000.000000000000000 ) ;
#2998 = FACE_OUTER_BOUND ( 'NONE', #958, .T. ) ;
#2999 = ORIENTED_EDGE ( 'NONE', *, *, #3998, .F. ) ;
#3000 = ORIENTED_EDGE ( 'NONE', *, *, #537, .F. ) ;
#3001 = DIRECTION ( 'NONE',  ( 0.9396926207859095381, 0.000000000000000000, 0.3420201433256657153 ) ) ;
#3002 = PRESENTATION_LAYER_ASSIGNMENT (  '', '', ( #2370 ) ) ;
#3003 = LINE ( 'NONE', #1763, #1622 ) ;
#3004 = ORIENTED_EDGE ( 'NONE', *, *, #3410, .T. ) ;
#3005 = ORIENTED_EDGE ( 'NONE', *, *, #1895, .T. ) ;
#3006 = CARTESIAN_POINT ( 'NONE',  ( -11.00000000000000000, 8.500000000000000000, 3.300000000000000711 ) ) ;
#3007 = DIRECTION ( 'NONE',  ( -1.000000000000000000, 0.000000000000000000, 0.000000000000000000 ) ) ;
#3008 = LINE ( 'NONE', #358, #2954 ) ;
#3009 = DIRECTION ( 'NONE',  ( 0.000000000000000000, -1.000000000000000000, -1.126443815569355400E-16 ) ) ;
#3010 = ADVANCED_FACE ( 'NONE', ( #2254 ), #1616, .F. ) ;
#3011 = EDGE_CURVE ( 'NONE', #2497, #1677, #2273, .T. ) ;
#3012 = CIRCLE ( 'NONE', #942, 3.125000000000000000 ) ;
#3013 = ORIENTED_EDGE ( 'NONE', *, *, #1145, .T. ) ;
#3014 = ORIENTED_EDGE ( 'NONE', *, *, #494, .F. ) ;
#3015 = DIRECTION ( 'NONE',  ( -1.000000000000000000, 0.000000000000000000, -0.000000000000000000 ) ) ;
#3016 = FILL_AREA_STYLE_COLOUR ( '', #1563 ) ;
#3017 = LINE ( 'NONE', #3086, #1648 ) ;
#3018 = FACE_OUTER_BOUND ( 'NONE', #458, .T. ) ;
#3019 = VECTOR ( 'NONE', #870, 1000.000000000000000 ) ;
#3020 = ORIENTED_EDGE ( 'NONE', *, *, #1411, .F. ) ;
#3021 = ORIENTED_EDGE ( 'NONE', *, *, #1661, .F. ) ;
#3022 = CARTESIAN_POINT ( 'NONE',  ( -11.00000000000000000, 0.08000000000000020983, 6.000000000000000888 ) ) ;
#3023 = CARTESIAN_POINT ( 'NONE',  ( -7.971694662642938134, 8.100000000000001421, 6.000000000000000000 ) ) ;
#3024 = VECTOR ( 'NONE', #141, 1000.000000000000114 ) ;
#3025 = CARTESIAN_POINT ( 'NONE',  ( -11.00000000000000000, 7.700000000000000178, -5.999999999999998224 ) ) ;
#3026 = DIRECTION ( 'NONE',  ( -0.000000000000000000, -0.9396926207859095381, 0.3420201433256657153 ) ) ;
#3027 = VERTEX_POINT ( 'NONE', #239 ) ;
#3028 = ORIENTED_EDGE ( 'NONE', *, *, #3634, .T. ) ;
#3029 = EDGE_CURVE ( 'NONE', #3379, #882, #859, .T. ) ;
#3030 = LINE ( 'NONE', #592, #140 ) ;
#3031 = DIRECTION ( 'NONE',  ( 0.000000000000000000, -0.000000000000000000, -1.000000000000000000 ) ) ;
#3032 = ORIENTED_EDGE ( 'NONE', *, *, #2858, .F. ) ;
#3033 = CARTESIAN_POINT ( 'NONE',  ( -1.749999999999997113, 3.604779163986342461, 5.000000000000000888 ) ) ;
#3034 = LINE ( 'NONE', #3033, #2997 ) ;
#3035 = VECTOR ( 'NONE', #803, 1000.000000000000000 ) ;
#3036 = PLANE ( 'NONE',  #4187 ) ;
#3037 = ORIENTED_EDGE ( 'NONE', *, *, #1915, .F. ) ;
#3038 = ORIENTED_EDGE ( 'NONE', *, *, #2898, .T. ) ;
#3039 = DIRECTION ( 'NONE',  ( -0.000000000000000000, 1.000000000000000000, -0.000000000000000000 ) ) ;
#3040 = EDGE_CURVE ( 'NONE', #1383, #949, #753, .T. ) ;
#3041 = LINE ( 'NONE', #3270, #1639 ) ;
#3042 = ORIENTED_EDGE ( 'NONE', *, *, #1499, .F. ) ;
#3043 = ORIENTED_EDGE ( 'NONE', *, *, #2701, .T. ) ;
#3044 = EDGE_CURVE ( 'NONE', #2025, #2926, #4038, .T. ) ;
#3045 = VERTEX_POINT ( 'NONE', #89 ) ;
#3046 = LINE ( 'NONE', #437, #1636 ) ;
#3047 = SURFACE_STYLE_USAGE ( .BOTH. , #3075 ) ;
#3048 = FACE_OUTER_BOUND ( 'NONE', #21, .T. ) ;
#3049 = CARTESIAN_POINT ( 'NONE',  ( -0.09999999999999506506, 0.000000000000000000, -5.500000000000000000 ) ) ;
#3050 = CARTESIAN_POINT ( 'NONE',  ( 5.600000000000004086, 0.000000000000000000, -5.999999999999999112 ) ) ;
#3051 = ORIENTED_EDGE ( 'NONE', *, *, #1082, .F. ) ;
#3052 = VECTOR ( 'NONE', #3876, 1000.000000000000114 ) ;
#3053 = AXIS2_PLACEMENT_3D ( 'NONE', #2959, #325, #2556 ) ;
#3054 = CARTESIAN_POINT ( 'NONE',  ( -9.399999999999995026, 0.000000000000000000, -5.999999999999999112 ) ) ;
#3055 = LINE ( 'NONE', #1218, #1627 ) ;
#3056 = DIRECTION ( 'NONE',  ( -1.000000000000000000, -1.245016848787182258E-16, 0.000000000000000000 ) ) ;
#3057 = AXIS2_PLACEMENT_3D ( 'NONE', #3082, #410, #3365 ) ;
#3058 = LINE ( 'NONE', #3864, #2907 ) ;
#3059 = ORIENTED_EDGE ( 'NONE', *, *, #1649, .F. ) ;
#3060 = CARTESIAN_POINT ( 'NONE',  ( -6.749999999999997335, 3.350000000000000533, 4.299999999999992717 ) ) ;
#3061 = FACE_OUTER_BOUND ( 'NONE', #2416, .T. ) ;
#3062 = EDGE_CURVE ( 'NONE', #2507, #1033, #2115, .T. ) ;
#3063 = LINE ( 'NONE', #3006, #1651 ) ;
#3064 = FACE_OUTER_BOUND ( 'NONE', #715, .T. ) ;
#3065 = DIRECTION ( 'NONE',  ( 1.000000000000000000, 0.000000000000000000, 0.000000000000000000 ) ) ;
#3066 = CARTESIAN_POINT ( 'NONE',  ( 7.995220836013659849, 8.100000000000001421, 5.000000000000000888 ) ) ;
#3067 = ORIENTED_EDGE ( 'NONE', *, *, #3955, .T. ) ;
#3068 = LINE ( 'NONE', #4217, #238 ) ;
#3069 = EDGE_CURVE ( 'NONE', #2127, #1853, #3569, .T. ) ;
#3070 = DIRECTION ( 'NONE',  ( -0.000000000000000000, 0.9396926207859095381, 0.3420201433256657153 ) ) ;
#3071 = VECTOR ( 'NONE', #261, 1000.000000000000000 ) ;
#3072 = DIRECTION ( 'NONE',  ( -0.000000000000000000, -1.000000000000000000, -0.000000000000000000 ) ) ;
#3073 = LINE ( 'NONE', #3697, #3089 ) ;
#3074 = LINE ( 'NONE', #1885, #793 ) ;
#3075 = SURFACE_SIDE_STYLE ('',( #2447 ) ) ;
#3076 = CARTESIAN_POINT ( 'NONE',  ( -11.00000000000000000, 8.100000000000001421, 6.000000000000000888 ) ) ;
#3077 = LINE ( 'NONE', #2172, #1539 ) ;
#3078 = ADVANCED_FACE ( 'NONE', ( #3553 ), #1719, .F. ) ;
#3079 = CARTESIAN_POINT ( 'NONE',  ( 3.728810635994744604, -1.484478589409721661, -4.978810635994742384 ) ) ;
#3080 = LINE ( 'NONE', #2420, #234 ) ;
#3081 = ORIENTED_EDGE ( 'NONE', *, *, #1785, .F. ) ;
#3082 = CARTESIAN_POINT ( 'NONE',  ( -2.004779163986338375, -3.500000000000000000, 0.000000000000000000 ) ) ;
#3083 = DIRECTION ( 'NONE',  ( 0.000000000000000000, 0.000000000000000000, 1.000000000000000000 ) ) ;
#3084 = VECTOR ( 'NONE', #1340, 1000.000000000000000 ) ;
#3085 = DIRECTION ( 'NONE',  ( 0.000000000000000000, 0.000000000000000000, -1.000000000000000000 ) ) ;
#3086 = CARTESIAN_POINT ( 'NONE',  ( -11.00000000000000000, 8.100000000000001421, 6.000000000000000888 ) ) ;
#3087 = EDGE_CURVE ( 'NONE', #3822, #4075, #698, .T. ) ;
#3088 = PLANE ( 'NONE',  #3653 ) ;
#3089 = VECTOR ( 'NONE', #1767, 1000.000000000000114 ) ;
#3090 = DIRECTION ( 'NONE',  ( 1.000000000000000000, 0.000000000000000000, -0.000000000000000000 ) ) ;
#3091 = EDGE_CURVE ( 'NONE', #3786, #582, #3564, .T. ) ;
#3092 = LINE ( 'NONE', #369, #118 ) ;
#3093 = FACE_OUTER_BOUND ( 'NONE', #1858, .T. ) ;
#3094 = LINE ( 'NONE', #3723, #166 ) ;
#3095 = LINE ( 'NONE', #1528, #133 ) ;
#3096 = ORIENTED_EDGE ( 'NONE', *, *, #1088, .T. ) ;
#3097 = EDGE_CURVE ( 'NONE', #41, #1277, #1992, .T. ) ;
#3098 = LINE ( 'NONE', #492, #1685 ) ;
#3099 = DIRECTION ( 'NONE',  ( 0.3236155771181821184, 0.3236155771181821184, 0.8891264907159901476 ) ) ;
#3100 = DIRECTION ( 'NONE',  ( 0.000000000000000000, 0.000000000000000000, -1.000000000000000000 ) ) ;
#3101 = AXIS2_PLACEMENT_3D ( 'NONE', #3139, #3169, #1897 ) ;
#3102 = LINE ( 'NONE', #3225, #378 ) ;
#3103 = ORIENTED_EDGE ( 'NONE', *, *, #220, .T. ) ;
#3104 = LINE ( 'NONE', #3222, #1722 ) ;
#3105 = CARTESIAN_POINT ( 'NONE',  ( 0.6000000000000050848, 0.000000000000000000, -5.500000000000000000 ) ) ;
#3106 = FACE_OUTER_BOUND ( 'NONE', #4032, .T. ) ;
#3107 = VERTEX_POINT ( 'NONE', #3294 ) ;
#3108 = PRODUCT_RELATED_PRODUCT_CATEGORY ( 'part', '', ( #2750 ) ) ;
#3109 = VERTEX_POINT ( 'NONE', #423 ) ;
#3110 = LINE ( 'NONE', #3496, #310 ) ;
#3111 = AXIS2_PLACEMENT_3D ( 'NONE', #1702, #3610, #4146 ) ;
#3112 = CARTESIAN_POINT ( 'NONE',  ( -7.004779163986339263, 3.604779163986342461, 5.000000000000000888 ) ) ;
#3113 = LINE ( 'NONE', #516, #3205 ) ;
#3114 = ADVANCED_FACE ( 'NONE', ( #3417 ), #3337, .F. ) ;
#3115 = CARTESIAN_POINT ( 'NONE',  ( 2.137734010142632091, 3.237734010142628183, 3.991551727894137702 ) ) ;
#3116 = EDGE_CURVE ( 'NONE', #2967, #3950, #532, .T. ) ;
#3117 = VECTOR ( 'NONE', #1120, 1000.000000000000114 ) ;
#3118 = ORIENTED_EDGE ( 'NONE', *, *, #496, .F. ) ;
#3119 = DIRECTION ( 'NONE',  ( -0.000000000000000000, 0.000000000000000000, -1.000000000000000000 ) ) ;
#3120 = DIRECTION ( 'NONE',  ( -1.245016848787182258E-16, 1.000000000000000000, 0.000000000000000000 ) ) ;
#3121 = CARTESIAN_POINT ( 'NONE',  ( 8.662539449225567623, 8.610845201717802766, 6.860845201717799213 ) ) ;
#3122 = PLANE ( 'NONE',  #1680 ) ;
#3123 = VERTEX_POINT ( 'NONE', #377 ) ;
#3124 = VECTOR ( 'NONE', #1175, 1000.000000000000000 ) ;
#3125 = EDGE_CURVE ( 'NONE', #3630, #2646, #3420, .T. ) ;
#3126 = ORIENTED_EDGE ( 'NONE', *, *, #3486, .T. ) ;
#3127 = ORIENTED_EDGE ( 'NONE', *, *, #1649, .T. ) ;
#3128 = DIRECTION ( 'NONE',  ( 1.000000000000000000, 0.000000000000000000, 0.000000000000000000 ) ) ;
#3129 = CARTESIAN_POINT ( 'NONE',  ( -5.099999999999995204, 8.500000000000000000, -5.500000000000000000 ) ) ;
#3130 = VECTOR ( 'NONE', #1230, 1000.000000000000114 ) ;
#3131 = DIRECTION ( 'NONE',  ( 0.000000000000000000, -0.5299989400031800413, 0.8479983040050879106 ) ) ;
#3132 = EDGE_LOOP ( 'NONE', ( #4200, #3970, #1199, #2815 ) ) ;
#3133 = CARTESIAN_POINT ( 'NONE',  ( -7.749999999999996447, 4.349999999999999645, 7.414213562373094923 ) ) ;
#3134 = ORIENTED_EDGE ( 'NONE', *, *, #1443, .F. ) ;
#3135 = ORIENTED_EDGE ( 'NONE', *, *, #999, .T. ) ;
#3136 = FACE_OUTER_BOUND ( 'NONE', #3180, .T. ) ;
#3137 = ADVANCED_FACE ( 'NONE', ( #3384 ), #2288, .T. ) ;
#3138 = EDGE_CURVE ( 'NONE', #2343, #2097, #3402, .T. ) ;
#3139 = CARTESIAN_POINT ( 'NONE',  ( 0.000000000000000000, -3.500000000000000000, -4.245220836013659849 ) ) ;
#3140 = CARTESIAN_POINT ( 'NONE',  ( 7.250000000000000888, 3.500000000000000444, 5.000000000000000888 ) ) ;
#3141 = ORIENTED_EDGE ( 'NONE', *, *, #3447, .T. ) ;
#3142 = EDGE_CURVE ( 'NONE', #1181, #98, #1999, .T. ) ;
#3143 = DIRECTION ( 'NONE',  ( 0.000000000000000000, -1.000000000000000000, 0.000000000000000000 ) ) ;
#3144 = LINE ( 'NONE', #3742, #3155 ) ;
#3145 = LINE ( 'NONE', #643, #1729 ) ;
#3146 = ADVANCED_FACE ( 'NONE', ( #2632 ), #1149, .T. ) ;
#3147 = SURFACE_STYLE_USAGE ( .BOTH. , #3513 ) ;
#3148 = DIRECTION ( 'NONE',  ( 1.000000000000000000, -0.000000000000000000, -0.000000000000000000 ) ) ;
#3149 = ORIENTED_EDGE ( 'NONE', *, *, #3357, .F. ) ;
#3150 = AXIS2_PLACEMENT_3D ( 'NONE', #596, #1557, #1872 ) ;
#3151 = DIRECTION ( 'NONE',  ( 1.000000000000000000, 1.245016848787182258E-16, 0.000000000000000000 ) ) ;
#3152 = VECTOR ( 'NONE', #3448, 1000.000000000000000 ) ;
#3153 = ORIENTED_EDGE ( 'NONE', *, *, #1422, .F. ) ;
#3154 = ORIENTED_EDGE ( 'NONE', *, *, #3324, .F. ) ;
#3155 = VECTOR ( 'NONE', #2798, 1000.000000000000000 ) ;
#3156 = AXIS2_PLACEMENT_3D ( 'NONE', #3066, #4226, #1061 ) ;
#3157 = DIRECTION ( 'NONE',  ( 1.000000000000000000, 0.000000000000000000, 0.000000000000000000 ) ) ;
#3158 = FACE_OUTER_BOUND ( 'NONE', #1580, .T. ) ;
#3159 = FACE_OUTER_BOUND ( 'NONE', #646, .T. ) ;
#3160 = CARTESIAN_POINT ( 'NONE',  ( -11.00000000000000000, 0.08000000000000020983, 6.000000000000000888 ) ) ;
#3161 = PLANE ( 'NONE',  #1944 ) ;
#3162 = AXIS2_PLACEMENT_3D ( 'NONE', #2176, #4105, #1640 ) ;
#3163 = EDGE_LOOP ( 'NONE', ( #2744, #2443, #1439, #1005 ) ) ;
#3164 = DIRECTION ( 'NONE',  ( 0.000000000000000000, -0.7660444431189793457, -0.6427876096865378086 ) ) ;
#3165 = VERTEX_POINT ( 'NONE', #1015 ) ;
#3166 = VECTOR ( 'NONE', #1212, 1000.000000000000000 ) ;
#3167 = DIRECTION ( 'NONE',  ( 0.000000000000000000, 0.000000000000000000, 1.000000000000000000 ) ) ;
#3168 = DIRECTION ( 'NONE',  ( 0.000000000000000000, 1.000000000000000000, 1.084202172485502856E-15 ) ) ;
#3169 = DIRECTION ( 'NONE',  ( -0.000000000000000000, -0.3420201433256658263, -0.9396926207859095381 ) ) ;
#3170 = VECTOR ( 'NONE', #146, 1000.000000000000000 ) ;
#3171 = DIRECTION ( 'NONE',  ( 0.000000000000000000, 1.000000000000000000, 0.000000000000000000 ) ) ;
#3172 = CARTESIAN_POINT ( 'NONE',  ( 2.250000000000003553, 4.349999999999999645, 4.299999999999992717 ) ) ;
#3173 = VERTEX_POINT ( 'NONE', #3370 ) ;
#3174 = LINE ( 'NONE', #3473, #3209 ) ;
#3175 = DIRECTION ( 'NONE',  ( 0.1548704352003977824, -0.6985753890242775155, -0.6985753890242760722 ) ) ;
#3176 = LINE ( 'NONE', #225, #1755 ) ;
#3177 = LINE ( 'NONE', #1401, #274 ) ;
#3178 = EDGE_CURVE ( 'NONE', #2527, #2454, #1217, .T. ) ;
#3179 = DIRECTION ( 'NONE',  ( 0.000000000000000000, 0.000000000000000000, -1.000000000000000000 ) ) ;
#3180 = EDGE_LOOP ( 'NONE', ( #262, #3351, #2243, #805 ) ) ;
#3181 = FACE_OUTER_BOUND ( 'NONE', #2901, .T. ) ;
#3182 = DIRECTION ( 'NONE',  ( -1.000000000000000000, 0.000000000000000000, 0.000000000000000000 ) ) ;
#3183 = PLANE ( 'NONE',  #2822 ) ;
#3184 = ORIENTED_EDGE ( 'NONE', *, *, #2189, .F. ) ;
#3185 = VECTOR ( 'NONE', #2065, 1000.000000000000000 ) ;
#3186 = LINE ( 'NONE', #2391, #353 ) ;
#3187 = CARTESIAN_POINT ( 'NONE',  ( -5.099999999999995204, 7.700000000000000178, -6.000000000000000000 ) ) ;
#3188 = CARTESIAN_POINT ( 'NONE',  ( -5.099999999999995204, 0.000000000000000000, -6.000000000000000000 ) ) ;
#3189 = CARTESIAN_POINT ( 'NONE',  ( -2.749999999999998224, 6.749999999999997335, 5.000000000000000888 ) ) ;
#3190 = DIRECTION ( 'NONE',  ( -0.000000000000000000, 1.000000000000000000, -0.000000000000000000 ) ) ;
#3191 = ORIENTED_EDGE ( 'NONE', *, *, #1255, .T. ) ;
#3192 = ORIENTED_EDGE ( 'NONE', *, *, #2102, .T. ) ;
#3193 = EDGE_CURVE ( 'NONE', #2458, #4100, #2717, .T. ) ;
#3194 = CARTESIAN_POINT ( 'NONE',  ( 4.900000000000004796, 8.500000000000000000, -5.500000000000000000 ) ) ;
#3195 = CARTESIAN_POINT ( 'NONE',  ( 8.250000000000001776, 4.349999999999999645, 4.299999999999992717 ) ) ;
#3196 = EDGE_CURVE ( 'NONE', #2642, #60, #4148, .T. ) ;
#3197 = PLANE ( 'NONE',  #3917 ) ;
#3198 = LINE ( 'NONE', #1124, #3130 ) ;
#3199 = DIRECTION ( 'NONE',  ( 0.000000000000000000, 0.7071067811865482389, 0.7071067811865469066 ) ) ;
#3200 = DIRECTION ( 'NONE',  ( 1.000000000000000000, 0.000000000000000000, 0.000000000000000000 ) ) ;
#3201 = ORIENTED_EDGE ( 'NONE', *, *, #626, .F. ) ;
#3202 = LINE ( 'NONE', #4053, #470 ) ;
#3203 = FACE_OUTER_BOUND ( 'NONE', #1131, .T. ) ;
#3204 = CARTESIAN_POINT ( 'NONE',  ( 3.250000000000002665, 4.349999999999999645, 4.299999999999992717 ) ) ;
#3205 = VECTOR ( 'NONE', #3882, 1000.000000000000000 ) ;
#3206 = CARTESIAN_POINT ( 'NONE',  ( 10.44999999999999751, 6.750000000000000000, 4.999999999999997335 ) ) ;
#3207 = PLANE ( 'NONE',  #598 ) ;
#3208 = VERTEX_POINT ( 'NONE', #3984 ) ;
#3209 = VECTOR ( 'NONE', #3501, 1000.000000000000000 ) ;
#3210 = VECTOR ( 'NONE', #3228, 1000.000000000000000 ) ;
#3211 =( GEOMETRIC_REPRESENTATION_CONTEXT ( 3 ) GLOBAL_UNCERTAINTY_ASSIGNED_CONTEXT ( ( #2681 ) ) GLOBAL_UNIT_ASSIGNED_CONTEXT ( ( #4050, #3481, #2450 ) ) REPRESENTATION_CONTEXT ( 'NONE', 'WORKASPACE' ) );
#3212 = DIRECTION ( 'NONE',  ( 1.000000000000000000, 0.000000000000000000, 0.000000000000000000 ) ) ;
#3213 = FACE_OUTER_BOUND ( 'NONE', #3163, .T. ) ;
#3214 = EDGE_CURVE ( 'NONE', #1079, #2602, #4131, .T. ) ;
#3215 = ORIENTED_EDGE ( 'NONE', *, *, #3879, .F. ) ;
#3216 = FACE_OUTER_BOUND ( 'NONE', #2163, .T. ) ;
#3217 = AXIS2_PLACEMENT_3D ( 'NONE', #1913, #3840, #4088 ) ;
#3218 = CARTESIAN_POINT ( 'NONE',  ( 7.250000000000000888, -2.799999999999994937, -4.500000000000000888 ) ) ;
#3219 = VECTOR ( 'NONE', #2331, 1000.000000000000000 ) ;
#3220 = LINE ( 'NONE', #1979, #3170 ) ;
#3221 = ADVANCED_FACE ( 'NONE', ( #1204 ), #1735, .F. ) ;
#3222 = CARTESIAN_POINT ( 'NONE',  ( 7.250000000000002665, 3.350000000000000533, -1.999999999999999112 ) ) ;
#3223 = ORIENTED_EDGE ( 'NONE', *, *, #371, .T. ) ;
#3224 = EDGE_CURVE ( 'NONE', #2646, #4048, #1266, .T. ) ;
#3225 = CARTESIAN_POINT ( 'NONE',  ( -4.399999999999995026, 0.000000000000000000, -5.999999999999999112 ) ) ;
#3226 = CARTESIAN_POINT ( 'NONE',  ( 5.810122426543374630, 1.399999999999997025, 5.600000000000000533 ) ) ;
#3227 = SURFACE_SIDE_STYLE ('',( #2267 ) ) ;
#3228 = DIRECTION ( 'NONE',  ( 0.000000000000000000, -1.000000000000000000, 0.000000000000000000 ) ) ;
#3229 = ORIENTED_EDGE ( 'NONE', *, *, #3447, .F. ) ;
#3230 = LINE ( 'NONE', #1874, #3210 ) ;
#3231 = CARTESIAN_POINT ( 'NONE',  ( 5.600000000000004086, 7.700000000000000178, -5.999999999999998224 ) ) ;
#3232 = CARTESIAN_POINT ( 'NONE',  ( 2.504779163986345925, 8.100000000000001421, 5.000000000000000888 ) ) ;
#3233 = ORIENTED_EDGE ( 'NONE', *, *, #3735, .T. ) ;
#3234 = LINE ( 'NONE', #630, #399 ) ;
#3235 = DIRECTION ( 'NONE',  ( 0.000000000000000000, 1.126443815569355400E-16, -1.000000000000000000 ) ) ;
#3236 = ORIENTED_EDGE ( 'NONE', *, *, #4182, .T. ) ;
#3237 = ORIENTED_EDGE ( 'NONE', *, *, #51, .T. ) ;
#3238 = LINE ( 'NONE', #3273, #402 ) ;
#3239 = CARTESIAN_POINT ( 'NONE',  ( 4.689877573456633364, 1.399999999999996803, 5.600000000000002309 ) ) ;
#3240 = ADVANCED_FACE ( 'NONE', ( #4123 ), #1347, .T. ) ;
#3241 = EDGE_CURVE ( 'NONE', #4075, #953, #2693, .T. ) ;
#3242 = PLANE ( 'NONE',  #1761 ) ;
#3243 = CARTESIAN_POINT ( 'NONE',  ( 0.6000000000000050848, 7.700000000000000178, -5.500000000000000000 ) ) ;
#3244 = ORIENTED_EDGE ( 'NONE', *, *, #379, .T. ) ;
#3245 = DIRECTION ( 'NONE',  ( -1.000000000000000000, 0.000000000000000000, -0.000000000000000000 ) ) ;
#3246 = ADVANCED_FACE ( 'NONE', ( #4140 ), #348, .T. ) ;
#3247 = CARTESIAN_POINT ( 'NONE',  ( 0.9262499080019358511, 1.308051797165926455, 5.747117124534515398 ) ) ;
#3248 = ORIENTED_EDGE ( 'NONE', *, *, #4002, .F. ) ;
#3249 = PLANE ( 'NONE',  #57 ) ;
#3250 = LINE ( 'NONE', #3451, #3255 ) ;
#3251 =( BOUNDED_CURVE ( )  B_SPLINE_CURVE ( 3, ( #2344, #1132, #2008, #1724 ),
 .UNSPECIFIED., .F., .F. ) 
 B_SPLINE_CURVE_WITH_KNOTS ( ( 4, 4 ),
 ( 5.613472538226063513, 5.755549824914804269 ),
 .UNSPECIFIED. ) 
 CURVE ( )  GEOMETRIC_REPRESENTATION_ITEM ( )  RATIONAL_B_SPLINE_CURVE ( ( 1.000000000000000000, 0.9983185443496556122, 0.9983185443496556122, 1.000000000000000000 ) ) 
 REPRESENTATION_ITEM ( '' )  );
#3252 = DIRECTION ( 'NONE',  ( 0.000000000000000000, -9.326470300950577354E-17, 1.000000000000000000 ) ) ;
#3253 = CARTESIAN_POINT ( 'NONE',  ( 2.250000000000001776, -2.799999999999994937, -4.500000000000000888 ) ) ;
#3254 = ORIENTED_EDGE ( 'NONE', *, *, #3904, .T. ) ;
#3255 = VECTOR ( 'NONE', #838, 1000.000000000000000 ) ;
#3256 = CARTESIAN_POINT ( 'NONE',  ( 11.00000000000000000, 0.08000000000000020983, 6.000000000000000888 ) ) ;
#3257 = AXIS2_PLACEMENT_3D ( 'NONE', #956, #2306, #1335 ) ;
#3258 = DIRECTION ( 'NONE',  ( 1.000000000000000000, 0.000000000000000000, 0.000000000000000000 ) ) ;
#3259 = EDGE_LOOP ( 'NONE', ( #1494, #88, #2559, #1207 ) ) ;
#3260 = CARTESIAN_POINT ( 'NONE',  ( -6.749999999999997335, -2.799999999999994937, -4.500000000000000888 ) ) ;
#3261 = LINE ( 'NONE', #3231, #3266 ) ;
#3262 = CARTESIAN_POINT ( 'NONE',  ( 7.250000000000000888, -3.500000000000000000, -3.754779163986341040 ) ) ;
#3263 = DIRECTION ( 'NONE',  ( -1.000000000000000000, 0.000000000000000000, 0.000000000000000000 ) ) ;
#3264 = CARTESIAN_POINT ( 'NONE',  ( -2.749999999999998224, 0.000000000000000000, -3.500000000000000000 ) ) ;
#3265 = ORIENTED_EDGE ( 'NONE', *, *, #3504, .T. ) ;
#3266 = VECTOR ( 'NONE', #2847, 1000.000000000000000 ) ;
#3267 = LINE ( 'NONE', #929, #932 ) ;
#3268 = ADVANCED_FACE ( 'NONE', ( #1323 ), #1933, .F. ) ;
#3269 = CARTESIAN_POINT ( 'NONE',  ( 8.250000000000001776, 3.350000000000000533, 4.299999999999992717 ) ) ;
#3270 = CARTESIAN_POINT ( 'NONE',  ( 3.250000000000002665, 3.350000000000000533, 4.299999999999992717 ) ) ;
#3271 = CARTESIAN_POINT ( 'NONE',  ( 2.250000000000003553, 3.350000000000000533, 4.299999999999992717 ) ) ;
#3272 = VERTEX_POINT ( 'NONE', #1471 ) ;
#3273 = CARTESIAN_POINT ( 'NONE',  ( -10.45000000000000107, 6.749999999999997335, 4.999999999999997335 ) ) ;
#3274 = EDGE_LOOP ( 'NONE', ( #3386, #2974, #1565, #548 ) ) ;
#3275 = EDGE_CURVE ( 'NONE', #158, #1142, #2670, .T. ) ;
#3276 = VECTOR ( 'NONE', #3480, 1000.000000000000000 ) ;
#3277 = DIRECTION ( 'NONE',  ( -0.000000000000000000, 0.000000000000000000, 1.000000000000000000 ) ) ;
#3278 = CARTESIAN_POINT ( 'NONE',  ( -0.09999999999999506506, 7.700000000000000178, -6.000000000000000000 ) ) ;
#3279 = ORIENTED_EDGE ( 'NONE', *, *, #3888, .F. ) ;
#3280 = PLANE ( 'NONE',  #428 ) ;
#3281 = ORIENTED_EDGE ( 'NONE', *, *, #3784, .T. ) ;
#3282 = EDGE_CURVE ( 'NONE', #1368, #2341, #2730, .T. ) ;
#3283 = PLANE ( 'NONE',  #2961 ) ;
#3284 = CARTESIAN_POINT ( 'NONE',  ( 7.250000000000002665, 3.350000000000000533, 7.414213562373094923 ) ) ;
#3285 = EDGE_CURVE ( 'NONE', #949, #114, #2639, .T. ) ;
#3286 = DIRECTION ( 'NONE',  ( 0.000000000000000000, 0.000000000000000000, 1.000000000000000000 ) ) ;
#3287 = AXIS2_PLACEMENT_3D ( 'NONE', #3342, #2473, #986 ) ;
#3288 = CARTESIAN_POINT ( 'NONE',  ( 3.250000000000002665, 4.349999999999999645, 4.299999999999992717 ) ) ;
#3289 = EDGE_LOOP ( 'NONE', ( #2549, #185, #3403, #3423 ) ) ;
#3290 = ADVANCED_FACE ( 'NONE', ( #1302 ), #3183, .F. ) ;
#3291 = CARTESIAN_POINT ( 'NONE',  ( 9.451389122220497541, 1.224578106523809273, 5.880675029561902356 ) ) ;
#3292 = DIRECTION ( 'NONE',  ( -0.000000000000000000, -0.000000000000000000, -1.000000000000000000 ) ) ;
#3293 = PRESENTATION_LAYER_ASSIGNMENT (  '', '', ( #1770 ) ) ;
#3294 = CARTESIAN_POINT ( 'NONE',  ( -3.823411897755952360, 1.149999999999998579, 6.000000000000000000 ) ) ;
#3295 = DIRECTION ( 'NONE',  ( 1.000000000000000000, -0.000000000000000000, -0.000000000000000000 ) ) ;
#3296 = FACE_OUTER_BOUND ( 'NONE', #176, .T. ) ;
#3297 = ADVANCED_FACE ( 'NONE', ( #1331 ), #512, .T. ) ;
#3298 =( GEOMETRIC_REPRESENTATION_CONTEXT ( 3 ) GLOBAL_UNCERTAINTY_ASSIGNED_CONTEXT ( ( #3506 ) ) GLOBAL_UNIT_ASSIGNED_CONTEXT ( ( #884, #1269, #3545 ) ) REPRESENTATION_CONTEXT ( 'NONE', 'WORKASPACE' ) );
#3299 = CARTESIAN_POINT ( 'NONE',  ( 7.250000000000000888, -2.799999999999994937, -3.500000000000000000 ) ) ;
#3300 = EDGE_LOOP ( 'NONE', ( #3028, #3442, #1543, #1720 ) ) ;
#3301 = CARTESIAN_POINT ( 'NONE',  ( -7.971694662642938134, 7.750000000000001776, 6.000000000000000000 ) ) ;
#3302 = CARTESIAN_POINT ( 'NONE',  ( -11.00000000000000000, 0.000000000000000000, -5.999999999999999112 ) ) ;
#3303 = ADVANCED_FACE ( 'NONE', ( #4072 ), #370, .T. ) ;
#3304 = ORIENTED_EDGE ( 'NONE', *, *, #755, .T. ) ;
#3305 = VERTEX_POINT ( 'NONE', #1689 ) ;
#3306 = VECTOR ( 'NONE', #610, 1000.000000000000000 ) ;
#3307 = DIRECTION ( 'NONE',  ( -0.000000000000000000, 0.9284766908852595257, 0.3713906763541032774 ) ) ;
#3308 = FACE_OUTER_BOUND ( 'NONE', #2771, .T. ) ;
#3309 = DIRECTION ( 'NONE',  ( 0.000000000000000000, -1.000000000000000000, 0.000000000000000000 ) ) ;
#3310 = EDGE_CURVE ( 'NONE', #3860, #25, #2604, .T. ) ;
#3311 = DIRECTION ( 'NONE',  ( 1.000000000000000000, 1.245016848787182258E-16, 0.000000000000000000 ) ) ;
#3312 = CARTESIAN_POINT ( 'NONE',  ( 9.900000000000003908, 7.700000000000000178, -6.000000000000000000 ) ) ;
#3313 = ORIENTED_EDGE ( 'NONE', *, *, #3324, .T. ) ;
#3314 = LINE ( 'NONE', #3931, #1883 ) ;
#3315 = ORIENTED_EDGE ( 'NONE', *, *, #3029, .F. ) ;
#3316 = PLANE ( 'NONE',  #435 ) ;
#3317 = EDGE_CURVE ( 'NONE', #41, #459, #4080, .T. ) ;
#3318 = PLANE ( 'NONE',  #3467 ) ;
#3319 = CARTESIAN_POINT ( 'NONE',  ( -2.749999999999998224, -3.500000000000000000, -3.754779163986341040 ) ) ;
#3320 = CARTESIAN_POINT ( 'NONE',  ( -7.749999999999996447, 3.350000000000000533, 7.414213562373094923 ) ) ;
#3321 = FILL_AREA_STYLE ('',( #3016 ) ) ;
#3322 = EDGE_CURVE ( 'NONE', #3706, #4010, #1280, .T. ) ;
#3323 = CARTESIAN_POINT ( 'NONE',  ( 0.000000000000000000, 0.000000000000000000, 0.000000000000000000 ) ) ;
#3324 = EDGE_CURVE ( 'NONE', #43, #2486, #3993, .T. ) ;
#3325 = ADVANCED_FACE ( 'NONE', ( #2592 ), #2179, .F. ) ;
#3326 = DIRECTION ( 'NONE',  ( 0.3236155771181821739, 0.8891264907159901476, 0.3236155771181821739 ) ) ;
#3327 = PLANE ( 'NONE',  #588 ) ;
#3328 = PRESENTATION_LAYER_ASSIGNMENT (  '', '', ( #1937 ) ) ;
#3329 = DIRECTION ( 'NONE',  ( 0.000000000000000000, -0.000000000000000000, -1.000000000000000000 ) ) ;
#3330 = PLANE ( 'NONE',  #1519 ) ;
#3331 = VERTEX_POINT ( 'NONE', #809 ) ;
#3332 = CARTESIAN_POINT ( 'NONE',  ( -1.749999999999997113, 3.500000000000000444, 5.000000000000000888 ) ) ;
#3333 = FACE_OUTER_BOUND ( 'NONE', #2535, .T. ) ;
#3334 = CARTESIAN_POINT ( 'NONE',  ( -1.749999999999997113, 3.500000000000000444, 5.000000000000000888 ) ) ;
#3335 = SURFACE_STYLE_USAGE ( .BOTH. , #3938 ) ;
#3336 = ORIENTED_EDGE ( 'NONE', *, *, #3631, .T. ) ;
#3337 = PLANE ( 'NONE',  #3873 ) ;
#3338 = MANIFOLD_SOLID_BREP ( 'LPattern3[1]', #2468 ) ;
#3339 = ORIENTED_EDGE ( 'NONE', *, *, #3285, .T. ) ;
#3340 =( NAMED_UNIT ( * ) SI_UNIT ( $, .STERADIAN. ) SOLID_ANGLE_UNIT ( ) );
#3341 = ADVANCED_FACE ( 'NONE', ( #2686 ), #2951, .F. ) ;
#3342 = CARTESIAN_POINT ( 'NONE',  ( -4.399999999999995026, 8.500000000000000000, -5.500000000000000000 ) ) ;
#3343 = DIRECTION ( 'NONE',  ( 0.1548704352003977824, 0.6985753890242775155, 0.6985753890242760722 ) ) ;
#3344 = EDGE_CURVE ( 'NONE', #2850, #1911, #4091, .T. ) ;
#3345 = CARTESIAN_POINT ( 'NONE',  ( 10.44999999999999751, 1.399999999999999245, 5.600000000000000533 ) ) ;
#3346 = ORIENTED_EDGE ( 'NONE', *, *, #3382, .F. ) ;
#3347 = DIRECTION ( 'NONE',  ( 0.000000000000000000, -0.000000000000000000, -1.000000000000000000 ) ) ;
#3348 = ADVANCED_FACE ( 'NONE', ( #4027 ), #1461, .T. ) ;
#3349 = CARTESIAN_POINT ( 'NONE',  ( -7.495220836013654520, 3.350000000000000533, 5.000000000000000888 ) ) ;
#3350 = ORIENTED_EDGE ( 'NONE', *, *, #1590, .T. ) ;
#3351 = ORIENTED_EDGE ( 'NONE', *, *, #4009, .T. ) ;
#3352 = EDGE_LOOP ( 'NONE', ( #865, #1692, #3081, #3153 ) ) ;
#3353 = PRODUCT_DEFINITION_CONTEXT ( 'detailed design', #2893, 'design' ) ;
#3354 = ORIENTED_EDGE ( 'NONE', *, *, #2396, .F. ) ;
#3355 = CARTESIAN_POINT ( 'NONE',  ( -7.749999999999998224, -2.799999999999994937, -3.500000000000000000 ) ) ;
#3356 = PLANE ( 'NONE',  #1954 ) ;
#3357 = EDGE_CURVE ( 'NONE', #1031, #3854, #2712, .T. ) ;
#3358 = EDGE_CURVE ( 'NONE', #2870, #2318, #4033, .T. ) ;
#3359 = DIRECTION ( 'NONE',  ( 0.000000000000000000, 1.000000000000000000, -0.000000000000000000 ) ) ;
#3360 = LINE ( 'NONE', #1101, #3444 ) ;
#3361 = DIRECTION ( 'NONE',  ( 1.000000000000000000, 0.000000000000000000, 0.000000000000000000 ) ) ;
#3362 = VECTOR ( 'NONE', #3039, 1000.000000000000000 ) ;
#3363 = AXIS2_PLACEMENT_3D ( 'NONE', #3769, #363, #613 ) ;
#3364 = ORIENTED_EDGE ( 'NONE', *, *, #3282, .F. ) ;
#3365 = DIRECTION ( 'NONE',  ( 0.000000000000000000, 0.000000000000000000, -1.000000000000000000 ) ) ;
#3366 = DIRECTION ( 'NONE',  ( -0.000000000000000000, -0.000000000000000000, 1.000000000000000000 ) ) ;
#3367 = CARTESIAN_POINT ( 'NONE',  ( -6.585370489265858218, 4.514629510734137874, 3.847684136682078648 ) ) ;
#3368 = DIRECTION ( 'NONE',  ( -0.9762960071199332512, 0.000000000000000000, -0.2164396139381033479 ) ) ;
#3369 = AXIS2_PLACEMENT_3D ( 'NONE', #2882, #3507, #3783 ) ;
#3370 = CARTESIAN_POINT ( 'NONE',  ( -4.189877573456628035, 1.399999999999996803, -2.000000000000000888 ) ) ;
#3371 = ORIENTED_EDGE ( 'NONE', *, *, #3358, .F. ) ;
#3372 = CARTESIAN_POINT ( 'NONE',  ( -2.749999999999998224, -3.500000000000000000, -4.500000000000000888 ) ) ;
#3373 = EDGE_CURVE ( 'NONE', #1998, #1994, #2647, .T. ) ;
#3374 = ADVANCED_FACE ( 'NONE', ( #1288 ), #2073, .T. ) ;
#3375 = VECTOR ( 'NONE', #2183, 1000.000000000000000 ) ;
#3376 = DIRECTION ( 'NONE',  ( 0.000000000000000000, 0.000000000000000000, 1.000000000000000000 ) ) ;
#3377 = PLANE ( 'NONE',  #733 ) ;
#3378 = PLANE ( 'NONE',  #1398 ) ;
#3379 = VERTEX_POINT ( 'NONE', #762 ) ;
#3380 = ORIENTED_EDGE ( 'NONE', *, *, #273, .F. ) ;
#3381 = LINE ( 'NONE', #3204, #546 ) ;
#3382 = EDGE_CURVE ( 'NONE', #3874, #949, #1296, .T. ) ;
#3383 = DIRECTION ( 'NONE',  ( 0.9396926207859095381, -0.3420201433256658263, 0.000000000000000000 ) ) ;
#3384 = FACE_OUTER_BOUND ( 'NONE', #1362, .T. ) ;
#3385 = DIRECTION ( 'NONE',  ( 1.000000000000000000, 0.000000000000000000, 0.000000000000000000 ) ) ;
#3386 = ORIENTED_EDGE ( 'NONE', *, *, #3196, .T. ) ;
#3387 = PLANE ( 'NONE',  #381 ) ;
#3388 = ORIENTED_EDGE ( 'NONE', *, *, #1499, .T. ) ;
#3389 = DIRECTION ( 'NONE',  ( 0.000000000000000000, -1.000000000000000000, 0.000000000000000000 ) ) ;
#3390 = LINE ( 'NONE', #1918, #2063 ) ;
#3391 = EDGE_CURVE ( 'NONE', #2803, #1044, #4106, .T. ) ;
#3392 = CARTESIAN_POINT ( 'NONE',  ( 3.414629510734142226, 4.514629510734137874, 3.847684136682078648 ) ) ;
#3393 = ORIENTED_EDGE ( 'NONE', *, *, #2436, .T. ) ;
#3394 = ORIENTED_EDGE ( 'NONE', *, *, #1726, .F. ) ;
#3395 = CARTESIAN_POINT ( 'NONE',  ( -7.749999999999998224, 0.000000000000000000, -4.500000000000000888 ) ) ;
#3396 = ORIENTED_EDGE ( 'NONE', *, *, #3525, .T. ) ;
#3397 = DIRECTION ( 'NONE',  ( 0.000000000000000000, 0.000000000000000000, 1.000000000000000000 ) ) ;
#3398 = DIRECTION ( 'NONE',  ( 0.000000000000000000, -9.326470300950577354E-17, 1.000000000000000000 ) ) ;
#3399 = EDGE_CURVE ( 'NONE', #519, #1163, #4227, .T. ) ;
#3400 = CARTESIAN_POINT ( 'NONE',  ( -9.399999999999995026, 0.000000000000000000, -5.500000000000000000 ) ) ;
#3401 = CARTESIAN_POINT ( 'NONE',  ( -6.749999999999997335, 0.000000000000000000, -4.500000000000000888 ) ) ;
#3402 = LINE ( 'NONE', #3320, #571 ) ;
#3403 = ORIENTED_EDGE ( 'NONE', *, *, #2690, .T. ) ;
#3404 = VERTEX_POINT ( 'NONE', #3427 ) ;
#3405 =( BOUNDED_CURVE ( )  B_SPLINE_CURVE ( 3, ( #825, #3548, #280, #3239 ),
 .UNSPECIFIED., .F., .F. ) 
 B_SPLINE_CURVE_WITH_KNOTS ( ( 4, 4 ),
 ( 0.5276354822647816301, 0.6697127689535233852 ),
 .UNSPECIFIED. ) 
 CURVE ( )  GEOMETRIC_REPRESENTATION_ITEM ( )  RATIONAL_B_SPLINE_CURVE ( ( 1.000000000000000000, 0.9983185443496556122, 0.9983185443496556122, 1.000000000000000000 ) ) 
 REPRESENTATION_ITEM ( '' )  );
#3406 = ADVANCED_FACE ( 'NONE', ( #23 ), #783, .T. ) ;
#3407 = LINE ( 'NONE', #268, #664 ) ;
#3408 = CARTESIAN_POINT ( 'NONE',  ( 11.00000000000000000, 8.500000000000000000, 5.000000000000000888 ) ) ;
#3409 = DIRECTION ( 'NONE',  ( 0.000000000000000000, -1.000000000000000000, 0.000000000000000000 ) ) ;
#3410 = EDGE_CURVE ( 'NONE', #1475, #3786, #4157, .T. ) ;
#3411 = ORIENTED_EDGE ( 'NONE', *, *, #2112, .T. ) ;
#3412 = VECTOR ( 'NONE', #4134, 1000.000000000000000 ) ;
#3413 = ORIENTED_EDGE ( 'NONE', *, *, #2210, .F. ) ;
#3414 = EDGE_CURVE ( 'NONE', #158, #1115, #2801, .T. ) ;
#3415 = ADVANCED_FACE ( 'NONE', ( #1358 ), #2892, .T. ) ;
#3416 = VECTOR ( 'NONE', #4234, 1000.000000000000000 ) ;
#3417 = FACE_OUTER_BOUND ( 'NONE', #4160, .T. ) ;
#3418 = DIRECTION ( 'NONE',  ( -1.000000000000000000, -1.245016848787182258E-16, -0.000000000000000000 ) ) ;
#3419 = ORIENTED_EDGE ( 'NONE', *, *, #3673, .F. ) ;
#3420 = LINE ( 'NONE', #3355, #585 ) ;
#3421 = DIRECTION ( 'NONE',  ( 0.000000000000000000, -0.000000000000000000, -1.000000000000000000 ) ) ;
#3422 = AXIS2_PLACEMENT_3D ( 'NONE', #2754, #2045, #3311 ) ;
#3423 = ORIENTED_EDGE ( 'NONE', *, *, #3566, .T. ) ;
#3424 = DIRECTION ( 'NONE',  ( 0.000000000000000000, -0.000000000000000000, 1.000000000000000000 ) ) ;
#3425 = EDGE_CURVE ( 'NONE', #1111, #2042, #1426, .T. ) ;
#3426 = AXIS2_PLACEMENT_3D ( 'NONE', #659, #3307, #409 ) ;
#3427 = CARTESIAN_POINT ( 'NONE',  ( -2.495220836013657184, -3.500000000000000000, -3.754779163986341040 ) ) ;
#3428 = ORIENTED_EDGE ( 'NONE', *, *, #3357, .T. ) ;
#3429 = PLANE ( 'NONE',  #1177 ) ;
#3430 = DIRECTION ( 'NONE',  ( 0.000000000000000000, 0.000000000000000000, -1.000000000000000000 ) ) ;
#3431 = DIRECTION ( 'NONE',  ( 1.000000000000000000, 0.000000000000000000, 0.000000000000000000 ) ) ;
#3432 = EDGE_CURVE ( 'NONE', #77, #3520, #4237, .T. ) ;
#3433 = VERTEX_POINT ( 'NONE', #460 ) ;
#3434 = CARTESIAN_POINT ( 'NONE',  ( -1.749999999999997113, 3.350000000000000533, 7.414213562373094923 ) ) ;
#3435 = ORIENTED_EDGE ( 'NONE', *, *, #3193, .F. ) ;
#3436 = CARTESIAN_POINT ( 'NONE',  ( -4.399999999999995026, 7.700000000000000178, -5.999999999999998224 ) ) ;
#3437 = PLANE ( 'NONE',  #3562 ) ;
#3438 = CARTESIAN_POINT ( 'NONE',  ( 2.949368583732518978, -4.721499391681062363, -3.800631416267483687 ) ) ;
#3439 = ORIENTED_EDGE ( 'NONE', *, *, #2213, .T. ) ;
#3440 =( NAMED_UNIT ( * ) SI_UNIT ( $, .STERADIAN. ) SOLID_ANGLE_UNIT ( ) );
#3441 = EDGE_CURVE ( 'NONE', #623, #647, #2848, .T. ) ;
#3442 = ORIENTED_EDGE ( 'NONE', *, *, #2640, .F. ) ;
#3443 = ADVANCED_FACE ( 'NONE', ( #2836 ), #816, .T. ) ;
#3444 = VECTOR ( 'NONE', #674, 1000.000000000000000 ) ;
#3445 = CARTESIAN_POINT ( 'NONE',  ( -6.749999999999997335, -3.500000000000000000, -3.500000000000000000 ) ) ;
#3446 = DIRECTION ( 'NONE',  ( 0.000000000000000000, 9.326470300950577354E-17, -1.000000000000000000 ) ) ;
#3447 = EDGE_CURVE ( 'NONE', #1285, #3379, #1350, .T. ) ;
#3448 = DIRECTION ( 'NONE',  ( -0.000000000000000000, 1.000000000000000000, -0.000000000000000000 ) ) ;
#3449 = PLANE ( 'NONE',  #2649 ) ;
#3450 = LINE ( 'NONE', #915, #1568 ) ;
#3451 = CARTESIAN_POINT ( 'NONE',  ( -7.749999999999996447, 4.349999999999999645, 4.299999999999992717 ) ) ;
#3452 = AXIS2_PLACEMENT_3D ( 'NONE', #1220, #3530, #565 ) ;
#3453 = DIRECTION ( 'NONE',  ( 0.000000000000000000, -0.000000000000000000, -1.000000000000000000 ) ) ;
#3454 = DIRECTION ( 'NONE',  ( 1.000000000000000000, 1.245016848787182258E-16, 0.000000000000000000 ) ) ;
#3455 = UNCERTAINTY_MEASURE_WITH_UNIT (LENGTH_MEASURE( 1.000000000000000082E-05 ), #4199, 'distance_accuracy_value', 'NONE');
#3456 = ORIENTED_EDGE ( 'NONE', *, *, #2228, .F. ) ;
#3457 = EDGE_CURVE ( 'NONE', #2421, #1429, #37, .T. ) ;
#3458 = DIRECTION ( 'NONE',  ( -0.000000000000000000, 0.000000000000000000, 1.000000000000000000 ) ) ;
#3459 = DIRECTION ( 'NONE',  ( -1.000000000000000000, 0.000000000000000000, -0.000000000000000000 ) ) ;
#3460 = AXIS2_PLACEMENT_3D ( 'NONE', #1756, #3389, #2036 ) ;
#3461 = ORIENTED_EDGE ( 'NONE', *, *, #1278, .T. ) ;
#3462 = DIRECTION ( 'NONE',  ( 1.000000000000000000, 1.245016848787182258E-16, 0.000000000000000000 ) ) ;
#3463 = ORIENTED_EDGE ( 'NONE', *, *, #778, .F. ) ;
#3464 = AXIS2_PLACEMENT_3D ( 'NONE', #3284, #1007, #2324 ) ;
#3465 = DIRECTION ( 'NONE',  ( 0.3236155771181821184, 0.3236155771181821184, 0.8891264907159901476 ) ) ;
#3466 = ADVANCED_FACE ( 'NONE', ( #2855 ), #3122, .T. ) ;
#3467 = AXIS2_PLACEMENT_3D ( 'NONE', #398, #373, #2698 ) ;
#3468 = CLOSED_SHELL ( 'NONE', ( #2506, #701, #2731, #2769, #3348, #1351, #836, #3240, #79, #2161 ) ) ;
#3469 = DIRECTION ( 'NONE',  ( 1.000000000000000000, 0.000000000000000000, 0.000000000000000000 ) ) ;
#3470 = CARTESIAN_POINT ( 'NONE',  ( 5.000000000000000000, -3.500000000000000000, 0.000000000000000000 ) ) ;
#3471 = AXIS2_PLACEMENT_3D ( 'NONE', #4019, #2126, #703 ) ;
#3472 = EDGE_LOOP ( 'NONE', ( #2314, #544, #2270, #3394 ) ) ;
#3473 = CARTESIAN_POINT ( 'NONE',  ( 3.250000000000002665, -3.500000000000000000, -4.500000000000000888 ) ) ;
#3474 = AXIS2_PLACEMENT_3D ( 'NONE', #2692, #3755, #1525 ) ;
#3476 = ORIENTED_EDGE ( 'NONE', *, *, #2175, .F. ) ;
#3475 = DIRECTION ( 'NONE',  ( 0.000000000000000000, -0.000000000000000000, 1.000000000000000000 ) ) ;
#3477 = AXIS2_PLACEMENT_3D ( 'NONE', #2804, #2839, #3168 ) ;
#3478 = CARTESIAN_POINT ( 'NONE',  ( -2.004779163986339263, 3.604779163986342461, 5.000000000000000888 ) ) ;
#3479 = PLANE ( 'NONE',  #2816 ) ;
#3480 = DIRECTION ( 'NONE',  ( 1.000000000000000000, 0.000000000000000000, 0.000000000000000000 ) ) ;
#3481 =( NAMED_UNIT ( * ) PLANE_ANGLE_UNIT ( ) SI_UNIT ( $, .RADIAN. ) );
#3482 = DIRECTION ( 'NONE',  ( -0.2016115518741554702, -0.3637643765901014126, 0.9094109414752549192 ) ) ;
#3483 = ORIENTED_EDGE ( 'NONE', *, *, #2980, .T. ) ;
#3484 = DIRECTION ( 'NONE',  ( 1.000000000000000000, 0.000000000000000000, 0.000000000000000000 ) ) ;
#3485 = ORIENTED_EDGE ( 'NONE', *, *, #614, .T. ) ;
#3486 = EDGE_CURVE ( 'NONE', #3991, #3965, #2761, .T. ) ;
#3487 = DIRECTION ( 'NONE',  ( 0.000000000000000000, 0.000000000000000000, 1.000000000000000000 ) ) ;
#3488 = CARTESIAN_POINT ( 'NONE',  ( 7.250000000000002665, 4.349999999999999645, 4.299999999999992717 ) ) ;
#3489 = CARTESIAN_POINT ( 'NONE',  ( -11.00000000000000000, 7.700000000000000178, -5.500000000000000000 ) ) ;
#3490 = ORIENTED_EDGE ( 'NONE', *, *, #626, .T. ) ;
#3491 = CARTESIAN_POINT ( 'NONE',  ( 2.137734010142632091, 4.462265989857372439, 3.991551727894137702 ) ) ;
#3492 = ORIENTED_EDGE ( 'NONE', *, *, #3904, .F. ) ;
#3493 = ORIENTED_EDGE ( 'NONE', *, *, #2722, .T. ) ;
#3494 = FILL_AREA_STYLE_COLOUR ( '', #3980 ) ;
#3495 = VERTEX_POINT ( 'NONE', #4058 ) ;
#3496 = CARTESIAN_POINT ( 'NONE',  ( 8.250000000000001776, -2.799999999999994937, -3.500000000000000000 ) ) ;
#3497 = VECTOR ( 'NONE', #3540, 1000.000000000000114 ) ;
#3498 = EDGE_CURVE ( 'NONE', #337, #2758, #2755, .T. ) ;
#3499 = ORIENTED_EDGE ( 'NONE', *, *, #441, .T. ) ;
#3500 = ADVANCED_FACE ( 'NONE', ( #2767 ), #2048, .T. ) ;
#3501 = DIRECTION ( 'NONE',  ( -0.000000000000000000, 1.000000000000000000, -0.000000000000000000 ) ) ;
#3503 = ORIENTED_EDGE ( 'NONE', *, *, #1873, .T. ) ;
#3502 = CARTESIAN_POINT ( 'NONE',  ( 10.00000000000000000, 0.000000000000000000, 0.000000000000000000 ) ) ;
#3504 = EDGE_CURVE ( 'NONE', #1438, #1444, #4163, .T. ) ;
#3505 = DIRECTION ( 'NONE',  ( 1.000000000000000000, 0.000000000000000000, 0.000000000000000000 ) ) ;
#3506 = UNCERTAINTY_MEASURE_WITH_UNIT (LENGTH_MEASURE( 1.000000000000000082E-05 ), #884, 'distance_accuracy_value', 'NONE');
#3507 = DIRECTION ( 'NONE',  ( -0.000000000000000000, 0.9284766908852595257, 0.3713906763541032774 ) ) ;
#3508 = CARTESIAN_POINT ( 'NONE',  ( -6.749999999999997335, 4.349999999999999645, 4.299999999999992717 ) ) ;
#3509 = CARTESIAN_POINT ( 'NONE',  ( 10.44999999999999751, 6.750000000000000000, 4.999999999999997335 ) ) ;
#3510 = EDGE_LOOP ( 'NONE', ( #346, #380, #3549, #1534 ) ) ;
#3511 = ADVANCED_FACE ( 'NONE', ( #4173 ), #791, .T. ) ;
#3512 = AXIS2_PLACEMENT_3D ( 'NONE', #974, #1446, #2658 ) ;
#3513 = SURFACE_SIDE_STYLE ('',( #1674 ) ) ;
#3514 = CARTESIAN_POINT ( 'NONE',  ( -5.310122426543366636, 1.399999999999996803, -1.999999999999999112 ) ) ;
#3515 = CARTESIAN_POINT ( 'NONE',  ( -7.004779163986339263, 4.349999999999999645, 5.000000000000000888 ) ) ;
#3516 = FACE_OUTER_BOUND ( 'NONE', #3766, .T. ) ;
#3517 = ORIENTED_EDGE ( 'NONE', *, *, #1255, .F. ) ;
#3518 = CARTESIAN_POINT ( 'NONE',  ( 3.250000000000002665, -2.799999999999994937, -4.500000000000000888 ) ) ;
#3519 = DIRECTION ( 'NONE',  ( 0.000000000000000000, 0.000000000000000000, 1.000000000000000000 ) ) ;
#3520 = VERTEX_POINT ( 'NONE', #3657 ) ;
#3521 =( GEOMETRIC_REPRESENTATION_CONTEXT ( 3 ) GLOBAL_UNCERTAINTY_ASSIGNED_CONTEXT ( ( #13 ) ) GLOBAL_UNIT_ASSIGNED_CONTEXT ( ( #1718, #1437, #3627 ) ) REPRESENTATION_CONTEXT ( 'NONE', 'WORKASPACE' ) );
#3522 = LINE ( 'NONE', #476, #2103 ) ;
#3523 = VERTEX_POINT ( 'NONE', #1385 ) ;
#3524 = CARTESIAN_POINT ( 'NONE',  ( -7.749999999999998224, 8.500000000000000000, 5.000000000000000888 ) ) ;
#3525 = EDGE_CURVE ( 'NONE', #1786, #3699, #4212, .T. ) ;
#3526 = DIRECTION ( 'NONE',  ( -0.000000000000000000, 1.000000000000000000, -0.000000000000000000 ) ) ;
#3527 = ORIENTED_EDGE ( 'NONE', *, *, #1656, .F. ) ;
#3529 = ORIENTED_EDGE ( 'NONE', *, *, #3196, .F. ) ;
#3528 = DIRECTION ( 'NONE',  ( 0.000000000000000000, -1.000000000000000000, 0.000000000000000000 ) ) ;
#3530 = DIRECTION ( 'NONE',  ( 1.000000000000000000, 0.000000000000000000, 0.000000000000000000 ) ) ;
#3531 = FILL_AREA_STYLE ('',( #3809 ) ) ;
#3532 = CARTESIAN_POINT ( 'NONE',  ( 7.995220836013659849, 4.095220836013657717, 5.000000000000000888 ) ) ;
#3533 = PLANE ( 'NONE',  #874 ) ;
#3534 = DIRECTION ( 'NONE',  ( 0.000000000000000000, 0.000000000000000000, 1.000000000000000000 ) ) ;
#3535 = LINE ( 'NONE', #807, #587 ) ;
#3536 = ORIENTED_EDGE ( 'NONE', *, *, #3550, .T. ) ;
#3537 = ADVANCED_FACE ( 'NONE', ( #1433 ), #996, .T. ) ;
#3538 = EDGE_CURVE ( 'NONE', #3965, #593, #1459, .T. ) ;
#3539 = ORIENTED_EDGE ( 'NONE', *, *, #441, .F. ) ;
#3540 = DIRECTION ( 'NONE',  ( -0.2016115518741554702, -0.3637643765901014126, 0.9094109414752549192 ) ) ;
#3541 = CARTESIAN_POINT ( 'NONE',  ( 2.995220836013660737, 4.095220836013657717, 5.000000000000000888 ) ) ;
#3542 = ORIENTED_EDGE ( 'NONE', *, *, #3214, .F. ) ;
#3543 = ORIENTED_EDGE ( 'NONE', *, *, #2752, .F. ) ;
#3544 = DIRECTION ( 'NONE',  ( 0.000000000000000000, 0.000000000000000000, -1.000000000000000000 ) ) ;
#3545 =( NAMED_UNIT ( * ) SI_UNIT ( $, .STERADIAN. ) SOLID_ANGLE_UNIT ( ) );
#3546 = VECTOR ( 'NONE', #1840, 1000.000000000000000 ) ;
#3547 = DIRECTION ( 'NONE',  ( -0.000000000000000000, 0.000000000000000000, -1.000000000000000000 ) ) ;
#3548 = CARTESIAN_POINT ( 'NONE',  ( 4.451389122220496652, 1.224578106523809273, 5.880675029561902356 ) ) ;
#3549 = ORIENTED_EDGE ( 'NONE', *, *, #1785, .T. ) ;
#3550 = EDGE_CURVE ( 'NONE', #953, #1709, #2823, .T. ) ;
#3551 = DIRECTION ( 'NONE',  ( -1.000000000000000000, -1.245016848787182258E-16, -0.000000000000000000 ) ) ;
#3552 = DIRECTION ( 'NONE',  ( 0.000000000000000000, -1.000000000000000000, 0.000000000000000000 ) ) ;
#3553 = FACE_OUTER_BOUND ( 'NONE', #3936, .T. ) ;
#3554 = VECTOR ( 'NONE', #1553, 1000.000000000000000 ) ;
#3555 = EDGE_CURVE ( 'NONE', #2343, #2803, #71, .T. ) ;
#3556 = LINE ( 'NONE', #2101, #722 ) ;
#3558 = ORIENTED_EDGE ( 'NONE', *, *, #1753, .T. ) ;
#3557 = CARTESIAN_POINT ( 'NONE',  ( 2.504779163986345925, 3.604779163986342461, 5.000000000000000888 ) ) ;
#3559 = DIRECTION ( 'NONE',  ( 1.000000000000000000, -0.000000000000000000, -0.000000000000000000 ) ) ;
#3560 = ORIENTED_EDGE ( 'NONE', *, *, #2630, .F. ) ;
#3561 = VERTEX_POINT ( 'NONE', #1312 ) ;
#3562 = AXIS2_PLACEMENT_3D ( 'NONE', #720, #95, #2087 ) ;
#3563 = DIRECTION ( 'NONE',  ( -1.000000000000000000, 0.000000000000000000, 0.000000000000000000 ) ) ;
#3564 = LINE ( 'NONE', #3962, #3362 ) ;
#3565 = VECTOR ( 'NONE', #2802, 1000.000000000000000 ) ;
#3566 = EDGE_CURVE ( 'NONE', #1816, #286, #1441, .T. ) ;
#3567 = EDGE_LOOP ( 'NONE', ( #161, #3456, #2908, #1552 ) ) ;
#3568 = DIRECTION ( 'NONE',  ( 0.000000000000000000, -1.000000000000000000, -1.126443815569355400E-16 ) ) ;
#3569 = CIRCLE ( 'NONE', #3801, 3.125000000000000000 ) ;
#3570 = LINE ( 'NONE', #564, #3546 ) ;
#3571 = FILL_AREA_STYLE ('',( #3494 ) ) ;
#3572 = VERTEX_POINT ( 'NONE', #2264 ) ;
#3573 = PLANE ( 'NONE',  #644 ) ;
#3574 = DIRECTION ( 'NONE',  ( 0.000000000000000000, -1.000000000000000000, 0.000000000000000000 ) ) ;
#3575 = ORIENTED_EDGE ( 'NONE', *, *, #2281, .F. ) ;
#3576 = CARTESIAN_POINT ( 'NONE',  ( -1.749999999999997113, -3.500000000000000000, -3.500000000000000000 ) ) ;
#3577 = DIRECTION ( 'NONE',  ( -1.000000000000000000, -1.245016848787182258E-16, -0.000000000000000000 ) ) ;
#3578 = EDGE_CURVE ( 'NONE', #1444, #2602, #4180, .T. ) ;
#3579 = FACE_OUTER_BOUND ( 'NONE', #2105, .T. ) ;
#3580 = ORIENTED_EDGE ( 'NONE', *, *, #1929, .F. ) ;
#3581 = ORIENTED_EDGE ( 'NONE', *, *, #1698, .T. ) ;
#3582 = DIRECTION ( 'NONE',  ( 0.000000000000000000, -1.000000000000000000, 0.000000000000000000 ) ) ;
#3583 = VECTOR ( 'NONE', #1152, 1000.000000000000000 ) ;
#3584 = ADVANCED_FACE ( 'NONE', ( #12 ), #3316, .T. ) ;
#3585 = EDGE_CURVE ( 'NONE', #2780, #3520, #2740, .T. ) ;
#3586 = LINE ( 'NONE', #1556, #749 ) ;
#3587 = ORIENTED_EDGE ( 'NONE', *, *, #1325, .F. ) ;
#3588 = EDGE_CURVE ( 'NONE', #93, #3208, #4185, .T. ) ;
#3589 = LINE ( 'NONE', #3079, #779 ) ;
#3590 = FACE_OUTER_BOUND ( 'NONE', #899, .T. ) ;
#3591 = CARTESIAN_POINT ( 'NONE',  ( 7.250000000000002665, 4.349999999999999645, -1.999999999999999112 ) ) ;
#3592 = ORIENTED_EDGE ( 'NONE', *, *, #2020, .T. ) ;
#3593 = EDGE_CURVE ( 'NONE', #4241, #916, #2866, .T. ) ;
#3594 = DIRECTION ( 'NONE',  ( 1.000000000000000000, 0.000000000000000000, 0.000000000000000000 ) ) ;
#3595 = ADVANCED_FACE ( 'NONE', ( #1466 ), #3573, .F. ) ;
#3596 = ORIENTED_EDGE ( 'NONE', *, *, #51, .F. ) ;
#3597 = AXIS2_PLACEMENT_3D ( 'NONE', #2546, #1930, #2201 ) ;
#3598 = LINE ( 'NONE', #487, #3637 ) ;
#3599 = UNCERTAINTY_MEASURE_WITH_UNIT (LENGTH_MEASURE( 1.000000000000000082E-05 ), #750, 'distance_accuracy_value', 'NONE');
#3600 = LINE ( 'NONE', #2106, #770 ) ;
#3601 = CARTESIAN_POINT ( 'NONE',  ( -2.749999999999996447, 3.350000000000000533, 4.299999999999992717 ) ) ;
#3602 = VECTOR ( 'NONE', #1573, 1000.000000000000000 ) ;
#3603 = FACE_OUTER_BOUND ( 'NONE', #754, .T. ) ;
#3604 = AXIS2_PLACEMENT_3D ( 'NONE', #2242, #27, #939 ) ;
#3605 = CARTESIAN_POINT ( 'NONE',  ( -11.00000000000000000, 8.500000000000000000, 5.000000000000000888 ) ) ;
#3606 =( GEOMETRIC_REPRESENTATION_CONTEXT ( 3 ) GLOBAL_UNCERTAINTY_ASSIGNED_CONTEXT ( ( #795 ) ) GLOBAL_UNIT_ASSIGNED_CONTEXT ( ( #1091, #271, #2789 ) ) REPRESENTATION_CONTEXT ( 'NONE', 'WORKASPACE' ) );
#3607 = CYLINDRICAL_SURFACE ( 'NONE', #2313, 3.125000000000000000 ) ;
#3608 = AXIS2_PLACEMENT_3D ( 'NONE', #895, #3383, #3681 ) ;
#3609 = FACE_OUTER_BOUND ( 'NONE', #2817, .T. ) ;
#3610 = DIRECTION ( 'NONE',  ( -0.9396926207859095381, 0.000000000000000000, 0.3420201433256657153 ) ) ;
#3611 = EDGE_CURVE ( 'NONE', #2889, #1079, #4202, .T. ) ;
#3612 = VECTOR ( 'NONE', #2272, 1000.000000000000114 ) ;
#3613 = ORIENTED_EDGE ( 'NONE', *, *, #1996, .T. ) ;
#3614 = DIRECTION ( 'NONE',  ( 1.000000000000000000, 0.000000000000000000, 0.000000000000000000 ) ) ;
#3615 = CARTESIAN_POINT ( 'NONE',  ( -10.45000000000000107, 6.749999999999997335, -27.57388467569065682 ) ) ;
#3616 = LINE ( 'NONE', #3658, #2521 ) ;
#3617 = COLOUR_RGB ( '',0.7921568627450980005, 0.8196078431372548767, 0.9333333333333333481 ) ;
#3618 = DIRECTION ( 'NONE',  ( 0.000000000000000000, 0.000000000000000000, -1.000000000000000000 ) ) ;
#3619 = ORIENTED_EDGE ( 'NONE', *, *, #3432, .F. ) ;
#3620 = PLANE ( 'NONE',  #1228 ) ;
#3621 = DIRECTION ( 'NONE',  ( 1.000000000000000000, 0.000000000000000000, 0.000000000000000000 ) ) ;
#3622 = FACE_OUTER_BOUND ( 'NONE', #2596, .T. ) ;
#3623 = DIRECTION ( 'NONE',  ( -0.000000000000000000, 0.000000000000000000, -1.000000000000000000 ) ) ;
#3624 = FACE_OUTER_BOUND ( 'NONE', #420, .T. ) ;
#3625 = EDGE_LOOP ( 'NONE', ( #2392, #3893, #819, #871 ) ) ;
#3626 = CARTESIAN_POINT ( 'NONE',  ( 9.689877573456632476, 1.399999999999996803, 5.600000000000002309 ) ) ;
#3627 =( NAMED_UNIT ( * ) SI_UNIT ( $, .STERADIAN. ) SOLID_ANGLE_UNIT ( ) );
#3628 = VECTOR ( 'NONE', #101, 1000.000000000000114 ) ;
#3629 = CARTESIAN_POINT ( 'NONE',  ( 2.250000000000003553, 4.349999999999999645, 7.414213562373094923 ) ) ;
#3630 = VERTEX_POINT ( 'NONE', #1303 ) ;
#3631 = EDGE_CURVE ( 'NONE', #905, #1691, #1472, .T. ) ;
#3632 = CARTESIAN_POINT ( 'NONE',  ( -11.00000000000000000, 8.100000000000001421, 6.000000000000000888 ) ) ;
#3633 = DIRECTION ( 'NONE',  ( -0.000000000000000000, 0.000000000000000000, 1.000000000000000000 ) ) ;
#3634 = EDGE_CURVE ( 'NONE', #1421, #623, #2784, .T. ) ;
#3635 = DIRECTION ( 'NONE',  ( 0.3236155771181821739, 0.8891264907159901476, -0.3236155771181821739 ) ) ;
#3636 = CARTESIAN_POINT ( 'NONE',  ( -9.399999999999995026, 7.700000000000000178, -5.500000000000000000 ) ) ;
#3637 = VECTOR ( 'NONE', #272, 1000.000000000000000 ) ;
#3638 =( GEOMETRIC_REPRESENTATION_CONTEXT ( 3 ) GLOBAL_UNCERTAINTY_ASSIGNED_CONTEXT ( ( #1148 ) ) GLOBAL_UNIT_ASSIGNED_CONTEXT ( ( #1805, #2082, #488 ) ) REPRESENTATION_CONTEXT ( 'NONE', 'WORKASPACE' ) );
#3639 = ORIENTED_EDGE ( 'NONE', *, *, #1610, .T. ) ;
#3640 = DIRECTION ( 'NONE',  ( 1.000000000000000000, 1.245016848787182258E-16, 1.402441529595968838E-32 ) ) ;
#3641 = PLANE ( 'NONE',  #980 ) ;
#3642 = CARTESIAN_POINT ( 'NONE',  ( 7.686524300924726383, 4.780966123763717768, 3.030966123763720432 ) ) ;
#3643 = LINE ( 'NONE', #2793, #2222 ) ;
#3644 = ORIENTED_EDGE ( 'NONE', *, *, #3585, .F. ) ;
#3645 = AXIS2_PLACEMENT_3D ( 'NONE', #2715, #493, #2833 ) ;
#3646 = CARTESIAN_POINT ( 'NONE',  ( -2.749999999999996447, 3.350000000000000533, 7.414213562373094923 ) ) ;
#3647 = CARTESIAN_POINT ( 'NONE',  ( 2.028305337357061866, 3.500000000000000444, 6.000000000000000000 ) ) ;
#3648 = AXIS2_PLACEMENT_3D ( 'NONE', #2078, #1829, #2182 ) ;
#3649 = VECTOR ( 'NONE', #3974, 1000.000000000000000 ) ;
#3650 = ORIENTED_EDGE ( 'NONE', *, *, #3827, .F. ) ;
#3651 = LINE ( 'NONE', #2483, #2260 ) ;
#3652 = ADVANCED_FACE ( 'NONE', ( #2896 ), #2978, .T. ) ;
#3653 = AXIS2_PLACEMENT_3D ( 'NONE', #3670, #1827, #706 ) ;
#3654 = ORIENTED_EDGE ( 'NONE', *, *, #1384, .F. ) ;
#3655 = FACE_OUTER_BOUND ( 'NONE', #1281, .T. ) ;
#3656 = SURFACE_STYLE_FILL_AREA ( #4061 ) ;
#3657 = CARTESIAN_POINT ( 'NONE',  ( 8.250000000000001776, -2.799999999999994937, -4.500000000000000888 ) ) ;
#3658 = CARTESIAN_POINT ( 'NONE',  ( 11.00000000000000000, 8.500000000000000000, 3.300000000000000711 ) ) ;
#3659 = PLANE ( 'NONE',  #2760 ) ;
#3660 = ORIENTED_EDGE ( 'NONE', *, *, #731, .F. ) ;
#3661 = VECTOR ( 'NONE', #1772, 1000.000000000000000 ) ;
#3662 = EDGE_CURVE ( 'NONE', #1159, #1442, #1392, .T. ) ;
#3663 = PRESENTATION_STYLE_ASSIGNMENT (( #2916 ) ) ;
#3664 = DIRECTION ( 'NONE',  ( -0.000000000000000000, -0.000000000000000000, -1.000000000000000000 ) ) ;
#3665 = ORIENTED_EDGE ( 'NONE', *, *, #525, .T. ) ;
#3666 = DIRECTION ( 'NONE',  ( 0.3236155771181821739, 0.8891264907159901476, 0.3236155771181821739 ) ) ;
#3667 = CARTESIAN_POINT ( 'NONE',  ( 2.250000000000001776, 3.500000000000000444, 5.000000000000000888 ) ) ;
#3668 = DIRECTION ( 'NONE',  ( 0.000000000000000000, 1.000000000000000000, 1.126443815569355400E-16 ) ) ;
#3669 = EDGE_LOOP ( 'NONE', ( #2263, #1069, #2384, #713 ) ) ;
#3670 = CARTESIAN_POINT ( 'NONE',  ( -7.749999999999998224, -3.500000000000000000, -4.500000000000000888 ) ) ;
#3671 = LINE ( 'NONE', #1158, #828 ) ;
#3672 = DIRECTION ( 'NONE',  ( -0.000000000000000000, 0.000000000000000000, -1.000000000000000000 ) ) ;
#3673 = EDGE_CURVE ( 'NONE', #2591, #4003, #1399, .T. ) ;
#3674 = FACE_OUTER_BOUND ( 'NONE', #846, .T. ) ;
#3675 = CARTESIAN_POINT ( 'NONE',  ( 9.323411897755956801, 1.149999999999999023, 6.000000000000000000 ) ) ;
#3676 = DIRECTION ( 'NONE',  ( 0.000000000000000000, 0.000000000000000000, 1.000000000000000000 ) ) ;
#3677 = ORIENTED_EDGE ( 'NONE', *, *, #696, .F. ) ;
#3678 = COLOUR_RGB ( '',0.7921568627450980005, 0.8196078431372548767, 0.9333333333333333481 ) ;
#3679 = FILL_AREA_STYLE_COLOUR ( '', #3617 ) ;
#3680 = EDGE_CURVE ( 'NONE', #3495, #24, #1493, .T. ) ;
#3681 = DIRECTION ( 'NONE',  ( 0.000000000000000000, 0.000000000000000000, -1.000000000000000000 ) ) ;
#3682 = EDGE_LOOP ( 'NONE', ( #3856, #2904, #1306, #1262 ) ) ;
#3683 = LINE ( 'NONE', #405, #3649 ) ;
#3684 = EDGE_CURVE ( 'NONE', #1341, #3379, #1500, .T. ) ;
#3685 = ORIENTED_EDGE ( 'NONE', *, *, #3662, .T. ) ;
#3686 = CARTESIAN_POINT ( 'NONE',  ( -0.09999999999999506506, 0.000000000000000000, -6.000000000000000000 ) ) ;
#3687 = CARTESIAN_POINT ( 'NONE',  ( 3.250000000000002665, 0.000000000000000000, -3.500000000000000000 ) ) ;
#3688 = ADVANCED_FACE ( 'NONE', ( #200 ), #1098, .F. ) ;
#3689 = DIRECTION ( 'NONE',  ( 1.000000000000000000, 0.000000000000000000, 0.000000000000000000 ) ) ;
#3690 = ORIENTED_EDGE ( 'NONE', *, *, #2991, .T. ) ;
#3691 = AXIS2_PLACEMENT_3D ( 'NONE', #1630, #3547, #3869 ) ;
#3692 = CARTESIAN_POINT ( 'NONE',  ( -2.495220836013654520, 3.350000000000000533, 5.000000000000000888 ) ) ;
#3693 = DIRECTION ( 'NONE',  ( 0.000000000000000000, -0.000000000000000000, 1.000000000000000000 ) ) ;
#3694 = AXIS2_PLACEMENT_3D ( 'NONE', #933, #3119, #2883 ) ;
#3695 = DIRECTION ( 'NONE',  ( -0.9762960071199332512, 0.000000000000000000, -0.2164396139381033479 ) ) ;
#3696 = ORIENTED_EDGE ( 'NONE', *, *, #3611, .F. ) ;
#3697 = CARTESIAN_POINT ( 'NONE',  ( -10.45000000000000107, 17.81242007896208790, -20.65987212633934433 ) ) ;
#3698 = AXIS2_PLACEMENT_3D ( 'NONE', #1102, #1474, #96 ) ;
#3699 = VERTEX_POINT ( 'NONE', #1708 ) ;
#3700 = LINE ( 'NONE', #1969, #858 ) ;
#3701 = ORIENTED_EDGE ( 'NONE', *, *, #3732, .F. ) ;
#3702 = LINE ( 'NONE', #288, #873 ) ;
#3703 = ORIENTED_EDGE ( 'NONE', *, *, #3927, .T. ) ;
#3704 = LINE ( 'NONE', #2536, #3709 ) ;
#3705 = DIRECTION ( 'NONE',  ( 0.000000000000000000, 1.000000000000000000, 0.000000000000000000 ) ) ;
#3706 = VERTEX_POINT ( 'NONE', #2299 ) ;
#3707 = DIRECTION ( 'NONE',  ( -0.000000000000000000, -0.000000000000000000, -1.000000000000000000 ) ) ;
#3708 = CARTESIAN_POINT ( 'NONE',  ( 7.750000000000001776, 3.850000000000000089, -5.938035677847513405 ) ) ;
#3709 = VECTOR ( 'NONE', #4124, 1000.000000000000000 ) ;
#3710 = ADVANCED_FACE ( 'NONE', ( #2998 ), #73, .T. ) ;
#3711 = ORIENTED_EDGE ( 'NONE', *, *, #731, .T. ) ;
#3712 = PLANE ( 'NONE',  #1334 ) ;
#3713 = COLOUR_RGB ( '',0.7921568627450980005, 0.8196078431372548767, 0.9333333333333333481 ) ;
#3714 = CARTESIAN_POINT ( 'NONE',  ( -5.999999999999999112, 4.095220836013657717, 5.000000000000000888 ) ) ;
#3715 = ORIENTED_EDGE ( 'NONE', *, *, #4213, .T. ) ;
#3716 = PLANE ( 'NONE',  #3881 ) ;
#3717 = ORIENTED_EDGE ( 'NONE', *, *, #2528, .T. ) ;
#3718 = ORIENTED_EDGE ( 'NONE', *, *, #1032, .F. ) ;
#3719 = DIRECTION ( 'NONE',  ( 0.000000000000000000, 0.000000000000000000, -1.000000000000000000 ) ) ;
#3720 = ADVANCED_FACE ( 'NONE', ( #1567 ), #1792, .F. ) ;
#3721 = DIRECTION ( 'NONE',  ( -1.000000000000000000, 0.000000000000000000, 0.000000000000000000 ) ) ;
#3722 = ORIENTED_EDGE ( 'NONE', *, *, #2047, .T. ) ;
#3723 = CARTESIAN_POINT ( 'NONE',  ( -11.00000000000000000, 8.500000000000000000, 5.000000000000000888 ) ) ;
#3724 = VECTOR ( 'NONE', #2286, 1000.000000000000114 ) ;
#3725 = DIRECTION ( 'NONE',  ( -0.9396926207859095381, -0.3420201433256658263, 0.000000000000000000 ) ) ;
#3726 = VECTOR ( 'NONE', #1859, 1000.000000000000000 ) ;
#3727 = ORIENTED_EDGE ( 'NONE', *, *, #3241, .T. ) ;
#3728 = DIRECTION ( 'NONE',  ( -0.000000000000000000, -0.000000000000000000, -1.000000000000000000 ) ) ;
#3729 = DIRECTION ( 'NONE',  ( 0.000000000000000000, -0.000000000000000000, -1.000000000000000000 ) ) ;
#3730 = ORIENTED_EDGE ( 'NONE', *, *, #1443, .T. ) ;
#3731 = LINE ( 'NONE', #3515, #3823 ) ;
#3732 = EDGE_CURVE ( 'NONE', #332, #723, #3003, .T. ) ;
#3733 = VECTOR ( 'NONE', #4036, 1000.000000000000000 ) ;
#3734 = DIRECTION ( 'NONE',  ( -0.000000000000000000, 1.000000000000000000, 1.126443815569355400E-16 ) ) ;
#3735 = EDGE_CURVE ( 'NONE', #2562, #3495, #120, .T. ) ;
#3736 = PRESENTATION_STYLE_ASSIGNMENT (( #3335 ) ) ;
#3737 = ORIENTED_EDGE ( 'NONE', *, *, #3588, .F. ) ;
#3738 = PLANE ( 'NONE',  #1409 ) ;
#3739 = DIRECTION ( 'NONE',  ( 0.3236155771181821739, -0.8891264907159901476, 0.3236155771181821739 ) ) ;
#3740 = DIRECTION ( 'NONE',  ( -1.000000000000000000, 0.000000000000000000, 0.000000000000000000 ) ) ;
#3741 = ORIENTED_EDGE ( 'NONE', *, *, #2996, .F. ) ;
#3742 = CARTESIAN_POINT ( 'NONE',  ( -10.45000000000000107, 6.749999999999997335, 4.999999999999997335 ) ) ;
#3743 = AXIS2_PLACEMENT_3D ( 'NONE', #3323, #1260, #1988 ) ;
#3744 = CARTESIAN_POINT ( 'NONE',  ( -1.271189364005255396, -1.484478589409721661, -4.978810635994742384 ) ) ;
#3745 = ORIENTED_EDGE ( 'NONE', *, *, #849, .F. ) ;
#3746 = FACE_OUTER_BOUND ( 'NONE', #4143, .T. ) ;
#3747 = PRESENTATION_STYLE_ASSIGNMENT (( #222 ) ) ;
#3748 = ADVANCED_FACE ( 'NONE', ( #3064 ), #2606, .T. ) ;
#3749 = EDGE_LOOP ( 'NONE', ( #1316, #2756, #4092, #3940 ) ) ;
#3750 = CARTESIAN_POINT ( 'NONE',  ( -1.749999999999997113, 3.350000000000000533, 4.299999999999992717 ) ) ;
#3751 = EDGE_CURVE ( 'NONE', #4100, #338, #2969, .T. ) ;
#3752 = DIRECTION ( 'NONE',  ( -0.000000000000000000, -0.000000000000000000, 1.000000000000000000 ) ) ;
#3753 = CARTESIAN_POINT ( 'NONE',  ( 7.576813176705869068, 4.023186823294135017, 6.149565596075033724 ) ) ;
#3754 = ORIENTED_EDGE ( 'NONE', *, *, #525, .F. ) ;
#3755 = DIRECTION ( 'NONE',  ( 0.000000000000000000, -1.000000000000000000, 7.634159850286112665E-17 ) ) ;
#3756 = FACE_OUTER_BOUND ( 'NONE', #3682, .T. ) ;
#3757 = ORIENTED_EDGE ( 'NONE', *, *, #1749, .T. ) ;
#3758 = ADVANCED_FACE ( 'NONE', ( #1508 ), #3716, .F. ) ;
#3759 = DIRECTION ( 'NONE',  ( 0.000000000000000000, 0.000000000000000000, 1.000000000000000000 ) ) ;
#3760 = CARTESIAN_POINT ( 'NONE',  ( -2.749999999999996447, 3.350000000000000533, 4.299999999999992717 ) ) ;
#3761 = CARTESIAN_POINT ( 'NONE',  ( -9.399999999999995026, 0.000000000000000000, -5.500000000000000000 ) ) ;
#3762 = EDGE_LOOP ( 'NONE', ( #4150, #1081, #973, #1022 ) ) ;
#3763 = CARTESIAN_POINT ( 'NONE',  ( 2.504779163986345925, 3.350000000000000533, 5.000000000000000888 ) ) ;
#3764 = CARTESIAN_POINT ( 'NONE',  ( -6.749999999999997335, 4.349999999999999645, 7.414213562373094923 ) ) ;
#3765 = EDGE_LOOP ( 'NONE', ( #3833, #1226, #4203, #1182 ) ) ;
#3766 = EDGE_LOOP ( 'NONE', ( #1624, #1759, #1714, #1512 ) ) ;
#3767 = VECTOR ( 'NONE', #463, 1000.000000000000000 ) ;
#3768 = ORIENTED_EDGE ( 'NONE', *, *, #1320, .F. ) ;
#3769 = CARTESIAN_POINT ( 'NONE',  ( -9.399999999999995026, 8.500000000000000000, -5.500000000000000000 ) ) ;
#3770 = LINE ( 'NONE', #289, #903 ) ;
#3771 = EDGE_CURVE ( 'NONE', #3919, #178, #1652, .T. ) ;
#3772 = VERTEX_POINT ( 'NONE', #2064 ) ;
#3773 = DIRECTION ( 'NONE',  ( -0.2164396139381033479, 0.000000000000000000, -0.9762960071199332512 ) ) ;
#3774 = CARTESIAN_POINT ( 'NONE',  ( -11.00000000000000000, 8.500000000000000000, 3.300000000000000711 ) ) ;
#3775 = ORIENTED_EDGE ( 'NONE', *, *, #3214, .T. ) ;
#3776 = LINE ( 'NONE', #1417, #948 ) ;
#3777 = CARTESIAN_POINT ( 'NONE',  ( -7.749999999999998224, -3.500000000000000000, -3.500000000000000000 ) ) ;
#3778 = EDGE_LOOP ( 'NONE', ( #3476, #270, #1662, #3650 ) ) ;
#3779 = EDGE_CURVE ( 'NONE', #1709, #3822, #1593, .T. ) ;
#3780 = CARTESIAN_POINT ( 'NONE',  ( -1.749999999999997113, 4.349999999999999645, 4.299999999999992717 ) ) ;
#3781 = PLANE ( 'NONE',  #3597 ) ;
#3782 = CARTESIAN_POINT ( 'NONE',  ( 2.250000000000003553, 3.350000000000000533, -1.999999999999999112 ) ) ;
#3783 = DIRECTION ( 'NONE',  ( 0.000000000000000000, -0.3713906763541032774, 0.9284766908852595257 ) ) ;
#3784 = EDGE_CURVE ( 'NONE', #1587, #700, #2939, .T. ) ;
#3785 = DIRECTION ( 'NONE',  ( -0.2164396139381033479, 0.000000000000000000, 0.9762960071199332512 ) ) ;
#3786 = VERTEX_POINT ( 'NONE', #4207 ) ;
#3787 = FACE_OUTER_BOUND ( 'NONE', #282, .T. ) ;
#3788 = ORIENTED_EDGE ( 'NONE', *, *, #841, .F. ) ;
#3789 = EDGE_CURVE ( 'NONE', #364, #3854, #1598, .T. ) ;
#3790 = PLANE ( 'NONE',  #3648 ) ;
#3791 = CARTESIAN_POINT ( 'NONE',  ( -11.00000000000000000, 0.08000000000000020983, 6.000000000000000888 ) ) ;
#3792 = ORIENTED_EDGE ( 'NONE', *, *, #1656, .T. ) ;
#3793 = VECTOR ( 'NONE', #1073, 999.9999999999998863 ) ;
#3794 = CARTESIAN_POINT ( 'NONE',  ( -6.749999999999997335, -3.500000000000000000, -4.245220836013659849 ) ) ;
#3795 = ADVANCED_FACE ( 'NONE', ( #3048 ), #1653, .T. ) ;
#3796 = ORIENTED_EDGE ( 'NONE', *, *, #2862, .T. ) ;
#3797 = DIRECTION ( 'NONE',  ( 0.000000000000000000, -0.7660444431189793457, -0.6427876096865378086 ) ) ;
#3798 = CARTESIAN_POINT ( 'NONE',  ( 7.250000000000000888, 6.749999999999997335, 5.000000000000000888 ) ) ;
#3799 = VECTOR ( 'NONE', #2346, 1000.000000000000000 ) ;
#3800 = FACE_OUTER_BOUND ( 'NONE', #2768, .T. ) ;
#3801 = AXIS2_PLACEMENT_3D ( 'NONE', #994, #1374, #1029 ) ;
#3802 = ORIENTED_EDGE ( 'NONE', *, *, #2411, .F. ) ;
#3803 = VECTOR ( 'NONE', #3922, 1000.000000000000000 ) ;
#3804 = DIRECTION ( 'NONE',  ( 0.000000000000000000, -1.000000000000000000, 0.000000000000000000 ) ) ;
#3805 = EDGE_CURVE ( 'NONE', #2259, #3901, #192, .T. ) ;
#3806 = DIRECTION ( 'NONE',  ( 0.000000000000000000, 1.000000000000000000, 0.000000000000000000 ) ) ;
#3807 = ORIENTED_EDGE ( 'NONE', *, *, #3344, .T. ) ;
#3808 = CARTESIAN_POINT ( 'NONE',  ( 11.00000000000000000, 0.000000000000000000, 3.270000000000001350 ) ) ;
#3809 = FILL_AREA_STYLE_COLOUR ( '', #3678 ) ;
#3810 = CARTESIAN_POINT ( 'NONE',  ( -5.676588102244043199, 1.149999999999999023, 6.000000000000000000 ) ) ;
#3811 = DIRECTION ( 'NONE',  ( -0.000000000000000000, 1.000000000000000000, -0.000000000000000000 ) ) ;
#3812 = ORIENTED_EDGE ( 'NONE', *, *, #2296, .T. ) ;
#3813 = VECTOR ( 'NONE', #653, 1000.000000000000000 ) ;
#3814 = DIRECTION ( 'NONE',  ( 1.000000000000000000, 0.000000000000000000, 0.000000000000000000 ) ) ;
#3815 = LINE ( 'NONE', #193, #3824 ) ;
#3816 = EDGE_CURVE ( 'NONE', #3045, #4238, #3008, .T. ) ;
#3817 = ORIENTED_EDGE ( 'NONE', *, *, #1479, .T. ) ;
#3818 = EDGE_CURVE ( 'NONE', #1677, #3880, #148, .T. ) ;
#3819 = APPLICATION_PROTOCOL_DEFINITION ( 'draft international standard', 'automotive_design', 1998, #2893 ) ;
#3820 = CARTESIAN_POINT ( 'NONE',  ( 10.44999999999999751, 6.750000000000000000, -1.999999999999998224 ) ) ;
#3821 = CARTESIAN_POINT ( 'NONE',  ( 8.250000000000001776, 3.350000000000000533, 4.299999999999992717 ) ) ;
#3822 = VERTEX_POINT ( 'NONE', #2244 ) ;
#3823 = VECTOR ( 'NONE', #2655, 1000.000000000000000 ) ;
#3824 = VECTOR ( 'NONE', #1134, 1000.000000000000114 ) ;
#3825 = ADVANCED_FACE ( 'NONE', ( #250 ), #3283, .T. ) ;
#3826 = CARTESIAN_POINT ( 'NONE',  ( 8.471694662642942575, 8.100000000000001421, 6.000000000000000000 ) ) ;
#3827 = EDGE_CURVE ( 'NONE', #2486, #2318, #164, .T. ) ;
#3828 = ORIENTED_EDGE ( 'NONE', *, *, #3498, .T. ) ;
#3829 = VECTOR ( 'NONE', #1725, 1000.000000000000000 ) ;
#3830 = FILL_AREA_STYLE_COLOUR ( '', #1521 ) ;
#3831 = CARTESIAN_POINT ( 'NONE',  ( -1.749999999999997113, 3.350000000000000533, -1.999999999999999112 ) ) ;
#3832 = LINE ( 'NONE', #1815, #940 ) ;
#3833 = ORIENTED_EDGE ( 'NONE', *, *, #3498, .F. ) ;
#3834 = ADVANCED_FACE ( 'NONE', ( #1615 ), #1683, .T. ) ;
#3835 = DIRECTION ( 'NONE',  ( 1.000000000000000000, 0.000000000000000000, 0.000000000000000000 ) ) ;
#3836 = CARTESIAN_POINT ( 'NONE',  ( 2.250000000000001776, 0.000000000000000000, -4.500000000000000888 ) ) ;
#3837 = ORIENTED_EDGE ( 'NONE', *, *, #841, .T. ) ;
#3838 = FACE_OUTER_BOUND ( 'NONE', #1232, .T. ) ;
#3839 = EDGE_CURVE ( 'NONE', #1449, #2574, #103, .T. ) ;
#3840 = DIRECTION ( 'NONE',  ( -0.9396926207859095381, -0.3420201433256658263, 0.000000000000000000 ) ) ;
#3841 = LINE ( 'NONE', #2905, #852 ) ;
#3842 = ORIENTED_EDGE ( 'NONE', *, *, #2528, .F. ) ;
#3843 = DIRECTION ( 'NONE',  ( -0.000000000000000000, 1.000000000000000000, -0.000000000000000000 ) ) ;
#3844 = EDGE_CURVE ( 'NONE', #2708, #3919, #81, .T. ) ;
#3845 = VERTEX_POINT ( 'NONE', #788 ) ;
#3846 = DIRECTION ( 'NONE',  ( -0.000000000000000000, 0.9396926207859095381, 0.3420201433256657153 ) ) ;
#3847 =( NAMED_UNIT ( * ) PLANE_ANGLE_UNIT ( ) SI_UNIT ( $, .RADIAN. ) );
#3848 = SURFACE_STYLE_FILL_AREA ( #2610 ) ;
#3849 = CARTESIAN_POINT ( 'NONE',  ( 2.995220836013660737, 3.604779163986342461, 5.000000000000000888 ) ) ;
#3850 = ORIENTED_EDGE ( 'NONE', *, *, #1613, .F. ) ;
#3851 = CARTESIAN_POINT ( 'NONE',  ( 3.250000000000002665, -3.500000000000000000, -4.500000000000000888 ) ) ;
#3852 = DIRECTION ( 'NONE',  ( 0.000000000000000000, 1.126443815569355400E-16, -1.000000000000000000 ) ) ;
#3853 = VECTOR ( 'NONE', #2174, 1000.000000000000000 ) ;
#3854 = VERTEX_POINT ( 'NONE', #3761 ) ;
#3855 = CARTESIAN_POINT ( 'NONE',  ( 2.250000000000003553, 4.095220836013657717, 5.000000000000000888 ) ) ;
#3856 = ORIENTED_EDGE ( 'NONE', *, *, #450, .F. ) ;
#3857 =( GEOMETRIC_REPRESENTATION_CONTEXT ( 3 ) GLOBAL_UNCERTAINTY_ASSIGNED_CONTEXT ( ( #3599 ) ) GLOBAL_UNIT_ASSIGNED_CONTEXT ( ( #750, #1039, #3440 ) ) REPRESENTATION_CONTEXT ( 'NONE', 'WORKASPACE' ) );
#3858 = DIRECTION ( 'NONE',  ( 0.9396926207859095381, -0.3420201433256658263, 0.000000000000000000 ) ) ;
#3859 = CARTESIAN_POINT ( 'NONE',  ( 3.250000000000002665, 8.500000000000000000, 5.000000000000000888 ) ) ;
#3860 = VERTEX_POINT ( 'NONE', #1160 ) ;
#3861 = VECTOR ( 'NONE', #3582, 1000.000000000000000 ) ;
#3862 = FACE_OUTER_BOUND ( 'NONE', #3510, .T. ) ;
#3863 = VERTEX_POINT ( 'NONE', #1881 ) ;
#3864 = CARTESIAN_POINT ( 'NONE',  ( -2.862265989857367909, 4.462265989857372439, 3.991551727894137702 ) ) ;
#3865 = DIRECTION ( 'NONE',  ( -1.000000000000000000, 0.000000000000000000, -0.000000000000000000 ) ) ;
#3866 = DIRECTION ( 'NONE',  ( -0.2016115518741554702, 0.3637643765901014126, -0.9094109414752549192 ) ) ;
#3867 = ORIENTED_EDGE ( 'NONE', *, *, #2249, .F. ) ;
#3868 = VERTEX_POINT ( 'NONE', #1200 ) ;
#3869 = DIRECTION ( 'NONE',  ( -1.000000000000000000, 0.000000000000000000, 0.000000000000000000 ) ) ;
#3870 = DIRECTION ( 'NONE',  ( 1.000000000000000000, 0.000000000000000000, 0.000000000000000000 ) ) ;
#3871 = ADVANCED_FACE ( 'NONE', ( #3018 ), #3356, .T. ) ;
#3872 = EDGE_LOOP ( 'NONE', ( #4125, #2665, #1173, #1256, #216, #3192 ) ) ;
#3873 = AXIS2_PLACEMENT_3D ( 'NONE', #3629, #2702, #22 ) ;
#3874 = VERTEX_POINT ( 'NONE', #121 ) ;
#3875 = CARTESIAN_POINT ( 'NONE',  ( 8.250000000000001776, 0.000000000000000000, -4.500000000000000888 ) ) ;
#3876 = DIRECTION ( 'NONE',  ( 0.1548704352003977824, 0.6985753890242775155, 0.6985753890242760722 ) ) ;
#3877 = VECTOR ( 'NONE', #3292, 1000.000000000000000 ) ;
#3878 = DIRECTION ( 'NONE',  ( 0.000000000000000000, -1.000000000000000000, 0.000000000000000000 ) ) ;
#3879 = EDGE_CURVE ( 'NONE', #2562, #2259, #174, .T. ) ;
#3880 = VERTEX_POINT ( 'NONE', #681 ) ;
#3881 = AXIS2_PLACEMENT_3D ( 'NONE', #1483, #1821, #3421 ) ;
#3882 = DIRECTION ( 'NONE',  ( 0.000000000000000000, -0.7660444431189793457, -0.6427876096865378086 ) ) ;
#3883 = VERTEX_POINT ( 'NONE', #78 ) ;
#3884 = PLANE ( 'NONE',  #2322 ) ;
#3885 = ORIENTED_EDGE ( 'NONE', *, *, #3585, .T. ) ;
#3886 = FACE_OUTER_BOUND ( 'NONE', #2435, .T. ) ;
#3887 = CARTESIAN_POINT ( 'NONE',  ( 11.00000000000000000, 7.699999999999999289, 3.299999999999999822 ) ) ;
#3888 = EDGE_CURVE ( 'NONE', #1976, #3868, #1609, .T. ) ;
#3889 = EDGE_LOOP ( 'NONE', ( #1016, #3913, #790, #743 ) ) ;
#3890 = EDGE_LOOP ( 'NONE', ( #1371, #1201, #4067, #2608 ) ) ;
#3891 = ORIENTED_EDGE ( 'NONE', *, *, #3680, .F. ) ;
#3892 = PLANE ( 'NONE',  #3604 ) ;
#3893 = ORIENTED_EDGE ( 'NONE', *, *, #167, .F. ) ;
#3894 = CARTESIAN_POINT ( 'NONE',  ( 10.44999999999999751, 1.399999999999999245, 5.600000000000000533 ) ) ;
#3895 = VECTOR ( 'NONE', #3666, 1000.000000000000114 ) ;
#3896 = EDGE_LOOP ( 'NONE', ( #652, #3542, #3696, #597 ) ) ;
#3897 = CARTESIAN_POINT ( 'NONE',  ( -0.3101224265433669691, 1.399999999999996803, 5.600000000000002309 ) ) ;
#3898 = EDGE_CURVE ( 'NONE', #2572, #2507, #215, .T. ) ;
#3899 = ORIENTED_EDGE ( 'NONE', *, *, #2266, .T. ) ;
#3900 =( BOUNDED_CURVE ( )  B_SPLINE_CURVE ( 3, ( #1927, #343, #620, #2567 ),
 .UNSPECIFIED., .F., .F. ) 
 B_SPLINE_CURVE_WITH_KNOTS ( ( 4, 4 ),
 ( 5.613472538226063513, 5.755549824914804269 ),
 .UNSPECIFIED. ) 
 CURVE ( )  GEOMETRIC_REPRESENTATION_ITEM ( )  RATIONAL_B_SPLINE_CURVE ( ( 1.000000000000000000, 0.9983185443496556122, 0.9983185443496556122, 1.000000000000000000 ) ) 
 REPRESENTATION_ITEM ( '' )  );
#3901 = VERTEX_POINT ( 'NONE', #175 ) ;
#3902 = DIRECTION ( 'NONE',  ( -1.000000000000000000, -1.245016848787182258E-16, 0.000000000000000000 ) ) ;
#3903 = VECTOR ( 'NONE', #3397, 1000.000000000000000 ) ;
#3904 = EDGE_CURVE ( 'NONE', #4064, #1341, #2962, .T. ) ;
#3905 = PLANE ( 'NONE',  #1099 ) ;
#3906 = DIRECTION ( 'NONE',  ( 0.000000000000000000, -0.000000000000000000, -1.000000000000000000 ) ) ;
#3907 = ORIENTED_EDGE ( 'NONE', *, *, #3816, .F. ) ;
#3908 = FACE_OUTER_BOUND ( 'NONE', #629, .T. ) ;
#3909 = ORIENTED_EDGE ( 'NONE', *, *, #3317, .F. ) ;
#3910 = ADVANCED_FACE ( 'NONE', ( #2944 ), #1985, .T. ) ;
#3911 = VERTEX_POINT ( 'NONE', #1612 ) ;
#3912 = CARTESIAN_POINT ( 'NONE',  ( 9.900000000000002132, 0.000000000000000000, -5.999999999999999112 ) ) ;
#3913 = ORIENTED_EDGE ( 'NONE', *, *, #4097, .T. ) ;
#3914 = DIRECTION ( 'NONE',  ( 1.245016848787182258E-16, -1.000000000000000000, 0.000000000000000000 ) ) ;
#3915 = DIRECTION ( 'NONE',  ( 1.000000000000000000, 1.245016848787182258E-16, 0.000000000000000000 ) ) ;
#3916 = ORIENTED_EDGE ( 'NONE', *, *, #155, .F. ) ;
#3917 = AXIS2_PLACEMENT_3D ( 'NONE', #4136, #3846, #1282 ) ;
#3918 = FACE_OUTER_BOUND ( 'NONE', #3872, .T. ) ;
#3919 = VERTEX_POINT ( 'NONE', #2946 ) ;
#3920 = ORIENTED_EDGE ( 'NONE', *, *, #2304, .T. ) ;
#3921 = AXIS2_PLACEMENT_3D ( 'NONE', #1826, #1191, #1561 ) ;
#3922 = DIRECTION ( 'NONE',  ( -1.000000000000000000, 0.000000000000000000, 0.000000000000000000 ) ) ;
#3923 = ORIENTED_EDGE ( 'NONE', *, *, #276, .F. ) ;
#3924 = LINE ( 'NONE', #1364, #3895 ) ;
#3925 = ORIENTED_EDGE ( 'NONE', *, *, #494, .T. ) ;
#3926 = CARTESIAN_POINT ( 'NONE',  ( 9.689877573456632476, 1.399999999999996803, -1.999999999999999112 ) ) ;
#3927 = EDGE_CURVE ( 'NONE', #1442, #3706, #229, .T. ) ;
#3928 = ORIENTED_EDGE ( 'NONE', *, *, #2095, .T. ) ;
#3929 = ORIENTED_EDGE ( 'NONE', *, *, #305, .T. ) ;
#3930 = VECTOR ( 'NONE', #427, 1000.000000000000000 ) ;
#3931 = CARTESIAN_POINT ( 'NONE',  ( 3.250000000000002665, -2.799999999999994937, -3.500000000000000000 ) ) ;
#3932 = DIRECTION ( 'NONE',  ( 0.000000000000000000, -1.000000000000000000, 0.000000000000000000 ) ) ;
#3933 = CARTESIAN_POINT ( 'NONE',  ( 3.471694662642943019, 8.100000000000001421, 6.000000000000000000 ) ) ;
#3934 = CARTESIAN_POINT ( 'NONE',  ( -7.749999999999996447, 3.350000000000000533, -1.999999999999999112 ) ) ;
#3935 = EDGE_LOOP ( 'NONE', ( #3891, #2369, #3828, #1093 ) ) ;
#3936 = EDGE_LOOP ( 'NONE', ( #2992, #107, #3000, #202 ) ) ;
#3937 = ORIENTED_EDGE ( 'NONE', *, *, #1320, .T. ) ;
#3938 = SURFACE_SIDE_STYLE ('',( #3848 ) ) ;
#3939 = EDGE_CURVE ( 'NONE', #3331, #195, #3030, .T. ) ;
#3940 = ORIENTED_EDGE ( 'NONE', *, *, #2510, .T. ) ;
#3941 = EDGE_LOOP ( 'NONE', ( #3639, #3701, #3677, #992 ) ) ;
#3942 = PRESENTATION_STYLE_ASSIGNMENT (( #4215 ) ) ;
#3943 = ADVANCED_FACE ( 'NONE', ( #90 ), #2545, .F. ) ;
#3944 = VERTEX_POINT ( 'NONE', #541 ) ;
#3945 = CARTESIAN_POINT ( 'NONE',  ( 10.44999999999999751, 6.750000000000000000, 4.999999999999997335 ) ) ;
#3946 = PLANE ( 'NONE',  #4025 ) ;
#3947 = ORIENTED_EDGE ( 'NONE', *, *, #1196, .F. ) ;
#3948 = EDGE_CURVE ( 'NONE', #2582, #1888, #132, .T. ) ;
#3949 = VECTOR ( 'NONE', #392, 1000.000000000000000 ) ;
#3950 = VERTEX_POINT ( 'NONE', #3195 ) ;
#3951 = PLANE ( 'NONE',  #3057 ) ;
#3952 = EDGE_CURVE ( 'NONE', #4064, #3706, #242, .T. ) ;
#3953 = DIRECTION ( 'NONE',  ( 0.000000000000000000, 1.000000000000000000, 1.126443815569355400E-16 ) ) ;
#3954 = VECTOR ( 'NONE', #2745, 1000.000000000000000 ) ;
#3955 = EDGE_CURVE ( 'NONE', #3433, #3404, #3055, .T. ) ;
#3956 = ORIENTED_EDGE ( 'NONE', *, *, #1151, .F. ) ;
#3957 = FACE_OUTER_BOUND ( 'NONE', #3889, .T. ) ;
#3958 = VERTEX_POINT ( 'NONE', #4168 ) ;
#3959 = CARTESIAN_POINT ( 'NONE',  ( -0.09999999999999506506, 8.500000000000000000, -5.500000000000000000 ) ) ;
#3960 = EDGE_LOOP ( 'NONE', ( #3929, #127, #2565, #1126 ) ) ;
#3961 = STYLED_ITEM ( 'NONE', ( #128 ), #306 ) ;
#3962 = CARTESIAN_POINT ( 'NONE',  ( 2.250000000000001776, -3.500000000000000000, -3.500000000000000000 ) ) ;
#3963 = ORIENTED_EDGE ( 'NONE', *, *, #455, .T. ) ;
#3964 = SURFACE_STYLE_FILL_AREA ( #3571 ) ;
#3965 = VERTEX_POINT ( 'NONE', #4135 ) ;
#3966 = AXIS2_PLACEMENT_3D ( 'NONE', #4167, #2875, #1914 ) ;
#3967 = ORIENTED_EDGE ( 'NONE', *, *, #218, .F. ) ;
#3968 = PLANE ( 'NONE',  #2423 ) ;
#3969 = EDGE_CURVE ( 'NONE', #43, #1571, #3041, .T. ) ;
#3970 = ORIENTED_EDGE ( 'NONE', *, *, #761, .T. ) ;
#3971 = AXIS2_PLACEMENT_3D ( 'NONE', #1699, #349, #2005 ) ;
#3972 = FACE_OUTER_BOUND ( 'NONE', #2054, .T. ) ;
#3973 = ADVANCED_FACE ( 'NONE', ( #221 ), #863, .F. ) ;
#3974 = DIRECTION ( 'NONE',  ( -1.000000000000000000, 0.000000000000000000, -0.000000000000000000 ) ) ;
#3975 = ORIENTED_EDGE ( 'NONE', *, *, #3125, .T. ) ;
#3976 = CARTESIAN_POINT ( 'NONE',  ( 3.250000000000002665, 3.604779163986342461, 5.000000000000000888 ) ) ;
#3977 = EDGE_LOOP ( 'NONE', ( #196, #1931, #560, #2909, #3718, #2654 ) ) ;
#3978 = ORIENTED_EDGE ( 'NONE', *, *, #531, .F. ) ;
#3979 = EDGE_CURVE ( 'NONE', #2727, #2298, #1518, .T. ) ;
#3980 = COLOUR_RGB ( '',0.7921568627450980005, 0.8196078431372548767, 0.9333333333333333481 ) ;
#3981 = CARTESIAN_POINT ( 'NONE',  ( -9.399999999999995026, 8.500000000000000000, -5.500000000000000000 ) ) ;
#3982 = ORIENTED_EDGE ( 'NONE', *, *, #2806, .T. ) ;
#3983 = ORIENTED_EDGE ( 'NONE', *, *, #3844, .F. ) ;
#3984 = CARTESIAN_POINT ( 'NONE',  ( 0.6000000000000050848, 7.700000000000000178, -6.000000000000000000 ) ) ;
#3985 = PLANE ( 'NONE',  #3474 ) ;
#3986 = ORIENTED_EDGE ( 'NONE', *, *, #531, .T. ) ;
#3987 = FACE_OUTER_BOUND ( 'NONE', #1986, .T. ) ;
#3988 = ORIENTED_EDGE ( 'NONE', *, *, #2467, .T. ) ;
#3989 = EDGE_CURVE ( 'NONE', #1888, #1527, #3077, .T. ) ;
#3990 = DIRECTION ( 'NONE',  ( -0.000000000000000000, 1.000000000000000000, -0.000000000000000000 ) ) ;
#3991 = VERTEX_POINT ( 'NONE', #1187 ) ;
#3992 = DIRECTION ( 'NONE',  ( 0.000000000000000000, -0.000000000000000000, 1.000000000000000000 ) ) ;
#3993 = LINE ( 'NONE', #2519, #1186 ) ;
#3994 = ORIENTED_EDGE ( 'NONE', *, *, #3414, .F. ) ;
#3995 = DIRECTION ( 'NONE',  ( 1.000000000000000000, 0.000000000000000000, 0.000000000000000000 ) ) ;
#3996 = VECTOR ( 'NONE', #4044, 1000.000000000000114 ) ;
#3997 = VECTOR ( 'NONE', #1394, 1000.000000000000000 ) ;
#3998 = EDGE_CURVE ( 'NONE', #2669, #3860, #1558, .T. ) ;
#3999 = DIRECTION ( 'NONE',  ( 8.803598564689222601E-17, -0.7071067811865469066, 0.7071067811865482389 ) ) ;
#4000 = DIRECTION ( 'NONE',  ( -0.000000000000000000, -0.000000000000000000, 1.000000000000000000 ) ) ;
#4001 = ORIENTED_EDGE ( 'NONE', *, *, #2607, .F. ) ;
#4002 = EDGE_CURVE ( 'NONE', #2341, #1998, #3102, .T. ) ;
#4003 = VERTEX_POINT ( 'NONE', #4197 ) ;
#4004 = DIRECTION ( 'NONE',  ( 0.000000000000000000, 9.326470300950577354E-17, -1.000000000000000000 ) ) ;
#4005 = ORIENTED_EDGE ( 'NONE', *, *, #1196, .T. ) ;
#4006 = CARTESIAN_POINT ( 'NONE',  ( 2.995220836013660737, 4.349999999999999645, 5.000000000000000888 ) ) ;
#4007 = ORIENTED_EDGE ( 'NONE', *, *, #3735, .F. ) ;
#4008 = VECTOR ( 'NONE', #481, 999.9999999999998863 ) ;
#4009 = EDGE_CURVE ( 'NONE', #72, #2870, #1773, .T. ) ;
#4010 = VERTEX_POINT ( 'NONE', #3750 ) ;
#4011 = CARTESIAN_POINT ( 'NONE',  ( -11.00000000000000000, 8.100000000000001421, 6.000000000000000888 ) ) ;
#4012 = MECHANICAL_DESIGN_GEOMETRIC_PRESENTATION_REPRESENTATION (  '', ( #2370 ), #3638 ) ;
#4013 = DIRECTION ( 'NONE',  ( 0.000000000000000000, 1.126443815569355400E-16, -1.000000000000000000 ) ) ;
#4014 = VECTOR ( 'NONE', #4130, 1000.000000000000000 ) ;
#4015 = ADVANCED_FACE ( 'NONE', ( #362 ), #2514, .F. ) ;
#4016 = DIRECTION ( 'NONE',  ( 0.3236155771181821184, 0.3236155771181821184, -0.8891264907159901476 ) ) ;
#4017 = CARTESIAN_POINT ( 'NONE',  ( 8.250000000000001776, -3.500000000000000000, -4.245220836013659849 ) ) ;
#4018 = EDGE_LOOP ( 'NONE', ( #609, #2283, #2232, #2307, #3792, #771, #3461, #3499, #2057, #3493, #2381, #2046, #3560, #415, #3690, #3428, #3439, #3727, #453, #2310 ) ) ;
#4019 = CARTESIAN_POINT ( 'NONE',  ( -1.749999999999997113, 3.500000000000000444, 5.000000000000000888 ) ) ;
#4020 = DIRECTION ( 'NONE',  ( -0.000000000000000000, -1.126443815569355400E-16, 1.000000000000000000 ) ) ;
#4021 = DIRECTION ( 'NONE',  ( -0.000000000000000000, 1.000000000000000000, -0.000000000000000000 ) ) ;
#4022 = DIRECTION ( 'NONE',  ( 1.000000000000000000, 0.000000000000000000, 0.000000000000000000 ) ) ;
#4023 = VERTEX_POINT ( 'NONE', #3557 ) ;
#4024 = LINE ( 'NONE', #2976, #1313 ) ;
#4025 = AXIS2_PLACEMENT_3D ( 'NONE', #403, #1354, #1963 ) ;
#4026 = CARTESIAN_POINT ( 'NONE',  ( 9.573750091998068257, 1.308051797165927566, 5.747117124534515398 ) ) ;
#4027 = FACE_OUTER_BOUND ( 'NONE', #1955, .T. ) ;
#4028 = AXIS2_PLACEMENT_3D ( 'NONE', #1314, #3277, #2986 ) ;
#4029 = ORIENTED_EDGE ( 'NONE', *, *, #605, .T. ) ;
#4030 = VECTOR ( 'NONE', #1043, 1000.000000000000000 ) ;
#4031 = EDGE_CURVE ( 'NONE', #2777, #4241, #3113, .T. ) ;
#4032 = EDGE_LOOP ( 'NONE', ( #498, #3587, #3596, #438 ) ) ;
#4033 = LINE ( 'NONE', #4109, #1227 ) ;
#4034 = AXIS2_PLACEMENT_3D ( 'NONE', #2070, #2719, #2746 ) ;
#4035 = DIRECTION ( 'NONE',  ( 1.000000000000000000, 0.000000000000000000, 0.000000000000000000 ) ) ;
#4036 = DIRECTION ( 'NONE',  ( -1.000000000000000000, 0.000000000000000000, 0.000000000000000000 ) ) ;
#4037 = ORIENTED_EDGE ( 'NONE', *, *, #3062, .F. ) ;
#4038 =( BOUNDED_CURVE ( )  B_SPLINE_CURVE ( 3, ( #1669, #3247, #2810, #2151 ),
 .UNSPECIFIED., .F., .F. ) 
 B_SPLINE_CURVE_WITH_KNOTS ( ( 4, 4 ),
 ( 5.613472538226063513, 5.755549824914804269 ),
 .UNSPECIFIED. ) 
 CURVE ( )  GEOMETRIC_REPRESENTATION_ITEM ( )  RATIONAL_B_SPLINE_CURVE ( ( 1.000000000000000000, 0.9983185443496556122, 0.9983185443496556122, 1.000000000000000000 ) ) 
 REPRESENTATION_ITEM ( '' )  );
#4039 = LINE ( 'NONE', #2092, #1253 ) ;
#4040 = DIRECTION ( 'NONE',  ( -0.000000000000000000, 0.9396926207859095381, 0.3420201433256657153 ) ) ;
#4041 = ORIENTED_EDGE ( 'NONE', *, *, #745, .F. ) ;
#4042 = EDGE_LOOP ( 'NONE', ( #2867, #4239, #4223, #1502 ) ) ;
#4043 = CARTESIAN_POINT ( 'NONE',  ( -7.495220836013654520, 3.604779163986342461, 5.000000000000000888 ) ) ;
#4044 = DIRECTION ( 'NONE',  ( 0.3236155771181821739, 0.8891264907159901476, 0.3236155771181821739 ) ) ;
#4045 = LINE ( 'NONE', #3744, #1238 ) ;
#4046 = EDGE_LOOP ( 'NONE', ( #1860, #1671, #3644, #965 ) ) ;
#4047 = DIRECTION ( 'NONE',  ( 1.000000000000000000, 0.000000000000000000, 0.000000000000000000 ) ) ;
#4048 = VERTEX_POINT ( 'NONE', #4224 ) ;
#4049 = VECTOR ( 'NONE', #2432, 1000.000000000000000 ) ;
#4050 =( LENGTH_UNIT ( ) NAMED_UNIT ( * ) SI_UNIT ( .MILLI., .METRE. ) );
#4051 = PLANE ( 'NONE',  #2487 ) ;
#4052 = CARTESIAN_POINT ( 'NONE',  ( 2.686524300924726827, 4.780966123763717768, 3.030966123763720432 ) ) ;
#4053 = CARTESIAN_POINT ( 'NONE',  ( 7.028305337357060978, 3.500000000000000444, 6.000000000000000000 ) ) ;
#4054 = ORIENTED_EDGE ( 'NONE', *, *, #563, .T. ) ;
#4055 = EDGE_CURVE ( 'NONE', #1393, #983, #1750, .T. ) ;
#4056 = LINE ( 'NONE', #1728, #1211 ) ;
#4057 = ADVANCED_FACE ( 'NONE', ( #3213 ), #4102, .T. ) ;
#4058 = CARTESIAN_POINT ( 'NONE',  ( -6.749999999999997335, 4.349999999999999645, 4.299999999999992717 ) ) ;
#4059 = VECTOR ( 'NONE', #3811, 1000.000000000000000 ) ;
#4060 = ORIENTED_EDGE ( 'NONE', *, *, #2561, .F. ) ;
#4061 = FILL_AREA_STYLE ('',( #3679 ) ) ;
#4062 = EDGE_CURVE ( 'NONE', #2646, #195, #267, .T. ) ;
#4063 = VECTOR ( 'NONE', #3568, 1000.000000000000000 ) ;
#4064 = VERTEX_POINT ( 'NONE', #2049 ) ;
#4065 = EDGE_CURVE ( 'NONE', #1033, #178, #1687, .T. ) ;
#4066 = PLANE ( 'NONE',  #2081 ) ;
#4067 = ORIENTED_EDGE ( 'NONE', *, *, #3555, .F. ) ;
#4068 = VECTOR ( 'NONE', #908, 1000.000000000000000 ) ;
#4069 = CARTESIAN_POINT ( 'NONE',  ( -4.399999999999995026, 0.000000000000000000, -5.500000000000000000 ) ) ;
#4070 = DIRECTION ( 'NONE',  ( -0.2016115518741554702, 0.3637643765901014126, -0.9094109414752549192 ) ) ;
#4071 = ORIENTED_EDGE ( 'NONE', *, *, #2668, .T. ) ;
#4072 = FACE_OUTER_BOUND ( 'NONE', #2679, .T. ) ;
#4073 = AXIS2_PLACEMENT_3D ( 'NONE', #3434, #183, #1854 ) ;
#4074 = DIRECTION ( 'NONE',  ( -0.2016115518741554702, 0.3637643765901014126, -0.9094109414752549192 ) ) ;
#4075 = VERTEX_POINT ( 'NONE', #710 ) ;
#4076 =( BOUNDED_CURVE ( )  B_SPLINE_CURVE ( 3, ( #1387, #1941, #355, #3897 ),
 .UNSPECIFIED., .F., .F. ) 
 B_SPLINE_CURVE_WITH_KNOTS ( ( 4, 4 ),
 ( 0.5276354822647816301, 0.6697127689535233852 ),
 .UNSPECIFIED. ) 
 CURVE ( )  GEOMETRIC_REPRESENTATION_ITEM ( )  RATIONAL_B_SPLINE_CURVE ( ( 1.000000000000000000, 0.9983185443496556122, 0.9983185443496556122, 1.000000000000000000 ) ) 
 REPRESENTATION_ITEM ( '' )  );
#4077 = CARTESIAN_POINT ( 'NONE',  ( -11.00000000000000000, 8.500000000000000000, 5.000000000000000888 ) ) ;
#4078 = VECTOR ( 'NONE', #3361, 1000.000000000000000 ) ;
#4079 = PLANE ( 'NONE',  #1984 ) ;
#4080 = LINE ( 'NONE', #4141, #4059 ) ;
#4081 = CARTESIAN_POINT ( 'NONE',  ( -11.00000000000000000, 0.000000000000000000, -5.999999999999999112 ) ) ;
#4082 = ORIENTED_EDGE ( 'NONE', *, *, #265, .F. ) ;
#4083 = ADVANCED_FACE ( 'NONE', ( #3106 ), #53, .T. ) ;
#4084 = VECTOR ( 'NONE', #3190, 1000.000000000000000 ) ;
#4085 = DIRECTION ( 'NONE',  ( -0.000000000000000000, 0.000000000000000000, 1.000000000000000000 ) ) ;
#4086 = DIRECTION ( 'NONE',  ( 1.000000000000000000, -0.000000000000000000, -0.000000000000000000 ) ) ;
#4087 = ORIENTED_EDGE ( 'NONE', *, *, #305, .F. ) ;
#4088 = DIRECTION ( 'NONE',  ( 0.000000000000000000, 0.000000000000000000, 1.000000000000000000 ) ) ;
#4089 = LINE ( 'NONE', #3491, #1328 ) ;
#4090 = ADVANCED_FACE ( 'NONE', ( #1812 ), #990, .T. ) ;
#4091 = LINE ( 'NONE', #3753, #1234 ) ;
#4092 = ORIENTED_EDGE ( 'NONE', *, *, #396, .T. ) ;
#4093 = CARTESIAN_POINT ( 'NONE',  ( 10.44999999999999751, -9.536942337845328410, -11.28694233784530176 ) ) ;
#4094 = ORIENTED_EDGE ( 'NONE', *, *, #2239, .T. ) ;
#4095 = FACE_OUTER_BOUND ( 'NONE', #3749, .T. ) ;
#4096 = DIRECTION ( 'NONE',  ( 8.803598564689222601E-17, -0.7071067811865469066, 0.7071067811865482389 ) ) ;
#4097 = EDGE_CURVE ( 'NONE', #1213, #153, #372, .T. ) ;
#4098 = DIRECTION ( 'NONE',  ( -1.055772176229289737E-16, 0.8479983040050880216, 0.5299989400031801523 ) ) ;
#4099 = VERTEX_POINT ( 'NONE', #1435 ) ;
#4100 = VERTEX_POINT ( 'NONE', #687 ) ;
#4101 = CARTESIAN_POINT ( 'NONE',  ( -1.528305337357056981, 7.750000000000001776, 6.000000000000000000 ) ) ;
#4102 = PLANE ( 'NONE',  #3477 ) ;
#4103 = LINE ( 'NONE', #1837, #4078 ) ;
#4104 = DIRECTION ( 'NONE',  ( -1.055772176229289737E-16, 0.8479983040050880216, 0.5299989400031801523 ) ) ;
#4105 = DIRECTION ( 'NONE',  ( 1.000000000000000000, 0.000000000000000000, 0.000000000000000000 ) ) ;
#4106 = LINE ( 'NONE', #1488, #1410 ) ;
#4107 = EDGE_CURVE ( 'NONE', #1625, #1449, #296, .T. ) ;
#4108 = ORIENTED_EDGE ( 'NONE', *, *, #4149, .F. ) ;
#4109 = CARTESIAN_POINT ( 'NONE',  ( 2.250000000000003553, 4.349999999999999645, 7.414213562373094923 ) ) ;
#4110 = CARTESIAN_POINT ( 'NONE',  ( -7.495220836013657184, -3.500000000000000000, -3.754779163986341040 ) ) ;
#4111 = ORIENTED_EDGE ( 'NONE', *, *, #14, .F. ) ;
#4112 = LINE ( 'NONE', #1819, #2753 ) ;
#4113 = CARTESIAN_POINT ( 'NONE',  ( 8.250000000000001776, -2.799999999999994937, -4.500000000000000888 ) ) ;
#4114 = APPLICATION_PROTOCOL_DEFINITION ( 'draft international standard', 'automotive_design', 1998, #2524 ) ;
#4115 = CARTESIAN_POINT ( 'NONE',  ( 7.250000000000000888, -2.799999999999994937, -4.500000000000000888 ) ) ;
#4116 = VECTOR ( 'NONE', #2844, 1000.000000000000000 ) ;
#4117 = EDGE_CURVE ( 'NONE', #1853, #1190, #1784, .T. ) ;
#4118 = ORIENTED_EDGE ( 'NONE', *, *, #1440, .T. ) ;
#4119 = ADVANCED_FACE ( 'NONE', ( #3159 ), #3377, .T. ) ;
#4120 = CARTESIAN_POINT ( 'NONE',  ( 0.6000000000000050848, 0.000000000000000000, -5.999999999999999112 ) ) ;
#4121 = EDGE_CURVE ( 'NONE', #1882, #1798, #3220, .T. ) ;
#4122 = LINE ( 'NONE', #2118, #2666 ) ;
#4123 = FACE_OUTER_BOUND ( 'NONE', #2984, .T. ) ;
#4124 = DIRECTION ( 'NONE',  ( 0.000000000000000000, 0.000000000000000000, -1.000000000000000000 ) ) ;
#4125 = ORIENTED_EDGE ( 'NONE', *, *, #857, .T. ) ;
#4126 = LINE ( 'NONE', #2779, #1408 ) ;
#4127 = FACE_OUTER_BOUND ( 'NONE', #1635, .T. ) ;
#4128 = CARTESIAN_POINT ( 'NONE',  ( 10.44999999999999751, 17.81242007896209145, -20.65987212633934433 ) ) ;
#4129 = AXIS2_PLACEMENT_3D ( 'NONE', #1583, #1887, #2560 ) ;
#4130 = DIRECTION ( 'NONE',  ( -0.000000000000000000, 1.000000000000000000, -0.000000000000000000 ) ) ;
#4131 = LINE ( 'NONE', #1765, #2677 ) ;
#4132 = AXIS2_PLACEMENT_3D ( 'NONE', #547, #3695, #3785 ) ;
#4133 = ORIENTED_EDGE ( 'NONE', *, *, #2095, .F. ) ;
#4134 = DIRECTION ( 'NONE',  ( -0.000000000000000000, 1.000000000000000000, -0.000000000000000000 ) ) ;
#4135 = CARTESIAN_POINT ( 'NONE',  ( 11.00000000000000000, 8.100000000000001421, 6.000000000000000888 ) ) ;
#4136 = CARTESIAN_POINT ( 'NONE',  ( -11.00000000000000000, 4.095220836013657717, 5.000000000000000888 ) ) ;
#4137 = LINE ( 'NONE', #3774, #4177 ) ;
#4138 = DIRECTION ( 'NONE',  ( 0.3236155771181821739, -0.8891264907159901476, -0.3236155771181821739 ) ) ;
#4139 = EDGE_CURVE ( 'NONE', #1538, #1798, #2599, .T. ) ;
#4140 = FACE_OUTER_BOUND ( 'NONE', #2029, .T. ) ;
#4141 = CARTESIAN_POINT ( 'NONE',  ( -2.749999999999998224, -3.500000000000000000, -4.500000000000000888 ) ) ;
#4142 = DIRECTION ( 'NONE',  ( 1.000000000000000000, 1.245016848787182258E-16, 0.000000000000000000 ) ) ;
#4143 = EDGE_LOOP ( 'NONE', ( #2794, #1352, #2763, #4158 ) ) ;
#4144 = VECTOR ( 'NONE', #2846, 1000.000000000000114 ) ;
#4145 = CARTESIAN_POINT ( 'NONE',  ( 2.250000000000001776, -2.799999999999994937, -3.500000000000000000 ) ) ;
#4146 = DIRECTION ( 'NONE',  ( 0.000000000000000000, 1.000000000000000000, -0.000000000000000000 ) ) ;
#4147 = DIRECTION ( 'NONE',  ( -1.000000000000000000, 0.000000000000000000, 0.000000000000000000 ) ) ;
#4148 = LINE ( 'NONE', #2751, #3997 ) ;
#4149 = EDGE_CURVE ( 'NONE', #2758, #24, #1668, .T. ) ;
#4150 = ORIENTED_EDGE ( 'NONE', *, *, #3344, .F. ) ;
#4151 = EDGE_LOOP ( 'NONE', ( #2312, #3722, #2012, #3775 ) ) ;
#4152 = ORIENTED_EDGE ( 'NONE', *, *, #3948, .T. ) ;
#4153 = DIRECTION ( 'NONE',  ( -1.000000000000000000, 0.000000000000000000, 0.000000000000000000 ) ) ;
#4154 = PLANE ( 'NONE',  #1161 ) ;
#4155 = FACE_OUTER_BOUND ( 'NONE', #3890, .T. ) ;
#4156 = CARTESIAN_POINT ( 'NONE',  ( -7.862265989857368353, 4.462265989857372439, 3.991551727894137702 ) ) ;
#4157 = LINE ( 'NONE', #4145, #28 ) ;
#4158 = ORIENTED_EDGE ( 'NONE', *, *, #490, .T. ) ;
#4159 = PLANE ( 'NONE',  #1621 ) ;
#4160 = EDGE_LOOP ( 'NONE', ( #3371, #1801, #3313, #365 ) ) ;
#4161 = ADVANCED_FACE ( 'NONE', ( #3093 ), #3318, .F. ) ;
#4162 = LINE ( 'NONE', #2476, #2709 ) ;
#4163 = LINE ( 'NONE', #212, #4192 ) ;
#4164 = ORIENTED_EDGE ( 'NONE', *, *, #801, .F. ) ;
#4165 = ORIENTED_EDGE ( 'NONE', *, *, #2359, .F. ) ;
#4166 = ORIENTED_EDGE ( 'NONE', *, *, #3069, .T. ) ;
#4167 = CARTESIAN_POINT ( 'NONE',  ( -6.749999999999997335, 3.500000000000000444, 5.000000000000000888 ) ) ;
#4168 = CARTESIAN_POINT ( 'NONE',  ( -7.749999999999998224, 0.000000000000000000, -3.500000000000000000 ) ) ;
#4169 = CARTESIAN_POINT ( 'NONE',  ( 9.900000000000003908, 0.000000000000000000, -5.500000000000000000 ) ) ;
#4170 = FACE_OUTER_BOUND ( 'NONE', #3274, .T. ) ;
#4171 = CARTESIAN_POINT ( 'NONE',  ( -11.00000000000000000, 0.000000000000000000, 3.270000000000001350 ) ) ;
#4172 = DIRECTION ( 'NONE',  ( 1.000000000000000000, 0.000000000000000000, 0.000000000000000000 ) ) ;
#4173 = FACE_OUTER_BOUND ( 'NONE', #1311, .T. ) ;
#4174 = ORIENTED_EDGE ( 'NONE', *, *, #1613, .T. ) ;
#4175 = SURFACE_STYLE_USAGE ( .BOTH. , #1845 ) ;
#4176 = ORIENTED_EDGE ( 'NONE', *, *, #1094, .F. ) ;
#4177 = VECTOR ( 'NONE', #1549, 1000.000000000000000 ) ;
#4178 = EDGE_CURVE ( 'NONE', #4238, #3123, #3177, .T. ) ;
#4179 = CARTESIAN_POINT ( 'NONE',  ( -7.249999999999997335, 3.850000000000000089, 6.000000000000000000 ) ) ;
#4180 = LINE ( 'NONE', #1776, #48 ) ;
#4181 = ORIENTED_EDGE ( 'NONE', *, *, #708, .F. ) ;
#4182 = EDGE_CURVE ( 'NONE', #4010, #882, #3145, .T. ) ;
#4183 = ORIENTED_EDGE ( 'NONE', *, *, #2617, .F. ) ;
#4184 = LINE ( 'NONE', #1924, #1492 ) ;
#4185 = LINE ( 'NONE', #830, #1448 ) ;
#4186 = CARTESIAN_POINT ( 'NONE',  ( -10.45000000000000107, 7.750000000000002665, 6.000000000000000888 ) ) ;
#4187 = AXIS2_PLACEMENT_3D ( 'NONE', #2231, #2947, #3992 ) ;
#4188 = ORIENTED_EDGE ( 'NONE', *, *, #486, .F. ) ;
#4189 = PLANE ( 'NONE',  #344 ) ;
#4190 = LINE ( 'NONE', #3836, #1386 ) ;
#4191 = AXIS2_PLACEMENT_3D ( 'NONE', #1202, #2963, #3212 ) ;
#4192 = VECTOR ( 'NONE', #3376, 1000.000000000000000 ) ;
#4193 = EDGE_LOOP ( 'NONE', ( #4222, #38, #3928, #3986 ) ) ;
#4194 = VERTEX_POINT ( 'NONE', #1694 ) ;
#4195 = ADVANCED_FACE ( 'NONE', ( #1707 ), #421, .T. ) ;
#4196 = EDGE_CURVE ( 'NONE', #2572, #432, #327, .T. ) ;
#4197 = CARTESIAN_POINT ( 'NONE',  ( -9.189877573456625370, 1.399999999999997025, 5.600000000000000533 ) ) ;
#4198 = CARTESIAN_POINT ( 'NONE',  ( 0.000000000000000000, 0.000000000000000000, -1.999999999999999112 ) ) ;
#4199 =( LENGTH_UNIT ( ) NAMED_UNIT ( * ) SI_UNIT ( .MILLI., .METRE. ) );
#4200 = ORIENTED_EDGE ( 'NONE', *, *, #3414, .T. ) ;
#4201 = PLANE ( 'NONE',  #3162 ) ;
#4202 = LINE ( 'NONE', #3875, #2874 ) ;
#4203 = ORIENTED_EDGE ( 'NONE', *, *, #3138, .T. ) ;
#4204 = CARTESIAN_POINT ( 'NONE',  ( 4.900000000000004796, 7.700000000000000178, -6.000000000000000000 ) ) ;
#4205 = EDGE_LOOP ( 'NONE', ( #1106, #2638, #3923, #1272 ) ) ;
#4206 = FACE_OUTER_BOUND ( 'NONE', #1754, .T. ) ;
#4207 = CARTESIAN_POINT ( 'NONE',  ( 2.250000000000001776, -2.799999999999994937, -3.500000000000000000 ) ) ;
#4208 = CARTESIAN_POINT ( 'NONE',  ( 7.250000000000002665, 4.095220836013657717, 5.000000000000000888 ) ) ;
#4209 = VECTOR ( 'NONE', #2818, 1000.000000000000000 ) ;
#4210 = EDGE_LOOP ( 'NONE', ( #3768, #2785, #2934, #2674 ) ) ;
#4211 = CARTESIAN_POINT ( 'NONE',  ( -7.749999999999996447, 3.350000000000000533, 4.299999999999992717 ) ) ;
#4212 = LINE ( 'NONE', #384, #2921 ) ;
#4213 = EDGE_CURVE ( 'NONE', #113, #2889, #303, .T. ) ;
#4214 = ORIENTED_EDGE ( 'NONE', *, *, #2436, .F. ) ;
#4215 = SURFACE_STYLE_USAGE ( .BOTH. , #304 ) ;
#4216 = ORIENTED_EDGE ( 'NONE', *, *, #1384, .T. ) ;
#4217 = CARTESIAN_POINT ( 'NONE',  ( -7.495220836013657184, -3.500000000000000000, -4.500000000000000888 ) ) ;
#4218 = DIRECTION ( 'NONE',  ( 0.000000000000000000, 1.000000000000000000, 0.000000000000000000 ) ) ;
#4219 = EDGE_LOOP ( 'NONE', ( #3005, #2007, #2917, #99 ) ) ;
#4220 = VECTOR ( 'NONE', #2133, 1000.000000000000000 ) ;
#4221 = EDGE_CURVE ( 'NONE', #3523, #2948, #383, .T. ) ;
#4222 = ORIENTED_EDGE ( 'NONE', *, *, #2380, .T. ) ;
#4223 = ORIENTED_EDGE ( 'NONE', *, *, #3317, .T. ) ;
#4224 = CARTESIAN_POINT ( 'NONE',  ( -6.749999999999997335, -2.799999999999994937, -3.500000000000000000 ) ) ;
#4225 = EDGE_CURVE ( 'NONE', #2948, #1677, #925, .T. ) ;
#4226 = DIRECTION ( 'NONE',  ( 0.9396926207859095381, 0.000000000000000000, 0.3420201433256657153 ) ) ;
#4227 = LINE ( 'NONE', #1876, #2814 ) ;
#4228 = ORIENTED_EDGE ( 'NONE', *, *, #4065, .T. ) ;
#4229 = DIRECTION ( 'NONE',  ( -1.000000000000000000, 0.000000000000000000, 0.000000000000000000 ) ) ;
#4230 = EDGE_CURVE ( 'NONE', #1115, #2028, #3198, .T. ) ;
#4231 = VERTEX_POINT ( 'NONE', #213 ) ;
#4232 = ADVANCED_FACE ( 'NONE', ( #1746 ), #3790, .F. ) ;
#4233 = MECHANICAL_DESIGN_GEOMETRIC_PRESENTATION_REPRESENTATION (  '', ( #1045 ), #3857 ) ;
#4234 = DIRECTION ( 'NONE',  ( 1.000000000000000000, 0.000000000000000000, 0.000000000000000000 ) ) ;
#4235 = LINE ( 'NONE', #2193, #36 ) ;
#4236 = CARTESIAN_POINT ( 'NONE',  ( 7.949368583732518978, -4.721499391681062363, -3.800631416267483687 ) ) ;
#4237 = LINE ( 'NONE', #4113, #1419 ) ;
#4238 = VERTEX_POINT ( 'NONE', #3488 ) ;
#4239 = ORIENTED_EDGE ( 'NONE', *, *, #2228, .T. ) ;
#4240 = DIRECTION ( 'NONE',  ( -0.3236155771181821184, 0.3236155771181821184, -0.8891264907159901476 ) ) ;
#4241 = VERTEX_POINT ( 'NONE', #2494 ) ;
ENDSEC;
END-ISO-10303-21;
