ISO-10303-21;
HEADER;
FILE_DESCRIPTION (( 'STEP AP214' ),
    '1' );
FILE_NAME ('BS-7-RED.STEP',
    '2020-02-11T12:33:52',
    ( '' ),
    ( '' ),
    'SwSTEP 2.0',
    'SolidWorks 2017',
    '' );
FILE_SCHEMA (( 'AUTOMOTIVE_DESIGN' ));
ENDSEC;

DATA;
#1 = ADVANCED_FACE ( 'NONE', ( #499 ), #5492, .T. ) ;
#2 = VECTOR ( 'NONE', #5075, 39.37007874015748100 ) ;
#3 = CARTESIAN_POINT ( 'NONE',  ( 0.3592514457727183400, 0.05069999999999998800, -0.03650000000000000500 ) ) ;
#4 = EDGE_CURVE ( 'NONE', #4657, #1812, #3402, .T. ) ;
#5 = PLANE ( 'NONE',  #414 ) ;
#6 = VERTEX_POINT ( 'NONE', #5512 ) ;
#7 = CARTESIAN_POINT ( 'NONE',  ( 0.3592514457727182300, 0.2561272146310087400, 0.07441279921115510900 ) ) ;
#8 = DIRECTION ( 'NONE',  ( 0.0000000000000000000, 0.0000000000000000000, 1.000000000000000000 ) ) ;
#9 = AXIS2_PLACEMENT_3D ( 'NONE', #5294, #4883, #2972 ) ;
#10 = VECTOR ( 'NONE', #5988, 39.37007874015748100 ) ;
#11 = FACE_OUTER_BOUND ( 'NONE', #2981, .T. ) ;
#12 = LINE ( 'NONE', #4638, #3329 ) ;
#13 = CARTESIAN_POINT ( 'NONE',  ( 0.3250000000000000100, 0.0000000000000000000, 0.0000000000000000000 ) ) ;
#14 = ORIENTED_EDGE ( 'NONE', *, *, #621, .T. ) ;
#15 = LINE ( 'NONE', #4878, #2226 ) ;
#16 = VECTOR ( 'NONE', #5413, 39.37007874015748100 ) ;
#17 = CARTESIAN_POINT ( 'NONE',  ( 3.231876143552168600E-016, 0.3489999999999999800, -0.09511279921115639600 ) ) ;
#18 = ORIENTED_EDGE ( 'NONE', *, *, #1985, .T. ) ;
#19 = CARTESIAN_POINT ( 'NONE',  ( -0.2861500000000001300, -0.1219999999999999800, 0.03500000000000000300 ) ) ;
#20 = CARTESIAN_POINT ( 'NONE',  ( 0.4851499999999998600, -0.1219999999999999800, 0.02649999999999999900 ) ) ;
#21 = LINE ( 'NONE', #381, #5904 ) ;
#22 = DIRECTION ( 'NONE',  ( 0.0000000000000000000, 3.456285417085352700E-015, -1.000000000000000000 ) ) ;
#23 =( NAMED_UNIT ( * ) PLANE_ANGLE_UNIT ( ) SI_UNIT ( $, .RADIAN. ) );
#24 = CARTESIAN_POINT ( 'NONE',  ( -0.08509959441544569200, 0.1136999999999999500, -0.01980901644462925200 ) ) ;
#25 = ORIENTED_EDGE ( 'NONE', *, *, #1780, .T. ) ;
#26 = EDGE_CURVE ( 'NONE', #1215, #5052, #2225, .T. ) ;
#27 = ORIENTED_EDGE ( 'NONE', *, *, #5180, .F. ) ;
#28 = CARTESIAN_POINT ( 'NONE',  ( 0.5049722381740571200, 0.2458789754111038200, -0.02649999999999999900 ) ) ;
#29 = CARTESIAN_POINT ( 'NONE',  ( 0.4094907954362470600, 0.3539999999999999800, 0.1609884730438476400 ) ) ;
#30 = VERTEX_POINT ( 'NONE', #782 ) ;
#31 =( NAMED_UNIT ( * ) SI_UNIT ( $, .STERADIAN. ) SOLID_ANGLE_UNIT ( ) );
#32 = EDGE_LOOP ( 'NONE', ( #2982, #5049, #3614, #2175 ) ) ;
#33 = ADVANCED_FACE ( 'NONE', ( #4872 ), #3607, .T. ) ;
#34 = ORIENTED_EDGE ( 'NONE', *, *, #3477, .T. ) ;
#35 = CARTESIAN_POINT ( 'NONE',  ( 0.5008499999999999100, 0.2187043321626970500, 0.02649999999999999900 ) ) ;
#36 = VERTEX_POINT ( 'NONE', #5969 ) ;
#37 = CARTESIAN_POINT ( 'NONE',  ( 0.4851499999999998600, 0.1064815665455062600, 0.03650000000000000500 ) ) ;
#38 = CARTESIAN_POINT ( 'NONE',  ( 0.3849514457727183400, 0.02500000000000000100, -0.07441279921115510900 ) ) ;
#39 = EDGE_CURVE ( 'NONE', #3638, #5781, #3903, .T. ) ;
#40 = EDGE_CURVE ( 'NONE', #3908, #5690, #1140, .T. ) ;
#41 = DIRECTION ( 'NONE',  ( -0.0000000000000000000, -0.0000000000000000000, -1.000000000000000000 ) ) ;
#42 = CARTESIAN_POINT ( 'NONE',  ( -0.2861500000000001300, 0.1136999999999999500, 0.03500000000000000300 ) ) ;
#43 = PLANE ( 'NONE',  #4341 ) ;
#44 = ORIENTED_EDGE ( 'NONE', *, *, #3205, .F. ) ;
#45 = ORIENTED_EDGE ( 'NONE', *, *, #3306, .F. ) ;
#46 = CARTESIAN_POINT ( 'NONE',  ( -0.03618813525387682600, 0.1293402653465204300, 0.05999999999999999800 ) ) ;
#47 = AXIS2_PLACEMENT_3D ( 'NONE', #2726, #3201, #3656 ) ;
#48 = VERTEX_POINT ( 'NONE', #3624 ) ;
#49 = ORIENTED_EDGE ( 'NONE', *, *, #3437, .T. ) ;
#50 = CARTESIAN_POINT ( 'NONE',  ( 0.3849514457727183400, 0.05069999999999998800, -0.03650000000000000500 ) ) ;
#51 = DIRECTION ( 'NONE',  ( 0.0000000000000000000, 0.0000000000000000000, 1.000000000000000000 ) ) ;
#52 = ORIENTED_EDGE ( 'NONE', *, *, #2496, .T. ) ;
#53 = FACE_OUTER_BOUND ( 'NONE', #3858, .T. ) ;
#54 = EDGE_CURVE ( 'NONE', #5407, #3325, #2069, .T. ) ;
#55 = EDGE_LOOP ( 'NONE', ( #2842, #4323, #4281, #14 ) ) ;
#56 = ORIENTED_EDGE ( 'NONE', *, *, #4496, .T. ) ;
#57 = VECTOR ( 'NONE', #1268, 39.37007874015748100 ) ;
#58 = PLANE ( 'NONE',  #2614 ) ;
#59 = DIRECTION ( 'NONE',  ( -1.000000000000000000, 0.0000000000000000000, 0.0000000000000000000 ) ) ;
#60 = ORIENTED_EDGE ( 'NONE', *, *, #2377, .F. ) ;
#61 = DIRECTION ( 'NONE',  ( -1.000000000000000000, 0.0000000000000000000, 0.0000000000000000000 ) ) ;
#62 = LINE ( 'NONE', #37, #4777 ) ;
#63 = ADVANCED_FACE ( 'NONE', ( #1997 ), #1302, .T. ) ;
#64 = CARTESIAN_POINT ( 'NONE',  ( 0.2040138023014928500, 0.2107557183835540600, 0.03500000000000000300 ) ) ;
#65 = DIRECTION ( 'NONE',  ( 0.0000000000000000000, 0.0000000000000000000, 1.000000000000000000 ) ) ;
#66 = PLANE ( 'NONE',  #1362 ) ;
#67 = CARTESIAN_POINT ( 'NONE',  ( -0.03618813525387682600, 0.1293402653465204300, 0.03500000000000000300 ) ) ;
#68 = FACE_OUTER_BOUND ( 'NONE', #1943, .T. ) ;
#69 = EDGE_CURVE ( 'NONE', #4802, #1744, #356, .T. ) ;
#70 = VECTOR ( 'NONE', #4530, 39.37007874015748100 ) ;
#71 = DIRECTION ( 'NONE',  ( 0.0000000000000000000, 0.0000000000000000000, -1.000000000000000000 ) ) ;
#72 = LINE ( 'NONE', #788, #1199 ) ;
#73 = DIRECTION ( 'NONE',  ( 0.0000000000000000000, -0.0000000000000000000, 1.000000000000000000 ) ) ;
#74 = VECTOR ( 'NONE', #466, 39.37007874015748900 ) ;
#75 = EDGE_CURVE ( 'NONE', #3635, #5478, #3181, .T. ) ;
#76 = EDGE_CURVE ( 'NONE', #686, #3215, #852, .T. ) ;
#77 = DIRECTION ( 'NONE',  ( 1.000000000000000000, 0.0000000000000000000, -0.0000000000000000000 ) ) ;
#78 = FACE_OUTER_BOUND ( 'NONE', #5284, .T. ) ;
#79 = FACE_OUTER_BOUND ( 'NONE', #2553, .T. ) ;
#80 = AXIS2_PLACEMENT_3D ( 'NONE', #444, #4692, #1841 ) ;
#81 = CARTESIAN_POINT ( 'NONE',  ( 0.4851499999999998600, 0.1962533751892688000, 0.03650000000000000500 ) ) ;
#82 = DIRECTION ( 'NONE',  ( -1.000000000000000000, 0.0000000000000000000, -9.106159978880879400E-016 ) ) ;
#83 = DIRECTION ( 'NONE',  ( -0.0000000000000000000, 1.000000000000000000, 0.0000000000000000000 ) ) ;
#84 = ORIENTED_EDGE ( 'NONE', *, *, #1861, .F. ) ;
#85 = ORIENTED_EDGE ( 'NONE', *, *, #4098, .F. ) ;
#86 = VECTOR ( 'NONE', #2058, 39.37007874015748100 ) ;
#87 = ADVANCED_FACE ( 'NONE', ( #1927 ), #714, .F. ) ;
#88 = EDGE_CURVE ( 'NONE', #2701, #3346, #5533, .T. ) ;
#89 = DIRECTION ( 'NONE',  ( -0.5802071074919125100, 0.8144689757233656300, 0.0000000000000000000 ) ) ;
#90 = PRESENTATION_LAYER_ASSIGNMENT (  '', '', ( #913 ) ) ;
#91 = ORIENTED_EDGE ( 'NONE', *, *, #3236, .F. ) ;
#92 = VECTOR ( 'NONE', #5123, 39.37007874015748100 ) ;
#93 = CARTESIAN_POINT ( 'NONE',  ( 0.4851499999999998600, 0.1064815665455062600, 0.03650000000000000500 ) ) ;
#94 = ADVANCED_FACE ( 'NONE', ( #2958 ), #2654, .T. ) ;
#95 = ORIENTED_EDGE ( 'NONE', *, *, #5948, .T. ) ;
#96 = LINE ( 'NONE', #1101, #1357 ) ;
#97 = ORIENTED_EDGE ( 'NONE', *, *, #993, .F. ) ;
#98 = CARTESIAN_POINT ( 'NONE',  ( -0.1871912125772847400, 0.09799999999999994800, -0.03500000000000000300 ) ) ;
#99 = DIRECTION ( 'NONE',  ( -0.0000000000000000000, 1.000000000000000000, 3.414809992080342100E-015 ) ) ;
#100 = VERTEX_POINT ( 'NONE', #28 ) ;
#101 = DIRECTION ( 'NONE',  ( 0.0000000000000000000, 0.0000000000000000000, -1.000000000000000000 ) ) ;
#102 = EDGE_CURVE ( 'NONE', #2167, #5283, #1776, .T. ) ;
#103 = VERTEX_POINT ( 'NONE', #1401 ) ;
#104 = CARTESIAN_POINT ( 'NONE',  ( -0.2676451023932669400, 0.08799999999999995300, -0.07334237367679336000 ) ) ;
#105 = ORIENTED_EDGE ( 'NONE', *, *, #1355, .F. ) ;
#106 = DIRECTION ( 'NONE',  ( 0.0000000000000000000, 0.0000000000000000000, -1.000000000000000000 ) ) ;
#107 = CARTESIAN_POINT ( 'NONE',  ( 0.5008499999999999100, 0.01999999999999999000, -0.07941279921115511300 ) ) ;
#108 = EDGE_LOOP ( 'NONE', ( #3153, #1608, #4220, #3456, #180 ) ) ;
#109 = DIRECTION ( 'NONE',  ( 0.0000000000000000000, 0.0000000000000000000, -1.000000000000000000 ) ) ;
#110 = VERTEX_POINT ( 'NONE', #3703 ) ;
#111 = ORIENTED_EDGE ( 'NONE', *, *, #5460, .T. ) ;
#112 = AXIS2_PLACEMENT_3D ( 'NONE', #210, #654, #5342 ) ;
#113 = ORIENTED_EDGE ( 'NONE', *, *, #5882, .F. ) ;
#114 = VERTEX_POINT ( 'NONE', #5548 ) ;
#115 = CARTESIAN_POINT ( 'NONE',  ( 0.4851499999999998600, 0.1064815665455062600, -0.03650000000000000500 ) ) ;
#116 = ORIENTED_EDGE ( 'NONE', *, *, #786, .T. ) ;
#117 = VECTOR ( 'NONE', #3923, 39.37007874015748900 ) ;
#118 = EDGE_CURVE ( 'NONE', #3561, #1311, #5163, .T. ) ;
#119 = CARTESIAN_POINT ( 'NONE',  ( 0.3536520336729307400, 0.3489999999999999800, -0.07941279921115511300 ) ) ;
#120 =( LENGTH_UNIT ( ) NAMED_UNIT ( * ) SI_UNIT ( $, .METRE. ) );
#121 = VERTEX_POINT ( 'NONE', #5100 ) ;
#122 = CARTESIAN_POINT ( 'NONE',  ( 0.2414532404824823200, 0.08799999999999995300, -0.1005612242791646300 ) ) ;
#123 = ORIENTED_EDGE ( 'NONE', *, *, #3906, .F. ) ;
#124 = ADVANCED_FACE ( 'NONE', ( #4342 ), #5, .F. ) ;
#125 = ORIENTED_EDGE ( 'NONE', *, *, #4509, .T. ) ;
#126 = AXIS2_PLACEMENT_3D ( 'NONE', #5470, #5451, #832 ) ;
#127 = FACE_BOUND ( 'NONE', #1758, .T. ) ;
#128 = VERTEX_POINT ( 'NONE', #930 ) ;
#129 = CARTESIAN_POINT ( 'NONE',  ( -0.08509959441544537300, 0.1979999999999999800, 0.03500000000000000300 ) ) ;
#130 = EDGE_LOOP ( 'NONE', ( #4077, #4352, #1523, #3912 ) ) ;
#131 = EDGE_CURVE ( 'NONE', #5719, #4538, #789, .T. ) ;
#132 = PLANE ( 'NONE',  #4035 ) ;
#133 = VECTOR ( 'NONE', #2854, 39.37007874015747400 ) ;
#134 = EDGE_LOOP ( 'NONE', ( #3998, #3713, #4150, #5551, #2761, #5124, #307, #3852 ) ) ;
#135 = LINE ( 'NONE', #2353, #1329 ) ;
#136 = DIRECTION ( 'NONE',  ( 0.6969384459455458800, 0.7171309521719220200, 0.0000000000000000000 ) ) ;
#137 = VECTOR ( 'NONE', #628, 39.37007874015748100 ) ;
#138 = DIRECTION ( 'NONE',  ( 0.0000000000000000000, 0.0000000000000000000, 1.000000000000000000 ) ) ;
#139 = VECTOR ( 'NONE', #1900, 39.37007874015748100 ) ;
#140 = FACE_OUTER_BOUND ( 'NONE', #55, .T. ) ;
#141 = VECTOR ( 'NONE', #384, 39.37007874015748100 ) ;
#142 = ADVANCED_FACE ( 'NONE', ( #3033 ), #4178, .T. ) ;
#143 = CARTESIAN_POINT ( 'NONE',  ( 0.3592514457727182300, 0.3489999999999999800, -0.3316775405567138300 ) ) ;
#144 = CARTESIAN_POINT ( 'NONE',  ( 0.4851499999999998600, 0.3065609852421052900, -0.03650000000000000500 ) ) ;
#145 = VECTOR ( 'NONE', #2102, 39.37007874015748100 ) ;
#146 = LINE ( 'NONE', #1690, #2584 ) ;
#147 = CARTESIAN_POINT ( 'NONE',  ( 0.3592514457727183400, 0.02500000000000000500, -0.03650000000000000500 ) ) ;
#148 = ADVANCED_FACE ( 'NONE', ( #78 ), #2749, .T. ) ;
#149 = LINE ( 'NONE', #968, #2141 ) ;
#150 = CIRCLE ( 'NONE', #3161, 0.01669999999999998900 ) ;
#151 = EDGE_CURVE ( 'NONE', #5847, #5632, #4948, .T. ) ;
#152 = FACE_OUTER_BOUND ( 'NONE', #2768, .T. ) ;
#153 = EDGE_CURVE ( 'NONE', #673, #1215, #2735, .T. ) ;
#154 = EDGE_LOOP ( 'NONE', ( #2602, #5913, #3372, #2106 ) ) ;
#155 = AXIS2_PLACEMENT_3D ( 'NONE', #507, #4306, #2443 ) ;
#156 = DIRECTION ( 'NONE',  ( -0.0000000000000000000, -1.000000000000000000, 0.0000000000000000000 ) ) ;
#157 = PLANE ( 'NONE',  #3587 ) ;
#158 = VECTOR ( 'NONE', #281, 39.37007874015748100 ) ;
#159 = CARTESIAN_POINT ( 'NONE',  ( 0.3849514457727183400, 0.05069999999999998800, -0.03650000000000000500 ) ) ;
#160 = ORIENTED_EDGE ( 'NONE', *, *, #669, .T. ) ;
#161 = EDGE_CURVE ( 'NONE', #3375, #48, #5953, .T. ) ;
#162 = FACE_OUTER_BOUND ( 'NONE', #134, .T. ) ;
#163 = AXIS2_PLACEMENT_3D ( 'NONE', #38, #4511, #5012 ) ;
#164 = ORIENTED_EDGE ( 'NONE', *, *, #3371, .T. ) ;
#165 = DIRECTION ( 'NONE',  ( 0.6427876096865377000, 0.7660444431189793500, -2.318227309262104100E-015 ) ) ;
#166 = ORIENTED_EDGE ( 'NONE', *, *, #3778, .T. ) ;
#167 = CARTESIAN_POINT ( 'NONE',  ( -0.2861500000000001300, 0.09799999999999994800, 0.03500000000000000300 ) ) ;
#168 = VERTEX_POINT ( 'NONE', #2732 ) ;
#169 = ADVANCED_FACE ( 'NONE', ( #1709 ), #954, .T. ) ;
#170 = ORIENTED_EDGE ( 'NONE', *, *, #4621, .F. ) ;
#171 = DIRECTION ( 'NONE',  ( 1.000000000000000000, 0.0000000000000000000, 0.0000000000000000000 ) ) ;
#172 = CARTESIAN_POINT ( 'NONE',  ( 0.3542514457727182200, 0.2561272146310087400, -0.07441279921115510900 ) ) ;
#173 = VERTEX_POINT ( 'NONE', #4598 ) ;
#174 = ORIENTED_EDGE ( 'NONE', *, *, #1827, .T. ) ;
#175 = EDGE_CURVE ( 'NONE', #5896, #3346, #4714, .T. ) ;
#176 = ORIENTED_EDGE ( 'NONE', *, *, #3494, .T. ) ;
#177 = AXIS2_PLACEMENT_3D ( 'NONE', #143, #4309, #2293 ) ;
#178 = DIRECTION ( 'NONE',  ( -1.000000000000000000, 0.0000000000000000000, 0.0000000000000000000 ) ) ;
#179 = CARTESIAN_POINT ( 'NONE',  ( 0.5018499999999999100, 0.2187043321626970500, 0.02649999999999999900 ) ) ;
#180 = ORIENTED_EDGE ( 'NONE', *, *, #5330, .F. ) ;
#181 = EDGE_CURVE ( 'NONE', #470, #3700, #207, .T. ) ;
#182 = CARTESIAN_POINT ( 'NONE',  ( 0.5008499999999999100, 0.09799999999999994800, -0.07941279921115511300 ) ) ;
#183 = ORIENTED_EDGE ( 'NONE', *, *, #3284, .F. ) ;
#184 = EDGE_LOOP ( 'NONE', ( #5891, #319, #2830, #1602 ) ) ;
#185 = ORIENTED_EDGE ( 'NONE', *, *, #1219, .F. ) ;
#186 = LINE ( 'NONE', #1124, #4992 ) ;
#187 = ORIENTED_EDGE ( 'NONE', *, *, #857, .F. ) ;
#188 = ORIENTED_EDGE ( 'NONE', *, *, #1161, .F. ) ;
#189 = CARTESIAN_POINT ( 'NONE',  ( -0.1624999999999999500, 0.0000000000000000000, 0.2814582562299426400 ) ) ;
#190 = DIRECTION ( 'NONE',  ( -0.0000000000000000000, 0.0000000000000000000, 1.000000000000000000 ) ) ;
#191 = DIRECTION ( 'NONE',  ( 0.0000000000000000000, 0.0000000000000000000, 1.000000000000000000 ) ) ;
#192 = VECTOR ( 'NONE', #4185, 39.37007874015748100 ) ;
#193 = EDGE_CURVE ( 'NONE', #1674, #3986, #5021, .T. ) ;
#194 = ORIENTED_EDGE ( 'NONE', *, *, #3980, .F. ) ;
#195 = VECTOR ( 'NONE', #773, 39.37007874015748100 ) ;
#196 = CARTESIAN_POINT ( 'NONE',  ( 0.3250000000000000100, 0.0000000000000000000, 0.0000000000000000000 ) ) ;
#197 = CARTESIAN_POINT ( 'NONE',  ( 0.4851499999999998600, 0.2187043321626970500, -0.02649999999999999900 ) ) ;
#198 = VECTOR ( 'NONE', #3034, 39.37007874015748100 ) ;
#199 = DIRECTION ( 'NONE',  ( -1.000000000000000000, 0.0000000000000000000, 0.0000000000000000000 ) ) ;
#200 = LINE ( 'NONE', #4357, #341 ) ;
#201 = FACE_OUTER_BOUND ( 'NONE', #1155, .T. ) ;
#202 = DIRECTION ( 'NONE',  ( -1.000000000000000000, 0.0000000000000000000, 0.0000000000000000000 ) ) ;
#203 = LINE ( 'NONE', #2545, #3740 ) ;
#204 = VECTOR ( 'NONE', #5722, 39.37007874015748100 ) ;
#205 = EDGE_CURVE ( 'NONE', #3325, #2181, #3458, .T. ) ;
#206 = CARTESIAN_POINT ( 'NONE',  ( 0.4751499999999998500, 0.05069999999999998100, -0.07441279921115510900 ) ) ;
#207 = LINE ( 'NONE', #6008, #2444 ) ;
#208 = FACE_OUTER_BOUND ( 'NONE', #5416, .T. ) ;
#209 = DIRECTION ( 'NONE',  ( 0.0000000000000000000, 0.0000000000000000000, 1.000000000000000000 ) ) ;
#210 = CARTESIAN_POINT ( 'NONE',  ( 0.0000000000000000000, -0.08951745790924044200, 0.0000000000000000000 ) ) ;
#211 = DIRECTION ( 'NONE',  ( 1.000000000000000000, 0.0000000000000000000, 0.0000000000000000000 ) ) ;
#212 = ORIENTED_EDGE ( 'NONE', *, *, #1391, .F. ) ;
#213 = ORIENTED_EDGE ( 'NONE', *, *, #4509, .F. ) ;
#214 = VECTOR ( 'NONE', #2032, 39.37007874015748100 ) ;
#215 = VECTOR ( 'NONE', #2534, 39.37007874015748100 ) ;
#216 = UNCERTAINTY_MEASURE_WITH_UNIT (LENGTH_MEASURE( 1.000000000000000100E-005 ), #3225, 'distance_accuracy_value', 'NONE');
#217 = EDGE_LOOP ( 'NONE', ( #2455, #44, #889, #95 ) ) ;
#218 = PLANE ( 'NONE',  #5977 ) ;
#219 = EDGE_CURVE ( 'NONE', #1807, #350, #2661, .T. ) ;
#220 = LINE ( 'NONE', #3120, #5685 ) ;
#221 = AXIS2_PLACEMENT_3D ( 'NONE', #2914, #3367, #1010 ) ;
#222 = ORIENTED_EDGE ( 'NONE', *, *, #2228, .F. ) ;
#223 = CARTESIAN_POINT ( 'NONE',  ( -0.3018500000000000600, 0.02000000000000000700, -0.04000000000000000100 ) ) ;
#224 = DIRECTION ( 'NONE',  ( 0.0000000000000000000, 1.000000000000000000, -0.0000000000000000000 ) ) ;
#225 = VERTEX_POINT ( 'NONE', #104 ) ;
#226 = FACE_OUTER_BOUND ( 'NONE', #2617, .T. ) ;
#227 = CARTESIAN_POINT ( 'NONE',  ( 0.3592514457727182300, 0.01999999999999999000, -0.07941279921115511300 ) ) ;
#228 = ORIENTED_EDGE ( 'NONE', *, *, #2228, .T. ) ;
#229 = EDGE_CURVE ( 'NONE', #4003, #3986, #4048, .T. ) ;
#230 = ORIENTED_EDGE ( 'NONE', *, *, #5652, .T. ) ;
#231 = DIRECTION ( 'NONE',  ( -0.5446390350150250900, 0.0000000000000000000, -0.8386705679454253800 ) ) ;
#232 = DIRECTION ( 'NONE',  ( 2.107907402518722000E-016, -1.000000000000000000, 0.0000000000000000000 ) ) ;
#233 = AXIS2_PLACEMENT_3D ( 'NONE', #496, #3726, #109 ) ;
#234 = CARTESIAN_POINT ( 'NONE',  ( -0.2861500000000001300, -0.1219999999999999800, -0.04000000000000000100 ) ) ;
#235 = ORIENTED_EDGE ( 'NONE', *, *, #442, .T. ) ;
#236 = EDGE_LOOP ( 'NONE', ( #3930, #1308, #5185, #1066 ) ) ;
#237 = CARTESIAN_POINT ( 'NONE',  ( -0.2861500000000001300, 0.09799999999999994800, -0.01980901644462925200 ) ) ;
#238 = DIRECTION ( 'NONE',  ( -3.491481338843133000E-015, -7.993795080820341900E-031, -1.000000000000000000 ) ) ;
#239 = CARTESIAN_POINT ( 'NONE',  ( 0.3592514457727182300, 0.3489999999999999800, 0.07441279921115510900 ) ) ;
#240 = ORIENTED_EDGE ( 'NONE', *, *, #193, .F. ) ;
#241 = ORIENTED_EDGE ( 'NONE', *, *, #2738, .F. ) ;
#242 = DIRECTION ( 'NONE',  ( -0.0000000000000000000, 7.993795080820341900E-031, 1.000000000000000000 ) ) ;
#243 = DIRECTION ( 'NONE',  ( 0.0000000000000000000, 1.000000000000000000, 0.0000000000000000000 ) ) ;
#244 = CARTESIAN_POINT ( 'NONE',  ( 0.1214441165414468200, 0.2223571329249525700, -0.05999999999999999800 ) ) ;
#245 = EDGE_LOOP ( 'NONE', ( #5200, #4767, #5202, #6000 ) ) ;
#246 = DIRECTION ( 'NONE',  ( 0.0000000000000000000, 0.0000000000000000000, -1.000000000000000000 ) ) ;
#247 = VERTEX_POINT ( 'NONE', #2403 ) ;
#248 = VERTEX_POINT ( 'NONE', #4269 ) ;
#249 = EDGE_CURVE ( 'NONE', #5909, #5490, #2367, .T. ) ;
#250 = LINE ( 'NONE', #46, #609 ) ;
#251 = AXIS2_PLACEMENT_3D ( 'NONE', #5321, #5790, #5367 ) ;
#252 = DIRECTION ( 'NONE',  ( -0.8944271909999160800, 0.4472135954999574800, 0.0000000000000000000 ) ) ;
#253 = VERTEX_POINT ( 'NONE', #4249 ) ;
#254 = DIRECTION ( 'NONE',  ( 0.8144689757233655200, 0.5802071074919124000, -0.0000000000000000000 ) ) ;
#255 = ORIENTED_EDGE ( 'NONE', *, *, #3494, .F. ) ;
#256 = EDGE_CURVE ( 'NONE', #3187, #3193, #5598, .T. ) ;
#257 = LINE ( 'NONE', #147, #396 ) ;
#258 = EDGE_CURVE ( 'NONE', #470, #2666, #3749, .T. ) ;
#259 = EDGE_LOOP ( 'NONE', ( #4915, #5085, #1792, #1948 ) ) ;
#260 = CARTESIAN_POINT ( 'NONE',  ( -0.03618813525387682600, 0.1293402653465204300, -0.05999999999999999800 ) ) ;
#261 = ORIENTED_EDGE ( 'NONE', *, *, #3948, .T. ) ;
#262 = AXIS2_PLACEMENT_3D ( 'NONE', #2088, #3000, #4911 ) ;
#263 = LINE ( 'NONE', #182, #5861 ) ;
#264 = ADVANCED_FACE ( 'NONE', ( #2589 ), #1443, .F. ) ;
#265 = DIRECTION ( 'NONE',  ( -0.0000000000000000000, -1.000000000000000000, -0.0000000000000000000 ) ) ;
#266 = DIRECTION ( 'NONE',  ( -1.000000000000000000, 0.0000000000000000000, 0.0000000000000000000 ) ) ;
#267 = CARTESIAN_POINT ( 'NONE',  ( -0.1871912125772847200, 0.09799999999999992100, -0.04487218375001673900 ) ) ;
#268 = EDGE_CURVE ( 'NONE', #4242, #4023, #3978, .T. ) ;
#269 = CARTESIAN_POINT ( 'NONE',  ( 0.5008499999999999100, 0.1064815665455062600, 0.03650000000000000500 ) ) ;
#270 = VECTOR ( 'NONE', #4161, 39.37007874015748100 ) ;
#271 = FACE_OUTER_BOUND ( 'NONE', #4599, .T. ) ;
#272 = AXIS2_PLACEMENT_3D ( 'NONE', #4368, #2574, #636 ) ;
#273 = DIRECTION ( 'NONE',  ( -0.5802071074919125100, 0.8144689757233656300, 0.0000000000000000000 ) ) ;
#274 = CARTESIAN_POINT ( 'NONE',  ( 0.3971380204934411000, -0.03262376266101090600, -0.07941279921115511300 ) ) ;
#275 = CARTESIAN_POINT ( 'NONE',  ( -0.1782054284066869600, 0.1136999999999999500, 0.05999999999999999800 ) ) ;
#276 = FACE_OUTER_BOUND ( 'NONE', #3630, .T. ) ;
#277 = DIRECTION ( 'NONE',  ( 0.0000000000000000000, 1.000000000000000000, 0.0000000000000000000 ) ) ;
#278 = LINE ( 'NONE', #5836, #985 ) ;
#279 = VECTOR ( 'NONE', #311, 39.37007874015748100 ) ;
#280 = CARTESIAN_POINT ( 'NONE',  ( -0.1782054284066869600, 0.1293402653465204300, 0.03500000000000000300 ) ) ;
#281 = DIRECTION ( 'NONE',  ( 0.0000000000000000000, 1.000000000000000000, 0.0000000000000000000 ) ) ;
#282 = CARTESIAN_POINT ( 'NONE',  ( 3.231876143552168600E-016, 0.2561272146310087400, -0.09511279921115639600 ) ) ;
#283 = FACE_OUTER_BOUND ( 'NONE', #614, .T. ) ;
#284 = CARTESIAN_POINT ( 'NONE',  ( -0.1871912125772847200, 0.08800000000000003700, -0.06957218375001673900 ) ) ;
#285 = LINE ( 'NONE', #2939, #1488 ) ;
#286 = ORIENTED_EDGE ( 'NONE', *, *, #205, .T. ) ;
#287 = LINE ( 'NONE', #1821, #3832 ) ;
#288 = EDGE_CURVE ( 'NONE', #5196, #2495, #1637, .T. ) ;
#289 = CARTESIAN_POINT ( 'NONE',  ( 0.3749514457727182200, 0.3489999999999999800, -0.07441279921115510900 ) ) ;
#290 = CARTESIAN_POINT ( 'NONE',  ( -0.1782054284066869600, 0.1136999999999999500, -0.03499999999999997600 ) ) ;
#291 = ORIENTED_EDGE ( 'NONE', *, *, #4328, .F. ) ;
#292 = LENGTH_MEASURE_WITH_UNIT ( LENGTH_MEASURE( 0.02539999999999999900 ), #2772 );
#293 = CARTESIAN_POINT ( 'NONE',  ( 0.0000000000000000000, 0.08799999999999995300, 0.0000000000000000000 ) ) ;
#294 = DIRECTION ( 'NONE',  ( -3.606521461097566400E-015, 0.0000000000000000000, -1.000000000000000000 ) ) ;
#295 = VERTEX_POINT ( 'NONE', #5201 ) ;
#296 = ADVANCED_FACE ( 'NONE', ( #4868 ), #994, .T. ) ;
#297 = CARTESIAN_POINT ( 'NONE',  ( 0.4851499999999998600, 0.3065609852421052900, -0.03650000000000000500 ) ) ;
#298 = AXIS2_PLACEMENT_3D ( 'NONE', #3384, #4806, #2829 ) ;
#299 = FACE_BOUND ( 'NONE', #3697, .T. ) ;
#300 = CARTESIAN_POINT ( 'NONE',  ( -0.1579362876644513900, 0.1136999999999999400, 0.01980901644462925200 ) ) ;
#301 = ORIENTED_EDGE ( 'NONE', *, *, #2577, .T. ) ;
#302 = ORIENTED_EDGE ( 'NONE', *, *, #5652, .F. ) ;
#303 = EDGE_CURVE ( 'NONE', #4362, #753, #3107, .T. ) ;
#304 = AXIS2_PLACEMENT_3D ( 'NONE', #4508, #2640, #1720 ) ;
#305 = PLANE ( 'NONE',  #2135 ) ;
#306 = ORIENTED_EDGE ( 'NONE', *, *, #5437, .T. ) ;
#307 = ORIENTED_EDGE ( 'NONE', *, *, #4322, .F. ) ;
#308 = DIRECTION ( 'NONE',  ( 0.4472135954999574800, 0.8944271909999160800, -0.0000000000000000000 ) ) ;
#309 = DIRECTION ( 'NONE',  ( 0.0000000000000000000, -0.0000000000000000000, 1.000000000000000000 ) ) ;
#310 = EDGE_LOOP ( 'NONE', ( #1738, #5987, #2387, #1748 ) ) ;
#311 = DIRECTION ( 'NONE',  ( 0.0000000000000000000, 0.0000000000000000000, -1.000000000000000000 ) ) ;
#312 = PLANE ( 'NONE',  #3123 ) ;
#313 = EDGE_LOOP ( 'NONE', ( #2041, #5104, #2035, #4197, #2195, #2395 ) ) ;
#314 = CARTESIAN_POINT ( 'NONE',  ( 0.3866318234399264100, 0.3539999999999999800, -0.1205853768228867800 ) ) ;
#315 = CARTESIAN_POINT ( 'NONE',  ( -0.2861500000000001300, -0.1219999999999999800, 0.04000000000000000100 ) ) ;
#316 = EDGE_LOOP ( 'NONE', ( #1074, #1507, #1526, #2326 ) ) ;
#317 = ORIENTED_EDGE ( 'NONE', *, *, #1332, .T. ) ;
#318 = EDGE_CURVE ( 'NONE', #2890, #4492, #2513, .T. ) ;
#319 = ORIENTED_EDGE ( 'NONE', *, *, #4818, .T. ) ;
#320 = ORIENTED_EDGE ( 'NONE', *, *, #1012, .F. ) ;
#321 = EDGE_LOOP ( 'NONE', ( #5728, #684, #3272, #5102 ) ) ;
#322 = ADVANCED_FACE ( 'NONE', ( #1414 ), #989, .T. ) ;
#323 = DIRECTION ( 'NONE',  ( -0.0000000000000000000, -0.0000000000000000000, -1.000000000000000000 ) ) ;
#324 = FACE_OUTER_BOUND ( 'NONE', #4025, .T. ) ;
#325 = EDGE_LOOP ( 'NONE', ( #5932, #4717, #1531, #2637 ) ) ;
#326 = CARTESIAN_POINT ( 'NONE',  ( -0.3018500000000000600, 0.05097309357355724700, -0.01299999999999999600 ) ) ;
#327 = ORIENTED_EDGE ( 'NONE', *, *, #2446, .F. ) ;
#328 = LINE ( 'NONE', #2409, #192 ) ;
#329 = AXIS2_PLACEMENT_3D ( 'NONE', #2386, #4769, #2859 ) ;
#330 = CARTESIAN_POINT ( 'NONE',  ( -0.2851500000000001300, 0.09699999999999996100, 0.03500000000000000300 ) ) ;
#331 = CARTESIAN_POINT ( 'NONE',  ( 0.0000000000000000000, 0.09799999999999994800, -0.04000000000000000100 ) ) ;
#332 = CARTESIAN_POINT ( 'NONE',  ( 0.1504544719160426400, 0.1816336841387844200, 0.05999999999999999800 ) ) ;
#333 = EDGE_CURVE ( 'NONE', #3131, #5896, #287, .T. ) ;
#334 = EDGE_LOOP ( 'NONE', ( #3806, #1601, #1895, #3796 ) ) ;
#335 = EDGE_CURVE ( 'NONE', #1168, #2407, #4639, .T. ) ;
#336 = VECTOR ( 'NONE', #5680, 39.37007874015748100 ) ;
#337 = CARTESIAN_POINT ( 'NONE',  ( 0.4751499999999998500, 0.04069999999999997200, 0.07441279921115510900 ) ) ;
#338 = AXIS2_PLACEMENT_3D ( 'NONE', #5706, #589, #1497 ) ;
#339 = AXIS2_PLACEMENT_3D ( 'NONE', #3999, #774, #1209 ) ;
#340 = FACE_OUTER_BOUND ( 'NONE', #970, .T. ) ;
#341 = VECTOR ( 'NONE', #243, 39.37007874015748100 ) ;
#342 = LINE ( 'NONE', #5842, #5148 ) ;
#343 = DIRECTION ( 'NONE',  ( 0.0000000000000000000, 0.0000000000000000000, 1.000000000000000000 ) ) ;
#344 = EDGE_CURVE ( 'NONE', #5312, #3220, #1346, .T. ) ;
#345 = ORIENTED_EDGE ( 'NONE', *, *, #5141, .T. ) ;
#346 = DIRECTION ( 'NONE',  ( 1.000000000000000000, 0.0000000000000000000, 0.0000000000000000000 ) ) ;
#347 = VECTOR ( 'NONE', #2622, 39.37007874015748100 ) ;
#348 = LINE ( 'NONE', #5642, #204 ) ;
#349 = DIRECTION ( 'NONE',  ( 0.0000000000000000000, 0.0000000000000000000, 1.000000000000000000 ) ) ;
#350 = VERTEX_POINT ( 'NONE', #1885 ) ;
#351 = CARTESIAN_POINT ( 'NONE',  ( -0.2851500000000001300, 0.09699999999999996100, -0.03500000000000000300 ) ) ;
#352 = ADVANCED_FACE ( 'NONE', ( #1993 ), #4632, .T. ) ;
#353 = FACE_OUTER_BOUND ( 'NONE', #5965, .T. ) ;
#354 = DIRECTION ( 'NONE',  ( -0.0000000000000000000, -0.0000000000000000000, 1.000000000000000000 ) ) ;
#355 = DIRECTION ( 'NONE',  ( 0.0000000000000000000, 1.000000000000000000, 0.0000000000000000000 ) ) ;
#356 = LINE ( 'NONE', #337, #4417 ) ;
#357 = CIRCLE ( 'NONE', #1702, 0.4400000000000001100 ) ;
#358 = LINE ( 'NONE', #2910, #2518 ) ;
#359 = ORIENTED_EDGE ( 'NONE', *, *, #75, .T. ) ;
#360 = EDGE_CURVE ( 'NONE', #2623, #1138, #3533, .T. ) ;
#361 = LINE ( 'NONE', #3672, #722 ) ;
#362 = AXIS2_PLACEMENT_3D ( 'NONE', #3059, #265, #4925 ) ;
#363 = CARTESIAN_POINT ( 'NONE',  ( -0.1579362876644513900, -0.1219999999999999600, 0.01980901644462925200 ) ) ;
#364 = EDGE_LOOP ( 'NONE', ( #4013, #3040, #2283, #3694 ) ) ;
#365 = EDGE_CURVE ( 'NONE', #4425, #5623, #1068, .T. ) ;
#366 = VERTEX_POINT ( 'NONE', #5175 ) ;
#367 = EDGE_CURVE ( 'NONE', #5898, #1660, #3901, .T. ) ;
#368 = FACE_BOUND ( 'NONE', #3569, .T. ) ;
#369 = CARTESIAN_POINT ( 'NONE',  ( 0.0000000000000000000, 0.1939999999999999800, 0.0000000000000000000 ) ) ;
#370 = ORIENTED_EDGE ( 'NONE', *, *, #40, .F. ) ;
#371 = EDGE_LOOP ( 'NONE', ( #5851, #2908, #5268, #746 ) ) ;
#372 = CARTESIAN_POINT ( 'NONE',  ( 0.3542514457727182200, 0.2561272146310087400, -0.07941279921115507200 ) ) ;
#373 = DIRECTION ( 'NONE',  ( -1.000000000000000000, 0.0000000000000000000, 0.0000000000000000000 ) ) ;
#374 = ORIENTED_EDGE ( 'NONE', *, *, #1946, .F. ) ;
#375 = EDGE_CURVE ( 'NONE', #4820, #4241, #149, .T. ) ;
#376 = ORIENTED_EDGE ( 'NONE', *, *, #4608, .F. ) ;
#377 = ADVANCED_FACE ( 'NONE', ( #3398 ), #494, .T. ) ;
#378 = ADVANCED_FACE ( 'NONE', ( #1852 ), #43, .T. ) ;
#379 = VERTEX_POINT ( 'NONE', #3738 ) ;
#380 = ORIENTED_EDGE ( 'NONE', *, *, #5362, .T. ) ;
#381 = CARTESIAN_POINT ( 'NONE',  ( 0.4851499999999998600, 0.2187043321626970500, 0.02649999999999999900 ) ) ;
#382 = ORIENTED_EDGE ( 'NONE', *, *, #219, .F. ) ;
#383 = ORIENTED_EDGE ( 'NONE', *, *, #3468, .F. ) ;
#384 = DIRECTION ( 'NONE',  ( -0.7171309521719219100, 0.6969384459455459900, 0.0000000000000000000 ) ) ;
#385 = ORIENTED_EDGE ( 'NONE', *, *, #768, .F. ) ;
#386 = ORIENTED_EDGE ( 'NONE', *, *, #5056, .T. ) ;
#387 = DIRECTION ( 'NONE',  ( -3.606521461097566400E-015, 0.0000000000000000000, -1.000000000000000000 ) ) ;
#388 = VECTOR ( 'NONE', #3814, 39.37007874015748100 ) ;
#389 = ORIENTED_EDGE ( 'NONE', *, *, #509, .F. ) ;
#390 = CARTESIAN_POINT ( 'NONE',  ( -0.02707888366625380000, 0.1165531024276636000, -0.05999999999999999800 ) ) ;
#391 = VERTEX_POINT ( 'NONE', #5622 ) ;
#392 = DIRECTION ( 'NONE',  ( 0.0000000000000000000, 0.0000000000000000000, 1.000000000000000000 ) ) ;
#393 = CARTESIAN_POINT ( 'NONE',  ( -0.1836403121902468700, 0.09799999999999994800, 0.04510330413046883400 ) ) ;
#394 = ORIENTED_EDGE ( 'NONE', *, *, #945, .T. ) ;
#395 = EDGE_CURVE ( 'NONE', #4573, #1869, #5744, .T. ) ;
#396 = VECTOR ( 'NONE', #3821, 39.37007874015748100 ) ;
#397 = MANIFOLD_SOLID_BREP ( 'Boss-Extrude2', #1377 ) ;
#398 = CARTESIAN_POINT ( 'NONE',  ( -0.2396411754066111200, 0.1799999999999991100, -0.3690150498959872100 ) ) ;
#399 = ORIENTED_EDGE ( 'NONE', *, *, #3358, .F. ) ;
#400 = ORIENTED_EDGE ( 'NONE', *, *, #1751, .F. ) ;
#401 = FACE_OUTER_BOUND ( 'NONE', #1563, .T. ) ;
#402 = CARTESIAN_POINT ( 'NONE',  ( 0.3250000000000000100, 0.01999999999999999000, 0.0000000000000000000 ) ) ;
#403 = PLANE ( 'NONE',  #4503 ) ;
#404 = CARTESIAN_POINT ( 'NONE',  ( 0.4851499999999998600, 0.2187043321626970500, 0.02649999999999999900 ) ) ;
#405 = SURFACE_STYLE_FILL_AREA ( #5656 ) ;
#406 = CYLINDRICAL_SURFACE ( 'NONE', #4738, 0.03000000000000002300 ) ;
#407 = ADVANCED_FACE ( 'NONE', ( #4494 ), #3406, .T. ) ;
#408 = CARTESIAN_POINT ( 'NONE',  ( -0.08509959441544537300, 0.1979999999999999800, 0.01980901644462925200 ) ) ;
#409 = EDGE_CURVE ( 'NONE', #4573, #3436, #418, .T. ) ;
#410 = CARTESIAN_POINT ( 'NONE',  ( -0.2513825633578479200, 0.1939999999999999800, 0.3613901034057763200 ) ) ;
#411 = CIRCLE ( 'NONE', #608, 0.009000000000000001100 ) ;
#412 = CARTESIAN_POINT ( 'NONE',  ( -0.2851500000000001300, 0.09699999999999996100, -0.03500000000000000300 ) ) ;
#413 = LINE ( 'NONE', #2727, #74 ) ;
#414 = AXIS2_PLACEMENT_3D ( 'NONE', #2785, #1789, #2322 ) ;
#415 = LINE ( 'NONE', #4922, #5517 ) ;
#416 = PLANE ( 'NONE',  #3326 ) ;
#417 = ORIENTED_EDGE ( 'NONE', *, *, #1735, .F. ) ;
#418 = LINE ( 'NONE', #3788, #6021 ) ;
#419 = LINE ( 'NONE', #5942, #2439 ) ;
#420 = EDGE_CURVE ( 'NONE', #524, #3561, #3241, .T. ) ;
#421 = AXIS2_PLACEMENT_3D ( 'NONE', #1292, #3374, #2743 ) ;
#422 = VECTOR ( 'NONE', #3307, 39.37007874015748100 ) ;
#423 = SHAPE_DEFINITION_REPRESENTATION ( #3783, #4918 ) ;
#424 = LINE ( 'NONE', #3855, #2737 ) ;
#425 = DIRECTION ( 'NONE',  ( -0.0000000000000000000, -0.0000000000000000000, -1.000000000000000000 ) ) ;
#426 = DIRECTION ( 'NONE',  ( -0.0000000000000000000, -0.0000000000000000000, 1.000000000000000000 ) ) ;
#427 = ORIENTED_EDGE ( 'NONE', *, *, #1908, .T. ) ;
#428 = DIRECTION ( 'NONE',  ( -1.000000000000000000, 0.0000000000000000000, 0.0000000000000000000 ) ) ;
#429 = VECTOR ( 'NONE', #3510, 39.37007874015748100 ) ;
#430 = LINE ( 'NONE', #4981, #1648 ) ;
#431 = DIRECTION ( 'NONE',  ( 1.000000000000000000, 0.0000000000000000000, 0.0000000000000000000 ) ) ;
#432 = CARTESIAN_POINT ( 'NONE',  ( 0.3849514457727183400, 0.02500000000000000100, 0.07441279921115510900 ) ) ;
#433 = DIRECTION ( 'NONE',  ( 0.0000000000000000000, 0.0000000000000000000, 1.000000000000000000 ) ) ;
#434 = ORIENTED_EDGE ( 'NONE', *, *, #4732, .F. ) ;
#435 = LINE ( 'NONE', #3736, #2533 ) ;
#436 = ADVANCED_FACE ( 'NONE', ( #4273 ), #623, .F. ) ;
#437 = EDGE_LOOP ( 'NONE', ( #4372, #856, #188, #301 ) ) ;
#438 = ORIENTED_EDGE ( 'NONE', *, *, #3815, .F. ) ;
#439 = DIRECTION ( 'NONE',  ( 0.0000000000000000000, 0.0000000000000000000, 1.000000000000000000 ) ) ;
#440 = EDGE_CURVE ( 'NONE', #3206, #5189, #3029, .T. ) ;
#441 = ORIENTED_EDGE ( 'NONE', *, *, #4734, .T. ) ;
#442 = EDGE_CURVE ( 'NONE', #2495, #2031, #1060, .T. ) ;
#443 = CARTESIAN_POINT ( 'NONE',  ( 0.5200000000000000200, 0.02000000000000000000, 0.1499999999999999900 ) ) ;
#444 = CARTESIAN_POINT ( 'NONE',  ( 0.5011328690478279400, 0.2194012706086425900, -0.02649999999999999900 ) ) ;
#445 = DIRECTION ( 'NONE',  ( 0.0000000000000000000, 0.0000000000000000000, 1.000000000000000000 ) ) ;
#446 = ORIENTED_EDGE ( 'NONE', *, *, #1118, .F. ) ;
#447 = DIRECTION ( 'NONE',  ( 1.000000000000000000, 2.107907402518722500E-016, -0.0000000000000000000 ) ) ;
#448 = AXIS2_PLACEMENT_3D ( 'NONE', #2483, #1107, #1517 ) ;
#449 = AXIS2_PLACEMENT_3D ( 'NONE', #3257, #425, #3185 ) ;
#450 = ORIENTED_EDGE ( 'NONE', *, *, #367, .T. ) ;
#451 = DIRECTION ( 'NONE',  ( 0.0000000000000000000, -3.491481338843133000E-015, -1.000000000000000000 ) ) ;
#452 = ORIENTED_EDGE ( 'NONE', *, *, #2855, .T. ) ;
#453 = CARTESIAN_POINT ( 'NONE',  ( 0.1214441165414468200, 0.2223571329249525700, -0.01980901644462925200 ) ) ;
#454 = CARTESIAN_POINT ( 'NONE',  ( 0.3284790447376123000, 0.3189999999999997300, 0.09511279921115520200 ) ) ;
#455 = EDGE_CURVE ( 'NONE', #3343, #5478, #1487, .T. ) ;
#456 = CARTESIAN_POINT ( 'NONE',  ( 0.3542514457727182200, 0.2561272146310087400, 0.07941279921115507200 ) ) ;
#457 = VERTEX_POINT ( 'NONE', #3868 ) ;
#458 = ORIENTED_EDGE ( 'NONE', *, *, #5007, .T. ) ;
#459 = DIRECTION ( 'NONE',  ( 1.000000000000000000, 0.0000000000000000000, 0.0000000000000000000 ) ) ;
#460 = VERTEX_POINT ( 'NONE', #1979 ) ;
#461 = CLOSED_SHELL ( 'NONE', ( #5935, #5487, #2090, #1639, #2764, #4243, #1984, #5291, #1028, #1088, #2370, #5996, #740, #5726, #148, #5518, #5746, #4901, #579, #5137, #3356, #4121, #5238, #4463, #5431, #63, #4765, #2741, #1813, #4062, #124, #5718, #5966, #2154, #2217, #5144, #1729, #887, #1450, #2590, #5087, #1359, #1221, #1058, #1784, #2341, #2649, #2434, #2216, #1247, #407, #641, #4175, #3228, #468, #3593, #3204, #1192, #3024, #5846, #5112, #3283, #1067, #1952, #1500, #2915, #3707, #3506, #3842, #949, #1379, #3262, #980, #1870, #264, #1, #4296, #588, #3090, #3295 ) ) ;
#462 = CARTESIAN_POINT ( 'NONE',  ( 0.4751499999999998500, 0.05069999999999998100, 0.3316775405567138300 ) ) ;
#463 = EDGE_LOOP ( 'NONE', ( #5643, #1510, #1760, #4743 ) ) ;
#464 = VECTOR ( 'NONE', #2276, 39.37007874015748100 ) ;
#465 = CARTESIAN_POINT ( 'NONE',  ( 0.3542514457727182200, 0.2561272146310087400, 0.07941279921115511300 ) ) ;
#466 = DIRECTION ( 'NONE',  ( -0.5802071074919165100, 0.8144689757233627400, 0.0000000000000000000 ) ) ;
#467 = ORIENTED_EDGE ( 'NONE', *, *, #675, .T. ) ;
#468 = ADVANCED_FACE ( 'NONE', ( #999 ), #3342, .F. ) ;
#469 = CARTESIAN_POINT ( 'NONE',  ( -0.2617245522847432300, 0.2300271050953810500, 0.3111667782127478000 ) ) ;
#470 = VERTEX_POINT ( 'NONE', #1958 ) ;
#471 = LINE ( 'NONE', #1468, #5575 ) ;
#472 = CARTESIAN_POINT ( 'NONE',  ( 0.5008499999999999100, 0.3065609852421052900, -0.03650000000000000500 ) ) ;
#473 = CARTESIAN_POINT ( 'NONE',  ( -0.1624999999999999500, 0.01999999999999999000, 0.2814582562299426400 ) ) ;
#474 = EDGE_CURVE ( 'NONE', #3492, #3435, #1921, .T. ) ;
#475 = ORIENTED_EDGE ( 'NONE', *, *, #4939, .T. ) ;
#476 = SURFACE_STYLE_USAGE ( .BOTH. , #2282 ) ;
#477 = FACE_OUTER_BOUND ( 'NONE', #5853, .T. ) ;
#478 = EDGE_CURVE ( 'NONE', #3084, #5052, #5670, .T. ) ;
#479 = DIRECTION ( 'NONE',  ( -0.0000000000000000000, -1.000000000000000000, -0.0000000000000000000 ) ) ;
#480 = VECTOR ( 'NONE', #4455, 39.37007874015748100 ) ;
#481 = VECTOR ( 'NONE', #765, 39.37007874015748100 ) ;
#482 = VECTOR ( 'NONE', #5266, 39.37007874015748900 ) ;
#483 = AXIS2_PLACEMENT_3D ( 'NONE', #2198, #4600, #2222 ) ;
#484 = CARTESIAN_POINT ( 'NONE',  ( 0.2414532404824823200, 0.09799999999999994800, 0.1005612242791646300 ) ) ;
#485 = CARTESIAN_POINT ( 'NONE',  ( -0.1579362876644513900, -0.1219999999999999600, -8.537024980200822600E-018 ) ) ;
#486 = DIRECTION ( 'NONE',  ( -1.000000000000000000, -0.0000000000000000000, -0.0000000000000000000 ) ) ;
#487 = LINE ( 'NONE', #1143, #2792 ) ;
#488 = CIRCLE ( 'NONE', #4536, 0.02570000000000001400 ) ;
#489 = DIRECTION ( 'NONE',  ( -0.0000000000000000000, -0.0000000000000000000, -1.000000000000000000 ) ) ;
#490 = EDGE_CURVE ( 'NONE', #4607, #1173, #783, .T. ) ;
#491 = CARTESIAN_POINT ( 'NONE',  ( -0.1625000000000001700, 0.01999999999999999000, -0.2514582562299425000 ) ) ;
#492 = CARTESIAN_POINT ( 'NONE',  ( 0.3284790447376123000, 0.3489999999999999800, -0.09511279921115520200 ) ) ;
#493 = AXIS2_PLACEMENT_3D ( 'NONE', #1733, #3190, #1343 ) ;
#494 = CYLINDRICAL_SURFACE ( 'NONE', #2660, 0.02470000000000000300 ) ;
#495 = FACE_OUTER_BOUND ( 'NONE', #310, .T. ) ;
#496 = CARTESIAN_POINT ( 'NONE',  ( 0.0000000000000000000, 0.2999999999999999300, 0.0000000000000000000 ) ) ;
#497 = EDGE_LOOP ( 'NONE', ( #2753, #2672, #3207, #1320 ) ) ;
#498 = ADVANCED_FACE ( 'NONE', ( #3394 ), #2870, .T. ) ;
#499 = FACE_OUTER_BOUND ( 'NONE', #2754, .T. ) ;
#500 = CIRCLE ( 'NONE', #4932, 0.4400000000000001100 ) ;
#501 = PLANE ( 'NONE',  #5734 ) ;
#502 = ORIENTED_EDGE ( 'NONE', *, *, #1422, .F. ) ;
#503 = DIRECTION ( 'NONE',  ( -0.4472135954999570400, -0.8944271909999164100, 0.0000000000000000000 ) ) ;
#504 = LINE ( 'NONE', #1295, #2379 ) ;
#505 = DIRECTION ( 'NONE',  ( 0.0000000000000000000, 0.0000000000000000000, -1.000000000000000000 ) ) ;
#506 = CARTESIAN_POINT ( 'NONE',  ( 0.1504544719160426400, 0.1816336841387844200, 0.03500000000000000300 ) ) ;
#507 = CARTESIAN_POINT ( 'NONE',  ( 0.4851499999999998600, 0.02499999999999997400, -0.3316775405567138300 ) ) ;
#508 = EDGE_LOOP ( 'NONE', ( #4637, #2899, #452, #934, #4566 ) ) ;
#509 = EDGE_CURVE ( 'NONE', #5279, #391, #3102, .T. ) ;
#510 = VERTEX_POINT ( 'NONE', #3850 ) ;
#512 = DIRECTION ( 'NONE',  ( -1.000000000000000000, -0.0000000000000000000, 0.0000000000000000000 ) ) ;
#511 = VECTOR ( 'NONE', #923, 39.37007874015748100 ) ;
#513 = ORIENTED_EDGE ( 'NONE', *, *, #1717, .T. ) ;
#514 = CARTESIAN_POINT ( 'NONE',  ( 0.1994315418419032300, 0.1939999999999999800, 0.3524940568556600400 ) ) ;
#515 = ORIENTED_EDGE ( 'NONE', *, *, #2875, .F. ) ;
#516 = ORIENTED_EDGE ( 'NONE', *, *, #118, .F. ) ;
#517 = ORIENTED_EDGE ( 'NONE', *, *, #929, .T. ) ;
#518 = EDGE_CURVE ( 'NONE', #5928, #253, #3669, .T. ) ;
#519 = VERTEX_POINT ( 'NONE', #3810 ) ;
#520 = CARTESIAN_POINT ( 'NONE',  ( 0.5008499999999999100, 0.02000000000000000000, 0.02999999999999999900 ) ) ;
#521 = DIRECTION ( 'NONE',  ( -1.000000000000000000, -0.0000000000000000000, -0.0000000000000000000 ) ) ;
#522 = DIRECTION ( 'NONE',  ( -0.0000000000000000000, 1.000000000000000000, -0.0000000000000000000 ) ) ;
#523 = ORIENTED_EDGE ( 'NONE', *, *, #1104, .F. ) ;
#524 = VERTEX_POINT ( 'NONE', #4758 ) ;
#525 = DIRECTION ( 'NONE',  ( 2.842170943040400700E-014, 0.0000000000000000000, 1.000000000000000000 ) ) ;
#526 = ADVANCED_FACE ( 'NONE', ( #4943 ), #2001, .F. ) ;
#527 = AXIS2_PLACEMENT_3D ( 'NONE', #1824, #5113, #3699 ) ;
#528 = VERTEX_POINT ( 'NONE', #546 ) ;
#529 = CARTESIAN_POINT ( 'NONE',  ( -0.1871912125772847200, 0.08899999999999999600, 0.04487218375001673900 ) ) ;
#530 = ORIENTED_EDGE ( 'NONE', *, *, #5866, .F. ) ;
#531 = DIRECTION ( 'NONE',  ( -0.8144689757233655200, -0.5802071074919124000, 0.0000000000000000000 ) ) ;
#532 = ORIENTED_EDGE ( 'NONE', *, *, #2464, .T. ) ;
#533 = CIRCLE ( 'NONE', #1555, 0.01000000000000003000 ) ;
#534 = EDGE_CURVE ( 'NONE', #3996, #3270, #2061, .T. ) ;
#535 = DIRECTION ( 'NONE',  ( -1.000000000000000000, -0.0000000000000000000, -0.0000000000000000000 ) ) ;
#536 = ORIENTED_EDGE ( 'NONE', *, *, #3321, .T. ) ;
#537 = AXIS2_PLACEMENT_3D ( 'NONE', #1171, #4916, #4434 ) ;
#538 = ORIENTED_EDGE ( 'NONE', *, *, #3983, .F. ) ;
#539 = ORIENTED_EDGE ( 'NONE', *, *, #3063, .T. ) ;
#540 = VECTOR ( 'NONE', #1628, 39.37007874015748100 ) ;
#541 = CARTESIAN_POINT ( 'NONE',  ( -0.03618813525387682600, 0.1293402653465204300, 0.05999999999999999800 ) ) ;
#542 = EDGE_LOOP ( 'NONE', ( #5491, #2997, #4770, #389 ) ) ;
#543 = ORIENTED_EDGE ( 'NONE', *, *, #4098, .T. ) ;
#544 = DIRECTION ( 'NONE',  ( 0.7171309521719219100, -0.6969384459455459900, 0.0000000000000000000 ) ) ;
#545 = CARTESIAN_POINT ( 'NONE',  ( -0.08509959441544537300, 0.1979999999999999800, 0.03500000000000000300 ) ) ;
#546 = CARTESIAN_POINT ( 'NONE',  ( 0.1798364051403900400, 0.2403975505874788000, 0.05999999999999999800 ) ) ;
#547 = FACE_OUTER_BOUND ( 'NONE', #5030, .T. ) ;
#548 = CARTESIAN_POINT ( 'NONE',  ( 0.3849514457727183400, 0.05069999999999998800, -0.07441279921115510900 ) ) ;
#549 = VECTOR ( 'NONE', #2097, 39.37007874015748900 ) ;
#550 = DIRECTION ( 'NONE',  ( 1.000000000000000000, 0.0000000000000000000, -0.0000000000000000000 ) ) ;
#551 = FACE_OUTER_BOUND ( 'NONE', #2969, .T. ) ;
#552 = EDGE_CURVE ( 'NONE', #1955, #5350, #4043, .T. ) ;
#553 = AXIS2_PLACEMENT_3D ( 'NONE', #3002, #2028, #211 ) ;
#554 = FACE_OUTER_BOUND ( 'NONE', #2912, .T. ) ;
#555 = FACE_OUTER_BOUND ( 'NONE', #3710, .T. ) ;
#556 = FACE_OUTER_BOUND ( 'NONE', #2182, .T. ) ;
#557 = EDGE_CURVE ( 'NONE', #4457, #2181, #1990, .T. ) ;
#558 = EDGE_CURVE ( 'NONE', #1273, #3361, #4120, .T. ) ;
#559 = LINE ( 'NONE', #4358, #3826 ) ;
#560 = VECTOR ( 'NONE', #2586, 39.37007874015748100 ) ;
#561 = AXIS2_PLACEMENT_3D ( 'NONE', #987, #2338, #1456 ) ;
#562 = DIRECTION ( 'NONE',  ( 1.000000000000000000, 2.107907402518722500E-016, 0.0000000000000000000 ) ) ;
#563 = CARTESIAN_POINT ( 'NONE',  ( 0.5200000000000000200, 0.3539999999999999800, 0.1499999999999999900 ) ) ;
#564 = DIRECTION ( 'NONE',  ( -0.0000000000000000000, 1.000000000000000000, -0.0000000000000000000 ) ) ;
#565 = DIRECTION ( 'NONE',  ( 1.000000000000000000, 0.0000000000000000000, -0.0000000000000000000 ) ) ;
#566 = VERTEX_POINT ( 'NONE', #1121 ) ;
#567 = ORIENTED_EDGE ( 'NONE', *, *, #4952, .F. ) ;
#568 = FACE_OUTER_BOUND ( 'NONE', #4900, .T. ) ;
#569 = VECTOR ( 'NONE', #1015, 39.37007874015748100 ) ;
#570 = DIRECTION ( 'NONE',  ( -1.000000000000000000, 0.0000000000000000000, 0.0000000000000000000 ) ) ;
#571 = EDGE_CURVE ( 'NONE', #4292, #4831, #1845, .T. ) ;
#572 = CARTESIAN_POINT ( 'NONE',  ( 0.3749514457727182200, 0.3489999999999999800, -0.03649999999999987300 ) ) ;
#573 = AXIS2_PLACEMENT_3D ( 'NONE', #506, #3344, #1399 ) ;
#574 = EDGE_LOOP ( 'NONE', ( #5838, #1240, #1740, #523 ) ) ;
#575 = FACE_OUTER_BOUND ( 'NONE', #1873, .T. ) ;
#576 = DIRECTION ( 'NONE',  ( -1.000000000000000000, 0.0000000000000000000, 0.0000000000000000000 ) ) ;
#577 = DIRECTION ( 'NONE',  ( -0.0000000000000000000, -0.0000000000000000000, -1.000000000000000000 ) ) ;
#578 = ORIENTED_EDGE ( 'NONE', *, *, #815, .T. ) ;
#579 = ADVANCED_FACE ( 'NONE', ( #5452 ), #1618, .F. ) ;
#580 =( BOUNDED_CURVE ( )  B_SPLINE_CURVE ( 3, ( #1658, #3118, #3963, #1222 ),
 .UNSPECIFIED., .F., .F. ) 
 B_SPLINE_CURVE_WITH_KNOTS ( ( 4, 4 ),
 ( 1.570796326794898600, 2.252139224433171700 ),
 .UNSPECIFIED. ) 
 CURVE ( )  GEOMETRIC_REPRESENTATION_ITEM ( )  RATIONAL_B_SPLINE_CURVE ( ( 1.000000000000000000, 0.9616870223423665800, 0.9616870223423665800, 1.000000000000000000 ) ) 
 REPRESENTATION_ITEM ( '' )  );
#581 = VECTOR ( 'NONE', #5235, 39.37007874015748100 ) ;
#582 = CARTESIAN_POINT ( 'NONE',  ( 0.3749514457727182700, 0.05069999999999998800, -0.07441279921115510900 ) ) ;
#583 = VERTEX_POINT ( 'NONE', #2564 ) ;
#584 = CARTESIAN_POINT ( 'NONE',  ( -0.3018500000000000600, 0.09700000000000025300, -0.03500000000000000300 ) ) ;
#585 = DIRECTION ( 'NONE',  ( -1.000000000000000000, 0.0000000000000000000, 0.0000000000000000000 ) ) ;
#586 =( NAMED_UNIT ( * ) SI_UNIT ( $, .STERADIAN. ) SOLID_ANGLE_UNIT ( ) );
#587 = EDGE_LOOP ( 'NONE', ( #3027, #1893 ) ) ;
#588 = ADVANCED_FACE ( 'NONE', ( #283 ), #847, .T. ) ;
#589 = DIRECTION ( 'NONE',  ( 0.0000000000000000000, 0.0000000000000000000, 1.000000000000000000 ) ) ;
#590 = EDGE_CURVE ( 'NONE', #5555, #2999, #1205, .T. ) ;
#591 = ORIENTED_EDGE ( 'NONE', *, *, #5251, .F. ) ;
#592 = DIRECTION ( 'NONE',  ( 1.000000000000000000, 0.0000000000000000000, 0.0000000000000000000 ) ) ;
#593 = ORIENTED_EDGE ( 'NONE', *, *, #3440, .T. ) ;
#594 = CARTESIAN_POINT ( 'NONE',  ( -0.2602812583361163200, 0.09799999999999994800, 0.03500000000000000300 ) ) ;
#595 = DIRECTION ( 'NONE',  ( -1.000000000000000000, 0.0000000000000000000, 0.0000000000000000000 ) ) ;
#596 = ORIENTED_EDGE ( 'NONE', *, *, #420, .F. ) ;
#597 = ORIENTED_EDGE ( 'NONE', *, *, #5128, .F. ) ;
#598 = CARTESIAN_POINT ( 'NONE',  ( -0.2602812583361163200, 0.08800000000000003700, -0.06957218375001673900 ) ) ;
#599 = ORIENTED_EDGE ( 'NONE', *, *, #3862, .T. ) ;
#600 = CARTESIAN_POINT ( 'NONE',  ( -0.2861500000000001300, 0.1136999999999999500, 0.01980901644462925200 ) ) ;
#601 = ORIENTED_EDGE ( 'NONE', *, *, #943, .T. ) ;
#602 = CARTESIAN_POINT ( 'NONE',  ( 0.5008499999999999100, 0.2187043321626970500, 0.02649999999999999900 ) ) ;
#603 = DIRECTION ( 'NONE',  ( 0.0000000000000000000, 0.0000000000000000000, 1.000000000000000000 ) ) ;
#604 = EDGE_CURVE ( 'NONE', #173, #3635, #5739, .T. ) ;
#605 = ORIENTED_EDGE ( 'NONE', *, *, #3687, .F. ) ;
#606 = ORIENTED_EDGE ( 'NONE', *, *, #153, .F. ) ;
#607 = ORIENTED_EDGE ( 'NONE', *, *, #268, .T. ) ;
#608 = AXIS2_PLACEMENT_3D ( 'NONE', #743, #1700, #1659 ) ;
#609 = VECTOR ( 'NONE', #4198, 39.37007874015748900 ) ;
#610 = ADVANCED_FACE ( 'NONE', ( #4633 ), #5382, .T. ) ;
#611 = PLANE ( 'NONE',  #1651 ) ;
#612 = ORIENTED_EDGE ( 'NONE', *, *, #5216, .F. ) ;
#613 = DIRECTION ( 'NONE',  ( -1.000000000000000000, -0.0000000000000000000, -0.0000000000000000000 ) ) ;
#614 = EDGE_LOOP ( 'NONE', ( #591, #2300, #3718, #3075 ) ) ;
#615 = DIRECTION ( 'NONE',  ( -0.0000000000000000000, -0.0000000000000000000, -1.000000000000000000 ) ) ;
#616 = VECTOR ( 'NONE', #615, 39.37007874015748100 ) ;
#617 = AXIS2_PLACEMENT_3D ( 'NONE', #5624, #2765, #428 ) ;
#618 = CARTESIAN_POINT ( 'NONE',  ( 0.3592514457727183400, 0.05069999999999998800, -0.03650000000000000500 ) ) ;
#619 = ORIENTED_EDGE ( 'NONE', *, *, #3048, .F. ) ;
#620 = VECTOR ( 'NONE', #2459, 39.37007874015748100 ) ;
#621 = EDGE_CURVE ( 'NONE', #4841, #4750, #559, .T. ) ;
#622 = CARTESIAN_POINT ( 'NONE',  ( 0.5008499999999999100, 0.05069999999999998100, 0.03649999999999987300 ) ) ;
#623 = PLANE ( 'NONE',  #3290 ) ;
#624 = CYLINDRICAL_SURFACE ( 'NONE', #2189, 0.02470000000000000300 ) ;
#625 = CIRCLE ( 'NONE', #3461, 0.04999999999999999600 ) ;
#626 = CIRCLE ( 'NONE', #763, 0.004999999999999997500 ) ;
#627 = ORIENTED_EDGE ( 'NONE', *, *, #3629, .T. ) ;
#628 = DIRECTION ( 'NONE',  ( -0.0000000000000000000, -0.0000000000000000000, -1.000000000000000000 ) ) ;
#629 = CARTESIAN_POINT ( 'NONE',  ( -0.2861500000000001300, 0.09799999999999994800, -0.03500000000000000300 ) ) ;
#630 = VECTOR ( 'NONE', #5723, 39.37007874015748900 ) ;
#631 = VECTOR ( 'NONE', #905, 39.37007874015748100 ) ;
#632 = CARTESIAN_POINT ( 'NONE',  ( 0.0000000000000000000, 2.375757882404078100E-016, -0.05387218375001704600 ) ) ;
#633 = AXIS2_PLACEMENT_3D ( 'NONE', #4571, #349, #5982 ) ;
#634 = DIRECTION ( 'NONE',  ( -0.4472135954999570400, -0.8944271909999164100, 0.0000000000000000000 ) ) ;
#635 = VERTEX_POINT ( 'NONE', #244 ) ;
#636 = DIRECTION ( 'NONE',  ( 0.0000000000000000000, 0.0000000000000000000, -1.000000000000000000 ) ) ;
#637 = VECTOR ( 'NONE', #2084, 39.37007874015748100 ) ;
#638 = EDGE_CURVE ( 'NONE', #4538, #1744, #5592, .T. ) ;
#639 = CARTESIAN_POINT ( 'NONE',  ( -0.2602812583361163200, 0.09799999999999994800, -0.03500000000000000300 ) ) ;
#640 = VECTOR ( 'NONE', #5243, 39.37007874015748100 ) ;
#641 = ADVANCED_FACE ( 'NONE', ( #4187 ), #2519, .F. ) ;
#642 = EDGE_CURVE ( 'NONE', #1220, #723, #487, .T. ) ;
#643 = VECTOR ( 'NONE', #451, 39.37007874015748100 ) ;
#644 = AXIS2_PLACEMENT_3D ( 'NONE', #5224, #5302, #2488 ) ;
#645 = LINE ( 'NONE', #3301, #3682 ) ;
#646 = PLANE ( 'NONE',  #1165 ) ;
#647 = CARTESIAN_POINT ( 'NONE',  ( 0.5200000000000000200, 0.3539999999999999800, -0.1499999999999999900 ) ) ;
#648 = DIRECTION ( 'NONE',  ( 2.411613600658080700E-016, 1.000000000000000000, 0.0000000000000000000 ) ) ;
#649 = DIRECTION ( 'NONE',  ( -0.0000000000000000000, -0.0000000000000000000, -1.000000000000000000 ) ) ;
#650 = VERTEX_POINT ( 'NONE', #3496 ) ;
#651 = EDGE_CURVE ( 'NONE', #2333, #4831, #1553, .T. ) ;
#652 = VECTOR ( 'NONE', #3498, 39.37007874015748100 ) ;
#653 = CARTESIAN_POINT ( 'NONE',  ( 0.3749514457727182200, 0.3489999999999999800, 0.03649999999999987300 ) ) ;
#654 = DIRECTION ( 'NONE',  ( -0.0000000000000000000, -1.000000000000000000, 0.0000000000000000000 ) ) ;
#655 = AXIS2_PLACEMENT_3D ( 'NONE', #5404, #5359, #3922 ) ;
#656 = VERTEX_POINT ( 'NONE', #267 ) ;
#657 = EDGE_LOOP ( 'NONE', ( #2381, #1100, #3464, #2473 ) ) ;
#658 = LINE ( 'NONE', #3808, #2082 ) ;
#659 = DIRECTION ( 'NONE',  ( -0.7171309521719220200, 0.6969384459455458800, 0.0000000000000000000 ) ) ;
#660 = CARTESIAN_POINT ( 'NONE',  ( 0.1123348649538237200, 0.2351442958438093600, 0.03500000000000000300 ) ) ;
#661 = EDGE_LOOP ( 'NONE', ( #1600, #241, #3512, #2178 ) ) ;
#662 = ORIENTED_EDGE ( 'NONE', *, *, #945, .F. ) ;
#663 = DIRECTION ( 'NONE',  ( 0.0000000000000000000, 0.0000000000000000000, 1.000000000000000000 ) ) ;
#664 = CARTESIAN_POINT ( 'NONE',  ( 0.2166663664455244200, 0.1939999999999999800, -0.3829565062135564800 ) ) ;
#665 = CARTESIAN_POINT ( 'NONE',  ( 0.4851499999999998600, 0.02499999999999997400, -0.07441279921115510900 ) ) ;
#666 = VERTEX_POINT ( 'NONE', #688 ) ;
#667 = ORIENTED_EDGE ( 'NONE', *, *, #4027, .T. ) ;
#668 = CARTESIAN_POINT ( 'NONE',  ( 0.1798364051403900400, 0.2403975505874788000, 0.05999999999999999800 ) ) ;
#669 = EDGE_CURVE ( 'NONE', #5485, #48, #3177, .T. ) ;
#670 = VERTEX_POINT ( 'NONE', #2663 ) ;
#671 = EDGE_LOOP ( 'NONE', ( #5412, #5493, #1179, #3991 ) ) ;
#672 = DIRECTION ( 'NONE',  ( -0.0000000000000000000, -0.0000000000000000000, 1.000000000000000000 ) ) ;
#673 = VERTEX_POINT ( 'NONE', #4991 ) ;
#674 = CARTESIAN_POINT ( 'NONE',  ( -0.2602812583361163200, 0.08900000000000001000, -0.06957218375001673900 ) ) ;
#675 = EDGE_CURVE ( 'NONE', #1168, #4567, #3525, .T. ) ;
#676 = DIRECTION ( 'NONE',  ( 0.0000000000000000000, 1.000000000000000000, 0.0000000000000000000 ) ) ;
#677 = EDGE_CURVE ( 'NONE', #1937, #903, #3662, .T. ) ;
#678 = EDGE_LOOP ( 'NONE', ( #2472, #3082, #2390, #6011 ) ) ;
#679 = ORIENTED_EDGE ( 'NONE', *, *, #5882, .T. ) ;
#680 = DIRECTION ( 'NONE',  ( -0.0000000000000000000, -0.0000000000000000000, -1.000000000000000000 ) ) ;
#681 = ORIENTED_EDGE ( 'NONE', *, *, #26, .T. ) ;
#682 = VECTOR ( 'NONE', #4176, 39.37007874015748100 ) ;
#683 = AXIS2_PLACEMENT_3D ( 'NONE', #1903, #2397, #5259 ) ;
#684 = ORIENTED_EDGE ( 'NONE', *, *, #175, .F. ) ;
#685 = ORIENTED_EDGE ( 'NONE', *, *, #4732, .T. ) ;
#686 = VERTEX_POINT ( 'NONE', #1223 ) ;
#687 = DIRECTION ( 'NONE',  ( -0.4472135954999570400, -0.8944271909999164100, 0.0000000000000000000 ) ) ;
#688 = CARTESIAN_POINT ( 'NONE',  ( 0.5008499999999999100, 0.05069999999999998100, 0.07441279921115510900 ) ) ;
#689 = FACE_OUTER_BOUND ( 'NONE', #3572, .T. ) ;
#690 = EDGE_CURVE ( 'NONE', #1831, #5283, #72, .T. ) ;
#691 = ORIENTED_EDGE ( 'NONE', *, *, #5450, .T. ) ;
#692 = CARTESIAN_POINT ( 'NONE',  ( -0.1782054284066869600, 0.09799999999999994800, -0.1005612242791646300 ) ) ;
#693 =( GEOMETRIC_REPRESENTATION_CONTEXT ( 3 ) GLOBAL_UNCERTAINTY_ASSIGNED_CONTEXT ( ( #4078 ) ) GLOBAL_UNIT_ASSIGNED_CONTEXT ( ( #5218, #1046, #586 ) ) REPRESENTATION_CONTEXT ( 'NONE', 'WORKASPACE' ) );
#694 = VERTEX_POINT ( 'NONE', #5476 ) ;
#695 = VECTOR ( 'NONE', #3752, 39.37007874015748100 ) ;
#696 = CARTESIAN_POINT ( 'NONE',  ( 0.3849514457727183400, 0.05069999999999998800, -0.3316775405567138300 ) ) ;
#697 = DIRECTION ( 'NONE',  ( 1.000000000000000000, 0.0000000000000000000, 0.0000000000000000000 ) ) ;
#698 = PLANE ( 'NONE',  #537 ) ;
#699 = CARTESIAN_POINT ( 'NONE',  ( 0.3284790447376122500, 0.2561272146310087400, 0.07941279921115521100 ) ) ;
#700 = CIRCLE ( 'NONE', #3277, 0.01669999999999998900 ) ;
#701 = LINE ( 'NONE', #5040, #4401 ) ;
#702 = DIRECTION ( 'NONE',  ( 1.000000000000000000, 0.0000000000000000000, -0.0000000000000000000 ) ) ;
#703 = ORIENTED_EDGE ( 'NONE', *, *, #5483, .T. ) ;
#704 = CIRCLE ( 'NONE', #5385, 0.02470000000000000300 ) ;
#705 = LINE ( 'NONE', #5662, #3242 ) ;
#706 = EDGE_CURVE ( 'NONE', #1138, #3686, #2509, .T. ) ;
#707 = LINE ( 'NONE', #1344, #5659 ) ;
#708 = CARTESIAN_POINT ( 'NONE',  ( -0.08509959441544576200, 0.09799999999999993400, 0.05999999999999999800 ) ) ;
#709 = DIRECTION ( 'NONE',  ( -0.0000000000000000000, 0.0000000000000000000, -1.000000000000000000 ) ) ;
#710 = LINE ( 'NONE', #275, #560 ) ;
#711 = CARTESIAN_POINT ( 'NONE',  ( 0.4751499999999998500, 0.05069999999999998100, 0.07441279921115510900 ) ) ;
#712 = DIRECTION ( 'NONE',  ( -1.000000000000000000, 0.0000000000000000000, 0.0000000000000000000 ) ) ;
#713 = CARTESIAN_POINT ( 'NONE',  ( -0.03618813525387682600, 0.1293402653465204300, 0.01980901644462925200 ) ) ;
#714 = CYLINDRICAL_SURFACE ( 'NONE', #126, 0.009000000000000001100 ) ;
#715 = VECTOR ( 'NONE', #1593, 39.37007874015748900 ) ;
#716 = ADVANCED_FACE ( 'NONE', ( #911 ), #2144, .F. ) ;
#717 = LINE ( 'NONE', #2366, #4641 ) ;
#718 = AXIS2_PLACEMENT_3D ( 'NONE', #293, #4491, #3502 ) ;
#719 = ORIENTED_EDGE ( 'NONE', *, *, #3445, .F. ) ;
#720 = DIRECTION ( 'NONE',  ( -0.0000000000000000000, 1.000000000000000000, -0.0000000000000000000 ) ) ;
#721 = EDGE_CURVE ( 'NONE', #460, #2928, #1335, .T. ) ;
#722 = VECTOR ( 'NONE', #3254, 39.37007874015748100 ) ;
#723 = VERTEX_POINT ( 'NONE', #1236 ) ;
#724 = CARTESIAN_POINT ( 'NONE',  ( -0.1836403121902468700, -0.0006242056432416228000, -0.07334237367679336000 ) ) ;
#725 = CARTESIAN_POINT ( 'NONE',  ( -0.2861500000000001300, 0.09799999999999994800, 0.03500000000000000300 ) ) ;
#726 = LINE ( 'NONE', #6002, #5325 ) ;
#727 = PLANE ( 'NONE',  #4616 ) ;
#728 = EDGE_LOOP ( 'NONE', ( #1435, #2146, #2676, #4079 ) ) ;
#729 = CARTESIAN_POINT ( 'NONE',  ( 0.5008499999999999100, 0.05069999999999998100, -0.07441279921115510900 ) ) ;
#730 = EDGE_CURVE ( 'NONE', #5896, #656, #411, .T. ) ;
#731 = ORIENTED_EDGE ( 'NONE', *, *, #2543, .F. ) ;
#732 = CARTESIAN_POINT ( 'NONE',  ( 0.4751499999999998500, 0.02499999999999997700, -0.03649999999999987300 ) ) ;
#733 = AXIS2_PLACEMENT_3D ( 'NONE', #2919, #1967, #1489 ) ;
#734 = ORIENTED_EDGE ( 'NONE', *, *, #5197, .T. ) ;
#735 = ORIENTED_EDGE ( 'NONE', *, *, #1773, .T. ) ;
#736 = CARTESIAN_POINT ( 'NONE',  ( -0.2602812583361163200, 0.1136999999999999500, -0.03500000000000000300 ) ) ;
#737 = DIRECTION ( 'NONE',  ( -0.0000000000000000000, -0.0000000000000000000, -1.000000000000000000 ) ) ;
#738 = ORIENTED_EDGE ( 'NONE', *, *, #3896, .T. ) ;
#739 = EDGE_LOOP ( 'NONE', ( #1732, #4361, #3747, #5938 ) ) ;
#740 = ADVANCED_FACE ( 'NONE', ( #4707 ), #4951, .T. ) ;
#741 = CARTESIAN_POINT ( 'NONE',  ( 0.5200000000000002400, 0.02000000000000000000, -0.02999999999999999900 ) ) ;
#742 = CARTESIAN_POINT ( 'NONE',  ( -0.02707888366625380000, 0.1165531024276636000, 0.05999999999999999800 ) ) ;
#743 = CARTESIAN_POINT ( 'NONE',  ( -0.1871912125772847200, 0.08899999999999992600, -0.04487218375001673900 ) ) ;
#744 = VERTEX_POINT ( 'NONE', #5422 ) ;
#745 = DIRECTION ( 'NONE',  ( 0.0000000000000000000, 0.0000000000000000000, 1.000000000000000000 ) ) ;
#746 = ORIENTED_EDGE ( 'NONE', *, *, #4881, .T. ) ;
#747 = DIRECTION ( 'NONE',  ( 1.000000000000000000, 0.0000000000000000000, 0.0000000000000000000 ) ) ;
#748 = AXIS2_PLACEMENT_3D ( 'NONE', #2647, #4531, #1285 ) ;
#749 = DIRECTION ( 'NONE',  ( 0.0000000000000000000, 0.0000000000000000000, 1.000000000000000000 ) ) ;
#750 = DIRECTION ( 'NONE',  ( 2.107907402518722000E-016, -1.000000000000000000, 0.0000000000000000000 ) ) ;
#751 = ORIENTED_EDGE ( 'NONE', *, *, #5264, .T. ) ;
#752 = DIRECTION ( 'NONE',  ( -0.0000000000000000000, -1.000000000000000000, -0.0000000000000000000 ) ) ;
#753 = VERTEX_POINT ( 'NONE', #2162 ) ;
#754 = EDGE_CURVE ( 'NONE', #5472, #110, #1409, .T. ) ;
#755 = CARTESIAN_POINT ( 'NONE',  ( 0.5008499999999999100, -0.03262376266101090600, -0.07941279921115511300 ) ) ;
#756 = LINE ( 'NONE', #4556, #57 ) ;
#757 = EDGE_CURVE ( 'NONE', #470, #2542, #1624, .T. ) ;
#758 = CARTESIAN_POINT ( 'NONE',  ( -0.2512612266729668000, 0.1939999999999999800, -0.3612032612959024700 ) ) ;
#759 = VERTEX_POINT ( 'NONE', #3101 ) ;
#760 = DIRECTION ( 'NONE',  ( -0.0000000000000000000, -1.000000000000000000, -0.0000000000000000000 ) ) ;
#761 = ORIENTED_EDGE ( 'NONE', *, *, #4646, .T. ) ;
#762 = AXIS2_PLACEMENT_3D ( 'NONE', #5743, #3871, #4340 ) ;
#763 = AXIS2_PLACEMENT_3D ( 'NONE', #4747, #5694, #2879 ) ;
#764 = VECTOR ( 'NONE', #1428, 39.37007874015748100 ) ;
#765 = DIRECTION ( 'NONE',  ( 1.000000000000000000, -2.411613600658080700E-016, 0.0000000000000000000 ) ) ;
#766 = DIRECTION ( 'NONE',  ( 0.0000000000000000000, 0.0000000000000000000, 1.000000000000000000 ) ) ;
#767 = VERTEX_POINT ( 'NONE', #3079 ) ;
#768 = EDGE_CURVE ( 'NONE', #5560, #5989, #5015, .T. ) ;
#769 = CARTESIAN_POINT ( 'NONE',  ( -0.1836403121902468700, 0.09799999999999994800, 0.07334237367679336000 ) ) ;
#770 = FACE_OUTER_BOUND ( 'NONE', #217, .T. ) ;
#771 = LINE ( 'NONE', #7, #4258 ) ;
#772 = CARTESIAN_POINT ( 'NONE',  ( 0.4851499999999998600, -0.1219999999999999800, 0.02649999999999999900 ) ) ;
#773 = DIRECTION ( 'NONE',  ( -1.000000000000000000, 0.0000000000000000000, 0.0000000000000000000 ) ) ;
#774 = DIRECTION ( 'NONE',  ( -0.0000000000000000000, 0.0000000000000000000, -1.000000000000000000 ) ) ;
#775 = DIRECTION ( 'NONE',  ( -1.000000000000000000, -0.0000000000000000000, -0.0000000000000000000 ) ) ;
#776 = VECTOR ( 'NONE', #1459, 39.37007874015748100 ) ;
#777 = CARTESIAN_POINT ( 'NONE',  ( 0.3849514457727183400, 0.02500000000000000100, -0.07441279921115510900 ) ) ;
#778 = FACE_OUTER_BOUND ( 'NONE', #2973, .T. ) ;
#779 = ADVANCED_FACE ( 'NONE', ( #554 ), #1054, .F. ) ;
#780 = LINE ( 'NONE', #2917, #482 ) ;
#781 = CARTESIAN_POINT ( 'NONE',  ( -0.1836403121902468700, 0.08799999999999995300, 0.07334237367679336000 ) ) ;
#782 = CARTESIAN_POINT ( 'NONE',  ( 0.4851499999999998600, 0.05069999999999998100, 0.07441279921115510900 ) ) ;
#783 = LINE ( 'NONE', #1940, #630 ) ;
#784 = VECTOR ( 'NONE', #5621, 39.37007874015748100 ) ;
#785 = PRESENTATION_STYLE_ASSIGNMENT (( #2380 ) ) ;
#786 = EDGE_CURVE ( 'NONE', #5719, #955, #6015, .T. ) ;
#787 = CYLINDRICAL_SURFACE ( 'NONE', #1543, 0.03000000000000004400 ) ;
#788 = CARTESIAN_POINT ( 'NONE',  ( 0.0000000000000000000, 0.08799999999999999500, 0.05387218375001674700 ) ) ;
#789 = LINE ( 'NONE', #3265, #5893 ) ;
#790 = LINE ( 'NONE', #3958, #1856 ) ;
#791 = EDGE_CURVE ( 'NONE', #1173, #5341, #4627, .T. ) ;
#792 = DIRECTION ( 'NONE',  ( -0.0000000000000000000, -1.000000000000000000, 0.0000000000000000000 ) ) ;
#793 = DIRECTION ( 'NONE',  ( 0.6427876096865377000, 0.7660444431189793500, 2.318227309262104100E-015 ) ) ;
#794 = ORIENTED_EDGE ( 'NONE', *, *, #442, .F. ) ;
#795 = DIRECTION ( 'NONE',  ( 0.0000000000000000000, 1.000000000000000000, 0.0000000000000000000 ) ) ;
#796 = FACE_OUTER_BOUND ( 'NONE', #3224, .T. ) ;
#797 = DIRECTION ( 'NONE',  ( 1.000000000000000000, 0.0000000000000000000, 0.0000000000000000000 ) ) ;
#798 = CARTESIAN_POINT ( 'NONE',  ( -0.1871912125772847200, 0.09799999999999994800, -0.03500000000000000300 ) ) ;
#799 = ORIENTED_EDGE ( 'NONE', *, *, #2529, .F. ) ;
#800 = ORIENTED_EDGE ( 'NONE', *, *, #2639, .F. ) ;
#801 = EDGE_CURVE ( 'NONE', #3187, #2809, #3313, .T. ) ;
#802 = ADVANCED_FACE ( 'NONE', ( #5875 ), #5005, .T. ) ;
#803 = DIRECTION ( 'NONE',  ( -1.000000000000000000, 0.0000000000000000000, 0.0000000000000000000 ) ) ;
#804 = ORIENTED_EDGE ( 'NONE', *, *, #2724, .T. ) ;
#805 = ORIENTED_EDGE ( 'NONE', *, *, #2037, .T. ) ;
#806 = CARTESIAN_POINT ( 'NONE',  ( -0.2861500000000001300, 0.05097309357355724700, 0.01299999999999999600 ) ) ;
#807 = DIRECTION ( 'NONE',  ( -0.0000000000000000000, 1.000000000000000000, -0.0000000000000000000 ) ) ;
#808 = ORIENTED_EDGE ( 'NONE', *, *, #3622, .F. ) ;
#809 = DIRECTION ( 'NONE',  ( 0.0000000000000000000, 1.000000000000000000, 0.0000000000000000000 ) ) ;
#810 = ORIENTED_EDGE ( 'NONE', *, *, #3917, .F. ) ;
#811 = DIRECTION ( 'NONE',  ( 1.000000000000000000, 0.0000000000000000000, -3.606521461097566400E-015 ) ) ;
#812 = CARTESIAN_POINT ( 'NONE',  ( 0.5008499999999999100, 0.3065609852421052900, -0.03650000000000000500 ) ) ;
#813 = ORIENTED_EDGE ( 'NONE', *, *, #5677, .T. ) ;
#814 = ORIENTED_EDGE ( 'NONE', *, *, #1233, .T. ) ;
#815 = EDGE_CURVE ( 'NONE', #2478, #5781, #5153, .T. ) ;
#816 = ORIENTED_EDGE ( 'NONE', *, *, #4259, .T. ) ;
#817 = ORIENTED_EDGE ( 'NONE', *, *, #2724, .F. ) ;
#818 = LINE ( 'NONE', #4761, #1818 ) ;
#819 = ORIENTED_EDGE ( 'NONE', *, *, #754, .T. ) ;
#820 = DIRECTION ( 'NONE',  ( -0.0000000000000000000, 0.0000000000000000000, 1.000000000000000000 ) ) ;
#821 = VERTEX_POINT ( 'NONE', #2002 ) ;
#822 = ORIENTED_EDGE ( 'NONE', *, *, #2329, .F. ) ;
#823 = FACE_BOUND ( 'NONE', #5426, .T. ) ;
#824 = CARTESIAN_POINT ( 'NONE',  ( 0.3849514457727183400, 0.02500000000000000100, -0.07441279921115510900 ) ) ;
#825 = ORIENTED_EDGE ( 'NONE', *, *, #1985, .F. ) ;
#826 = DIRECTION ( 'NONE',  ( 1.000000000000000000, 0.0000000000000000000, 0.0000000000000000000 ) ) ;
#827 = ADVANCED_FACE ( 'NONE', ( #276 ), #5820, .F. ) ;
#828 = PLANE ( 'NONE',  #3840 ) ;
#829 = ORIENTED_EDGE ( 'NONE', *, *, #4246, .T. ) ;
#830 = EDGE_CURVE ( 'NONE', #1011, #3092, #203, .T. ) ;
#831 = CYLINDRICAL_SURFACE ( 'NONE', #3560, 0.01000000000000003000 ) ;
#832 = DIRECTION ( 'NONE',  ( 0.0000000000000000000, 3.794233324533698300E-015, -1.000000000000000000 ) ) ;
#833 = CARTESIAN_POINT ( 'NONE',  ( 0.1123348649538237200, 0.2351442958438093600, -0.05999999999999999800 ) ) ;
#834 = UNCERTAINTY_MEASURE_WITH_UNIT (LENGTH_MEASURE( 1.000000000000000100E-005 ), #1079, 'distance_accuracy_value', 'NONE');
#835 = VECTOR ( 'NONE', #238, 39.37007874015748100 ) ;
#836 = LINE ( 'NONE', #2938, #4398 ) ;
#837 = DIRECTION ( 'NONE',  ( 0.0000000000000000000, 0.0000000000000000000, -1.000000000000000000 ) ) ;
#838 = EDGE_CURVE ( 'NONE', #2849, #3129, #4406, .T. ) ;
#839 = ORIENTED_EDGE ( 'NONE', *, *, #2209, .T. ) ;
#840 = DIRECTION ( 'NONE',  ( -0.0000000000000000000, -1.000000000000000000, -0.0000000000000000000 ) ) ;
#841 = FACE_OUTER_BOUND ( 'NONE', #5907, .T. ) ;
#842 = FACE_OUTER_BOUND ( 'NONE', #5503, .T. ) ;
#843 = DIRECTION ( 'NONE',  ( 0.0000000000000000000, 0.0000000000000000000, -1.000000000000000000 ) ) ;
#844 = CARTESIAN_POINT ( 'NONE',  ( 0.0000000000000000000, -0.08951745790924044200, 0.4050000000000000300 ) ) ;
#845 = EDGE_LOOP ( 'NONE', ( #4840, #212, #1888, #2399 ) ) ;
#846 = APPLICATION_CONTEXT ( 'automotive_design' ) ;
#847 = CYLINDRICAL_SURFACE ( 'NONE', #2771, 0.01669999999999998900 ) ;
#848 = LINE ( 'NONE', #4447, #1633 ) ;
#849 = DIRECTION ( 'NONE',  ( -1.000000000000000000, 2.411613600658080700E-016, 0.0000000000000000000 ) ) ;
#850 = CARTESIAN_POINT ( 'NONE',  ( 0.0000000000000000000, 0.0000000000000000000, -0.04000000000000000100 ) ) ;
#851 = CARTESIAN_POINT ( 'NONE',  ( -0.08509959441544537300, 0.1979999999999999800, -0.05999999999999999800 ) ) ;
#852 = LINE ( 'NONE', #4042, #4348 ) ;
#853 = VECTOR ( 'NONE', #2067, 39.37007874015748100 ) ;
#854 = LINE ( 'NONE', #2902, #3249 ) ;
#855 = DIRECTION ( 'NONE',  ( 0.5930296457757804300, 0.7071067811865511300, -0.3851179549580197600 ) ) ;
#856 = ORIENTED_EDGE ( 'NONE', *, *, #2172, .F. ) ;
#857 = EDGE_CURVE ( 'NONE', #1869, #1372, #990, .T. ) ;
#858 = ADVANCED_FACE ( 'NONE', ( #3894 ), #4928, .F. ) ;
#859 = FACE_OUTER_BOUND ( 'NONE', #1953, .T. ) ;
#860 = LENGTH_MEASURE_WITH_UNIT ( LENGTH_MEASURE( 0.02539999999999999900 ), #2296 );
#861 = VERTEX_POINT ( 'NONE', #769 ) ;
#862 = EDGE_CURVE ( 'NONE', #4402, #2849, #5229, .T. ) ;
#863 = CARTESIAN_POINT ( 'NONE',  ( 0.5008499999999999100, 0.02499999999999997400, -0.03650000000000000500 ) ) ;
#864 = CARTESIAN_POINT ( 'NONE',  ( 0.3536520336729307400, 0.3489999999999999800, 0.07941279921115511300 ) ) ;
#865 = FACE_OUTER_BOUND ( 'NONE', #3481, .T. ) ;
#866 = DIRECTION ( 'NONE',  ( 1.000000000000000000, 0.0000000000000000000, 0.0000000000000000000 ) ) ;
#867 = VERTEX_POINT ( 'NONE', #3943 ) ;
#868 = AXIS2_PLACEMENT_3D ( 'NONE', #19, #4151, #6019 ) ;
#869 = ORIENTED_EDGE ( 'NONE', *, *, #3780, .F. ) ;
#870 = PLANE ( 'NONE',  #2456 ) ;
#871 = PLANE ( 'NONE',  #5635 ) ;
#872 = ORIENTED_EDGE ( 'NONE', *, *, #131, .F. ) ;
#873 = EDGE_CURVE ( 'NONE', #2763, #1736, #4862, .T. ) ;
#874 = DIRECTION ( 'NONE',  ( 0.0000000000000000000, 1.000000000000000000, 0.0000000000000000000 ) ) ;
#875 = ORIENTED_EDGE ( 'NONE', *, *, #4423, .T. ) ;
#876 = AXIS2_PLACEMENT_3D ( 'NONE', #3028, #680, #2013 ) ;
#877 = CARTESIAN_POINT ( 'NONE',  ( -5.388445916248354500E-017, 0.3539999999999999800, -0.4400000000000000000 ) ) ;
#878 = ORIENTED_EDGE ( 'NONE', *, *, #3273, .T. ) ;
#879 = CARTESIAN_POINT ( 'NONE',  ( 0.5200000000000002400, 0.02000000000000000000, 0.02999999999999999900 ) ) ;
#880 = EDGE_LOOP ( 'NONE', ( #3337, #261, #1934, #5151 ) ) ;
#881 = DIRECTION ( 'NONE',  ( 0.8144689757233655200, 0.5802071074919124000, 0.0000000000000000000 ) ) ;
#882 = CARTESIAN_POINT ( 'NONE',  ( -0.2676451023932669400, 0.08799999999999995300, -0.07334237367679336000 ) ) ;
#883 = ORIENTED_EDGE ( 'NONE', *, *, #2989, .F. ) ;
#884 = CARTESIAN_POINT ( 'NONE',  ( 0.1123348649538237200, 0.2351442958438093600, -0.05999999999999999800 ) ) ;
#885 = ORIENTED_EDGE ( 'NONE', *, *, #1717, .F. ) ;
#886 = DIRECTION ( 'NONE',  ( -1.000000000000000000, -0.0000000000000000000, -0.0000000000000000000 ) ) ;
#887 = ADVANCED_FACE ( 'NONE', ( #3453 ), #4547, .T. ) ;
#888 = CARTESIAN_POINT ( 'NONE',  ( 0.3542514457727182200, 0.2561272146310087400, 0.07441279921115510900 ) ) ;
#889 = ORIENTED_EDGE ( 'NONE', *, *, #2927, .F. ) ;
#890 = VERTEX_POINT ( 'NONE', #4486 ) ;
#891 = CARTESIAN_POINT ( 'NONE',  ( -0.2861500000000001300, 0.05097309357355724700, 0.03500000000000000300 ) ) ;
#892 = CARTESIAN_POINT ( 'NONE',  ( 0.3592514457727182300, 0.3489999999999999800, 0.03650000000000000500 ) ) ;
#893 = ORIENTED_EDGE ( 'NONE', *, *, #2330, .T. ) ;
#894 = EDGE_CURVE ( 'NONE', #566, #4592, #5377, .T. ) ;
#895 = FACE_OUTER_BOUND ( 'NONE', #2884, .T. ) ;
#896 = DIRECTION ( 'NONE',  ( 0.0000000000000000000, 1.000000000000000000, 0.0000000000000000000 ) ) ;
#897 = ORIENTED_EDGE ( 'NONE', *, *, #335, .F. ) ;
#898 = VERTEX_POINT ( 'NONE', #1374 ) ;
#899 = EDGE_CURVE ( 'NONE', #3790, #4492, #4558, .T. ) ;
#900 = CIRCLE ( 'NONE', #919, 0.02570000000000001400 ) ;
#901 = CARTESIAN_POINT ( 'NONE',  ( 0.4851499999999998600, 0.1064815665455062600, 0.02649999999999999900 ) ) ;
#902 = DIRECTION ( 'NONE',  ( 0.4924235601034647200, 0.0000000000000000000, 0.8703556959399011400 ) ) ;
#903 = VERTEX_POINT ( 'NONE', #3232 ) ;
#904 = DIRECTION ( 'NONE',  ( 0.0000000000000000000, 0.0000000000000000000, -1.000000000000000000 ) ) ;
#905 = DIRECTION ( 'NONE',  ( -0.0000000000000000000, -0.0000000000000000000, -1.000000000000000000 ) ) ;
#906 = VECTOR ( 'NONE', #4317, 39.37007874015748100 ) ;
#907 = LINE ( 'NONE', #4700, #1919 ) ;
#908 = CARTESIAN_POINT ( 'NONE',  ( -0.2321883685401462700, 0.1939999999999999800, 0.3318336352973659800 ) ) ;
#909 = EDGE_CURVE ( 'NONE', #4003, #4292, #1269, .T. ) ;
#910 = DIRECTION ( 'NONE',  ( 0.5446390350150250900, 0.0000000000000000000, -0.8386705679454253800 ) ) ;
#911 = FACE_OUTER_BOUND ( 'NONE', #5120, .T. ) ;
#912 = LINE ( 'NONE', #5288, #1123 ) ;
#913 = STYLED_ITEM ( 'NONE', ( #785 ), #397 ) ;
#914 = LINE ( 'NONE', #1708, #4332 ) ;
#915 = VERTEX_POINT ( 'NONE', #2165 ) ;
#916 = ADVANCED_FACE ( 'NONE', ( #2055 ), #2314, .F. ) ;
#917 = VECTOR ( 'NONE', #1416, 39.37007874015748100 ) ;
#918 = CARTESIAN_POINT ( 'NONE',  ( -0.1782054284066869600, 0.08799999999999995300, 0.1005612242791646300 ) ) ;
#919 = AXIS2_PLACEMENT_3D ( 'NONE', #4788, #5691, #570 ) ;
#920 = CARTESIAN_POINT ( 'NONE',  ( 0.4898739130987287400, 0.2303432042099876600, 0.02649999999999999900 ) ) ;
#921 = SURFACE_STYLE_FILL_AREA ( #2339 ) ;
#922 = CYLINDRICAL_SURFACE ( 'NONE', #5443, 0.004999999999999997500 ) ;
#923 = DIRECTION ( 'NONE',  ( 0.0000000000000000000, -1.000000000000000000, 0.0000000000000000000 ) ) ;
#924 = DIRECTION ( 'NONE',  ( -0.0000000000000000000, 1.000000000000000000, -0.0000000000000000000 ) ) ;
#925 = ORIENTED_EDGE ( 'NONE', *, *, #3175, .F. ) ;
#926 = DIRECTION ( 'NONE',  ( 1.000000000000000000, 0.0000000000000000000, 0.0000000000000000000 ) ) ;
#927 = VECTOR ( 'NONE', #3094, 39.37007874015748100 ) ;
#928 = LINE ( 'NONE', #3490, #3541 ) ;
#929 = EDGE_CURVE ( 'NONE', #4462, #2495, #2207, .T. ) ;
#930 = CARTESIAN_POINT ( 'NONE',  ( -0.1871912125772847200, 0.08900000000000007900, 0.06957218375001673900 ) ) ;
#931 = CARTESIAN_POINT ( 'NONE',  ( 0.0000000000000000000, 0.09799999999999994800, 0.0000000000000000000 ) ) ;
#932 = DIRECTION ( 'NONE',  ( -2.107907402518722500E-016, 1.000000000000000000, 0.0000000000000000000 ) ) ;
#933 = ORIENTED_EDGE ( 'NONE', *, *, #2532, .F. ) ;
#934 = ORIENTED_EDGE ( 'NONE', *, *, #5529, .F. ) ;
#935 = VECTOR ( 'NONE', #3627, 39.37007874015748100 ) ;
#936 = PLANE ( 'NONE',  #4076 ) ;
#937 = EDGE_LOOP ( 'NONE', ( #2250, #530, #2956, #2706 ) ) ;
#938 = ORIENTED_EDGE ( 'NONE', *, *, #2362, .T. ) ;
#939 = ADVANCED_FACE ( 'NONE', ( #841 ), #2204, .T. ) ;
#940 = PLANE ( 'NONE',  #3744 ) ;
#941 = DIRECTION ( 'NONE',  ( 0.7171309521719219100, -0.6969384459455459900, 0.0000000000000000000 ) ) ;
#942 = CARTESIAN_POINT ( 'NONE',  ( 0.4136423575989287000, 0.3539999999999999800, 0.1499999999999999900 ) ) ;
#943 = EDGE_CURVE ( 'NONE', #3346, #1417, #704, .T. ) ;
#944 = ORIENTED_EDGE ( 'NONE', *, *, #4575, .F. ) ;
#945 = EDGE_CURVE ( 'NONE', #1552, #1498, #1917, .T. ) ;
#946 = DIRECTION ( 'NONE',  ( 0.0000000000000000000, -0.0000000000000000000, 1.000000000000000000 ) ) ;
#947 = DIRECTION ( 'NONE',  ( -0.8944271909999160800, 0.4472135954999574800, 0.0000000000000000000 ) ) ;
#948 = ORIENTED_EDGE ( 'NONE', *, *, #5917, .F. ) ;
#949 = ADVANCED_FACE ( 'NONE', ( #3021 ), #1260, .T. ) ;
#950 = DIRECTION ( 'NONE',  ( 0.0000000000000000000, 0.0000000000000000000, 1.000000000000000000 ) ) ;
#951 = AXIS2_PLACEMENT_3D ( 'NONE', #4742, #5689, #2874 ) ;
#952 = AXIS2_PLACEMENT_3D ( 'NONE', #711, #5408, #4404 ) ;
#953 = ORIENTED_EDGE ( 'NONE', *, *, #5417, .F. ) ;
#954 = PLANE ( 'NONE',  #5184 ) ;
#955 = VERTEX_POINT ( 'NONE', #5479 ) ;
#956 = CARTESIAN_POINT ( 'NONE',  ( -0.3311971787051254900, 0.2999999999999999300, -0.2896695165490584300 ) ) ;
#957 = CARTESIAN_POINT ( 'NONE',  ( 0.3053670460976385400, 0.2528395773283764200, -0.3327720762596365600 ) ) ;
#958 = EDGE_CURVE ( 'NONE', #5837, #4682, #2131, .T. ) ;
#959 = CARTESIAN_POINT ( 'NONE',  ( 0.5008499999999999100, 0.05069999999999998100, 0.03649999999999987300 ) ) ;
#960 = VERTEX_POINT ( 'NONE', #1394 ) ;
#961 = ORIENTED_EDGE ( 'NONE', *, *, #1848, .T. ) ;
#962 = ORIENTED_EDGE ( 'NONE', *, *, #1761, .T. ) ;
#963 = ORIENTED_EDGE ( 'NONE', *, *, #4400, .F. ) ;
#964 = EDGE_LOOP ( 'NONE', ( #1246, #2304, #4513, #4461 ) ) ;
#965 = CYLINDRICAL_SURFACE ( 'NONE', #617, 0.04999999999999999600 ) ;
#966 = PLANE ( 'NONE',  #4300 ) ;
#967 = DIRECTION ( 'NONE',  ( 0.8944271909999160800, -0.4472135954999574800, 0.0000000000000000000 ) ) ;
#968 = CARTESIAN_POINT ( 'NONE',  ( -0.1836403121902468700, -0.0006242056432416228000, -0.07334237367679336000 ) ) ;
#969 = VERTEX_POINT ( 'NONE', #3276 ) ;
#970 = EDGE_LOOP ( 'NONE', ( #4295, #1231, #5563, #3378 ) ) ;
#971 = ORIENTED_EDGE ( 'NONE', *, *, #5033, .T. ) ;
#972 = FACE_OUTER_BOUND ( 'NONE', #657, .T. ) ;
#973 = ADVANCED_FACE ( 'NONE', ( #2578 ), #4215, .F. ) ;
#974 = DIRECTION ( 'NONE',  ( -0.0000000000000000000, -0.0000000000000000000, -1.000000000000000000 ) ) ;
#975 = PLANE ( 'NONE',  #4946 ) ;
#976 = DIRECTION ( 'NONE',  ( 3.491481338843133000E-015, 0.0000000000000000000, -1.000000000000000000 ) ) ;
#977 = EDGE_CURVE ( 'NONE', #2995, #379, #5521, .T. ) ;
#978 = ORIENTED_EDGE ( 'NONE', *, *, #1093, .F. ) ;
#979 = CARTESIAN_POINT ( 'NONE',  ( 0.4751499999999998500, 0.04069999999999997200, -0.3316775405567138300 ) ) ;
#980 = ADVANCED_FACE ( 'NONE', ( #2277 ), #3760, .T. ) ;
#981 = EDGE_CURVE ( 'NONE', #670, #867, #1479, .T. ) ;
#982 = EDGE_CURVE ( 'NONE', #4657, #767, #2721, .T. ) ;
#983 = LINE ( 'NONE', #877, #1473 ) ;
#984 = DIRECTION ( 'NONE',  ( 0.0000000000000000000, 0.0000000000000000000, 1.000000000000000000 ) ) ;
#985 = VECTOR ( 'NONE', #5880, 39.37007874015748100 ) ;
#986 = VECTOR ( 'NONE', #1649, 39.37007874015748100 ) ;
#987 = CARTESIAN_POINT ( 'NONE',  ( 0.4751499999999998500, 0.05069999999999998100, -0.03650000000000000500 ) ) ;
#988 = CARTESIAN_POINT ( 'NONE',  ( 0.3749514457727182700, 0.05069999999999998800, 0.07441279921115510900 ) ) ;
#989 = PLANE ( 'NONE',  #4028 ) ;
#990 = LINE ( 'NONE', #269, #1128 ) ;
#991 = LINE ( 'NONE', #2294, #2795 ) ;
#992 = PLANE ( 'NONE',  #155 ) ;
#993 = EDGE_CURVE ( 'NONE', #3221, #1894, #4934, .T. ) ;
#994 = PLANE ( 'NONE',  #2023 ) ;
#995 = VERTEX_POINT ( 'NONE', #4594 ) ;
#996 = DIRECTION ( 'NONE',  ( 0.0000000000000000000, 0.0000000000000000000, -1.000000000000000000 ) ) ;
#997 = PLANE ( 'NONE',  #5751 ) ;
#998 = AXIS2_PLACEMENT_3D ( 'NONE', #3782, #4736, #59 ) ;
#999 = FACE_OUTER_BOUND ( 'NONE', #4923, .T. ) ;
#1000 = VECTOR ( 'NONE', #4119, 39.37007874015748100 ) ;
#1001 = VECTOR ( 'NONE', #797, 39.37007874015748100 ) ;
#1002 = VECTOR ( 'NONE', #4896, 39.37007874015748100 ) ;
#1003 = VECTOR ( 'NONE', #2449, 39.37007874015748100 ) ;
#1004 = ADVANCED_FACE ( 'NONE', ( #1835 ), #624, .T. ) ;
#1005 = CARTESIAN_POINT ( 'NONE',  ( 0.5008499999999999100, 0.2187043321626970500, 0.02649999999999999900 ) ) ;
#1006 = ORIENTED_EDGE ( 'NONE', *, *, #5164, .F. ) ;
#1007 = DIRECTION ( 'NONE',  ( 0.0000000000000000000, -1.000000000000000000, 0.0000000000000000000 ) ) ;
#1008 = VECTOR ( 'NONE', #3213, 39.37007874015748100 ) ;
#1009 = ADVANCED_FACE ( 'NONE', ( #2655 ), #5801, .F. ) ;
#1010 = DIRECTION ( 'NONE',  ( -1.000000000000000000, 2.411613600658080700E-016, 0.0000000000000000000 ) ) ;
#1011 = VERTEX_POINT ( 'NONE', #5663 ) ;
#1012 = EDGE_CURVE ( 'NONE', #103, #2713, #2050, .T. ) ;
#1013 = LINE ( 'NONE', #4842, #1727 ) ;
#1014 = DIRECTION ( 'NONE',  ( -0.0000000000000000000, -0.0000000000000000000, -1.000000000000000000 ) ) ;
#1015 = DIRECTION ( 'NONE',  ( -0.0000000000000000000, -1.000000000000000000, 0.0000000000000000000 ) ) ;
#1016 = ORIENTED_EDGE ( 'NONE', *, *, #5417, .T. ) ;
#1017 = ORIENTED_EDGE ( 'NONE', *, *, #367, .F. ) ;
#1018 = ORIENTED_EDGE ( 'NONE', *, *, #2891, .F. ) ;
#1019 = ORIENTED_EDGE ( 'NONE', *, *, #2479, .T. ) ;
#1020 = CARTESIAN_POINT ( 'NONE',  ( -0.2861500000000001300, 0.05097309357355724700, 0.03500000000000000300 ) ) ;
#1021 = EDGE_CURVE ( 'NONE', #821, #3921, #5735, .T. ) ;
#1022 = ORIENTED_EDGE ( 'NONE', *, *, #5475, .F. ) ;
#1023 = CARTESIAN_POINT ( 'NONE',  ( 0.4751499999999998500, 0.04069999999999997200, 0.07441279921115510900 ) ) ;
#1024 = CARTESIAN_POINT ( 'NONE',  ( -0.1782054284066869600, 0.08799999999999995300, 0.1005612242791646300 ) ) ;
#1025 = VERTEX_POINT ( 'NONE', #1906 ) ;
#1026 = ORIENTED_EDGE ( 'NONE', *, *, #2053, .F. ) ;
#1027 = DIRECTION ( 'NONE',  ( 1.000000000000000000, -0.0000000000000000000, -3.606521461097566400E-015 ) ) ;
#1028 = ADVANCED_FACE ( 'NONE', ( #5145, #1122 ), #1924, .F. ) ;
#1029 = DIRECTION ( 'NONE',  ( 1.000000000000000000, 0.0000000000000000000, 3.606521461097566400E-015 ) ) ;
#1030 = ORIENTED_EDGE ( 'NONE', *, *, #1466, .F. ) ;
#1031 = CARTESIAN_POINT ( 'NONE',  ( 0.4751499999999998500, 0.05069999999999998100, 0.03650000000000000500 ) ) ;
#1032 = ORIENTED_EDGE ( 'NONE', *, *, #3629, .F. ) ;
#1033 = LINE ( 'NONE', #3457, #5997 ) ;
#1034 = EDGE_CURVE ( 'NONE', #3492, #5916, #4854, .T. ) ;
#1035 = CARTESIAN_POINT ( 'NONE',  ( -0.2861500000000001300, 0.05097309357355724700, 0.03500000000000000300 ) ) ;
#1036 = CARTESIAN_POINT ( 'NONE',  ( -0.03618813525387682600, 0.1293402653465204300, 0.03500000000000000300 ) ) ;
#1037 = ORIENTED_EDGE ( 'NONE', *, *, #5167, .F. ) ;
#1038 = ADVANCED_FACE ( 'NONE', ( #2352 ), #5308, .T. ) ;
#1039 = ORIENTED_EDGE ( 'NONE', *, *, #4100, .F. ) ;
#1040 = LINE ( 'NONE', #5947, #3508 ) ;
#1041 = DIRECTION ( 'NONE',  ( -0.4924235601034646100, 0.0000000000000000000, -0.8703556959399009200 ) ) ;
#1042 = ORIENTED_EDGE ( 'NONE', *, *, #2802, .T. ) ;
#1043 = ORIENTED_EDGE ( 'NONE', *, *, #4846, .F. ) ;
#1044 = CARTESIAN_POINT ( 'NONE',  ( 0.1504544719160426400, 0.1816336841387844200, 0.01980901644462925200 ) ) ;
#1045 = DIRECTION ( 'NONE',  ( -1.000000000000000000, -0.0000000000000000000, -0.0000000000000000000 ) ) ;
#1046 =( NAMED_UNIT ( * ) PLANE_ANGLE_UNIT ( ) SI_UNIT ( $, .RADIAN. ) );
#1047 = LINE ( 'NONE', #1207, #6007 ) ;
#1048 = DIRECTION ( 'NONE',  ( 0.0000000000000000000, -1.138269997360109600E-014, 1.000000000000000000 ) ) ;
#1049 = ORIENTED_EDGE ( 'NONE', *, *, #2452, .T. ) ;
#1050 = DIRECTION ( 'NONE',  ( 1.000000000000000000, 0.0000000000000000000, 0.0000000000000000000 ) ) ;
#1051 = DIRECTION ( 'NONE',  ( 0.0000000000000000000, -3.491481338843133000E-015, -1.000000000000000000 ) ) ;
#1052 = LINE ( 'NONE', #3530, #3962 ) ;
#1053 = DIRECTION ( 'NONE',  ( 0.0000000000000000000, -1.000000000000000000, 0.0000000000000000000 ) ) ;
#1054 = CYLINDRICAL_SURFACE ( 'NONE', #1405, 0.08430000000000004200 ) ;
#1055 = VECTOR ( 'NONE', #4442, 39.37007874015748100 ) ;
#1056 = LINE ( 'NONE', #4446, #4858 ) ;
#1057 = EDGE_CURVE ( 'NONE', #2460, #1164, #1910, .T. ) ;
#1058 = ADVANCED_FACE ( 'NONE', ( #3888 ), #2943, .F. ) ;
#1059 = EDGE_CURVE ( 'NONE', #519, #3773, #5657, .T. ) ;
#1060 = LINE ( 'NONE', #5276, #1631 ) ;
#1061 = FACE_OUTER_BOUND ( 'NONE', #1797, .T. ) ;
#1062 = AXIS2_PLACEMENT_3D ( 'NONE', #4590, #4101, #4651 ) ;
#1063 = CARTESIAN_POINT ( 'NONE',  ( -0.2602812583361163200, 0.09799999999999994800, 0.03500000000000000300 ) ) ;
#1064 = CARTESIAN_POINT ( 'NONE',  ( 0.4094907954362470600, 0.3539999999999999800, -0.1609884730438476400 ) ) ;
#1065 = DIRECTION ( 'NONE',  ( 0.0000000000000000000, -1.000000000000000000, 0.0000000000000000000 ) ) ;
#1066 = ORIENTED_EDGE ( 'NONE', *, *, #4423, .F. ) ;
#1067 = ADVANCED_FACE ( 'NONE', ( #1766 ), #3956, .F. ) ;
#1068 = LINE ( 'NONE', #5194, #1134 ) ;
#1069 = FACE_OUTER_BOUND ( 'NONE', #5440, .T. ) ;
#1070 = LINE ( 'NONE', #892, #2954 ) ;
#1071 = EDGE_CURVE ( 'NONE', #5814, #2259, #5445, .T. ) ;
#1072 = DIRECTION ( 'NONE',  ( 1.000000000000000000, -0.0000000000000000000, -0.0000000000000000000 ) ) ;
#1073 = AXIS2_PLACEMENT_3D ( 'NONE', #4240, #4338, #3061 ) ;
#1074 = ORIENTED_EDGE ( 'NONE', *, *, #2855, .F. ) ;
#1075 = ORIENTED_EDGE ( 'NONE', *, *, #2963, .F. ) ;
#1076 = FACE_OUTER_BOUND ( 'NONE', #4861, .T. ) ;
#1077 = LINE ( 'NONE', #1753, #2814 ) ;
#1078 = DIRECTION ( 'NONE',  ( 0.0000000000000000000, -3.491481338843133000E-015, 1.000000000000000000 ) ) ;
#1079 =( CONVERSION_BASED_UNIT ( 'INCH', #3730 ) LENGTH_UNIT ( ) NAMED_UNIT ( #1480 ) );
#1080 = ORIENTED_EDGE ( 'NONE', *, *, #4804, .T. ) ;
#1081 = LINE ( 'NONE', #3479, #4653 ) ;
#1082 = EDGE_LOOP ( 'NONE', ( #4543, #1186, #3800, #4006 ) ) ;
#1083 = CARTESIAN_POINT ( 'NONE',  ( 0.4851499999999998600, 0.05069999999999998100, 0.3316775405567138300 ) ) ;
#1084 = CARTESIAN_POINT ( 'NONE',  ( -0.2861500000000001300, -0.1219999999999999800, 0.03500000000000000300 ) ) ;
#1085 = ORIENTED_EDGE ( 'NONE', *, *, #3655, .F. ) ;
#1086 = EDGE_CURVE ( 'NONE', #4052, #821, #4179, .T. ) ;
#1087 = ORIENTED_EDGE ( 'NONE', *, *, #958, .F. ) ;
#1088 = ADVANCED_FACE ( 'NONE', ( #1619 ), #2493, .T. ) ;
#1089 = EDGE_LOOP ( 'NONE', ( #4585, #1408, #3946, #4444 ) ) ;
#1090 = AXIS2_PLACEMENT_3D ( 'NONE', #1115, #5812, #3008 ) ;
#1091 = DIRECTION ( 'NONE',  ( 0.0000000000000000000, 0.0000000000000000000, 1.000000000000000000 ) ) ;
#1092 = CARTESIAN_POINT ( 'NONE',  ( -0.1871912125772847200, 0.1136999999999999300, -0.04487218375001673900 ) ) ;
#1093 = EDGE_CURVE ( 'NONE', #3944, #5909, #4397, .T. ) ;
#1094 = DIRECTION ( 'NONE',  ( -0.0000000000000000000, -1.000000000000000000, 3.414809992080342100E-015 ) ) ;
#1095 = ORIENTED_EDGE ( 'NONE', *, *, #490, .F. ) ;
#1096 = VERTEX_POINT ( 'NONE', #4876 ) ;
#1097 = CARTESIAN_POINT ( 'NONE',  ( 0.1504544719160426400, 0.1816336841387844200, 0.01980901644462925200 ) ) ;
#1098 = AXIS2_PLACEMENT_3D ( 'NONE', #850, #1304, #2675 ) ;
#1099 = ORIENTED_EDGE ( 'NONE', *, *, #1515, .F. ) ;
#1100 = ORIENTED_EDGE ( 'NONE', *, *, #1929, .F. ) ;
#1101 = CARTESIAN_POINT ( 'NONE',  ( 0.3749514457727182700, 0.05069999999999998800, -0.07441279921115510900 ) ) ;
#1102 = DIRECTION ( 'NONE',  ( 0.0000000000000000000, -1.000000000000000000, 0.0000000000000000000 ) ) ;
#1103 = CARTESIAN_POINT ( 'NONE',  ( -0.3018500000000000600, 0.1136999999999999500, 0.04000000000000000100 ) ) ;
#1104 = EDGE_CURVE ( 'NONE', #1812, #2333, #3167, .T. ) ;
#1105 = EDGE_LOOP ( 'NONE', ( #2171, #4996, #380, #2567 ) ) ;
#1106 = ORIENTED_EDGE ( 'NONE', *, *, #677, .F. ) ;
#1107 = DIRECTION ( 'NONE',  ( 0.0000000000000000000, 1.000000000000000000, 0.0000000000000000000 ) ) ;
#1108 = EDGE_LOOP ( 'NONE', ( #5626, #4962, #2487, #5473 ) ) ;
#1109 = FACE_OUTER_BOUND ( 'NONE', #3064, .T. ) ;
#1110 = DIRECTION ( 'NONE',  ( -0.0000000000000000000, 1.000000000000000000, -0.0000000000000000000 ) ) ;
#1111 = ORIENTED_EDGE ( 'NONE', *, *, #3792, .F. ) ;
#1112 = PLANE ( 'NONE',  #5958 ) ;
#1113 = LINE ( 'NONE', #1035, #5212 ) ;
#1114 = DIRECTION ( 'NONE',  ( 1.000000000000000000, 0.0000000000000000000, -3.606521461097566400E-015 ) ) ;
#1115 = CARTESIAN_POINT ( 'NONE',  ( 0.3542514457727182200, 0.3489999999999999800, 0.07441279921115510900 ) ) ;
#1116 = ORIENTED_EDGE ( 'NONE', *, *, #3163, .F. ) ;
#1117 = VECTOR ( 'NONE', #2437, 39.37007874015748100 ) ;
#1118 = EDGE_CURVE ( 'NONE', #2123, #5207, #3591, .T. ) ;
#1119 = CARTESIAN_POINT ( 'NONE',  ( 0.4851499999999998600, 0.02499999999999997400, -0.03650000000000000500 ) ) ;
#1120 = DIRECTION ( 'NONE',  ( -1.000000000000000000, 0.0000000000000000000, -0.0000000000000000000 ) ) ;
#1121 = CARTESIAN_POINT ( 'NONE',  ( 0.4851499999999998600, 0.1064815665455062200, 0.03650000000000000500 ) ) ;
#1122 = FACE_BOUND ( 'NONE', #3312, .T. ) ;
#1123 = VECTOR ( 'NONE', #634, 39.37007874015748900 ) ;
#1124 = CARTESIAN_POINT ( 'NONE',  ( -0.2851500000000001300, 0.09799999999999994800, 0.03500000000000000300 ) ) ;
#1125 = FACE_OUTER_BOUND ( 'NONE', #4533, .T. ) ;
#1126 = CARTESIAN_POINT ( 'NONE',  ( 0.3971380204934411000, 0.3539999999999999800, 0.07941279921115511300 ) ) ;
#1127 = DIRECTION ( 'NONE',  ( 0.0000000000000000000, 0.0000000000000000000, 1.000000000000000000 ) ) ;
#1128 = VECTOR ( 'NONE', #246, 39.37007874015748100 ) ;
#1129 = CARTESIAN_POINT ( 'NONE',  ( -0.1871912125772847200, 0.08899999999999995400, -0.05387218375001674000 ) ) ;
#1130 = CIRCLE ( 'NONE', #4056, 0.4050000000000000300 ) ;
#1131 = CARTESIAN_POINT ( 'NONE',  ( -0.1782054284066869600, 0.09799999999999994800, -0.1005612242791646300 ) ) ;
#1132 = CARTESIAN_POINT ( 'NONE',  ( -0.1624999999999999500, 0.0000000000000000000, 0.3114582562299426100 ) ) ;
#1133 = ORIENTED_EDGE ( 'NONE', *, *, #2802, .F. ) ;
#1134 = VECTOR ( 'NONE', #924, 39.37007874015748100 ) ;
#1135 = CARTESIAN_POINT ( 'NONE',  ( 0.3749514457727182700, 0.05069999999999998800, -0.03649999999999987300 ) ) ;
#1136 = LINE ( 'NONE', #331, #3902 ) ;
#1137 = EDGE_CURVE ( 'NONE', #4841, #3155, #1264, .T. ) ;
#1138 = VERTEX_POINT ( 'NONE', #4942 ) ;
#1139 = AXIS2_PLACEMENT_3D ( 'NONE', #668, #5361, #2996 ) ;
#1140 = LINE ( 'NONE', #390, #4279 ) ;
#1141 = VECTOR ( 'NONE', #4903, 39.37007874015748100 ) ;
#1142 = LINE ( 'NONE', #1591, #215 ) ;
#1143 = CARTESIAN_POINT ( 'NONE',  ( 0.5200000000000002400, 0.02000000000000000000, -0.02999999999999999900 ) ) ;
#1144 = CARTESIAN_POINT ( 'NONE',  ( -0.02707888366625380000, 0.1165531024276636000, -0.05999999999999999800 ) ) ;
#1145 = VERTEX_POINT ( 'NONE', #758 ) ;
#1146 = EDGE_CURVE ( 'NONE', #1150, #524, #1980, .T. ) ;
#1147 = VECTOR ( 'NONE', #2461, 39.37007874015748100 ) ;
#1148 = CARTESIAN_POINT ( 'NONE',  ( -0.1836403121902468700, 0.08799999999999995300, -0.07334237367679336000 ) ) ;
#1149 = CARTESIAN_POINT ( 'NONE',  ( 0.4136423575989287000, 0.02000000000000000000, -0.1499999999999999900 ) ) ;
#1150 = VERTEX_POINT ( 'NONE', #1214 ) ;
#1151 = VECTOR ( 'NONE', #4805, 39.37007874015748100 ) ;
#1152 = DIRECTION ( 'NONE',  ( -0.0000000000000000000, -1.000000000000000000, 0.0000000000000000000 ) ) ;
#1153 = PLANE ( 'NONE',  #2006 ) ;
#1154 = EDGE_LOOP ( 'NONE', ( #5565, #2695, #4469, #185 ) ) ;
#1155 = EDGE_LOOP ( 'NONE', ( #5822, #5398, #933, #1996, #4086, #3916 ) ) ;
#1156 = CARTESIAN_POINT ( 'NONE',  ( 0.3542514457727182200, 0.2561272146310087400, -0.07441279921115510900 ) ) ;
#1157 = CARTESIAN_POINT ( 'NONE',  ( 0.3592514457727183400, 0.02500000000000000500, -0.03650000000000000500 ) ) ;
#1158 = ORIENTED_EDGE ( 'NONE', *, *, #3917, .T. ) ;
#1159 = ORIENTED_EDGE ( 'NONE', *, *, #3735, .T. ) ;
#1160 = CARTESIAN_POINT ( 'NONE',  ( 0.4851499999999998600, 0.02499999999999997400, 0.03650000000000000500 ) ) ;
#1161 = EDGE_CURVE ( 'NONE', #121, #6, #2199, .T. ) ;
#1162 = CARTESIAN_POINT ( 'NONE',  ( -0.08509959441544537300, 0.1979999999999999800, -0.05999999999999999800 ) ) ;
#1163 = ORIENTED_EDGE ( 'NONE', *, *, #4897, .T. ) ;
#1164 = VERTEX_POINT ( 'NONE', #5420 ) ;
#1165 = AXIS2_PLACEMENT_3D ( 'NONE', #4781, #3886, #5274 ) ;
#1166 = DIRECTION ( 'NONE',  ( 0.0000000000000000000, 0.0000000000000000000, 1.000000000000000000 ) ) ;
#1167 = DIRECTION ( 'NONE',  ( 3.299333325681477300E-015, 0.0000000000000000000, -1.000000000000000000 ) ) ;
#1168 = VERTEX_POINT ( 'NONE', #3058 ) ;
#1169 = DIRECTION ( 'NONE',  ( 0.0000000000000000000, -1.000000000000000000, 0.0000000000000000000 ) ) ;
#1170 = MECHANICAL_DESIGN_GEOMETRIC_PRESENTATION_REPRESENTATION (  '', ( #3012 ), #4164 ) ;
#1171 = CARTESIAN_POINT ( 'NONE',  ( 0.5008499999999999100, 0.05069999999999998100, 0.07441279921115510900 ) ) ;
#1172 = EDGE_CURVE ( 'NONE', #1511, #3193, #580, .T. ) ;
#1173 = VERTEX_POINT ( 'NONE', #5458 ) ;
#1174 = DIRECTION ( 'NONE',  ( -3.491481338843133000E-015, -7.993795080820341900E-031, 1.000000000000000000 ) ) ;
#1175 = ORIENTED_EDGE ( 'NONE', *, *, #1436, .T. ) ;
#1176 = LINE ( 'NONE', #2060, #3500 ) ;
#1177 = EDGE_LOOP ( 'NONE', ( #2191, #4287, #1966, #5617 ) ) ;
#1178 = ORIENTED_EDGE ( 'NONE', *, *, #5679, .T. ) ;
#1179 = ORIENTED_EDGE ( 'NONE', *, *, #2835, .F. ) ;
#1180 = CARTESIAN_POINT ( 'NONE',  ( 0.4851499999999998600, 0.1962533751892688000, 0.02649999999999999900 ) ) ;
#1181 = PLANE ( 'NONE',  #1387 ) ;
#1182 = DIRECTION ( 'NONE',  ( 1.000000000000000000, 0.0000000000000000000, 0.0000000000000000000 ) ) ;
#1183 = DIRECTION ( 'NONE',  ( -1.000000000000000000, 0.0000000000000000000, 0.0000000000000000000 ) ) ;
#1184 = FACE_OUTER_BOUND ( 'NONE', #4711, .T. ) ;
#1185 = EDGE_CURVE ( 'NONE', #1227, #2123, #3449, .T. ) ;
#1186 = ORIENTED_EDGE ( 'NONE', *, *, #5251, .T. ) ;
#1187 = ORIENTED_EDGE ( 'NONE', *, *, #5756, .F. ) ;
#1188 = CARTESIAN_POINT ( 'NONE',  ( 0.4851499999999998600, 0.1962533751892688000, 0.03650000000000000500 ) ) ;
#1189 = FACE_OUTER_BOUND ( 'NONE', #4927, .T. ) ;
#1190 = CARTESIAN_POINT ( 'NONE',  ( -0.1782054284066869600, 0.1136999999999999500, -0.05999999999999999800 ) ) ;
#1191 = PLANE ( 'NONE',  #5905 ) ;
#1192 = ADVANCED_FACE ( 'NONE', ( #4036 ), #1680, .F. ) ;
#1193 = EDGE_LOOP ( 'NONE', ( #829, #5783, #5776, #5187, #3571, #5774, #1006, #5256 ) ) ;
#1194 = PLANE ( 'NONE',  #3615 ) ;
#1195 = VECTOR ( 'NONE', #2394, 39.37007874015748100 ) ;
#1196 = DIRECTION ( 'NONE',  ( 0.0000000000000000000, -1.036885625125605800E-014, -1.000000000000000000 ) ) ;
#1197 = LINE ( 'NONE', #5951, #4480 ) ;
#1198 = CARTESIAN_POINT ( 'NONE',  ( 0.5008499999999999100, 0.1962533751892688000, -0.03650000000000000500 ) ) ;
#1199 = VECTOR ( 'NONE', #803, 39.37007874015748100 ) ;
#1200 = FACE_OUTER_BOUND ( 'NONE', #5307, .T. ) ;
#1201 = EDGE_CURVE ( 'NONE', #3539, #6, #5373, .T. ) ;
#1202 = LINE ( 'NONE', #2549, #4938 ) ;
#1203 = PLANE ( 'NONE',  #4625 ) ;
#1204 = DIRECTION ( 'NONE',  ( 0.0000000000000000000, 0.0000000000000000000, 1.000000000000000000 ) ) ;
#1205 = LINE ( 'NONE', #2500, #5886 ) ;
#1206 = LINE ( 'NONE', #3186, #2 ) ;
#1207 = CARTESIAN_POINT ( 'NONE',  ( -0.1782054284066869600, 0.09799999999999994800, 0.05999999999999999800 ) ) ;
#1208 = EDGE_CURVE ( 'NONE', #2995, #3105, #5516, .T. ) ;
#1209 = DIRECTION ( 'NONE',  ( -1.000000000000000000, 0.0000000000000000000, 0.0000000000000000000 ) ) ;
#1210 = EDGE_LOOP ( 'NONE', ( #3300, #539, #2861, #1653 ) ) ;
#1211 = VECTOR ( 'NONE', #4202, 39.37007874015748100 ) ;
#1212 = FACE_OUTER_BOUND ( 'NONE', #5048, .T. ) ;
#1213 = PLANE ( 'NONE',  #3753 ) ;
#1214 = CARTESIAN_POINT ( 'NONE',  ( -0.1782054284066869900, 0.09799999999999994800, -0.03500000000000000300 ) ) ;
#1215 = VERTEX_POINT ( 'NONE', #708 ) ;
#1216 = CARTESIAN_POINT ( 'NONE',  ( 0.0000000000000000000, 0.1939999999999999800, 0.0000000000000000000 ) ) ;
#1217 = FACE_OUTER_BOUND ( 'NONE', #880, .T. ) ;
#1218 = LINE ( 'NONE', #3489, #16 ) ;
#1219 = EDGE_CURVE ( 'NONE', #1448, #1744, #4112, .T. ) ;
#1220 = VERTEX_POINT ( 'NONE', #741 ) ;
#1221 = ADVANCED_FACE ( 'NONE', ( #340 ), #1203, .T. ) ;
#1222 = CARTESIAN_POINT ( 'NONE',  ( 0.4094907954362470600, 0.3539999999999999800, 0.1609884730438476400 ) ) ;
#1223 = CARTESIAN_POINT ( 'NONE',  ( -0.1836403121902468700, 0.08799999999999995300, 0.04510330413046883400 ) ) ;
#1224 = FACE_OUTER_BOUND ( 'NONE', #1105, .T. ) ;
#1225 = DIRECTION ( 'NONE',  ( -0.8944271909999160800, 0.4472135954999574800, 0.0000000000000000000 ) ) ;
#1226 = ORIENTED_EDGE ( 'NONE', *, *, #894, .F. ) ;
#1227 = VERTEX_POINT ( 'NONE', #1180 ) ;
#1228 = CARTESIAN_POINT ( 'NONE',  ( 0.4751499999999998500, 0.05069999999999998100, -0.3316775405567138300 ) ) ;
#1229 = DIRECTION ( 'NONE',  ( 0.0000000000000000000, -1.000000000000000000, 0.0000000000000000000 ) ) ;
#1230 = ORIENTED_EDGE ( 'NONE', *, *, #4166, .F. ) ;
#1231 = ORIENTED_EDGE ( 'NONE', *, *, #2138, .F. ) ;
#1232 = CARTESIAN_POINT ( 'NONE',  ( 0.5049722381740571200, 0.2458789754111038200, 0.02649999999999999900 ) ) ;
#1233 = EDGE_CURVE ( 'NONE', #4225, #3638, #983, .T. ) ;
#1234 = ORIENTED_EDGE ( 'NONE', *, *, #1305, .T. ) ;
#1235 = ORIENTED_EDGE ( 'NONE', *, *, #2290, .F. ) ;
#1236 = CARTESIAN_POINT ( 'NONE',  ( 0.5200000000000002400, 0.2458789754111038200, -0.02999999999999999900 ) ) ;
#1237 = DIRECTION ( 'NONE',  ( -0.6427876096865377000, -0.7660444431189793500, -2.318227309262104100E-015 ) ) ;
#1238 = ORIENTED_EDGE ( 'NONE', *, *, #1971, .F. ) ;
#1239 = CARTESIAN_POINT ( 'NONE',  ( -0.2321883685401462700, 0.1939999999999999800, -0.3318336352973659800 ) ) ;
#1240 = ORIENTED_EDGE ( 'NONE', *, *, #982, .T. ) ;
#1241 = AXIS2_PLACEMENT_3D ( 'NONE', #1765, #792, #5018 ) ;
#1242 = ORIENTED_EDGE ( 'NONE', *, *, #3701, .F. ) ;
#1243 = CARTESIAN_POINT ( 'NONE',  ( 0.3536520336729308000, 0.3489999999999999800, 0.09511279921115511900 ) ) ;
#1244 = PLANE ( 'NONE',  #1629 ) ;
#1245 = EDGE_LOOP ( 'NONE', ( #5709, #4967 ) ) ;
#1246 = ORIENTED_EDGE ( 'NONE', *, *, #5594, .F. ) ;
#1247 = ADVANCED_FACE ( 'NONE', ( #4256 ), #1276, .F. ) ;
#1248 = EDGE_CURVE ( 'NONE', #5909, #3346, #2865, .T. ) ;
#1249 = DIRECTION ( 'NONE',  ( -1.000000000000000000, 0.0000000000000000000, 0.0000000000000000000 ) ) ;
#1250 = VECTOR ( 'NONE', #447, 39.37007874015748100 ) ;
#1251 = EDGE_CURVE ( 'NONE', #225, #4820, #3097, .T. ) ;
#1252 = DIRECTION ( 'NONE',  ( 0.0000000000000000000, -1.000000000000000000, 0.0000000000000000000 ) ) ;
#1253 = CARTESIAN_POINT ( 'NONE',  ( -0.1624999999999999500, 0.1048528137423858400, 0.2514582562299426100 ) ) ;
#1254 = ORIENTED_EDGE ( 'NONE', *, *, #3010, .T. ) ;
#1255 = AXIS2_PLACEMENT_3D ( 'NONE', #50, #1014, #3266 ) ;
#1256 = VECTOR ( 'NONE', #2155, 39.37007874015748100 ) ;
#1257 = CARTESIAN_POINT ( 'NONE',  ( -0.2676451023932669400, -0.0006242056432416228000, 0.07334237367679336000 ) ) ;
#1258 = EDGE_LOOP ( 'NONE', ( #1318, #3836, #1688, #3766 ) ) ;
#1259 = EDGE_CURVE ( 'NONE', #4167, #2822, #3955, .T. ) ;
#1260 = PLANE ( 'NONE',  #5695 ) ;
#1261 = LINE ( 'NONE', #4588, #4478 ) ;
#1262 = CARTESIAN_POINT ( 'NONE',  ( 0.3849514457727183400, 0.02500000000000000100, 0.07441279921115510900 ) ) ;
#1263 = DIRECTION ( 'NONE',  ( -0.0000000000000000000, -0.0000000000000000000, 1.000000000000000000 ) ) ;
#1264 = LINE ( 'NONE', #5414, #1545 ) ;
#1265 = DIRECTION ( 'NONE',  ( 0.0000000000000000000, 0.0000000000000000000, -1.000000000000000000 ) ) ;
#1266 = LINE ( 'NONE', #1681, #1696 ) ;
#1267 = VECTOR ( 'NONE', #2605, 39.37007874015748100 ) ;
#1268 = DIRECTION ( 'NONE',  ( 0.0000000000000000000, 1.000000000000000000, 0.0000000000000000000 ) ) ;
#1269 = LINE ( 'NONE', #1739, #5808 ) ;
#1270 = DIRECTION ( 'NONE',  ( 0.5446390350150250900, -0.0000000000000000000, 0.8386705679454253800 ) ) ;
#1271 = LINE ( 'NONE', #4420, #2056 ) ;
#1272 = MANIFOLD_SOLID_BREP ( 'Cut-Extrude10', #3875 ) ;
#1273 = VERTEX_POINT ( 'NONE', #2774 ) ;
#1274 = EDGE_CURVE ( 'NONE', #1678, #1511, #5076, .T. ) ;
#1275 = ADVANCED_FACE ( 'NONE', ( #2717 ), #5556, .T. ) ;
#1276 = PLANE ( 'NONE',  #5572 ) ;
#1277 = LINE ( 'NONE', #2150, #1341 ) ;
#1278 = DIRECTION ( 'NONE',  ( -0.0000000000000000000, 1.000000000000000000, -0.0000000000000000000 ) ) ;
#1279 = AXIS2_PLACEMENT_3D ( 'NONE', #5526, #2254, #2710 ) ;
#1280 = ORIENTED_EDGE ( 'NONE', *, *, #4409, .T. ) ;
#1281 = VECTOR ( 'NONE', #2562, 39.37007874015748100 ) ;
#1282 = EDGE_CURVE ( 'NONE', #5858, #4241, #1261, .T. ) ;
#1283 = CYLINDRICAL_SURFACE ( 'NONE', #4569, 0.4050000000000000300 ) ;
#1284 = EDGE_CURVE ( 'NONE', #4023, #4607, #1693, .T. ) ;
#1285 = DIRECTION ( 'NONE',  ( 0.0000000000000000000, -0.0000000000000000000, -1.000000000000000000 ) ) ;
#1286 = CARTESIAN_POINT ( 'NONE',  ( 0.3556013050899988200, 0.3101212499914530200, -0.2200782523938615000 ) ) ;
#1287 = ORIENTED_EDGE ( 'NONE', *, *, #4968, .F. ) ;
#1288 = DIRECTION ( 'NONE',  ( -0.0000000000000000000, -0.0000000000000000000, 1.000000000000000000 ) ) ;
#1289 = AXIS2_PLACEMENT_3D ( 'NONE', #3013, #190, #1102 ) ;
#1290 = LINE ( 'NONE', #4190, #92 ) ;
#1291 = ORIENTED_EDGE ( 'NONE', *, *, #5558, .F. ) ;
#1292 = CARTESIAN_POINT ( 'NONE',  ( 0.1504544719160426400, 0.1816336841387844200, -0.01980901644462925200 ) ) ;
#1293 = EDGE_CURVE ( 'NONE', #110, #744, #3226, .T. ) ;
#1294 = LINE ( 'NONE', #3363, #2383 ) ;
#1295 = CARTESIAN_POINT ( 'NONE',  ( -0.1871912125772847200, 0.09799999999999994800, 0.03500000000000000300 ) ) ;
#1296 = ORIENTED_EDGE ( 'NONE', *, *, #2738, .T. ) ;
#1297 = ORIENTED_EDGE ( 'NONE', *, *, #571, .T. ) ;
#1298 = EDGE_LOOP ( 'NONE', ( #4393, #5340, #1390, #3463 ) ) ;
#1299 = VERTEX_POINT ( 'NONE', #2313 ) ;
#1300 = ADVANCED_FACE ( 'NONE', ( #770 ), #4628, .T. ) ;
#1301 = ORIENTED_EDGE ( 'NONE', *, *, #1549, .T. ) ;
#1302 = PLANE ( 'NONE',  #2580 ) ;
#1303 = VERTEX_POINT ( 'NONE', #1005 ) ;
#1304 = DIRECTION ( 'NONE',  ( 0.0000000000000000000, 0.0000000000000000000, 1.000000000000000000 ) ) ;
#1305 = EDGE_CURVE ( 'NONE', #650, #1458, #62, .T. ) ;
#1306 = PLANE ( 'NONE',  #3133 ) ;
#1307 = ORIENTED_EDGE ( 'NONE', *, *, #4521, .F. ) ;
#1308 = ORIENTED_EDGE ( 'NONE', *, *, #2819, .F. ) ;
#1309 = CARTESIAN_POINT ( 'NONE',  ( 0.3849514457727183400, 0.05069999999999998800, 0.03650000000000000500 ) ) ;
#1310 = FACE_OUTER_BOUND ( 'NONE', #5455, .T. ) ;
#1311 = VERTEX_POINT ( 'NONE', #2288 ) ;
#1312 = DIRECTION ( 'NONE',  ( 1.000000000000000000, -0.0000000000000000000, -1.016254544481191400E-016 ) ) ;
#1313 = ORIENTED_EDGE ( 'NONE', *, *, #5800, .F. ) ;
#1314 = VERTEX_POINT ( 'NONE', #5190 ) ;
#1315 = VECTOR ( 'NONE', #4574, 39.37007874015748100 ) ;
#1316 = AXIS2_PLACEMENT_3D ( 'NONE', #4135, #6020, #2781 ) ;
#1317 = PLANE ( 'NONE',  #47 ) ;
#1318 = ORIENTED_EDGE ( 'NONE', *, *, #5692, .F. ) ;
#1319 = DIRECTION ( 'NONE',  ( 1.000000000000000000, 0.0000000000000000000, 0.0000000000000000000 ) ) ;
#1320 = ORIENTED_EDGE ( 'NONE', *, *, #2577, .F. ) ;
#1321 = EDGE_CURVE ( 'NONE', #2460, #1678, #4452, .T. ) ;
#1322 = VECTOR ( 'NONE', #165, 39.37007874015748100 ) ;
#1323 = CARTESIAN_POINT ( 'NONE',  ( 0.4964089559490990600, 0.2145404908393865600, -0.02649999999999999900 ) ) ;
#1324 = CARTESIAN_POINT ( 'NONE',  ( 0.1728151516910407200, 0.2263550436887800900, 0.01980901644462925200 ) ) ;
#1325 = DIRECTION ( 'NONE',  ( 1.000000000000000000, 0.0000000000000000000, 0.0000000000000000000 ) ) ;
#1326 = AXIS2_PLACEMENT_3D ( 'NONE', #3365, #603, #2895 ) ;
#1327 = EDGE_LOOP ( 'NONE', ( #5571, #1571, #4228, #2554, #1370, #606, #5071, #3546, #4094, #2405, #85, #4887, #4989, #3056, #1859, #2311, #5995, #961, #2653, #1280 ) ) ;
#1328 = DIRECTION ( 'NONE',  ( -0.4924235601034646100, 0.0000000000000000000, -0.8703556959399009200 ) ) ;
#1329 = VECTOR ( 'NONE', #1881, 39.37007874015748100 ) ;
#1330 = LINE ( 'NONE', #3412, #137 ) ;
#1331 = ADVANCED_FACE ( 'NONE', ( #477 ), #2778, .T. ) ;
#1332 = EDGE_CURVE ( 'NONE', #1273, #1220, #5581, .T. ) ;
#1333 = DIRECTION ( 'NONE',  ( 0.0000000000000000000, 1.000000000000000000, 0.0000000000000000000 ) ) ;
#1334 = AXIS2_PLACEMENT_3D ( 'NONE', #1188, #2127, #309 ) ;
#1335 = CIRCLE ( 'NONE', #304, 0.03000000000000004400 ) ;
#1336 = VECTOR ( 'NONE', #1114, 39.37007874015748100 ) ;
#1337 = FACE_OUTER_BOUND ( 'NONE', #108, .T. ) ;
#1338 = DIRECTION ( 'NONE',  ( -9.106159978880879400E-016, -0.0000000000000000000, 1.000000000000000000 ) ) ;
#1339 = CARTESIAN_POINT ( 'NONE',  ( -0.2861500000000001300, 0.05097309357355724700, 0.01300000000000000100 ) ) ;
#1340 = VECTOR ( 'NONE', #3323, 39.37007874015748900 ) ;
#1341 = VECTOR ( 'NONE', #750, 39.37007874015748100 ) ;
#1342 = CARTESIAN_POINT ( 'NONE',  ( 0.0000000000000000000, 0.09799999999999994800, 0.4050000000000000300 ) ) ;
#1343 = DIRECTION ( 'NONE',  ( -0.8944271909999160800, 0.4472135954999574800, 0.0000000000000000000 ) ) ;
#1344 = CARTESIAN_POINT ( 'NONE',  ( -0.1871912125772847200, 0.1136999999999999500, 0.03500000000000000300 ) ) ;
#1345 = PLANE ( 'NONE',  #3005 ) ;
#1346 = LINE ( 'NONE', #2805, #5158 ) ;
#1347 = FACE_OUTER_BOUND ( 'NONE', #4313, .T. ) ;
#1348 = PLANE ( 'NONE',  #2057 ) ;
#1349 = ORIENTED_EDGE ( 'NONE', *, *, #1118, .T. ) ;
#1350 = LINE ( 'NONE', #3070, #2149 ) ;
#1351 = AXIS2_PLACEMENT_3D ( 'NONE', #5041, #2670, #4591 ) ;
#1352 = DIRECTION ( 'NONE',  ( 1.000000000000000000, 0.0000000000000000000, 3.606521461097566400E-015 ) ) ;
#1353 = VERTEX_POINT ( 'NONE', #5125 ) ;
#1354 = EDGE_CURVE ( 'NONE', #4380, #4567, #2273, .T. ) ;
#1355 = EDGE_CURVE ( 'NONE', #1220, #4833, #135, .T. ) ;
#1356 = CARTESIAN_POINT ( 'NONE',  ( 0.0000000000000000000, 0.09799999999999994800, 0.0000000000000000000 ) ) ;
#1357 = VECTOR ( 'NONE', #2498, 39.37007874015748100 ) ;
#1358 = DIRECTION ( 'NONE',  ( 0.5802071074919165100, -0.8144689757233627400, 0.0000000000000000000 ) ) ;
#1359 = ADVANCED_FACE ( 'NONE', ( #1539 ), #831, .F. ) ;
#1360 = AXIS2_PLACEMENT_3D ( 'NONE', #3613, #5014, #5035 ) ;
#1361 = ORIENTED_EDGE ( 'NONE', *, *, #3050, .F. ) ;
#1362 = AXIS2_PLACEMENT_3D ( 'NONE', #4180, #1445, #2346 ) ;
#1363 = ORIENTED_EDGE ( 'NONE', *, *, #3077, .T. ) ;
#1364 = DIRECTION ( 'NONE',  ( 0.0000000000000000000, 0.0000000000000000000, 1.000000000000000000 ) ) ;
#1365 = PLANE ( 'NONE',  #5682 ) ;
#1366 = DIRECTION ( 'NONE',  ( 3.491481338843133000E-015, 7.993795080820341900E-031, 1.000000000000000000 ) ) ;
#1367 = VERTEX_POINT ( 'NONE', #3711 ) ;
#1368 = EDGE_CURVE ( 'NONE', #890, #1096, #3304, .T. ) ;
#1369 = DIRECTION ( 'NONE',  ( -1.000000000000000000, 0.0000000000000000000, 0.0000000000000000000 ) ) ;
#1370 = ORIENTED_EDGE ( 'NONE', *, *, #5370, .F. ) ;
#1371 = ORIENTED_EDGE ( 'NONE', *, *, #3721, .T. ) ;
#1372 = VERTEX_POINT ( 'NONE', #3275 ) ;
#1373 = CARTESIAN_POINT ( 'NONE',  ( -0.3402816435600639100, 0.2999999999999999900, 0.3036583656941830900 ) ) ;
#1374 = CARTESIAN_POINT ( 'NONE',  ( 0.5049722381740571200, 0.2458789754111038200, 0.02649999999999999900 ) ) ;
#1375 = DIRECTION ( 'NONE',  ( 0.0000000000000000000, 1.000000000000000000, 0.0000000000000000000 ) ) ;
#1376 = ORIENTED_EDGE ( 'NONE', *, *, #69, .T. ) ;
#1377 = CLOSED_SHELL ( 'NONE', ( #33, #4937, #5595, #2853, #3410, #3961, #3729, #2120, #3680, #3148, #5232, #916, #4001, #5209, #4733, #2486, #169, #1389, #1907, #5400, #4582, #5198, #5603, #3702, #5665, #4092, #3619, #436, #858, #2864, #2425, #526, #716, #1669, #1411, #2618, #4708, #2947, #939, #5031, #2888, #4643, #4091, #5573, #2561, #3324, #827, #4353, #3178, #4828, #5001, #5544, #4696, #2831 ) ) ;
#1378 = CARTESIAN_POINT ( 'NONE',  ( -0.2882563924661922800, 0.2655700764828324800, 0.2867625452082736600 ) ) ;
#1379 = ADVANCED_FACE ( 'NONE', ( #3885 ), #1453, .T. ) ;
#1380 = ORIENTED_EDGE ( 'NONE', *, *, #1059, .T. ) ;
#1381 = DIRECTION ( 'NONE',  ( 1.000000000000000000, 0.0000000000000000000, -0.0000000000000000000 ) ) ;
#1382 = ORIENTED_EDGE ( 'NONE', *, *, #2344, .F. ) ;
#1383 = DIRECTION ( 'NONE',  ( -1.000000000000000000, 0.0000000000000000000, 0.0000000000000000000 ) ) ;
#1384 = VERTEX_POINT ( 'NONE', #5146 ) ;
#1385 = EDGE_CURVE ( 'NONE', #4880, #2224, #2044, .T. ) ;
#1386 = LINE ( 'NONE', #1925, #2702 ) ;
#1387 = AXIS2_PLACEMENT_3D ( 'NONE', #1641, #4419, #2539 ) ;
#1388 = ORIENTED_EDGE ( 'NONE', *, *, #5792, .F. ) ;
#1389 = ADVANCED_FACE ( 'NONE', ( #4929 ), #4234, .T. ) ;
#1390 = ORIENTED_EDGE ( 'NONE', *, *, #2094, .T. ) ;
#1391 = EDGE_CURVE ( 'NONE', #2271, #2707, #5292, .T. ) ;
#1392 = LINE ( 'NONE', #979, #764 ) ;
#1393 = CARTESIAN_POINT ( 'NONE',  ( 0.4136423575989287000, 0.02000000000000000000, -0.1499999999999999900 ) ) ;
#1394 = CARTESIAN_POINT ( 'NONE',  ( -0.02707888366625380000, 0.1165531024276636000, 0.05999999999999999800 ) ) ;
#1395 = EDGE_LOOP ( 'NONE', ( #685, #4319, #1043, #3349 ) ) ;
#1396 = AXIS2_PLACEMENT_3D ( 'NONE', #1216, #4481, #1675 ) ;
#1397 = CARTESIAN_POINT ( 'NONE',  ( 0.2110350557508421700, 0.2247982252822527400, -0.01980901644462925200 ) ) ;
#1398 = LINE ( 'NONE', #729, #195 ) ;
#1399 = DIRECTION ( 'NONE',  ( -1.000000000000000000, 0.0000000000000000000, 0.0000000000000000000 ) ) ;
#1400 = EDGE_CURVE ( 'NONE', #583, #4973, #2782, .T. ) ;
#1401 = CARTESIAN_POINT ( 'NONE',  ( 0.5008499999999999100, -0.1219999999999999800, 0.02649999999999999900 ) ) ;
#1402 = VECTOR ( 'NONE', #4484, 39.37007874015748100 ) ;
#1403 = DIRECTION ( 'NONE',  ( 0.0000000000000000000, -1.000000000000000000, 0.0000000000000000000 ) ) ;
#1404 = VECTOR ( 'NONE', #737, 39.37007874015748100 ) ;
#1405 = AXIS2_PLACEMENT_3D ( 'NONE', #5903, #323, #4545 ) ;
#1406 = VECTOR ( 'NONE', #231, 39.37007874015748100 ) ;
#1407 = DIRECTION ( 'NONE',  ( 0.0000000000000000000, -3.491481338843133000E-015, -1.000000000000000000 ) ) ;
#1408 = ORIENTED_EDGE ( 'NONE', *, *, #862, .T. ) ;
#1409 = CIRCLE ( 'NONE', #2140, 0.1000000000000000200 ) ;
#1410 = CIRCLE ( 'NONE', #5171, 0.06569999999999998100 ) ;
#1411 = ADVANCED_FACE ( 'NONE', ( #5654 ), #501, .T. ) ;
#1412 = ORIENTED_EDGE ( 'NONE', *, *, #3734, .F. ) ;
#1413 = DIRECTION ( 'NONE',  ( -0.0000000000000000000, -1.000000000000000000, -0.0000000000000000000 ) ) ;
#1414 = FACE_OUTER_BOUND ( 'NONE', #4392, .T. ) ;
#1415 = CIRCLE ( 'NONE', #3857, 0.08430000000000004200 ) ;
#1416 = DIRECTION ( 'NONE',  ( 0.0000000000000000000, 0.0000000000000000000, -1.000000000000000000 ) ) ;
#1417 = VERTEX_POINT ( 'NONE', #3846 ) ;
#1418 = ADVANCED_FACE ( 'NONE', ( #3520 ), #6012, .T. ) ;
#1419 = DIRECTION ( 'NONE',  ( -1.000000000000000000, 0.0000000000000000000, -1.016254544481191600E-016 ) ) ;
#1420 = ORIENTED_EDGE ( 'NONE', *, *, #4851, .F. ) ;
#1421 = FACE_OUTER_BOUND ( 'NONE', #587, .T. ) ;
#1422 = EDGE_CURVE ( 'NONE', #4149, #666, #2124, .T. ) ;
#1423 = CARTESIAN_POINT ( 'NONE',  ( 0.3849514457727183400, 0.02500000000000000100, 0.3316775405567138300 ) ) ;
#1424 = CARTESIAN_POINT ( 'NONE',  ( 3.231876143552168600E-016, 0.2561272146310087400, 0.09511279921115639600 ) ) ;
#1425 = DIRECTION ( 'NONE',  ( -0.0000000000000000000, -0.0000000000000000000, -1.000000000000000000 ) ) ;
#1426 = ORIENTED_EDGE ( 'NONE', *, *, #2426, .T. ) ;
#1427 = VECTOR ( 'NONE', #2206, 39.37007874015748100 ) ;
#1428 = DIRECTION ( 'NONE',  ( -0.0000000000000000000, -0.0000000000000000000, 1.000000000000000000 ) ) ;
#1429 = EDGE_LOOP ( 'NONE', ( #386, #3001, #794, #4526 ) ) ;
#1430 = ORIENTED_EDGE ( 'NONE', *, *, #830, .F. ) ;
#1431 = LINE ( 'NONE', #4134, #5103 ) ;
#1432 = DIRECTION ( 'NONE',  ( 0.0000000000000000000, 0.0000000000000000000, 1.000000000000000000 ) ) ;
#1433 = DIRECTION ( 'NONE',  ( 1.000000000000000000, 0.0000000000000000000, -0.0000000000000000000 ) ) ;
#1434 = PRODUCT_DEFINITION_CONTEXT ( 'detailed design', #6005, 'design' ) ;
#1435 = ORIENTED_EDGE ( 'NONE', *, *, #5114, .T. ) ;
#1436 = EDGE_CURVE ( 'NONE', #2224, #3375, #4325, .T. ) ;
#1437 = CARTESIAN_POINT ( 'NONE',  ( 0.3250000000000000100, 0.1048528137423858400, -0.03000000000000004400 ) ) ;
#1438 = SURFACE_SIDE_STYLE ('',( #921 ) ) ;
#1439 = ORIENTED_EDGE ( 'NONE', *, *, #509, .T. ) ;
#1440 = CARTESIAN_POINT ( 'NONE',  ( 0.3592514457727182300, 0.3489999999999999800, -0.07441279921115510900 ) ) ;
#1441 = DIRECTION ( 'NONE',  ( -0.0000000000000000000, -1.000000000000000000, 0.0000000000000000000 ) ) ;
#1442 = ORIENTED_EDGE ( 'NONE', *, *, #1874, .F. ) ;
#1443 = PLANE ( 'NONE',  #3831 ) ;
#1444 = ORIENTED_EDGE ( 'NONE', *, *, #39, .F. ) ;
#1445 = DIRECTION ( 'NONE',  ( 0.0000000000000000000, 1.000000000000000000, 0.0000000000000000000 ) ) ;
#1446 = EDGE_CURVE ( 'NONE', #4516, #2104, #5729, .T. ) ;
#1447 = CARTESIAN_POINT ( 'NONE',  ( 0.4751499999999998500, 0.04069999999999998600, 0.03649999999999987300 ) ) ;
#1448 = VERTEX_POINT ( 'NONE', #3360 ) ;
#1449 = ORIENTED_EDGE ( 'NONE', *, *, #360, .F. ) ;
#1450 = ADVANCED_FACE ( 'NONE', ( #3380 ), #3825, .T. ) ;
#1451 = ORIENTED_EDGE ( 'NONE', *, *, #604, .T. ) ;
#1452 = ORIENTED_EDGE ( 'NONE', *, *, #2560, .T. ) ;
#1453 = PLANE ( 'NONE',  #1603 ) ;
#1454 = EDGE_LOOP ( 'NONE', ( #4438, #2558, #667, #3135 ) ) ;
#1455 = CIRCLE ( 'NONE', #4474, 0.08430000000000002800 ) ;
#1456 = DIRECTION ( 'NONE',  ( 1.000000000000000000, 0.0000000000000000000, 0.0000000000000000000 ) ) ;
#1457 = DIRECTION ( 'NONE',  ( -0.0000000000000000000, -1.000000000000000000, 0.0000000000000000000 ) ) ;
#1458 = VERTEX_POINT ( 'NONE', #115 ) ;
#1459 = DIRECTION ( 'NONE',  ( -0.0000000000000000000, 1.000000000000000000, 0.0000000000000000000 ) ) ;
#1460 = ORIENTED_EDGE ( 'NONE', *, *, #1827, .F. ) ;
#1461 = EDGE_LOOP ( 'NONE', ( #5844, #817, #5767, #2024 ) ) ;
#1462 = LINE ( 'NONE', #280, #2491 ) ;
#1463 = VERTEX_POINT ( 'NONE', #1020 ) ;
#1464 = CARTESIAN_POINT ( 'NONE',  ( -0.1871912125772847200, 0.08800000000000003700, 0.06957218375001673900 ) ) ;
#1465 = CARTESIAN_POINT ( 'NONE',  ( -0.1871912125772847200, 0.08900000000000009300, -0.06957218375001673900 ) ) ;
#1466 = EDGE_CURVE ( 'NONE', #2224, #5485, #5441, .T. ) ;
#1467 = ORIENTED_EDGE ( 'NONE', *, *, #1580, .T. ) ;
#1468 = CARTESIAN_POINT ( 'NONE',  ( 0.5008499999999999100, -0.1219999999999999800, 0.02649999999999999900 ) ) ;
#1469 = VECTOR ( 'NONE', #2042, 39.37007874015748100 ) ;
#1470 = AXIS2_PLACEMENT_3D ( 'NONE', #4871, #3022, #4493 ) ;
#1471 = AXIS2_PLACEMENT_3D ( 'NONE', #1232, #5046, #2221 ) ;
#1472 = EDGE_CURVE ( 'NONE', #3435, #2031, #2642, .T. ) ;
#1473 = VECTOR ( 'NONE', #1719, 39.37007874015748100 ) ;
#1474 = DIRECTION ( 'NONE',  ( -0.0000000000000000000, -0.0000000000000000000, -1.000000000000000000 ) ) ;
#1475 = LINE ( 'NONE', #1324, #3521 ) ;
#1476 = AXIS2_PLACEMENT_3D ( 'NONE', #3676, #5578, #2760 ) ;
#1477 = DIRECTION ( 'NONE',  ( -0.0000000000000000000, -1.000000000000000000, -0.0000000000000000000 ) ) ;
#1478 = DIRECTION ( 'NONE',  ( 0.0000000000000000000, 1.000000000000000000, 0.0000000000000000000 ) ) ;
#1479 = CIRCLE ( 'NONE', #3668, 0.009000000000000001100 ) ;
#1480 = DIMENSIONAL_EXPONENTS ( 1.000000000000000000, 0.0000000000000000000, 0.0000000000000000000, 0.0000000000000000000, 0.0000000000000000000, 0.0000000000000000000, 0.0000000000000000000 ) ;
#1481 = FACE_OUTER_BOUND ( 'NONE', #3761, .T. ) ;
#1482 = VECTOR ( 'NONE', #4271, 39.37007874015748100 ) ;
#1483 = EDGE_CURVE ( 'NONE', #3155, #3996, #1398, .T. ) ;
#1484 = DIRECTION ( 'NONE',  ( -0.0000000000000000000, -0.0000000000000000000, 1.000000000000000000 ) ) ;
#1485 = DIRECTION ( 'NONE',  ( -1.000000000000000000, 0.0000000000000000000, 0.0000000000000000000 ) ) ;
#1486 = CARTESIAN_POINT ( 'NONE',  ( 0.4136423575989287000, 0.02000000000000000000, 0.1499999999999999900 ) ) ;
#1487 = LINE ( 'NONE', #4824, #1772 ) ;
#1488 = VECTOR ( 'NONE', #1110, 39.37007874015748100 ) ;
#1489 = DIRECTION ( 'NONE',  ( -1.000000000000000000, 0.0000000000000000000, 0.0000000000000000000 ) ) ;
#1490 = CARTESIAN_POINT ( 'NONE',  ( -0.2602812583361163200, 0.1136999999999999500, 0.03500000000000000300 ) ) ;
#1491 = ORIENTED_EDGE ( 'NONE', *, *, #4027, .F. ) ;
#1492 = VECTOR ( 'NONE', #910, 39.37007874015748100 ) ;
#1493 = LINE ( 'NONE', #1092, #5310 ) ;
#1494 = CARTESIAN_POINT ( 'NONE',  ( 0.4964089559490990600, 0.2145404908393865600, 0.02649999999999999900 ) ) ;
#1495 = ORIENTED_EDGE ( 'NONE', *, *, #2063, .F. ) ;
#1496 = DIRECTION ( 'NONE',  ( -0.0000000000000000000, -0.0000000000000000000, -1.000000000000000000 ) ) ;
#1497 = DIRECTION ( 'NONE',  ( 1.000000000000000000, 0.0000000000000000000, -0.0000000000000000000 ) ) ;
#1498 = VERTEX_POINT ( 'NONE', #4957 ) ;
#1499 = EDGE_CURVE ( 'NONE', #379, #1353, #3818, .T. ) ;
#1500 = ADVANCED_FACE ( 'NONE', ( #3588 ), #5888, .T. ) ;
#1501 = CYLINDRICAL_SURFACE ( 'NONE', #449, 0.01669999999999998900 ) ;
#1502 = DIRECTION ( 'NONE',  ( 1.000000000000000000, 0.0000000000000000000, -0.0000000000000000000 ) ) ;
#1503 = DIRECTION ( 'NONE',  ( 1.000000000000000000, 0.0000000000000000000, 0.0000000000000000000 ) ) ;
#1504 = ORIENTED_EDGE ( 'NONE', *, *, #3050, .T. ) ;
#1505 = EDGE_CURVE ( 'NONE', #5272, #3116, #2937, .T. ) ;
#1506 = PLANE ( 'NONE',  #3020 ) ;
#1507 = ORIENTED_EDGE ( 'NONE', *, *, #3017, .T. ) ;
#1508 = CARTESIAN_POINT ( 'NONE',  ( -0.08509959441544537300, 0.1979999999999999800, 0.03500000000000000300 ) ) ;
#1509 = DIMENSIONAL_EXPONENTS ( 1.000000000000000000, 0.0000000000000000000, 0.0000000000000000000, 0.0000000000000000000, 0.0000000000000000000, 0.0000000000000000000, 0.0000000000000000000 ) ;
#1510 = ORIENTED_EDGE ( 'NONE', *, *, #791, .T. ) ;
#1511 = VERTEX_POINT ( 'NONE', #3947 ) ;
#1512 = CARTESIAN_POINT ( 'NONE',  ( 0.0000000000000000000, 0.08799999999999995300, 0.0000000000000000000 ) ) ;
#1513 = CARTESIAN_POINT ( 'NONE',  ( 0.5008499999999999100, 0.02499999999999997400, 0.07441279921115510900 ) ) ;
#1514 = ORIENTED_EDGE ( 'NONE', *, *, #5902, .F. ) ;
#1515 = EDGE_CURVE ( 'NONE', #1311, #5690, #5940, .T. ) ;
#1516 = ORIENTED_EDGE ( 'NONE', *, *, #5558, .T. ) ;
#1517 = DIRECTION ( 'NONE',  ( 0.0000000000000000000, 0.0000000000000000000, -1.000000000000000000 ) ) ;
#1518 = AXIS2_PLACEMENT_3D ( 'NONE', #548, #65, #2345 ) ;
#1519 = ORIENTED_EDGE ( 'NONE', *, *, #3194, .F. ) ;
#1520 = CARTESIAN_POINT ( 'NONE',  ( -0.1836403121902468700, 0.08799999999999995300, -0.07334237367679336000 ) ) ;
#1521 = DIRECTION ( 'NONE',  ( -0.0000000000000000000, -1.000000000000000000, 0.0000000000000000000 ) ) ;
#1522 = ORIENTED_EDGE ( 'NONE', *, *, #2426, .F. ) ;
#1523 = ORIENTED_EDGE ( 'NONE', *, *, #2522, .T. ) ;
#1524 = AXIS2_PLACEMENT_3D ( 'NONE', #3791, #974, #2402 ) ;
#1525 = DIRECTION ( 'NONE',  ( -0.6969384459455458800, -0.7171309521719220200, 0.0000000000000000000 ) ) ;
#1526 = ORIENTED_EDGE ( 'NONE', *, *, #229, .T. ) ;
#1527 = EDGE_LOOP ( 'NONE', ( #2139, #4385, #3626, #382 ) ) ;
#1528 = LINE ( 'NONE', #4655, #2633 ) ;
#1529 = ADVANCED_FACE ( 'NONE', ( #2351 ), #4014, .T. ) ;
#1530 = ORIENTED_EDGE ( 'NONE', *, *, #2174, .F. ) ;
#1531 = ORIENTED_EDGE ( 'NONE', *, *, #5800, .T. ) ;
#1532 = EDGE_CURVE ( 'NONE', #3762, #4880, #3093, .T. ) ;
#1533 = CARTESIAN_POINT ( 'NONE',  ( 0.1123348649538237200, 0.2351442958438093600, -0.01980901644462925200 ) ) ;
#1534 = DIRECTION ( 'NONE',  ( -0.0000000000000000000, -0.0000000000000000000, -1.000000000000000000 ) ) ;
#1535 = DIRECTION ( 'NONE',  ( 1.000000000000000000, 0.0000000000000000000, -0.0000000000000000000 ) ) ;
#1536 = VECTOR ( 'NONE', #535, 39.37007874015748100 ) ;
#1537 = CARTESIAN_POINT ( 'NONE',  ( -0.1871912125772847200, 0.09799999999999994800, 0.03500000000000000300 ) ) ;
#1538 = ORIENTED_EDGE ( 'NONE', *, *, #2325, .T. ) ;
#1539 = FACE_OUTER_BOUND ( 'NONE', #497, .T. ) ;
#1540 = PLANE ( 'NONE',  #1868 ) ;
#1541 = CARTESIAN_POINT ( 'NONE',  ( -0.1782054284066869600, 0.08799999999999995300, -0.1005612242791646300 ) ) ;
#1542 = CARTESIAN_POINT ( 'NONE',  ( 0.3542514457727182200, 0.2561272146310087400, 0.07441279921115510900 ) ) ;
#1543 = AXIS2_PLACEMENT_3D ( 'NONE', #4941, #4109, #3641 ) ;
#1544 = DIRECTION ( 'NONE',  ( 0.0000000000000000000, -0.0000000000000000000, 1.000000000000000000 ) ) ;
#1545 = VECTOR ( 'NONE', #3985, 39.37007874015748100 ) ;
#1546 = CARTESIAN_POINT ( 'NONE',  ( 0.0000000000000000000, 0.3539999999999999800, 0.0000000000000000000 ) ) ;
#1547 = FACE_OUTER_BOUND ( 'NONE', #5606, .T. ) ;
#1548 = FACE_OUTER_BOUND ( 'NONE', #3210, .T. ) ;
#1549 = EDGE_CURVE ( 'NONE', #1299, #4084, #4548, .T. ) ;
#1550 = DIRECTION ( 'NONE',  ( 0.0000000000000000000, 0.0000000000000000000, 1.000000000000000000 ) ) ;
#1551 = EDGE_CURVE ( 'NONE', #673, #3470, #1047, .T. ) ;
#1552 = VERTEX_POINT ( 'NONE', #5649 ) ;
#1553 = LINE ( 'NONE', #2039, #5811 ) ;
#1554 = LINE ( 'NONE', #3657, #631 ) ;
#1555 = AXIS2_PLACEMENT_3D ( 'NONE', #3305, #2361, #5667 ) ;
#1556 = DIRECTION ( 'NONE',  ( -1.000000000000000000, 2.411613600658080700E-016, 0.0000000000000000000 ) ) ;
#1557 = VERTEX_POINT ( 'NONE', #1944 ) ;
#1558 = DIRECTION ( 'NONE',  ( 1.000000000000000000, 0.0000000000000000000, 0.0000000000000000000 ) ) ;
#1559 = FACE_OUTER_BOUND ( 'NONE', #1177, .T. ) ;
#1560 = EDGE_CURVE ( 'NONE', #4802, #30, #2196, .T. ) ;
#1561 = DIRECTION ( 'NONE',  ( -0.0000000000000000000, -1.000000000000000000, -0.0000000000000000000 ) ) ;
#1562 = DIRECTION ( 'NONE',  ( 0.0000000000000000000, 1.000000000000000000, 0.0000000000000000000 ) ) ;
#1563 = EDGE_LOOP ( 'NONE', ( #5195, #230, #4596, #4914 ) ) ;
#1564 = EDGE_LOOP ( 'NONE', ( #3924, #825, #3289, #4775 ) ) ;
#1565 = ORIENTED_EDGE ( 'NONE', *, *, #1282, .T. ) ;
#1566 = VECTOR ( 'NONE', #697, 39.37007874015748100 ) ;
#1567 = VECTOR ( 'NONE', #1611, 39.37007874015748100 ) ;
#1568 = DIRECTION ( 'NONE',  ( -0.0000000000000000000, -0.0000000000000000000, -1.000000000000000000 ) ) ;
#1569 = CARTESIAN_POINT ( 'NONE',  ( 0.5008499999999999100, 0.1962533751892688000, 0.03650000000000000500 ) ) ;
#1570 = VERTEX_POINT ( 'NONE', #4697 ) ;
#1571 = ORIENTED_EDGE ( 'NONE', *, *, #3096, .T. ) ;
#1572 = CARTESIAN_POINT ( 'NONE',  ( 0.4851499999999998600, 0.1064815665455062600, 0.02649999999999999900 ) ) ;
#1573 = VECTOR ( 'NONE', #2332, 39.37007874015748100 ) ;
#1574 = ORIENTED_EDGE ( 'NONE', *, *, #4384, .F. ) ;
#1575 = DIRECTION ( 'NONE',  ( 1.000000000000000000, 0.0000000000000000000, 0.0000000000000000000 ) ) ;
#1576 = DIRECTION ( 'NONE',  ( 3.491481338843133000E-015, 7.993795080820341900E-031, -1.000000000000000000 ) ) ;
#1577 = ORIENTED_EDGE ( 'NONE', *, *, #675, .F. ) ;
#1578 = FACE_OUTER_BOUND ( 'NONE', #4837, .T. ) ;
#1579 = DIRECTION ( 'NONE',  ( -0.0000000000000000000, 1.000000000000000000, -0.0000000000000000000 ) ) ;
#1580 = EDGE_CURVE ( 'NONE', #4538, #114, #3811, .T. ) ;
#1581 = ORIENTED_EDGE ( 'NONE', *, *, #651, .F. ) ;
#1582 = ORIENTED_EDGE ( 'NONE', *, *, #4952, .T. ) ;
#1583 =( GEOMETRIC_REPRESENTATION_CONTEXT ( 3 ) GLOBAL_UNCERTAINTY_ASSIGNED_CONTEXT ( ( #3184 ) ) GLOBAL_UNIT_ASSIGNED_CONTEXT ( ( #4173, #1823, #5111 ) ) REPRESENTATION_CONTEXT ( 'NONE', 'WORKASPACE' ) );
#1584 = PLANE ( 'NONE',  #3229 ) ;
#1585 = DIRECTION ( 'NONE',  ( -0.0000000000000000000, -0.0000000000000000000, -1.000000000000000000 ) ) ;
#1586 = EDGE_CURVE ( 'NONE', #5980, #5472, #3649, .T. ) ;
#1587 = CARTESIAN_POINT ( 'NONE',  ( 0.4851499999999998600, 0.02499999999999997400, 0.07441279921115510900 ) ) ;
#1588 = ORIENTED_EDGE ( 'NONE', *, *, #4499, .T. ) ;
#1589 = EDGE_CURVE ( 'NONE', #635, #5928, #3376, .T. ) ;
#1590 = ORIENTED_EDGE ( 'NONE', *, *, #4977, .F. ) ;
#1591 = CARTESIAN_POINT ( 'NONE',  ( 0.5200000000000002400, 0.02000000000000000000, 0.02999999999999999900 ) ) ;
#1592 = CARTESIAN_POINT ( 'NONE',  ( 0.4406315876058889400, 0.3539999999999999800, -0.2160296368647534900 ) ) ;
#1593 = DIRECTION ( 'NONE',  ( 0.8144689757233656300, 0.5802071074919124000, 0.0000000000000000000 ) ) ;
#1594 = EDGE_LOOP ( 'NONE', ( #174, #1380, #1588, #3863 ) ) ;
#1595 = ORIENTED_EDGE ( 'NONE', *, *, #4584, .T. ) ;
#1596 = ORIENTED_EDGE ( 'NONE', *, *, #1908, .F. ) ;
#1597 = DIRECTION ( 'NONE',  ( 0.0000000000000000000, -0.0000000000000000000, 1.000000000000000000 ) ) ;
#1598 = DIRECTION ( 'NONE',  ( 1.000000000000000000, 0.0000000000000000000, 0.0000000000000000000 ) ) ;
#1599 = EDGE_CURVE ( 'NONE', #694, #4333, #900, .T. ) ;
#1600 = ORIENTED_EDGE ( 'NONE', *, *, #1973, .T. ) ;
#1601 = ORIENTED_EDGE ( 'NONE', *, *, #2053, .T. ) ;
#1602 = ORIENTED_EDGE ( 'NONE', *, *, #4371, .T. ) ;
#1603 = AXIS2_PLACEMENT_3D ( 'NONE', #3298, #5576, #77 ) ;
#1604 = VECTOR ( 'NONE', #4886, 39.37007874015748100 ) ;
#1605 = ORIENTED_EDGE ( 'NONE', *, *, #3407, .F. ) ;
#1606 = ORIENTED_EDGE ( 'NONE', *, *, #5795, .T. ) ;
#1607 = CARTESIAN_POINT ( 'NONE',  ( -0.1625000000000001700, 0.01999999999999999000, -0.3114582562299425500 ) ) ;
#1608 = ORIENTED_EDGE ( 'NONE', *, *, #909, .T. ) ;
#1609 = DIRECTION ( 'NONE',  ( 0.0000000000000000000, 6.982962677686265900E-015, -1.000000000000000000 ) ) ;
#1610 = VECTOR ( 'NONE', #1094, 39.37007874015748100 ) ;
#1611 = DIRECTION ( 'NONE',  ( -0.0000000000000000000, -0.0000000000000000000, -1.000000000000000000 ) ) ;
#1612 = ORIENTED_EDGE ( 'NONE', *, *, #153, .T. ) ;
#1613 = PLANE ( 'NONE',  #4403 ) ;
#1614 = ORIENTED_EDGE ( 'NONE', *, *, #455, .F. ) ;
#1615 = FACE_OUTER_BOUND ( 'NONE', #3493, .T. ) ;
#1616 = EDGE_CURVE ( 'NONE', #694, #3690, #1762, .T. ) ;
#1617 = CARTESIAN_POINT ( 'NONE',  ( -0.2602812583361163200, 0.09799999999999994800, -0.03500000000000000300 ) ) ;
#1618 = PLANE ( 'NONE',  #1636 ) ;
#1619 = FACE_OUTER_BOUND ( 'NONE', #5696, .T. ) ;
#1620 = FACE_OUTER_BOUND ( 'NONE', #5418, .T. ) ;
#1621 = CARTESIAN_POINT ( 'NONE',  ( 0.4751499999999998500, 0.05069999999999998100, 0.3316775405567138300 ) ) ;
#1622 = CARTESIAN_POINT ( 'NONE',  ( -0.03618813525387682600, 0.1293402653465204300, 0.03500000000000000300 ) ) ;
#1623 = DIRECTION ( 'NONE',  ( -1.000000000000000000, 0.0000000000000000000, 0.0000000000000000000 ) ) ;
#1624 = CIRCLE ( 'NONE', #2465, 0.02070000000000000000 ) ;
#1625 = CARTESIAN_POINT ( 'NONE',  ( 0.5008499999999999100, -0.03262376266101090600, 0.07941279921115511300 ) ) ;
#1626 = LINE ( 'NONE', #1999, #3395 ) ;
#1627 = VECTOR ( 'NONE', #2365, 39.37007874015748100 ) ;
#1628 = DIRECTION ( 'NONE',  ( -0.0000000000000000000, 1.000000000000000000, -0.0000000000000000000 ) ) ;
#1629 = AXIS2_PLACEMENT_3D ( 'NONE', #1726, #3601, #4550 ) ;
#1630 = EDGE_LOOP ( 'NONE', ( #2966, #2093, #1538, #3785 ) ) ;
#1631 = VECTOR ( 'NONE', #3385, 39.37007874015748100 ) ;
#1632 = CARTESIAN_POINT ( 'NONE',  ( -0.1782054284066869600, 0.08799999999999995300, 0.1005612242791646300 ) ) ;
#1633 = VECTOR ( 'NONE', #3523, 39.37007874015748100 ) ;
#1634 = EDGE_CURVE ( 'NONE', #1303, #2224, #5072, .T. ) ;
#1635 = ORIENTED_EDGE ( 'NONE', *, *, #4210, .T. ) ;
#1636 = AXIS2_PLACEMENT_3D ( 'NONE', #2080, #648, #1556 ) ;
#1637 = LINE ( 'NONE', #5155, #4194 ) ;
#1638 = LINE ( 'NONE', #777, #4131 ) ;
#1639 = ADVANCED_FACE ( 'NONE', ( #5438 ), #611, .F. ) ;
#1640 = DIRECTION ( 'NONE',  ( -0.0000000000000000000, -0.0000000000000000000, 1.000000000000000000 ) ) ;
#1641 = CARTESIAN_POINT ( 'NONE',  ( 0.0000000000000000000, 0.0000000000000000000, 0.02999999999999999900 ) ) ;
#1642 = CARTESIAN_POINT ( 'NONE',  ( -0.1871912125772847200, 0.08899999999999992600, -0.04487218375001673900 ) ) ;
#1643 = LINE ( 'NONE', #4870, #4128 ) ;
#1644 = DIRECTION ( 'NONE',  ( -1.000000000000000000, 0.0000000000000000000, 0.0000000000000000000 ) ) ;
#1645 = EDGE_LOOP ( 'NONE', ( #2740, #1039, #194, #1442 ) ) ;
#1646 = EDGE_CURVE ( 'NONE', #114, #4802, #4997, .T. ) ;
#1647 = SURFACE_STYLE_FILL_AREA ( #1832 ) ;
#1648 = VECTOR ( 'NONE', #5944, 39.37007874015748100 ) ;
#1649 = DIRECTION ( 'NONE',  ( -1.000000000000000000, -0.0000000000000000000, 0.0000000000000000000 ) ) ;
#1650 = CARTESIAN_POINT ( 'NONE',  ( -0.2861500000000001300, -0.1220000000000000100, 0.01299999999999999600 ) ) ;
#1651 = AXIS2_PLACEMENT_3D ( 'NONE', #2877, #5245, #4312 ) ;
#1652 = DIRECTION ( 'NONE',  ( 0.0000000000000000000, 0.0000000000000000000, -1.000000000000000000 ) ) ;
#1653 = ORIENTED_EDGE ( 'NONE', *, *, #5314, .F. ) ;
#1654 = DIRECTION ( 'NONE',  ( 0.0000000000000000000, 1.000000000000000000, 0.0000000000000000000 ) ) ;
#1655 = LINE ( 'NONE', #4118, #3768 ) ;
#1656 = EDGE_LOOP ( 'NONE', ( #4583, #3416, #3596, #1962 ) ) ;
#1657 = VERTEX_POINT ( 'NONE', #2866 ) ;
#1658 = CARTESIAN_POINT ( 'NONE',  ( 0.2166663664455244200, 0.1939999999999999800, 0.3829565062135564800 ) ) ;
#1659 = DIRECTION ( 'NONE',  ( 0.0000000000000000000, 0.0000000000000000000, -1.000000000000000000 ) ) ;
#1660 = VERTEX_POINT ( 'NONE', #5233 ) ;
#1661 = ORIENTED_EDGE ( 'NONE', *, *, #5055, .F. ) ;
#1662 = CARTESIAN_POINT ( 'NONE',  ( -0.2617245522847432300, 0.2300271050953810500, -0.3111667782127478000 ) ) ;
#1663 = ORIENTED_EDGE ( 'NONE', *, *, #395, .T. ) ;
#1664 = AXIS2_PLACEMENT_3D ( 'NONE', #473, #3223, #8 ) ;
#1665 = CARTESIAN_POINT ( 'NONE',  ( 2.683713573353796300E-016, 0.0000000000000000000, -0.07941279921115639000 ) ) ;
#1666 = CARTESIAN_POINT ( 'NONE',  ( 0.3542514457727182200, 0.2561272146310087400, -0.07441279921115510900 ) ) ;
#1667 = EDGE_LOOP ( 'NONE', ( #4347, #3368, #2163, #3673 ) ) ;
#1668 = PLANE ( 'NONE',  #3776 ) ;
#1669 = ADVANCED_FACE ( 'NONE', ( #4772 ), #2808, .F. ) ;
#1670 = EDGE_CURVE ( 'NONE', #583, #4209, #3011, .T. ) ;
#1671 = CARTESIAN_POINT ( 'NONE',  ( 0.5008499999999999100, 0.2458789754111038200, 0.02999999999999999900 ) ) ;
#1672 = EDGE_CURVE ( 'NONE', #4402, #5541, #4255, .T. ) ;
#1673 = ORIENTED_EDGE ( 'NONE', *, *, #4294, .T. ) ;
#1674 = VERTEX_POINT ( 'NONE', #1440 ) ;
#1675 = DIRECTION ( 'NONE',  ( 0.0000000000000000000, 0.0000000000000000000, -1.000000000000000000 ) ) ;
#1676 = AXIS2_PLACEMENT_3D ( 'NONE', #5388, #5863, #749 ) ;
#1677 = EDGE_LOOP ( 'NONE', ( #3151, #302, #4140, #3197 ) ) ;
#1678 = VERTEX_POINT ( 'NONE', #514 ) ;
#1679 = VERTEX_POINT ( 'NONE', #5673 ) ;
#1680 = PLANE ( 'NONE',  #3878 ) ;
#1681 = CARTESIAN_POINT ( 'NONE',  ( 0.3592514457727183400, 0.05069999999999998800, 0.3316775405567138300 ) ) ;
#1682 = DIRECTION ( 'NONE',  ( 0.0000000000000000000, 1.000000000000000000, 0.0000000000000000000 ) ) ;
#1683 = CIRCLE ( 'NONE', #3524, 0.004999999999999997500 ) ;
#1684 = EDGE_CURVE ( 'NONE', #366, #1831, #1905, .T. ) ;
#1685 = ORIENTED_EDGE ( 'NONE', *, *, #4688, .F. ) ;
#1686 = CARTESIAN_POINT ( 'NONE',  ( -0.1871912125772847200, 0.08800000000000003700, -0.06957218375001675300 ) ) ;
#1687 = AXIS2_PLACEMENT_3D ( 'NONE', #541, #1432, #4712 ) ;
#1688 = ORIENTED_EDGE ( 'NONE', *, *, #3898, .T. ) ;
#1689 = VECTOR ( 'NONE', #3698, 39.37007874015748100 ) ;
#1690 = CARTESIAN_POINT ( 'NONE',  ( 0.4851499999999998600, 0.3539999999999999800, 0.07441279921115510900 ) ) ;
#1691 = CARTESIAN_POINT ( 'NONE',  ( 0.5200000000000002400, 0.2458789754111038200, -0.02999999999999999900 ) ) ;
#1692 = ORIENTED_EDGE ( 'NONE', *, *, #5725, .T. ) ;
#1693 = CIRCLE ( 'NONE', #2626, 0.04999999999999999600 ) ;
#1694 = DIRECTION ( 'NONE',  ( 1.000000000000000000, 0.0000000000000000000, 0.0000000000000000000 ) ) ;
#1695 = VECTOR ( 'NONE', #564, 39.37007874015748100 ) ;
#1696 = VECTOR ( 'NONE', #4926, 39.37007874015748100 ) ;
#1697 = EDGE_CURVE ( 'NONE', #5719, #1570, #4163, .T. ) ;
#1698 = ADVANCED_FACE ( 'NONE', ( #3160 ), #3292, .F. ) ;
#1699 = FACE_OUTER_BOUND ( 'NONE', #1108, .T. ) ;
#1700 = DIRECTION ( 'NONE',  ( 1.000000000000000000, -0.0000000000000000000, -0.0000000000000000000 ) ) ;
#1701 = DIRECTION ( 'NONE',  ( -1.000000000000000000, -0.0000000000000000000, -0.0000000000000000000 ) ) ;
#1702 = AXIS2_PLACEMENT_3D ( 'NONE', #2878, #277, #1652 ) ;
#1703 = DIRECTION ( 'NONE',  ( 1.000000000000000000, 0.0000000000000000000, -0.0000000000000000000 ) ) ;
#1704 = VECTOR ( 'NONE', #1598, 39.37007874015748100 ) ;
#1705 = VECTOR ( 'NONE', #1045, 39.37007874015748100 ) ;
#1706 = EDGE_CURVE ( 'NONE', #915, #3221, #328, .T. ) ;
#1707 = EDGE_CURVE ( 'NONE', #4592, #2713, #2776, .T. ) ;
#1708 = CARTESIAN_POINT ( 'NONE',  ( -0.1625000000000001700, 0.1048528137423858400, -0.3114582562299425500 ) ) ;
#1709 = FACE_OUTER_BOUND ( 'NONE', #1630, .T. ) ;
#1710 = CIRCLE ( 'NONE', #2604, 0.001000000000000003100 ) ;
#1711 = AXIS2_PLACEMENT_3D ( 'NONE', #931, #5117, #1829 ) ;
#1712 = ORIENTED_EDGE ( 'NONE', *, *, #1929, .T. ) ;
#1713 = DIRECTION ( 'NONE',  ( 1.000000000000000000, -0.0000000000000000000, 0.0000000000000000000 ) ) ;
#1714 = ORIENTED_EDGE ( 'NONE', *, *, #5033, .F. ) ;
#1715 = LINE ( 'NONE', #1572, #3252 ) ;
#1716 = VECTOR ( 'NONE', #5536, 39.37007874015748100 ) ;
#1717 = EDGE_CURVE ( 'NONE', #1736, #4802, #1392, .T. ) ;
#1718 = VERTEX_POINT ( 'NONE', #5653 ) ;
#1719 = DIRECTION ( 'NONE',  ( -0.0000000000000000000, -1.000000000000000000, 0.0000000000000000000 ) ) ;
#1720 = DIRECTION ( 'NONE',  ( 0.0000000000000000000, 0.0000000000000000000, 1.000000000000000000 ) ) ;
#1721 = LINE ( 'NONE', #5921, #1427 ) ;
#1722 = CARTESIAN_POINT ( 'NONE',  ( -0.1625000000000001700, 0.01999999999999999000, -0.2814582562299425300 ) ) ;
#1723 = DIRECTION ( 'NONE',  ( -3.491481338843133000E-015, -7.993795080820341900E-031, 1.000000000000000000 ) ) ;
#1724 = ORIENTED_EDGE ( 'NONE', *, *, #4384, .T. ) ;
#1725 = VERTEX_POINT ( 'NONE', #5142 ) ;
#1726 = CARTESIAN_POINT ( 'NONE',  ( -0.3018500000000000600, 0.1136999999999999500, 0.04000000000000000100 ) ) ;
#1727 = VECTOR ( 'NONE', #1978, 39.37007874015748100 ) ;
#1728 = CARTESIAN_POINT ( 'NONE',  ( -0.2861500000000001300, -0.1219999999999999800, -0.03500000000000000300 ) ) ;
#1729 = ADVANCED_FACE ( 'NONE', ( #1615 ), #132, .T. ) ;
#1730 = DIRECTION ( 'NONE',  ( -1.000000000000000000, 0.0000000000000000000, 0.0000000000000000000 ) ) ;
#1731 = EDGE_LOOP ( 'NONE', ( #5178, #5301, #5348, #3216 ) ) ;
#1732 = ORIENTED_EDGE ( 'NONE', *, *, #1599, .T. ) ;
#1733 = CARTESIAN_POINT ( 'NONE',  ( 0.1798364051403900400, 0.2403975505874788000, 0.03500000000000000300 ) ) ;
#1734 = DIRECTION ( 'NONE',  ( 2.107907402518722000E-016, -1.000000000000000000, 0.0000000000000000000 ) ) ;
#1735 = EDGE_CURVE ( 'NONE', #890, #2823, #1968, .T. ) ;
#1736 = VERTEX_POINT ( 'NONE', #1447 ) ;
#1737 = ORIENTED_EDGE ( 'NONE', *, *, #3701, .T. ) ;
#1738 = ORIENTED_EDGE ( 'NONE', *, *, #3063, .F. ) ;
#1739 = CARTESIAN_POINT ( 'NONE',  ( 0.03568257952359021900, -0.02994123931769816100, -0.07941279921115625100 ) ) ;
#1740 = ORIENTED_EDGE ( 'NONE', *, *, #2784, .F. ) ;
#1741 = CARTESIAN_POINT ( 'NONE',  ( 0.4851499999999998600, 0.05069999999999998100, 0.03649999999999978300 ) ) ;
#1742 = ORIENTED_EDGE ( 'NONE', *, *, #3163, .T. ) ;
#1743 = AXIS2_PLACEMENT_3D ( 'NONE', #4436, #3914, #2073 ) ;
#1744 = VERTEX_POINT ( 'NONE', #4705 ) ;
#1745 = DIRECTION ( 'NONE',  ( -3.491481338843133000E-015, -7.993795080820341900E-031, -1.000000000000000000 ) ) ;
#1746 = CARTESIAN_POINT ( 'NONE',  ( 0.3592514457727182300, 0.3489999999999999800, -0.03650000000000000500 ) ) ;
#1747 = ORIENTED_EDGE ( 'NONE', *, *, #1201, .F. ) ;
#1748 = ORIENTED_EDGE ( 'NONE', *, *, #721, .T. ) ;
#1749 = DIRECTION ( 'NONE',  ( 0.0000000000000000000, 0.0000000000000000000, 1.000000000000000000 ) ) ;
#1750 = VECTOR ( 'NONE', #2934, 39.37007874015748100 ) ;
#1751 = EDGE_CURVE ( 'NONE', #1660, #5898, #4026, .T. ) ;
#1752 = ORIENTED_EDGE ( 'NONE', *, *, #1274, .F. ) ;
#1753 = CARTESIAN_POINT ( 'NONE',  ( -0.1871912125772847200, 0.08899999999999999600, 0.05387218375001674000 ) ) ;
#1754 = EDGE_LOOP ( 'NONE', ( #1430, #2850, #125, #2034 ) ) ;
#1755 = AXIS2_PLACEMENT_3D ( 'NONE', #402, #4051, #5480 ) ;
#1756 = VECTOR ( 'NONE', #5393, 39.37007874015748100 ) ;
#1757 = DIRECTION ( 'NONE',  ( 0.0000000000000000000, 0.0000000000000000000, -1.000000000000000000 ) ) ;
#1758 = EDGE_LOOP ( 'NONE', ( #1087, #5561 ) ) ;
#1759 = ADVANCED_FACE ( 'NONE', ( #547 ), #936, .T. ) ;
#1760 = ORIENTED_EDGE ( 'NONE', *, *, #4704, .T. ) ;
#1761 = EDGE_CURVE ( 'NONE', #566, #2851, #4471, .T. ) ;
#1762 = LINE ( 'NONE', #1423, #4617 ) ;
#1763 = AXIS2_PLACEMENT_3D ( 'NONE', #3584, #387, #3620 ) ;
#1764 = CARTESIAN_POINT ( 'NONE',  ( -0.1836403121902468700, 0.08799999999999995300, -0.04510330413046883400 ) ) ;
#1765 = CARTESIAN_POINT ( 'NONE',  ( 0.0000000000000000000, 0.3539999999999999800, 0.0000000000000000000 ) ) ;
#1766 = FACE_OUTER_BOUND ( 'NONE', #2392, .T. ) ;
#1767 = VECTOR ( 'NONE', #2715, 39.37007874015748100 ) ;
#1768 = VECTOR ( 'NONE', #2620, 39.37007874015748100 ) ;
#1769 = DIRECTION ( 'NONE',  ( 0.0000000000000000000, 1.000000000000000000, 0.0000000000000000000 ) ) ;
#1770 = LINE ( 'NONE', #5316, #3960 ) ;
#1771 = CIRCLE ( 'NONE', #1396, 0.4050000000000000300 ) ;
#1772 = VECTOR ( 'NONE', #2932, 39.37007874015748100 ) ;
#1773 = EDGE_CURVE ( 'NONE', #4149, #2763, #5219, .T. ) ;
#1774 = CYLINDRICAL_SURFACE ( 'NONE', #1351, 0.4400000000000000000 ) ;
#1775 = ORIENTED_EDGE ( 'NONE', *, *, #4608, .T. ) ;
#1776 = LINE ( 'NONE', #5610, #643 ) ;
#1777 = LINE ( 'NONE', #4080, #5391 ) ;
#1778 = EDGE_CURVE ( 'NONE', #861, #1353, #3222, .T. ) ;
#1779 = FACE_OUTER_BOUND ( 'NONE', #2683, .T. ) ;
#1780 = EDGE_CURVE ( 'NONE', #2123, #1303, #471, .T. ) ;
#1781 = DIRECTION ( 'NONE',  ( 1.000000000000000000, 0.0000000000000000000, 0.0000000000000000000 ) ) ;
#1782 =( NAMED_UNIT ( * ) SI_UNIT ( $, .STERADIAN. ) SOLID_ANGLE_UNIT ( ) );
#1783 = EDGE_LOOP ( 'NONE', ( #2466, #4642, #383, #3032 ) ) ;
#1784 = ADVANCED_FACE ( 'NONE', ( #5136 ), #4107, .T. ) ;
#1785 = DIRECTION ( 'NONE',  ( -0.0000000000000000000, -0.0000000000000000000, -1.000000000000000000 ) ) ;
#1786 = AXIS2_PLACEMENT_3D ( 'NONE', #1023, #4260, #2868 ) ;
#1787 = VECTOR ( 'NONE', #2166, 39.37007874015748100 ) ;
#1788 = PRESENTATION_STYLE_ASSIGNMENT (( #4593 ) ) ;
#1789 = DIRECTION ( 'NONE',  ( -2.882979351459471900E-045, 1.000000000000000000, -7.993795080820341900E-031 ) ) ;
#1790 = DIRECTION ( 'NONE',  ( -1.000000000000000000, 0.0000000000000000000, 1.016254544481191600E-016 ) ) ;
#1791 = CARTESIAN_POINT ( 'NONE',  ( -0.1624999999999999500, 0.0000000000000000000, 0.2514582562299426100 ) ) ;
#1792 = ORIENTED_EDGE ( 'NONE', *, *, #4139, .F. ) ;
#1793 = EDGE_CURVE ( 'NONE', #5916, #5196, #5364, .T. ) ;
#1794 = LINE ( 'NONE', #1437, #4965 ) ;
#1795 = CARTESIAN_POINT ( 'NONE',  ( -0.3018500000000000600, 0.09700000000000025300, 0.03500000000000000300 ) ) ;
#1796 = AXIS2_PLACEMENT_3D ( 'NONE', #1722, #1413, #3731 ) ;
#1797 = EDGE_LOOP ( 'NONE', ( #1452, #1019, #385, #3146 ) ) ;
#1798 = ORIENTED_EDGE ( 'NONE', *, *, #5833, .T. ) ;
#1799 = CARTESIAN_POINT ( 'NONE',  ( 0.3592514457727183400, 0.05069999999999998800, 0.07441279921115510900 ) ) ;
#1800 = EDGE_LOOP ( 'NONE', ( #2505, #2634, #4664, #3428 ) ) ;
#1801 = CARTESIAN_POINT ( 'NONE',  ( -0.2676451023932669400, 0.09799999999999994800, -0.04510330413046882700 ) ) ;
#1802 = CARTESIAN_POINT ( 'NONE',  ( -0.1836403121902468700, 0.09799999999999994800, 0.07334237367679336000 ) ) ;
#1803 = VERTEX_POINT ( 'NONE', #2471 ) ;
#1804 = DIRECTION ( 'NONE',  ( -1.000000000000000000, 0.0000000000000000000, 0.0000000000000000000 ) ) ;
#1805 = EDGE_LOOP ( 'NONE', ( #5834, #2548, #3851, #4620, #578, #1444 ) ) ;
#1806 = DIRECTION ( 'NONE',  ( -2.107907402518722500E-016, 1.000000000000000000, 0.0000000000000000000 ) ) ;
#1807 = VERTEX_POINT ( 'NONE', #2941 ) ;
#1808 = CARTESIAN_POINT ( 'NONE',  ( 0.3542514457727182200, 0.3489999999999999800, 0.07941279921115511300 ) ) ;
#1809 = EDGE_CURVE ( 'NONE', #36, #1894, #4394, .T. ) ;
#1810 = FILL_AREA_STYLE_COLOUR ( '', #3758 ) ;
#1811 = VERTEX_POINT ( 'NONE', #5247 ) ;
#1812 = VERTEX_POINT ( 'NONE', #4832 ) ;
#1813 = ADVANCED_FACE ( 'NONE', ( #401 ), #2568, .T. ) ;
#1814 = EDGE_CURVE ( 'NONE', #1458, #1372, #2638, .T. ) ;
#1815 = EDGE_LOOP ( 'NONE', ( #427, #5868, #1133, #3879 ) ) ;
#1816 = CARTESIAN_POINT ( 'NONE',  ( 0.1504544719160426400, 0.1816336841387844200, -0.01980901644462925200 ) ) ;
#1817 = ORIENTED_EDGE ( 'NONE', *, *, #5399, .F. ) ;
#1818 = VECTOR ( 'NONE', #1942, 39.37007874015748100 ) ;
#1819 = AXIS2_PLACEMENT_3D ( 'NONE', #891, #4619, #2696 ) ;
#1820 = PLANE ( 'NONE',  #868 ) ;
#1821 = CARTESIAN_POINT ( 'NONE',  ( -0.1871912125772847200, 2.375757882404078100E-016, -0.05387218375001704600 ) ) ;
#1822 = EDGE_LOOP ( 'NONE', ( #5852, #4741, #4988, #596 ) ) ;
#1823 =( NAMED_UNIT ( * ) PLANE_ANGLE_UNIT ( ) SI_UNIT ( $, .RADIAN. ) );
#1824 = CARTESIAN_POINT ( 'NONE',  ( 0.1504544719160426400, 0.1816336841387844200, -0.05999999999999999800 ) ) ;
#1825 = ORIENTED_EDGE ( 'NONE', *, *, #193, .T. ) ;
#1826 = VECTOR ( 'NONE', #5733, 39.37007874015748100 ) ;
#1827 = EDGE_CURVE ( 'NONE', #5277, #519, #3087, .T. ) ;
#1828 = DIRECTION ( 'NONE',  ( -0.5446390350150250900, 0.0000000000000000000, 0.8386705679454253800 ) ) ;
#1829 = DIRECTION ( 'NONE',  ( 0.0000000000000000000, 0.0000000000000000000, 1.000000000000000000 ) ) ;
#1830 = CARTESIAN_POINT ( 'NONE',  ( 0.3542514457727182200, 0.2561272146310087400, -0.07441279921115510900 ) ) ;
#1831 = VERTEX_POINT ( 'NONE', #3397 ) ;
#1832 = FILL_AREA_STYLE ('',( #1810 ) ) ;
#1833 = VECTOR ( 'NONE', #136, 39.37007874015748100 ) ;
#1834 = DIRECTION ( 'NONE',  ( -3.491481338843133000E-015, -7.993795080820341900E-031, 1.000000000000000000 ) ) ;
#1835 = FACE_OUTER_BOUND ( 'NONE', #3441, .T. ) ;
#1836 = CARTESIAN_POINT ( 'NONE',  ( 0.3556013050899988200, 0.3101212499914530200, 0.2200782523938615000 ) ) ;
#1837 = DIRECTION ( 'NONE',  ( 1.000000000000000000, -0.0000000000000000000, -0.0000000000000000000 ) ) ;
#1838 = CIRCLE ( 'NONE', #4451, 0.06569999999999998100 ) ;
#1839 = VECTOR ( 'NONE', #2129, 39.37007874015748100 ) ;
#1840 = PLANE ( 'NONE',  #3745 ) ;
#1841 = DIRECTION ( 'NONE',  ( -1.000000000000000000, 0.0000000000000000000, 0.0000000000000000000 ) ) ;
#1842 = DIRECTION ( 'NONE',  ( 0.0000000000000000000, 1.000000000000000000, 0.0000000000000000000 ) ) ;
#1843 = ORIENTED_EDGE ( 'NONE', *, *, #1586, .F. ) ;
#1844 = SURFACE_SIDE_STYLE ('',( #3043 ) ) ;
#1845 = LINE ( 'NONE', #4378, #2136 ) ;
#1846 = ADVANCED_FACE ( 'NONE', ( #1189 ), #1112, .F. ) ;
#1847 = LINE ( 'NONE', #882, #917 ) ;
#1848 = EDGE_CURVE ( 'NONE', #5279, #1150, #2270, .T. ) ;
#1849 = DIRECTION ( 'NONE',  ( 0.0000000000000000000, 6.982962677686265900E-015, -1.000000000000000000 ) ) ;
#1850 = CARTESIAN_POINT ( 'NONE',  ( -0.08509959441544572000, 0.09799999999999994800, 0.03500000000000000300 ) ) ;
#1851 = CARTESIAN_POINT ( 'NONE',  ( 0.4136423575989287000, 0.3539999999999999800, 0.1499999999999999900 ) ) ;
#1852 = FACE_OUTER_BOUND ( 'NONE', #2418, .T. ) ;
#1853 = CYLINDRICAL_SURFACE ( 'NONE', #112, 0.4050000000000000300 ) ;
#1854 = DIRECTION ( 'NONE',  ( 2.411613600658080700E-016, 1.000000000000000000, 0.0000000000000000000 ) ) ;
#1855 = VECTOR ( 'NONE', #4618, 39.37007874015748100 ) ;
#1856 = VECTOR ( 'NONE', #2014, 39.37007874015748100 ) ;
#1857 = LINE ( 'NONE', #4087, #2596 ) ;
#1858 = DIRECTION ( 'NONE',  ( 1.000000000000000000, 0.0000000000000000000, 0.0000000000000000000 ) ) ;
#1859 = ORIENTED_EDGE ( 'NONE', *, *, #2658, .F. ) ;
#1860 = EDGE_CURVE ( 'NONE', #5052, #2104, #3516, .T. ) ;
#1861 = EDGE_CURVE ( 'NONE', #1811, #1498, #263, .T. ) ;
#1862 = CARTESIAN_POINT ( 'NONE',  ( 0.5008499999999999100, -0.03262376266101090600, 0.0000000000000000000 ) ) ;
#1863 = CARTESIAN_POINT ( 'NONE',  ( 0.1728151516910407200, 0.2263550436887800900, 0.05999999999999999800 ) ) ;
#1864 = LINE ( 'NONE', #363, #1932 ) ;
#1865 = CARTESIAN_POINT ( 'NONE',  ( -0.03618813525387682600, 0.1293402653465204300, 0.05999999999999999800 ) ) ;
#1866 = AXIS2_PLACEMENT_3D ( 'NONE', #5106, #3708, #3693 ) ;
#1867 = ORIENTED_EDGE ( 'NONE', *, *, #1773, .F. ) ;
#1868 = AXIS2_PLACEMENT_3D ( 'NONE', #196, #4344, #2468 ) ;
#1869 = VERTEX_POINT ( 'NONE', #3838 ) ;
#1870 = ADVANCED_FACE ( 'NONE', ( #4321 ), #4363, .T. ) ;
#1871 = DIRECTION ( 'NONE',  ( -0.0000000000000000000, 1.000000000000000000, -0.0000000000000000000 ) ) ;
#1872 = DIRECTION ( 'NONE',  ( 1.000000000000000000, 0.0000000000000000000, 0.0000000000000000000 ) ) ;
#1873 = EDGE_LOOP ( 'NONE', ( #4537, #34, #3425, #5763, #4904, #2811 ) ) ;
#1874 = EDGE_CURVE ( 'NONE', #128, #5066, #3581, .T. ) ;
#1875 = DIRECTION ( 'NONE',  ( -0.8144689757233656300, -0.5802071074919122900, 0.0000000000000000000 ) ) ;
#1876 = ORIENTED_EDGE ( 'NONE', *, *, #3860, .T. ) ;
#1877 = AXIS2_PLACEMENT_3D ( 'NONE', #942, #4074, #5919 ) ;
#1878 = ADVANCED_FACE ( 'NONE', ( #895 ), #5770, .T. ) ;
#1879 = ORIENTED_EDGE ( 'NONE', *, *, #1354, .T. ) ;
#1880 = ORIENTED_EDGE ( 'NONE', *, *, #3609, .F. ) ;
#1881 = DIRECTION ( 'NONE',  ( -9.106159978880879400E-016, -0.0000000000000000000, -1.000000000000000000 ) ) ;
#1882 = DIRECTION ( 'NONE',  ( 0.0000000000000000000, 0.0000000000000000000, 1.000000000000000000 ) ) ;
#1883 = ORIENTED_EDGE ( 'NONE', *, *, #2388, .F. ) ;
#1884 = DIRECTION ( 'NONE',  ( 0.0000000000000000000, 1.000000000000000000, 0.0000000000000000000 ) ) ;
#1885 = CARTESIAN_POINT ( 'NONE',  ( 0.3849514457727183400, 0.04070000000000000000, -0.07441279921115510900 ) ) ;
#1886 = ORIENTED_EDGE ( 'NONE', *, *, #1896, .F. ) ;
#1887 = ORIENTED_EDGE ( 'NONE', *, *, #5339, .T. ) ;
#1888 = ORIENTED_EDGE ( 'NONE', *, *, #5981, .F. ) ;
#1889 = DIRECTION ( 'NONE',  ( -1.000000000000000000, 0.0000000000000000000, 0.0000000000000000000 ) ) ;
#1890 = EDGE_LOOP ( 'NONE', ( #5360, #3293, #4373, #3327 ) ) ;
#1891 = EDGE_CURVE ( 'NONE', #1463, #2890, #1113, .T. ) ;
#1892 = CIRCLE ( 'NONE', #3362, 0.01000000000000003000 ) ;
#1893 = ORIENTED_EDGE ( 'NONE', *, *, #5007, .F. ) ;
#1894 = VERTEX_POINT ( 'NONE', #2431 ) ;
#1895 = ORIENTED_EDGE ( 'NONE', *, *, #1551, .F. ) ;
#1896 = EDGE_CURVE ( 'NONE', #2181, #4460, #4247, .T. ) ;
#1897 = LINE ( 'NONE', #3928, #5934 ) ;
#1898 = EDGE_CURVE ( 'NONE', #3539, #694, #257, .T. ) ;
#1899 = ORIENTED_EDGE ( 'NONE', *, *, #2119, .T. ) ;
#1900 = DIRECTION ( 'NONE',  ( -1.000000000000000000, -0.0000000000000000000, -3.606521461097566400E-015 ) ) ;
#1901 = VERTEX_POINT ( 'NONE', #1947 ) ;
#1902 = AXIS2_PLACEMENT_3D ( 'NONE', #5357, #2931, #1575 ) ;
#1903 = CARTESIAN_POINT ( 'NONE',  ( -0.02707888366625379700, 0.1165531024276636000, 0.03500000000000000300 ) ) ;
#1904 = CARTESIAN_POINT ( 'NONE',  ( 0.5008499999999999100, -0.1219999999999999800, -0.02649999999999999900 ) ) ;
#1905 = LINE ( 'NONE', #2862, #695 ) ;
#1906 = CARTESIAN_POINT ( 'NONE',  ( 0.4898739130987287400, 0.2303432042099876600, -0.02649999999999999900 ) ) ;
#1907 = ADVANCED_FACE ( 'NONE', ( #5716 ), #1506, .F. ) ;
#1908 = EDGE_CURVE ( 'NONE', #457, #1901, #4466, .T. ) ;
#1909 = DIRECTION ( 'NONE',  ( 0.0000000000000000000, 0.0000000000000000000, -1.000000000000000000 ) ) ;
#1910 = CIRCLE ( 'NONE', #2230, 0.4050000000000000300 ) ;
#1911 = DIRECTION ( 'NONE',  ( -0.0000000000000000000, -0.0000000000000000000, -1.000000000000000000 ) ) ;
#1912 = VECTOR ( 'NONE', #1425, 39.37007874015748100 ) ;
#1913 = AXIS2_PLACEMENT_3D ( 'NONE', #5327, #5374, #1174 ) ;
#1914 = LINE ( 'NONE', #443, #3338 ) ;
#1915 = CARTESIAN_POINT ( 'NONE',  ( 0.3849514457727183400, 0.05069999999999998800, 0.3316775405567138300 ) ) ;
#1916 = VERTEX_POINT ( 'NONE', #4390 ) ;
#1917 = LINE ( 'NONE', #5500, #3959 ) ;
#1918 = CYLINDRICAL_SURFACE ( 'NONE', #5797, 0.001000000000000003100 ) ;
#1919 = VECTOR ( 'NONE', #1911, 39.37007874015748100 ) ;
#1920 = DIRECTION ( 'NONE',  ( -0.0000000000000000000, -0.0000000000000000000, -1.000000000000000000 ) ) ;
#1921 = LINE ( 'NONE', #5703, #3319 ) ;
#1922 = LINE ( 'NONE', #2804, #784 ) ;
#1923 = CARTESIAN_POINT ( 'NONE',  ( 0.3971380204934411000, 0.3539999999999999800, -0.07941279921115511300 ) ) ;
#1924 = PLANE ( 'NONE',  #3480 ) ;
#1925 = CARTESIAN_POINT ( 'NONE',  ( 0.3592514457727182300, 0.3489999999999999800, 0.07941279921115510000 ) ) ;
#1926 = ORIENTED_EDGE ( 'NONE', *, *, #333, .T. ) ;
#1927 = FACE_OUTER_BOUND ( 'NONE', #3482, .T. ) ;
#1928 = VECTOR ( 'NONE', #1484, 39.37007874015748100 ) ;
#1929 = EDGE_CURVE ( 'NONE', #5407, #248, #1897, .T. ) ;
#1930 = CIRCLE ( 'NONE', #2920, 0.1000000000000000500 ) ;
#1931 = EDGE_LOOP ( 'NONE', ( #394, #84, #738, #3645, #3884, #4088 ) ) ;
#1932 = VECTOR ( 'NONE', #807, 39.37007874015748100 ) ;
#1933 = CIRCLE ( 'NONE', #553, 0.06569999999999998100 ) ;
#1934 = ORIENTED_EDGE ( 'NONE', *, *, #3780, .T. ) ;
#1935 = AXIS2_PLACEMENT_3D ( 'NONE', #492, #5669, #976 ) ;
#1936 = VECTOR ( 'NONE', #4238, 39.37007874015748100 ) ;
#1937 = VERTEX_POINT ( 'NONE', #4964 ) ;
#1938 = EDGE_CURVE ( 'NONE', #3361, #5312, #3217, .T. ) ;
#1939 = CARTESIAN_POINT ( 'NONE',  ( -0.2861500000000001300, 0.05097309357355724700, -0.03500000000000000300 ) ) ;
#1940 = CARTESIAN_POINT ( 'NONE',  ( -0.02707888366625379700, 0.1165531024276636000, -0.01980901644462925200 ) ) ;
#1941 = ORIENTED_EDGE ( 'NONE', *, *, #5264, .F. ) ;
#1942 = DIRECTION ( 'NONE',  ( 1.000000000000000000, 0.0000000000000000000, 0.0000000000000000000 ) ) ;
#1943 = EDGE_LOOP ( 'NONE', ( #5509, #3074, #601, #800 ) ) ;
#1944 = CARTESIAN_POINT ( 'NONE',  ( 0.1214441165414468200, 0.2223571329249525700, 0.05999999999999999800 ) ) ;
#1945 = ORIENTED_EDGE ( 'NONE', *, *, #677, .T. ) ;
#1946 = EDGE_CURVE ( 'NONE', #5063, #5133, #4685, .T. ) ;
#1947 = CARTESIAN_POINT ( 'NONE',  ( 0.3749514457727182700, 0.05069999999999998800, 0.07441279921115510900 ) ) ;
#1948 = ORIENTED_EDGE ( 'NONE', *, *, #1891, .T. ) ;
#1949 = ORIENTED_EDGE ( 'NONE', *, *, #4542, .T. ) ;
#1950 = AXIS2_PLACEMENT_3D ( 'NONE', #2369, #3799, #5697 ) ;
#1951 = DIRECTION ( 'NONE',  ( -0.0000000000000000000, -0.0000000000000000000, -1.000000000000000000 ) ) ;
#1952 = ADVANCED_FACE ( 'NONE', ( #3722 ), #4476, .T. ) ;
#1953 = EDGE_LOOP ( 'NONE', ( #2413, #1775, #4615, #438 ) ) ;
#1954 = CARTESIAN_POINT ( 'NONE',  ( -0.1782054284066869600, 0.08799999999999995300, -0.1005612242791646300 ) ) ;
#1955 = VERTEX_POINT ( 'NONE', #1671 ) ;
#1956 = CARTESIAN_POINT ( 'NONE',  ( -0.08509959441544576200, 0.09799999999999994800, 0.01980901644462925200 ) ) ;
#1957 = DIRECTION ( 'NONE',  ( -1.000000000000000000, 0.0000000000000000000, 0.0000000000000000000 ) ) ;
#1958 = CARTESIAN_POINT ( 'NONE',  ( 0.3542514457727182200, 0.2561272146310087400, 0.09511279921115511900 ) ) ;
#1959 = EDGE_LOOP ( 'NONE', ( #1965, #1516, #5140, #3003 ) ) ;
#1960 = ORIENTED_EDGE ( 'NONE', *, *, #5933, .T. ) ;
#1961 = ADVANCED_FACE ( 'NONE', ( #5857 ), #1213, .T. ) ;
#1962 = ORIENTED_EDGE ( 'NONE', *, *, #5227, .T. ) ;
#1963 = LINE ( 'NONE', #2092, #2343 ) ;
#1964 = DIRECTION ( 'NONE',  ( -0.0000000000000000000, -0.0000000000000000000, -1.000000000000000000 ) ) ;
#1965 = ORIENTED_EDGE ( 'NONE', *, *, #118, .T. ) ;
#1966 = ORIENTED_EDGE ( 'NONE', *, *, #5529, .T. ) ;
#1967 = DIRECTION ( 'NONE',  ( -0.0000000000000000000, 0.0000000000000000000, -1.000000000000000000 ) ) ;
#1968 = CIRCLE ( 'NONE', #233, 0.4050000000000000300 ) ;
#1969 = AXIS2_PLACEMENT_3D ( 'NONE', #3331, #3352, #550 ) ;
#1970 = CARTESIAN_POINT ( 'NONE',  ( 0.1504544719160426400, 0.1816336841387844200, 0.05999999999999999800 ) ) ;
#1971 = EDGE_CURVE ( 'NONE', #4162, #5063, #5506, .T. ) ;
#1972 = ORIENTED_EDGE ( 'NONE', *, *, #2621, .F. ) ;
#1973 = EDGE_CURVE ( 'NONE', #5623, #4516, #3942, .T. ) ;
#1974 = VECTOR ( 'NONE', #902, 39.37007874015747400 ) ;
#1975 = DIRECTION ( 'NONE',  ( -0.0000000000000000000, 0.0000000000000000000, -1.000000000000000000 ) ) ;
#1976 = VECTOR ( 'NONE', #760, 39.37007874015748100 ) ;
#1977 = AXIS2_PLACEMENT_3D ( 'NONE', #5073, #3651, #820 ) ;
#1978 = DIRECTION ( 'NONE',  ( -0.0000000000000000000, 7.993795080820341900E-031, -1.000000000000000000 ) ) ;
#1979 = CARTESIAN_POINT ( 'NONE',  ( 0.3250000000000000100, 0.0000000000000000000, -0.03000000000000004400 ) ) ;
#1980 = LINE ( 'NONE', #4479, #480 ) ;
#1981 = VECTOR ( 'NONE', #2512, 39.37007874015748100 ) ;
#1982 = CARTESIAN_POINT ( 'NONE',  ( 0.4136423575989287000, 0.3539999999999999800, -0.1499999999999999900 ) ) ;
#1983 = VECTOR ( 'NONE', #4016, 39.37007874015748100 ) ;
#1984 = ADVANCED_FACE ( 'NONE', ( #689 ), #698, .T. ) ;
#1985 = EDGE_CURVE ( 'NONE', #4162, #759, #4316, .T. ) ;
#1986 = ORIENTED_EDGE ( 'NONE', *, *, #102, .F. ) ;
#1987 = CARTESIAN_POINT ( 'NONE',  ( 0.5200000000000000200, 0.02000000000000000000, -0.1499999999999999900 ) ) ;
#1988 = DIRECTION ( 'NONE',  ( -1.000000000000000000, 0.0000000000000000000, 0.0000000000000000000 ) ) ;
#1989 = AXIS2_PLACEMENT_3D ( 'NONE', #5152, #2806, #525 ) ;
#1990 = LINE ( 'NONE', #3014, #1704 ) ;
#1991 = LINE ( 'NONE', #4396, #5016 ) ;
#1992 = PLANE ( 'NONE',  #5600 ) ;
#1993 = FACE_OUTER_BOUND ( 'NONE', #4097, .T. ) ;
#1994 = CARTESIAN_POINT ( 'NONE',  ( 0.3592514457727183400, 0.3489999999999999800, 0.09511279921115509100 ) ) ;
#1995 = FACE_OUTER_BOUND ( 'NONE', #964, .T. ) ;
#1996 = ORIENTED_EDGE ( 'NONE', *, *, #5099, .F. ) ;
#1997 = FACE_OUTER_BOUND ( 'NONE', #5901, .T. ) ;
#1998 = CYLINDRICAL_SURFACE ( 'NONE', #3044, 0.01000000000000003000 ) ;
#1999 = CARTESIAN_POINT ( 'NONE',  ( 0.3592514457727182300, 0.3489999999999999800, 0.07441279921115510900 ) ) ;
#2000 = FACE_OUTER_BOUND ( 'NONE', #5976, .T. ) ;
#2001 = PLANE ( 'NONE',  #9 ) ;
#2002 = CARTESIAN_POINT ( 'NONE',  ( 0.3866318234399264100, 0.3539999999999999800, -0.1205853768228867800 ) ) ;
#2003 = ORIENTED_EDGE ( 'NONE', *, *, #5640, .T. ) ;
#2004 = EDGE_CURVE ( 'NONE', #4682, #5898, #1963, .T. ) ;
#2005 = FACE_OUTER_BOUND ( 'NONE', #5806, .T. ) ;
#2006 = AXIS2_PLACEMENT_3D ( 'NONE', #2536, #1550, #702 ) ;
#2007 = CARTESIAN_POINT ( 'NONE',  ( 0.5008499999999999100, 0.05069999999999998100, -0.03649999999999987300 ) ) ;
#2008 = DIRECTION ( 'NONE',  ( 1.000000000000000000, 0.0000000000000000000, -0.0000000000000000000 ) ) ;
#2009 = EDGE_LOOP ( 'NONE', ( #4366, #240, #3910, #5711 ) ) ;
#2010 = EDGE_CURVE ( 'NONE', #4209, #1679, #5794, .T. ) ;
#2011 = ORIENTED_EDGE ( 'NONE', *, *, #3691, .F. ) ;
#2012 = EDGE_CURVE ( 'NONE', #867, #5909, #5568, .T. ) ;
#2013 = DIRECTION ( 'NONE',  ( -1.000000000000000000, 0.0000000000000000000, 0.0000000000000000000 ) ) ;
#2014 = DIRECTION ( 'NONE',  ( 0.0000000000000000000, -1.000000000000000000, 0.0000000000000000000 ) ) ;
#2015 = ORIENTED_EDGE ( 'NONE', *, *, #2960, .T. ) ;
#2016 = AXIS2_PLACEMENT_3D ( 'NONE', #3191, #3330, #2769 ) ;
#2017 = VERTEX_POINT ( 'NONE', #4891 ) ;
#2018 = DIRECTION ( 'NONE',  ( 1.000000000000000000, -2.411613600658080700E-016, 0.0000000000000000000 ) ) ;
#2019 = ORIENTED_EDGE ( 'NONE', *, *, #4744, .F. ) ;
#2020 = EDGE_CURVE ( 'NONE', #30, #510, #2266, .T. ) ;
#2021 = EDGE_LOOP ( 'NONE', ( #5096, #1307, #4796, #3864, #4315, #1685 ) ) ;
#2022 = DIRECTION ( 'NONE',  ( 2.107907402518722000E-016, -1.000000000000000000, 0.0000000000000000000 ) ) ;
#2023 = AXIS2_PLACEMENT_3D ( 'NONE', #529, #3260, #505 ) ;
#2024 = ORIENTED_EDGE ( 'NONE', *, *, #2677, .F. ) ;
#2025 = PLANE ( 'NONE',  #4695 ) ;
#2026 = CARTESIAN_POINT ( 'NONE',  ( -0.1579362876644513900, 0.09799999999999994800, -8.537024980200822600E-018 ) ) ;
#2027 = ORIENTED_EDGE ( 'NONE', *, *, #1778, .F. ) ;
#2028 = DIRECTION ( 'NONE',  ( -0.0000000000000000000, -0.0000000000000000000, -1.000000000000000000 ) ) ;
#2029 = DIRECTION ( 'NONE',  ( 3.299333325681477300E-015, 0.0000000000000000000, 1.000000000000000000 ) ) ;
#2030 = ORIENTED_EDGE ( 'NONE', *, *, #2925, .T. ) ;
#2031 = VERTEX_POINT ( 'NONE', #1131 ) ;
#2032 = DIRECTION ( 'NONE',  ( -0.0000000000000000000, -0.0000000000000000000, -1.000000000000000000 ) ) ;
#2033 = VECTOR ( 'NONE', #2022, 39.37007874015748100 ) ;
#2034 = ORIENTED_EDGE ( 'NONE', *, *, #2800, .T. ) ;
#2035 = ORIENTED_EDGE ( 'NONE', *, *, #5766, .F. ) ;
#2036 = VERTEX_POINT ( 'NONE', #2072 ) ;
#2037 = EDGE_CURVE ( 'NONE', #173, #5133, #2852, .T. ) ;
#2038 = DIRECTION ( 'NONE',  ( 0.0000000000000000000, 0.0000000000000000000, -1.000000000000000000 ) ) ;
#2039 = CARTESIAN_POINT ( 'NONE',  ( 0.3284790447376123000, 1.255025827688793700E-032, -0.09511279921115521600 ) ) ;
#2040 = VECTOR ( 'NONE', #3109, 39.37007874015748100 ) ;
#2041 = ORIENTED_EDGE ( 'NONE', *, *, #3357, .T. ) ;
#2042 = DIRECTION ( 'NONE',  ( -0.0000000000000000000, -0.0000000000000000000, 1.000000000000000000 ) ) ;
#2043 = ORIENTED_EDGE ( 'NONE', *, *, #5557, .F. ) ;
#2044 = LINE ( 'NONE', #920, #2427 ) ;
#2045 = CARTESIAN_POINT ( 'NONE',  ( 0.4898739130987287400, 0.2303432042099876600, 0.02649999999999999900 ) ) ;
#2046 = PLANE ( 'NONE',  #2087 ) ;
#2047 = CARTESIAN_POINT ( 'NONE',  ( 0.0000000000000000000, 0.02000000000000000000, 0.04000000000000000100 ) ) ;
#2048 = AXIS2_PLACEMENT_3D ( 'NONE', #1666, #1229, #1167 ) ;
#2049 = CARTESIAN_POINT ( 'NONE',  ( 0.0000000000000000000, -0.08951745790924044200, 0.0000000000000000000 ) ) ;
#2050 = LINE ( 'NONE', #5644, #776 ) ;
#2051 = CIRCLE ( 'NONE', #1255, 0.01000000000000003000 ) ;
#2052 = LINE ( 'NONE', #2193, #70 ) ;
#2053 = EDGE_CURVE ( 'NONE', #4066, #3470, #1462, .T. ) ;
#2054 = VERTEX_POINT ( 'NONE', #4982 ) ;
#2055 = FACE_OUTER_BOUND ( 'NONE', #3076, .T. ) ;
#2056 = VECTOR ( 'NONE', #5761, 39.37007874015748100 ) ;
#2057 = AXIS2_PLACEMENT_3D ( 'NONE', #5084, #5591, #1757 ) ;
#2058 = DIRECTION ( 'NONE',  ( 0.0000000000000000000, 0.0000000000000000000, -1.000000000000000000 ) ) ;
#2059 = PLANE ( 'NONE',  #5717 ) ;
#2060 = CARTESIAN_POINT ( 'NONE',  ( 0.3749514457727182200, 0.3065609852421052900, 0.03650000000000000500 ) ) ;
#2061 = LINE ( 'NONE', #665, #5086 ) ;
#2062 = LINE ( 'NONE', #1746, #2218 ) ;
#2063 = EDGE_CURVE ( 'NONE', #3635, #5063, #4764, .T. ) ;
#2064 = CARTESIAN_POINT ( 'NONE',  ( 0.2110350557508422200, 0.2247982252822526800, 0.01980901644462925200 ) ) ;
#2065 = DIRECTION ( 'NONE',  ( 1.000000000000000000, 0.0000000000000000000, 0.0000000000000000000 ) ) ;
#2066 = AXIS2_PLACEMENT_3D ( 'NONE', #3767, #3370, #1050 ) ;
#2067 = DIRECTION ( 'NONE',  ( -0.0000000000000000000, -0.0000000000000000000, -1.000000000000000000 ) ) ;
#2068 = ORIENTED_EDGE ( 'NONE', *, *, #2103, .T. ) ;
#2069 = LINE ( 'NONE', #5914, #1001 ) ;
#2070 = LINE ( 'NONE', #4766, #853 ) ;
#2071 = VECTOR ( 'NONE', #4310, 39.37007874015748100 ) ;
#2072 = CARTESIAN_POINT ( 'NONE',  ( -0.3018500000000000600, 0.05097309357355724700, -0.03500000000000000300 ) ) ;
#2073 = DIRECTION ( 'NONE',  ( 0.4472135954999570400, 0.8944271909999164100, 0.0000000000000000000 ) ) ;
#2074 = VERTEX_POINT ( 'NONE', #2651 ) ;
#2075 = CARTESIAN_POINT ( 'NONE',  ( -0.1782054284066869600, 0.09799999999999994800, 0.05999999999999999800 ) ) ;
#2076 = CYLINDRICAL_SURFACE ( 'NONE', #2698, 0.02570000000000001400 ) ;
#2077 = VERTEX_POINT ( 'NONE', #3507 ) ;
#2078 = CARTESIAN_POINT ( 'NONE',  ( -0.03618813525387682600, 0.1293402653465204300, -0.01980901644462925200 ) ) ;
#2079 = CARTESIAN_POINT ( 'NONE',  ( -0.2602812583361163200, 0.09799999999999994800, 0.03500000000000000300 ) ) ;
#2080 = CARTESIAN_POINT ( 'NONE',  ( 0.3592514457727183400, 0.02500000000000000500, -0.3316775405567138300 ) ) ;
#2081 =( BOUNDED_CURVE ( )  B_SPLINE_CURVE ( 3, ( #3795, #957, #5631, #2406 ),
 .UNSPECIFIED., .F., .T. ) 
 B_SPLINE_CURVE_WITH_KNOTS ( ( 4, 4 ),
 ( 1.570796326794898600, 2.252139224433171700 ),
 .UNSPECIFIED. ) 
 CURVE ( )  GEOMETRIC_REPRESENTATION_ITEM ( )  RATIONAL_B_SPLINE_CURVE ( ( 1.000000000000000000, 0.9616870223423665800, 0.9616870223423665800, 1.000000000000000000 ) ) 
 REPRESENTATION_ITEM ( '' )  );
#2082 = VECTOR ( 'NONE', #2828, 39.37007874015748100 ) ;
#2083 = CARTESIAN_POINT ( 'NONE',  ( 0.1798364051403900400, 0.2403975505874788000, 0.03500000000000000300 ) ) ;
#2084 = DIRECTION ( 'NONE',  ( 1.000000000000000000, 0.0000000000000000000, 0.0000000000000000000 ) ) ;
#2085 = ORIENTED_EDGE ( 'NONE', *, *, #3557, .T. ) ;
#2086 = ORIENTED_EDGE ( 'NONE', *, *, #5839, .T. ) ;
#2087 = AXIS2_PLACEMENT_3D ( 'NONE', #2980, #3046, #1029 ) ;
#2088 = CARTESIAN_POINT ( 'NONE',  ( -0.1624999999999999500, 0.1048528137423858400, 0.2814582562299426400 ) ) ;
#2089 = DIRECTION ( 'NONE',  ( 0.0000000000000000000, 1.000000000000000000, 0.0000000000000000000 ) ) ;
#2090 = ADVANCED_FACE ( 'NONE', ( #972 ), #2632, .F. ) ;
#2091 = EDGE_CURVE ( 'NONE', #5346, #3129, #3803, .T. ) ;
#2092 = CARTESIAN_POINT ( 'NONE',  ( -0.1625000000000001700, 0.1048528137423858400, -0.2514582562299425000 ) ) ;
#2093 = ORIENTED_EDGE ( 'NONE', *, *, #151, .T. ) ;
#2094 = EDGE_CURVE ( 'NONE', #2666, #5277, #756, .T. ) ;
#2095 = ORIENTED_EDGE ( 'NONE', *, *, #3477, .F. ) ;
#2096 = DIRECTION ( 'NONE',  ( -1.000000000000000000, 0.0000000000000000000, 0.0000000000000000000 ) ) ;
#2097 = DIRECTION ( 'NONE',  ( -0.4924235601034646100, 0.0000000000000000000, 0.8703556959399009200 ) ) ;
#2098 = DIRECTION ( 'NONE',  ( 0.4472135954999570400, 0.8944271909999164100, 0.0000000000000000000 ) ) ;
#2099 = EDGE_LOOP ( 'NONE', ( #1752, #2531, #2798, #3552, #515, #2551 ) ) ;
#2100 = ORIENTED_EDGE ( 'NONE', *, *, #3590, .T. ) ;
#2101 = CARTESIAN_POINT ( 'NONE',  ( 0.3971380204934411000, 0.09799999999999994800, 0.07941279921115511300 ) ) ;
#2102 = DIRECTION ( 'NONE',  ( -0.0000000000000000000, -0.0000000000000000000, -1.000000000000000000 ) ) ;
#2103 = EDGE_CURVE ( 'NONE', #656, #670, #4099, .T. ) ;
#2104 = VERTEX_POINT ( 'NONE', #2690 ) ;
#2105 = ORIENTED_EDGE ( 'NONE', *, *, #1466, .T. ) ;
#2106 = ORIENTED_EDGE ( 'NONE', *, *, #4168, .T. ) ;
#2107 = DIRECTION ( 'NONE',  ( 0.4472135954999574800, 0.8944271909999160800, -0.0000000000000000000 ) ) ;
#2108 = CARTESIAN_POINT ( 'NONE',  ( 0.2110350557508421700, -0.1219999999999999600, 0.01980901644462925200 ) ) ;
#2109 = ORIENTED_EDGE ( 'NONE', *, *, #2414, .T. ) ;
#2110 = ORIENTED_EDGE ( 'NONE', *, *, #5285, .T. ) ;
#2111 = CARTESIAN_POINT ( 'NONE',  ( 0.3592514457727182300, 0.3065609852421052900, -0.03650000000000000500 ) ) ;
#2112 = VECTOR ( 'NONE', #1249, 39.37007874015748100 ) ;
#2113 = DIRECTION ( 'NONE',  ( -1.000000000000000000, 0.0000000000000000000, 0.0000000000000000000 ) ) ;
#2114 = CARTESIAN_POINT ( 'NONE',  ( 0.4751499999999998500, 0.04069999999999997200, -0.07441279921115510900 ) ) ;
#2115 = ORIENTED_EDGE ( 'NONE', *, *, #690, .F. ) ;
#2116 = CARTESIAN_POINT ( 'NONE',  ( -0.2602812583361163200, 0.08899999999999999600, -0.05387218375001674000 ) ) ;
#2117 = ORIENTED_EDGE ( 'NONE', *, *, #3407, .T. ) ;
#2118 = VECTOR ( 'NONE', #1854, 39.37007874015748100 ) ;
#2119 = EDGE_CURVE ( 'NONE', #3155, #295, #3004, .T. ) ;
#2120 = ADVANCED_FACE ( 'NONE', ( #127, #3297, #823, #4917, #2415 ), #3149, .F. ) ;
#2121 = CARTESIAN_POINT ( 'NONE',  ( 0.4751499999999998500, 0.05069999999999998100, -0.03650000000000000500 ) ) ;
#2122 = CARTESIAN_POINT ( 'NONE',  ( 0.1123348649538237200, 0.2351442958438093600, 0.03500000000000000300 ) ) ;
#2123 = VERTEX_POINT ( 'NONE', #5929 ) ;
#2124 = LINE ( 'NONE', #2889, #906 ) ;
#2125 = LINE ( 'NONE', #4142, #3957 ) ;
#2126 = PLANE ( 'NONE',  #3988 ) ;
#2127 = DIRECTION ( 'NONE',  ( -0.0000000000000000000, 1.000000000000000000, 0.0000000000000000000 ) ) ;
#2128 = EDGE_CURVE ( 'NONE', #5350, #5720, #6001, .T. ) ;
#2129 = DIRECTION ( 'NONE',  ( 0.0000000000000000000, 0.0000000000000000000, -1.000000000000000000 ) ) ;
#2130 = CARTESIAN_POINT ( 'NONE',  ( 0.3542514457727182200, 0.3489999999999999800, -0.07441279921115510900 ) ) ;
#2131 = CIRCLE ( 'NONE', #1796, 0.03000000000000002300 ) ;
#2132 = DIRECTION ( 'NONE',  ( -1.000000000000000000, 0.0000000000000000000, 0.0000000000000000000 ) ) ;
#2133 = LINE ( 'NONE', #647, #5945 ) ;
#2134 = LINE ( 'NONE', #4514, #1839 ) ;
#2135 = AXIS2_PLACEMENT_3D ( 'NONE', #2121, #3495, #3536 ) ;
#2136 = VECTOR ( 'NONE', #1576, 39.37007874015748100 ) ;
#2137 = FACE_OUTER_BOUND ( 'NONE', #1731, .T. ) ;
#2138 = EDGE_CURVE ( 'NONE', #4477, #5434, #1040, .T. ) ;
#2139 = ORIENTED_EDGE ( 'NONE', *, *, #4090, .F. ) ;
#2140 = AXIS2_PLACEMENT_3D ( 'NONE', #2599, #343, #3538 ) ;
#2141 = VECTOR ( 'NONE', #522, 39.37007874015748100 ) ;
#2142 = DIRECTION ( 'NONE',  ( -0.0000000000000000000, -1.000000000000000000, -0.0000000000000000000 ) ) ;
#2143 = LINE ( 'NONE', #3819, #4497 ) ;
#2144 = PLANE ( 'NONE',  #5419 ) ;
#2145 = DIRECTION ( 'NONE',  ( 0.8944271909999160800, -0.4472135954999574800, 0.0000000000000000000 ) ) ;
#2146 = ORIENTED_EDGE ( 'NONE', *, *, #2329, .T. ) ;
#2147 = VECTOR ( 'NONE', #3550, 39.37007874015748100 ) ;
#2148 = FACE_OUTER_BOUND ( 'NONE', #4507, .T. ) ;
#2149 = VECTOR ( 'NONE', #5513, 39.37007874015748100 ) ;
#2150 = CARTESIAN_POINT ( 'NONE',  ( 0.3749514457727182200, 0.3489999999999999800, -0.07441279921115510900 ) ) ;
#2151 = AXIS2_PLACEMENT_3D ( 'NONE', #3381, #1474, #3805 ) ;
#2152 = PLANE ( 'NONE',  #3892 ) ;
#2153 = ORIENTED_EDGE ( 'NONE', *, *, #5449, .F. ) ;
#2154 = ADVANCED_FACE ( 'NONE', ( #1184 ), #4040, .T. ) ;
#2155 = DIRECTION ( 'NONE',  ( 1.000000000000000000, 0.0000000000000000000, 0.0000000000000000000 ) ) ;
#2156 = CYLINDRICAL_SURFACE ( 'NONE', #3244, 0.4050000000000000300 ) ;
#2157 = PLANE ( 'NONE',  #3200 ) ;
#2158 = ORIENTED_EDGE ( 'NONE', *, *, #4734, .F. ) ;
#2159 = EDGE_CURVE ( 'NONE', #723, #2704, #3369, .T. ) ;
#2160 = ORIENTED_EDGE ( 'NONE', *, *, #4072, .T. ) ;
#2161 = DIRECTION ( 'NONE',  ( 0.0000000000000000000, -1.000000000000000000, 0.0000000000000000000 ) ) ;
#2162 = CARTESIAN_POINT ( 'NONE',  ( -0.2602812583361163200, 0.09799999999999999000, 0.04487218375001673900 ) ) ;
#2163 = ORIENTED_EDGE ( 'NONE', *, *, #3466, .T. ) ;
#2164 = ORIENTED_EDGE ( 'NONE', *, *, #5609, .T. ) ;
#2165 = CARTESIAN_POINT ( 'NONE',  ( -0.2861500000000001300, -0.1220000000000000100, 0.01299999999999999600 ) ) ;
#2166 = DIRECTION ( 'NONE',  ( -1.000000000000000000, 0.0000000000000000000, 0.0000000000000000000 ) ) ;
#2167 = VERTEX_POINT ( 'NONE', #2712 ) ;
#2168 = AXIS2_PLACEMENT_3D ( 'NONE', #4919, #2573, #2113 ) ;
#2169 = DIRECTION ( 'NONE',  ( -1.000000000000000000, 0.0000000000000000000, 0.0000000000000000000 ) ) ;
#2170 = DIRECTION ( 'NONE',  ( -0.0000000000000000000, 0.0000000000000000000, 1.000000000000000000 ) ) ;
#2171 = ORIENTED_EDGE ( 'NONE', *, *, #5677, .F. ) ;
#2172 = EDGE_CURVE ( 'NONE', #6, #3155, #4844, .T. ) ;
#2173 = DIRECTION ( 'NONE',  ( -1.000000000000000000, 0.0000000000000000000, 0.0000000000000000000 ) ) ;
#2174 = EDGE_CURVE ( 'NONE', #379, #5791, #2185, .T. ) ;
#2175 = ORIENTED_EDGE ( 'NONE', *, *, #5159, .T. ) ;
#2176 = ORIENTED_EDGE ( 'NONE', *, *, #1400, .T. ) ;
#2177 = CARTESIAN_POINT ( 'NONE',  ( -0.3018500000000000600, 0.02000000000000000000, 0.0000000000000000000 ) ) ;
#2178 = ORIENTED_EDGE ( 'NONE', *, *, #365, .T. ) ;
#2179 = DIRECTION ( 'NONE',  ( 0.0000000000000000000, 0.0000000000000000000, -1.000000000000000000 ) ) ;
#2180 = AXIS2_PLACEMENT_3D ( 'NONE', #5089, #2777, #6014 ) ;
#2181 = VERTEX_POINT ( 'NONE', #812 ) ;
#2182 = EDGE_LOOP ( 'NONE', ( #2110, #5738, #5975, #3621 ) ) ;
#2183 = ORIENTED_EDGE ( 'NONE', *, *, #3459, .F. ) ;
#2184 = ADVANCED_FACE ( 'NONE', ( #53 ), #828, .F. ) ;
#2185 = LINE ( 'NONE', #781, #5129 ) ;
#2186 = EDGE_CURVE ( 'NONE', #2707, #2036, #3714, .T. ) ;
#2187 = CARTESIAN_POINT ( 'NONE',  ( 0.5011328690478279400, 0.2194012706086425900, -0.02649999999999999900 ) ) ;
#2188 = ORIENTED_EDGE ( 'NONE', *, *, #5979, .F. ) ;
#2189 = AXIS2_PLACEMENT_3D ( 'NONE', #4174, #3261, #4572 ) ;
#2190 = ORIENTED_EDGE ( 'NONE', *, *, #335, .T. ) ;
#2191 = ORIENTED_EDGE ( 'NONE', *, *, #3580, .T. ) ;
#2192 = VECTOR ( 'NONE', #3911, 39.37007874015748100 ) ;
#2193 = CARTESIAN_POINT ( 'NONE',  ( -0.2602812583361163200, 0.08899999999999999600, 0.05387218375001675400 ) ) ;
#2194 = CARTESIAN_POINT ( 'NONE',  ( 0.1728151516910407200, 0.2263550436887800900, 0.01980901644462925200 ) ) ;
#2195 = ORIENTED_EDGE ( 'NONE', *, *, #4968, .T. ) ;
#2196 = CIRCLE ( 'NONE', #2066, 0.01000000000000003000 ) ;
#2197 = CARTESIAN_POINT ( 'NONE',  ( 0.4751499999999998500, 0.05069999999999998100, 0.03650000000000000500 ) ) ;
#2198 = CARTESIAN_POINT ( 'NONE',  ( -0.2602812583361163200, 0.08899999999999999600, 0.04487218375001673900 ) ) ;
#2199 = LINE ( 'NONE', #2114, #4699 ) ;
#2200 = FACE_OUTER_BOUND ( 'NONE', #32, .T. ) ;
#2201 = EDGE_CURVE ( 'NONE', #2407, #3375, #5205, .T. ) ;
#2202 = LINE ( 'NONE', #653, #1482 ) ;
#2203 = CARTESIAN_POINT ( 'NONE',  ( 0.4136423575989287000, 0.3539999999999999800, 0.1499999999999999900 ) ) ;
#2204 = PLANE ( 'NONE',  #5070 ) ;
#2205 = AXIS2_PLACEMENT_3D ( 'NONE', #1994, #5289, #2476 ) ;
#2206 = DIRECTION ( 'NONE',  ( 0.0000000000000000000, 0.0000000000000000000, -1.000000000000000000 ) ) ;
#2207 = LINE ( 'NONE', #5034, #5079 ) ;
#2208 = FACE_OUTER_BOUND ( 'NONE', #4835, .T. ) ;
#2209 = EDGE_CURVE ( 'NONE', #5189, #3586, #1683, .T. ) ;
#2210 = EDGE_CURVE ( 'NONE', #1674, #5560, #4021, .T. ) ;
#2211 = CARTESIAN_POINT ( 'NONE',  ( 0.5011328690478279400, 0.2194012706086425900, -0.02649999999999999900 ) ) ;
#2212 = DIRECTION ( 'NONE',  ( 0.0000000000000000000, 0.0000000000000000000, 1.000000000000000000 ) ) ;
#2213 = ORIENTED_EDGE ( 'NONE', *, *, #5589, .T. ) ;
#2214 = FILL_AREA_STYLE_COLOUR ( '', #5092 ) ;
#2215 = VECTOR ( 'NONE', #3793, 39.37007874015748100 ) ;
#2216 = ADVANCED_FACE ( 'NONE', ( #324 ), #2256, .F. ) ;
#2217 = ADVANCED_FACE ( 'NONE', ( #4535 ), #2298, .F. ) ;
#2218 = VECTOR ( 'NONE', #4102, 39.37007874015748100 ) ;
#2219 = CARTESIAN_POINT ( 'NONE',  ( 0.3536520336729308000, 0.3489999999999999800, -0.09511279921115511900 ) ) ;
#2220 = AXIS2_PLACEMENT_3D ( 'NONE', #1617, #3404, #5334 ) ;
#2221 = DIRECTION ( 'NONE',  ( -0.7171309521719219100, 0.6969384459455459900, 0.0000000000000000000 ) ) ;
#2222 = DIRECTION ( 'NONE',  ( 0.0000000000000000000, 3.794233324533698300E-015, 1.000000000000000000 ) ) ;
#2223 = DIRECTION ( 'NONE',  ( 0.0000000000000000000, -3.414809992080342100E-015, -1.000000000000000000 ) ) ;
#2224 = VERTEX_POINT ( 'NONE', #3719 ) ;
#2225 = LINE ( 'NONE', #5895, #927 ) ;
#2226 = VECTOR ( 'NONE', #3030, 39.37007874015748100 ) ;
#2227 = CIRCLE ( 'NONE', #3728, 0.02470000000000000300 ) ;
#2228 = EDGE_CURVE ( 'NONE', #2104, #969, #1455, .T. ) ;
#2229 = DIRECTION ( 'NONE',  ( 0.0000000000000000000, 0.0000000000000000000, 1.000000000000000000 ) ) ;
#2230 = AXIS2_PLACEMENT_3D ( 'NONE', #1546, #4836, #5830 ) ;
#2231 = ORIENTED_EDGE ( 'NONE', *, *, #2840, .T. ) ;
#2232 = CIRCLE ( 'NONE', #4945, 0.4050000000000000300 ) ;
#2233 = LENGTH_MEASURE_WITH_UNIT ( LENGTH_MEASURE( 0.02539999999999999900 ), #3658 );
#2234 = DIRECTION ( 'NONE',  ( 0.0000000000000000000, 1.000000000000000000, -3.414809992080342100E-015 ) ) ;
#2235 = EDGE_LOOP ( 'NONE', ( #5553, #1886, #3634, #2109 ) ) ;
#2236 = DIRECTION ( 'NONE',  ( 0.8944271909999160800, -0.4472135954999574800, 0.0000000000000000000 ) ) ;
#2237 = FACE_BOUND ( 'NONE', #1783, .T. ) ;
#2238 = DIRECTION ( 'NONE',  ( -0.0000000000000000000, -0.0000000000000000000, -1.000000000000000000 ) ) ;
#2239 = ORIENTED_EDGE ( 'NONE', *, *, #76, .T. ) ;
#2240 = VERTEX_POINT ( 'NONE', #1342 ) ;
#2241 = DIRECTION ( 'NONE',  ( 0.0000000000000000000, 0.0000000000000000000, -1.000000000000000000 ) ) ;
#2242 = DIRECTION ( 'NONE',  ( 0.0000000000000000000, 1.000000000000000000, 0.0000000000000000000 ) ) ;
#2243 = EDGE_CURVE ( 'NONE', #3539, #4477, #4681, .T. ) ;
#2244 = ORIENTED_EDGE ( 'NONE', *, *, #638, .T. ) ;
#2245 = CARTESIAN_POINT ( 'NONE',  ( 0.4406315876058889400, 0.3539999999999999800, 0.2160296368647534900 ) ) ;
#2246 = EDGE_LOOP ( 'NONE', ( #513, #5850, #5681, #3847 ) ) ;
#2247 = ADVANCED_FACE ( 'NONE', ( #3439 ), #965, .F. ) ;
#2248 = ORIENTED_EDGE ( 'NONE', *, *, #5557, .T. ) ;
#2249 = PLANE ( 'NONE',  #2180 ) ;
#2250 = ORIENTED_EDGE ( 'NONE', *, *, #5991, .F. ) ;
#2251 = DIRECTION ( 'NONE',  ( 0.0000000000000000000, 1.000000000000000000, 0.0000000000000000000 ) ) ;
#2252 = CARTESIAN_POINT ( 'NONE',  ( 0.2414532404824823200, 0.08799999999999995300, 0.1005612242791646300 ) ) ;
#2253 = ORIENTED_EDGE ( 'NONE', *, *, #4322, .T. ) ;
#2254 = DIRECTION ( 'NONE',  ( 0.0000000000000000000, 0.0000000000000000000, 1.000000000000000000 ) ) ;
#2255 = VERTEX_POINT ( 'NONE', #4614 ) ;
#2256 = PLANE ( 'NONE',  #4913 ) ;
#2257 = LINE ( 'NONE', #4905, #637 ) ;
#2258 = EDGE_CURVE ( 'NONE', #2623, #960, #250, .T. ) ;
#2259 = VERTEX_POINT ( 'NONE', #24 ) ;
#2260 = CARTESIAN_POINT ( 'NONE',  ( 0.3749514457727182200, 0.3489999999999999800, -0.3316775405567138300 ) ) ;
#2261 = ORIENTED_EDGE ( 'NONE', *, *, #4561, .T. ) ;
#2262 = DIRECTION ( 'NONE',  ( -1.000000000000000000, 0.0000000000000000000, 0.0000000000000000000 ) ) ;
#2263 = CARTESIAN_POINT ( 'NONE',  ( 0.4898739130987287400, 0.2303432042099876600, 0.02649999999999999900 ) ) ;
#2264 = ORIENTED_EDGE ( 'NONE', *, *, #754, .F. ) ;
#2265 = AXIS2_PLACEMENT_3D ( 'NONE', #3132, #2694, #4984 ) ;
#2266 = LINE ( 'NONE', #1587, #4541 ) ;
#2267 = CARTESIAN_POINT ( 'NONE',  ( -0.3018500000000000600, -0.1219999999999999800, 0.03500000000000000300 ) ) ;
#2268 = EDGE_LOOP ( 'NONE', ( #2907, #5832, #1022, #5638 ) ) ;
#2269 = ORIENTED_EDGE ( 'NONE', *, *, #4804, .F. ) ;
#2270 = LINE ( 'NONE', #4291, #1826 ) ;
#2271 = VERTEX_POINT ( 'NONE', #5078 ) ;
#2272 = CARTESIAN_POINT ( 'NONE',  ( 0.0000000000000000000, 0.1939999999999999800, 0.0000000000000000000 ) ) ;
#2273 = LINE ( 'NONE', #3231, #3446 ) ;
#2274 = FACE_OUTER_BOUND ( 'NONE', #5135, .T. ) ;
#2275 = ADVANCED_FACE ( 'NONE', ( #3798 ), #3636, .T. ) ;
#2276 = DIRECTION ( 'NONE',  ( -0.0000000000000000000, -0.0000000000000000000, -1.000000000000000000 ) ) ;
#2277 = FACE_OUTER_BOUND ( 'NONE', #5108, .T. ) ;
#2278 = CARTESIAN_POINT ( 'NONE',  ( 0.5008499999999999100, -0.1219999999999999800, -0.02649999999999999900 ) ) ;
#2279 = CARTESIAN_POINT ( 'NONE',  ( 0.3971380204934411000, 0.3539999999999999800, -0.07941279921115511300 ) ) ;
#2280 = LINE ( 'NONE', #1036, #5876 ) ;
#2281 = CIRCLE ( 'NONE', #644, 0.02999999999999998800 ) ;
#2282 = SURFACE_SIDE_STYLE ('',( #1647 ) ) ;
#2283 = ORIENTED_EDGE ( 'NONE', *, *, #249, .T. ) ;
#2284 = VECTOR ( 'NONE', #3829, 39.37007874015748100 ) ;
#2285 = FACE_OUTER_BOUND ( 'NONE', #321, .T. ) ;
#2286 = AXIS2_PLACEMENT_3D ( 'NONE', #2108, #5409, #3166 ) ;
#2287 = ORIENTED_EDGE ( 'NONE', *, *, #1086, .F. ) ;
#2288 = CARTESIAN_POINT ( 'NONE',  ( -0.08509959441544569200, 0.1136999999999999400, -0.05999999999999999800 ) ) ;
#2289 = VECTOR ( 'NONE', #3303, 39.37007874015748100 ) ;
#2290 = EDGE_CURVE ( 'NONE', #2623, #969, #5930, .T. ) ;
#2291 = VECTOR ( 'NONE', #4289, 39.37007874015748100 ) ;
#2292 = EDGE_CURVE ( 'NONE', #1803, #1384, #5785, .T. ) ;
#2293 = DIRECTION ( 'NONE',  ( -2.107907402518722500E-016, 1.000000000000000000, 0.0000000000000000000 ) ) ;
#2294 = CARTESIAN_POINT ( 'NONE',  ( -0.2602812583361163200, 0.1136999999999999500, -0.03500000000000000300 ) ) ;
#2295 = CARTESIAN_POINT ( 'NONE',  ( -0.08509959441544569200, 0.1136999999999999400, -0.05999999999999999800 ) ) ;
#2296 =( LENGTH_UNIT ( ) NAMED_UNIT ( * ) SI_UNIT ( $, .METRE. ) );
#2297 = ORIENTED_EDGE ( 'NONE', *, *, #5514, .F. ) ;
#2298 = PLANE ( 'NONE',  #5107 ) ;
#2299 = AXIS2_PLACEMENT_3D ( 'NONE', #5053, #1333, #3162 ) ;
#2300 = ORIENTED_EDGE ( 'NONE', *, *, #2752, .F. ) ;
#2301 = AXIS2_PLACEMENT_3D ( 'NONE', #330, #2687, #2169 ) ;
#2302 = LINE ( 'NONE', #2078, #1281 ) ;
#2303 = DIRECTION ( 'NONE',  ( -0.0000000000000000000, -1.000000000000000000, -0.0000000000000000000 ) ) ;
#2304 = ORIENTED_EDGE ( 'NONE', *, *, #5741, .T. ) ;
#2305 = EDGE_CURVE ( 'NONE', #4333, #5636, #4159, .T. ) ;
#2306 = LINE ( 'NONE', #3945, #4206 ) ;
#2307 =( NAMED_UNIT ( * ) PLANE_ANGLE_UNIT ( ) SI_UNIT ( $, .RADIAN. ) );
#2308 = AXIS2_PLACEMENT_3D ( 'NONE', #4687, #4235, #5169 ) ;
#2309 = ADVANCED_FACE ( 'NONE', ( #2926 ), #4154, .T. ) ;
#2310 = ORIENTED_EDGE ( 'NONE', *, *, #730, .T. ) ;
#2311 = ORIENTED_EDGE ( 'NONE', *, *, #2103, .F. ) ;
#2312 = CARTESIAN_POINT ( 'NONE',  ( 0.1798364051403900400, 0.2403975505874788000, -0.05999999999999999800 ) ) ;
#2313 = CARTESIAN_POINT ( 'NONE',  ( 0.1994315418419032300, 0.1939999999999999800, -0.3524940568556600400 ) ) ;
#2314 = PLANE ( 'NONE',  #1877 ) ;
#2315 = ORIENTED_EDGE ( 'NONE', *, *, #5099, .T. ) ;
#2316 = CARTESIAN_POINT ( 'NONE',  ( 0.0000000000000000000, 0.3539999999999999800, 0.0000000000000000000 ) ) ;
#2317 = DIRECTION ( 'NONE',  ( -0.0000000000000000000, -0.0000000000000000000, -1.000000000000000000 ) ) ;
#2318 = CARTESIAN_POINT ( 'NONE',  ( -0.3018500000000000600, -0.1219999999999999800, 0.03500000000000000300 ) ) ;
#2319 = ORIENTED_EDGE ( 'NONE', *, *, #534, .T. ) ;
#2320 = DIRECTION ( 'NONE',  ( 1.000000000000000000, 0.0000000000000000000, -3.491481338843133000E-015 ) ) ;
#2321 = ORIENTED_EDGE ( 'NONE', *, *, #1201, .T. ) ;
#2322 = DIRECTION ( 'NONE',  ( 0.0000000000000000000, -7.993795080820341900E-031, -1.000000000000000000 ) ) ;
#2323 = ORIENTED_EDGE ( 'NONE', *, *, #3862, .F. ) ;
#2324 = CARTESIAN_POINT ( 'NONE',  ( -0.1871912125772847200, 0.08800000000000003700, -0.06957218375001675300 ) ) ;
#2325 = EDGE_CURVE ( 'NONE', #5632, #890, #5992, .T. ) ;
#2326 = ORIENTED_EDGE ( 'NONE', *, *, #5495, .T. ) ;
#2327 = EDGE_LOOP ( 'NONE', ( #2775, #2335, #735, #3355 ) ) ;
#2328 = ORIENTED_EDGE ( 'NONE', *, *, #2464, .F. ) ;
#2329 = EDGE_CURVE ( 'NONE', #686, #2995, #1528, .T. ) ;
#2330 = EDGE_CURVE ( 'NONE', #2809, #4443, #3935, .T. ) ;
#2331 = ORIENTED_EDGE ( 'NONE', *, *, #3164, .T. ) ;
#2332 = DIRECTION ( 'NONE',  ( -1.000000000000000000, -0.0000000000000000000, -0.0000000000000000000 ) ) ;
#2333 = VERTEX_POINT ( 'NONE', #4693 ) ;
#2334 = DIRECTION ( 'NONE',  ( 0.0000000000000000000, 0.0000000000000000000, -1.000000000000000000 ) ) ;
#2335 = ORIENTED_EDGE ( 'NONE', *, *, #5707, .T. ) ;
#2336 = LINE ( 'NONE', #4399, #2033 ) ;
#2337 = AXIS2_PLACEMENT_3D ( 'NONE', #4009, #2582, #5421 ) ;
#2338 = DIRECTION ( 'NONE',  ( -0.0000000000000000000, -0.0000000000000000000, -1.000000000000000000 ) ) ;
#2339 = FILL_AREA_STYLE ('',( #4196 ) ) ;
#2340 = ORIENTED_EDGE ( 'NONE', *, *, #757, .F. ) ;
#2341 = ADVANCED_FACE ( 'NONE', ( #2556 ), #4785, .F. ) ;
#2342 = ORIENTED_EDGE ( 'NONE', *, *, #4561, .F. ) ;
#2343 = VECTOR ( 'NONE', #3049, 39.37007874015748100 ) ;
#2344 = EDGE_CURVE ( 'NONE', #1937, #366, #2485, .T. ) ;
#2345 = DIRECTION ( 'NONE',  ( 1.000000000000000000, 0.0000000000000000000, 0.0000000000000000000 ) ) ;
#2346 = DIRECTION ( 'NONE',  ( 0.0000000000000000000, -0.0000000000000000000, 1.000000000000000000 ) ) ;
#2347 = PLANE ( 'NONE',  #5324 ) ;
#2348 = AXIS2_PLACEMENT_3D ( 'NONE', #4654, #1842, #445 ) ;
#2349 = ORIENTED_EDGE ( 'NONE', *, *, #1707, .F. ) ;
#2350 = DIRECTION ( 'NONE',  ( 1.000000000000000000, 2.107907402518721800E-016, 0.0000000000000000000 ) ) ;
#2351 = FACE_OUTER_BOUND ( 'NONE', #4364, .T. ) ;
#2352 = FACE_OUTER_BOUND ( 'NONE', #3900, .T. ) ;
#2353 = CARTESIAN_POINT ( 'NONE',  ( 0.5200000000000000200, 0.02000000000000000000, -0.1499999999999999900 ) ) ;
#2354 = CARTESIAN_POINT ( 'NONE',  ( -0.2602812583361163200, 0.08899999999999992600, -0.04487218375001673900 ) ) ;
#2355 = LINE ( 'NONE', #1490, #3526 ) ;
#2356 = VECTOR ( 'NONE', #3616, 39.37007874015748100 ) ;
#2357 = CARTESIAN_POINT ( 'NONE',  ( 0.5049722381740571200, 0.2458789754111038200, 0.02649999999999999900 ) ) ;
#2358 = DIRECTION ( 'NONE',  ( -1.000000000000000000, -0.0000000000000000000, 0.0000000000000000000 ) ) ;
#2359 = VECTOR ( 'NONE', #2681, 39.37007874015748100 ) ;
#2360 = FACE_OUTER_BOUND ( 'NONE', #661, .T. ) ;
#2361 = DIRECTION ( 'NONE',  ( 0.0000000000000000000, 0.0000000000000000000, -1.000000000000000000 ) ) ;
#2362 = EDGE_CURVE ( 'NONE', #898, #100, #3150, .T. ) ;
#2363 = DIRECTION ( 'NONE',  ( -0.8944271909999160800, 0.4472135954999574800, 0.0000000000000000000 ) ) ;
#2364 = ORIENTED_EDGE ( 'NONE', *, *, #5707, .F. ) ;
#2365 = DIRECTION ( 'NONE',  ( -1.000000000000000000, -0.0000000000000000000, 0.0000000000000000000 ) ) ;
#2366 = CARTESIAN_POINT ( 'NONE',  ( 0.2414532404824823200, 0.08799999999999995300, 0.1005612242791646300 ) ) ;
#2367 = LINE ( 'NONE', #2384, #422 ) ;
#2368 = LINE ( 'NONE', #844, #5527 ) ;
#2369 = CARTESIAN_POINT ( 'NONE',  ( -0.1625000000000001700, 0.0000000000000000000, -0.2814582562299425300 ) ) ;
#2370 = ADVANCED_FACE ( 'NONE', ( #5281, #3291 ), #992, .T. ) ;
#2371 = ORIENTED_EDGE ( 'NONE', *, *, #1672, .T. ) ;
#2372 = FACE_OUTER_BOUND ( 'NONE', #4314, .T. ) ;
#2373 = FACE_OUTER_BOUND ( 'NONE', #3246, .T. ) ;
#2374 = AXIS2_PLACEMENT_3D ( 'NONE', #3462, #1623, #5890 ) ;
#2375 = CARTESIAN_POINT ( 'NONE',  ( 0.2901396657263243300, 0.2541712150407649000, 0.3011738696013707100 ) ) ;
#2376 = EDGE_LOOP ( 'NONE', ( #5772, #345, #4589, #3366 ) ) ;
#2377 = EDGE_CURVE ( 'NONE', #3773, #3206, #1386, .T. ) ;
#2378 = CARTESIAN_POINT ( 'NONE',  ( -0.08509959441544576200, 0.09799999999999994800, -0.01980901644462925200 ) ) ;
#2379 = VECTOR ( 'NONE', #874, 39.37007874015748100 ) ;
#2380 = SURFACE_STYLE_USAGE ( .BOTH. , #1438 ) ;
#2381 = ORIENTED_EDGE ( 'NONE', *, *, #5383, .F. ) ;
#2382 = DIRECTION ( 'NONE',  ( 1.000000000000000000, 0.0000000000000000000, 0.0000000000000000000 ) ) ;
#2384 = CARTESIAN_POINT ( 'NONE',  ( -0.2602812583361163200, 0.08800000000000003700, -0.06957218375001675300 ) ) ;
#2383 = VECTOR ( 'NONE', #1007, 39.37007874015748100 ) ;
#2385 = CARTESIAN_POINT ( 'NONE',  ( -0.3075395468060168100, 0.2654269671952040900, -0.3167187588482638900 ) ) ;
#2386 = CARTESIAN_POINT ( 'NONE',  ( 0.4751499999999998500, 0.05069999999999998100, 0.07441279921115510900 ) ) ;
#2387 = ORIENTED_EDGE ( 'NONE', *, *, #5314, .T. ) ;
#2388 = EDGE_CURVE ( 'NONE', #1570, #457, #533, .T. ) ;
#2389 = DIRECTION ( 'NONE',  ( -0.0000000000000000000, -0.0000000000000000000, -1.000000000000000000 ) ) ;
#2390 = ORIENTED_EDGE ( 'NONE', *, *, #4940, .T. ) ;
#2391 = AXIS2_PLACEMENT_3D ( 'NONE', #582, #1975, #2909 ) ;
#2392 = EDGE_LOOP ( 'NONE', ( #4412, #5058, #5922, #2641 ) ) ;
#2393 = ORIENTED_EDGE ( 'NONE', *, *, #5869, .T. ) ;
#2394 = DIRECTION ( 'NONE',  ( 1.000000000000000000, 2.107907402518721800E-016, 0.0000000000000000000 ) ) ;
#2395 = ORIENTED_EDGE ( 'NONE', *, *, #2494, .F. ) ;
#2396 = PLANE ( 'NONE',  #1786 ) ;
#2397 = DIRECTION ( 'NONE',  ( -0.5802071074919124000, 0.8144689757233657400, 0.0000000000000000000 ) ) ;
#2398 = DIRECTION ( 'NONE',  ( 0.0000000000000000000, 1.000000000000000000, 0.0000000000000000000 ) ) ;
#2399 = ORIENTED_EDGE ( 'NONE', *, *, #993, .T. ) ;
#2400 = VERTEX_POINT ( 'NONE', #2401 ) ;
#2401 = CARTESIAN_POINT ( 'NONE',  ( -0.2676451023932669400, 0.08799999999999995300, -0.04510330413046882700 ) ) ;
#2402 = DIRECTION ( 'NONE',  ( 1.000000000000000000, 0.0000000000000000000, 0.0000000000000000000 ) ) ;
#2403 = CARTESIAN_POINT ( 'NONE',  ( -0.2602812583361163200, 0.1136999999999999800, 0.04487218375001673900 ) ) ;
#2404 = CARTESIAN_POINT ( 'NONE',  ( 0.3849514457727183400, 0.04070000000000000000, 0.3316775405567138300 ) ) ;
#2405 = ORIENTED_EDGE ( 'NONE', *, *, #5285, .F. ) ;
#2406 = CARTESIAN_POINT ( 'NONE',  ( 0.4094907954362470600, 0.3539999999999999800, -0.1609884730438476400 ) ) ;
#2407 = VERTEX_POINT ( 'NONE', #5646 ) ;
#2408 = LINE ( 'NONE', #227, #5390 ) ;
#2409 = CARTESIAN_POINT ( 'NONE',  ( -0.2861500000000001300, -0.1219999999999999800, 0.03500000000000000300 ) ) ;
#2410 = AXIS2_PLACEMENT_3D ( 'NONE', #584, #3423, #2949 ) ;
#2411 = ORIENTED_EDGE ( 'NONE', *, *, #721, .F. ) ;
#2412 = ORIENTED_EDGE ( 'NONE', *, *, #5753, .F. ) ;
#2413 = ORIENTED_EDGE ( 'NONE', *, *, #5475, .T. ) ;
#2414 = EDGE_CURVE ( 'NONE', #4457, #4380, #5352, .T. ) ;
#2415 = FACE_OUTER_BOUND ( 'NONE', #3505, .T. ) ;
#2416 = EDGE_CURVE ( 'NONE', #1812, #3139, #3575, .T. ) ;
#2417 = ORIENTED_EDGE ( 'NONE', *, *, #288, .F. ) ;
#2418 = EDGE_LOOP ( 'NONE', ( #3628, #5675, #5505, #5614 ) ) ;
#2419 = AXIS2_PLACEMENT_3D ( 'NONE', #3045, #1166, #3973 ) ;
#2420 = CARTESIAN_POINT ( 'NONE',  ( -0.2851500000000001300, 0.1136999999999999500, -0.03500000000000000300 ) ) ;
#2421 = DIRECTION ( 'NONE',  ( -0.0000000000000000000, 1.000000000000000000, 0.0000000000000000000 ) ) ;
#2422 = VECTOR ( 'NONE', #4254, 39.37007874015748100 ) ;
#2423 = PLANE ( 'NONE',  #338 ) ;
#2424 = ORIENTED_EDGE ( 'NONE', *, *, #3156, .T. ) ;
#2425 = ADVANCED_FACE ( 'NONE', ( #1310 ), #4718, .F. ) ;
#2426 = EDGE_CURVE ( 'NONE', #5478, #4162, #818, .T. ) ;
#2427 = VECTOR ( 'NONE', #941, 39.37007874015748100 ) ;
#2428 = DIRECTION ( 'NONE',  ( -0.0000000000000000000, -0.0000000000000000000, -1.000000000000000000 ) ) ;
#2429 = FACE_OUTER_BOUND ( 'NONE', #1677, .T. ) ;
#2430 = AXIS2_PLACEMENT_3D ( 'NONE', #2826, #1882, #1433 ) ;
#2431 = CARTESIAN_POINT ( 'NONE',  ( -0.3018500000000000600, -0.1220000000000000100, -0.01299999999999999600 ) ) ;
#2432 = DIRECTION ( 'NONE',  ( 0.0000000000000000000, 0.0000000000000000000, -1.000000000000000000 ) ) ;
#2433 = VECTOR ( 'NONE', #1701, 39.37007874015748100 ) ;
#2434 = ADVANCED_FACE ( 'NONE', ( #1109 ), #2423, .F. ) ;
#2435 = CIRCLE ( 'NONE', #2337, 0.02570000000000001400 ) ;
#2436 = CYLINDRICAL_SURFACE ( 'NONE', #5562, 0.02570000000000001400 ) ;
#2437 = DIRECTION ( 'NONE',  ( -1.000000000000000000, -0.0000000000000000000, -0.0000000000000000000 ) ) ;
#2438 = VECTOR ( 'NONE', #4422, 39.37007874015748100 ) ;
#2439 = VECTOR ( 'NONE', #3145, 39.37007874015748100 ) ;
#2440 = CARTESIAN_POINT ( 'NONE',  ( 0.3849514457727183400, 0.04069999999999999300, -0.03649999999999992100 ) ) ;
#2441 = DIRECTION ( 'NONE',  ( 9.106159978880879400E-016, 0.0000000000000000000, -1.000000000000000000 ) ) ;
#2442 = ORIENTED_EDGE ( 'NONE', *, *, #3445, .T. ) ;
#2443 = DIRECTION ( 'NONE',  ( 0.0000000000000000000, 0.0000000000000000000, -1.000000000000000000 ) ) ;
#2444 = VECTOR ( 'NONE', #1871, 39.37007874015748100 ) ;
#2445 = LINE ( 'NONE', #4475, #5824 ) ;
#2446 = EDGE_CURVE ( 'NONE', #4737, #4382, #186, .T. ) ;
#2447 = FACE_OUTER_BOUND ( 'NONE', #5468, .T. ) ;
#2448 = PLANE ( 'NONE',  #5257 ) ;
#2449 = DIRECTION ( 'NONE',  ( 0.0000000000000000000, 1.000000000000000000, 0.0000000000000000000 ) ) ;
#2450 = ORIENTED_EDGE ( 'NONE', *, *, #801, .T. ) ;
#2451 = FACE_OUTER_BOUND ( 'NONE', #1564, .T. ) ;
#2452 = EDGE_CURVE ( 'NONE', #2542, #1901, #2336, .T. ) ;
#2453 = CIRCLE ( 'NONE', #1664, 0.02999999999999998800 ) ;
#2454 = DIRECTION ( 'NONE',  ( -1.000000000000000000, 0.0000000000000000000, 0.0000000000000000000 ) ) ;
#2455 = ORIENTED_EDGE ( 'NONE', *, *, #5362, .F. ) ;
#2456 = AXIS2_PLACEMENT_3D ( 'NONE', #2750, #2262, #2241 ) ;
#2457 = ADVANCED_FACE ( 'NONE', ( #4907 ), #5338, .T. ) ;
#2458 = FACE_OUTER_BOUND ( 'NONE', #3429, .T. ) ;
#2459 = DIRECTION ( 'NONE',  ( -0.0000000000000000000, -0.0000000000000000000, -1.000000000000000000 ) ) ;
#2460 = VERTEX_POINT ( 'NONE', #5298 ) ;
#2461 = DIRECTION ( 'NONE',  ( -0.0000000000000000000, 1.000000000000000000, -0.0000000000000000000 ) ) ;
#2462 = DIRECTION ( 'NONE',  ( 0.0000000000000000000, 0.0000000000000000000, 1.000000000000000000 ) ) ;
#2463 = ORIENTED_EDGE ( 'NONE', *, *, #1751, .T. ) ;
#2464 = EDGE_CURVE ( 'NONE', #247, #903, #3637, .T. ) ;
#2465 = AXIS2_PLACEMENT_3D ( 'NONE', #4070, #1278, #766 ) ;
#2466 = ORIENTED_EDGE ( 'NONE', *, *, #2766, .T. ) ;
#2467 = ORIENTED_EDGE ( 'NONE', *, *, #1059, .F. ) ;
#2468 = DIRECTION ( 'NONE',  ( 0.0000000000000000000, -0.0000000000000000000, 1.000000000000000000 ) ) ;
#2469 = CARTESIAN_POINT ( 'NONE',  ( -4.959819536546781200E-017, -0.08951745790924044200, -0.4050000000000000300 ) ) ;
#2470 = DIMENSIONAL_EXPONENTS ( 1.000000000000000000, 0.0000000000000000000, 0.0000000000000000000, 0.0000000000000000000, 0.0000000000000000000, 0.0000000000000000000, 0.0000000000000000000 ) ;
#2471 = CARTESIAN_POINT ( 'NONE',  ( 0.2040138023014928500, 0.2107557183835540600, 0.05999999999999999800 ) ) ;
#2472 = ORIENTED_EDGE ( 'NONE', *, *, #2012, .F. ) ;
#2473 = ORIENTED_EDGE ( 'NONE', *, *, #3333, .T. ) ;
#2474 = AXIS2_PLACEMENT_3D ( 'NONE', #5708, #5179, #3348 ) ;
#2475 = CARTESIAN_POINT ( 'NONE',  ( -0.2851500000000001300, 0.09799999999999994800, -0.03500000000000000300 ) ) ;
#2476 = DIRECTION ( 'NONE',  ( 0.0000000000000000000, 7.993795080820341900E-031, 1.000000000000000000 ) ) ;
#2477 = ORIENTED_EDGE ( 'NONE', *, *, #3667, .T. ) ;
#2478 = VERTEX_POINT ( 'NONE', #1982 ) ;
#2479 = EDGE_CURVE ( 'NONE', #1718, #5989, #5639, .T. ) ;
#2480 = DIRECTION ( 'NONE',  ( 0.0000000000000000000, -1.000000000000000000, 0.0000000000000000000 ) ) ;
#2481 = CARTESIAN_POINT ( 'NONE',  ( 0.3542514457727182200, 0.3489999999999999800, 0.07941279921115511300 ) ) ;
#2482 = ORIENTED_EDGE ( 'NONE', *, *, #40, .T. ) ;
#2483 = CARTESIAN_POINT ( 'NONE',  ( 0.0000000000000000000, 0.2999999999999999900, 0.0000000000000000000 ) ) ;
#2484 = ORIENTED_EDGE ( 'NONE', *, *, #4499, .F. ) ;
#2485 = CIRCLE ( 'NONE', #4694, 0.009000000000000001100 ) ;
#2486 = ADVANCED_FACE ( 'NONE', ( #4839 ), #5278, .T. ) ;
#2487 = ORIENTED_EDGE ( 'NONE', *, *, #4212, .F. ) ;
#2488 = DIRECTION ( 'NONE',  ( 0.0000000000000000000, 0.0000000000000000000, 1.000000000000000000 ) ) ;
#2489 = CARTESIAN_POINT ( 'NONE',  ( -0.2602812583361163200, 0.08899999999999999600, 0.04487218375001673900 ) ) ;
#2490 = ORIENTED_EDGE ( 'NONE', *, *, #5164, .T. ) ;
#2491 = VECTOR ( 'NONE', #2608, 39.37007874015748100 ) ;
#2492 = DIRECTION ( 'NONE',  ( 0.0000000000000000000, 0.0000000000000000000, 1.000000000000000000 ) ) ;
#2493 = PLANE ( 'NONE',  #272 ) ;
#2494 = EDGE_CURVE ( 'NONE', #4236, #1552, #2998, .T. ) ;
#2495 = VERTEX_POINT ( 'NONE', #3427 ) ;
#2496 = EDGE_CURVE ( 'NONE', #1448, #1736, #4237, .T. ) ;
#2497 = AXIS2_PLACEMENT_3D ( 'NONE', #1031, #5710, #2901 ) ;
#2498 = DIRECTION ( 'NONE',  ( -1.000000000000000000, 0.0000000000000000000, 0.0000000000000000000 ) ) ;
#2499 = DIRECTION ( 'NONE',  ( -0.0000000000000000000, -0.0000000000000000000, -1.000000000000000000 ) ) ;
#2500 = CARTESIAN_POINT ( 'NONE',  ( -0.2861500000000001300, 0.09699999999999998900, 0.03500000000000000300 ) ) ;
#2501 = VECTOR ( 'NONE', #3377, 39.37007874015748100 ) ;
#2502 = CARTESIAN_POINT ( 'NONE',  ( -0.2602812583361163200, 0.1136999999999999800, 0.04487218375001673900 ) ) ;
#2503 = FACE_OUTER_BOUND ( 'NONE', #3499, .T. ) ;
#2504 = EDGE_CURVE ( 'NONE', #3908, #635, #2845, .T. ) ;
#2505 = ORIENTED_EDGE ( 'NONE', *, *, #4829, .T. ) ;
#2506 = DIRECTION ( 'NONE',  ( 0.0000000000000000000, 1.000000000000000000, 0.0000000000000000000 ) ) ;
#2507 = DIRECTION ( 'NONE',  ( -0.0000000000000000000, 0.0000000000000000000, -1.000000000000000000 ) ) ;
#2508 = AXIS2_PLACEMENT_3D ( 'NONE', #3053, #5872, #1196 ) ;
#2509 = LINE ( 'NONE', #2122, #4264 ) ;
#2510 = FACE_OUTER_BOUND ( 'NONE', #5999, .T. ) ;
#2511 = DIRECTION ( 'NONE',  ( 0.0000000000000000000, 1.000000000000000000, 3.414809992080342100E-015 ) ) ;
#2512 = DIRECTION ( 'NONE',  ( 0.0000000000000000000, 0.0000000000000000000, -1.000000000000000000 ) ) ;
#2513 = LINE ( 'NONE', #4698, #5240 ) ;
#2514 = VECTOR ( 'NONE', #2170, 39.37007874015748100 ) ;
#2515 = ORIENTED_EDGE ( 'NONE', *, *, #899, .T. ) ;
#2516 = LINE ( 'NONE', #3518, #1141 ) ;
#2517 = PLANE ( 'NONE',  #2719 ) ;
#2518 = VECTOR ( 'NONE', #5315, 39.37007874015748100 ) ;
#2519 = PLANE ( 'NONE',  #4660 ) ;
#2520 = DIRECTION ( 'NONE',  ( 0.0000000000000000000, 0.0000000000000000000, -1.000000000000000000 ) ) ;
#2521 = EDGE_LOOP ( 'NONE', ( #222, #4277, #1737, #3264 ) ) ;
#2522 = EDGE_CURVE ( 'NONE', #350, #121, #1033, .T. ) ;
#2523 = LINE ( 'NONE', #2705, #3411 ) ;
#2524 = AXIS2_PLACEMENT_3D ( 'NONE', #2630, #3602, #3106 ) ;
#2525 = CARTESIAN_POINT ( 'NONE',  ( -0.3402816435600639100, 0.2999999999999999900, -0.3036583656941830900 ) ) ;
#2526 = PLANE ( 'NONE',  #3929 ) ;
#2527 = CARTESIAN_POINT ( 'NONE',  ( -0.1871912125772847200, 0.09799999999999994800, 0.03500000000000000300 ) ) ;
#2528 = ORIENTED_EDGE ( 'NONE', *, *, #2258, .F. ) ;
#2529 = EDGE_CURVE ( 'NONE', #4973, #1679, #1176, .T. ) ;
#2530 = DIRECTION ( 'NONE',  ( 0.0000000000000000000, 0.0000000000000000000, 1.000000000000000000 ) ) ;
#2531 = ORIENTED_EDGE ( 'NONE', *, *, #4521, .T. ) ;
#2532 = EDGE_CURVE ( 'NONE', #3779, #1498, #2408, .T. ) ;
#2533 = VECTOR ( 'NONE', #562, 39.37007874015748100 ) ;
#2534 = DIRECTION ( 'NONE',  ( 0.0000000000000000000, 1.000000000000000000, 0.0000000000000000000 ) ) ;
#2535 = CARTESIAN_POINT ( 'NONE',  ( 0.3536520336729308000, 0.3489999999999999800, 0.09511279921115511900 ) ) ;
#2536 = CARTESIAN_POINT ( 'NONE',  ( 0.1504544719160426400, 0.1816336841387844200, -0.03500000000000000300 ) ) ;
#2537 = ORIENTED_EDGE ( 'NONE', *, *, #1293, .F. ) ;
#2538 = ORIENTED_EDGE ( 'NONE', *, *, #1697, .F. ) ;
#2539 = DIRECTION ( 'NONE',  ( 1.000000000000000000, 0.0000000000000000000, 0.0000000000000000000 ) ) ;
#2540 = DIRECTION ( 'NONE',  ( 0.0000000000000000000, 0.0000000000000000000, 1.000000000000000000 ) ) ;
#2541 = CARTESIAN_POINT ( 'NONE',  ( 0.5018499999999999100, 0.2187043321626970500, 0.02649999999999999900 ) ) ;
#2542 = VERTEX_POINT ( 'NONE', #5821 ) ;
#2543 = EDGE_CURVE ( 'NONE', #5916, #2031, #4413, .T. ) ;
#2544 = ORIENTED_EDGE ( 'NONE', *, *, #256, .T. ) ;
#2545 = CARTESIAN_POINT ( 'NONE',  ( -0.1624999999999999500, 0.1048528137423858400, 0.3114582562299426100 ) ) ;
#2546 = DIRECTION ( 'NONE',  ( 1.000000000000000000, -2.411613600658080700E-016, 0.0000000000000000000 ) ) ;
#2547 = ORIENTED_EDGE ( 'NONE', *, *, #2377, .T. ) ;
#2548 = ORIENTED_EDGE ( 'NONE', *, *, #5589, .F. ) ;
#2549 = CARTESIAN_POINT ( 'NONE',  ( 0.3592514457727182300, 0.01999999999999999000, 0.07941279921115511300 ) ) ;
#2550 = DIRECTION ( 'NONE',  ( 0.0000000000000000000, 0.0000000000000000000, -1.000000000000000000 ) ) ;
#2551 = ORIENTED_EDGE ( 'NONE', *, *, #5974, .F. ) ;
#2552 = DIRECTION ( 'NONE',  ( 0.0000000000000000000, 0.0000000000000000000, -1.000000000000000000 ) ) ;
#2553 = EDGE_LOOP ( 'NONE', ( #1449, #2994, #3540, #599 ) ) ;
#2554 = ORIENTED_EDGE ( 'NONE', *, *, #1586, .T. ) ;
#2555 = CARTESIAN_POINT ( 'NONE',  ( -0.1579362876644513900, 0.1136999999999999400, -0.01980901644462925900 ) ) ;
#2556 = FACE_OUTER_BOUND ( 'NONE', #3775, .T. ) ;
#2557 = ORIENTED_EDGE ( 'NONE', *, *, #2755, .F. ) ;
#2558 = ORIENTED_EDGE ( 'NONE', *, *, #706, .F. ) ;
#2559 = ORIENTED_EDGE ( 'NONE', *, *, #2784, .T. ) ;
#2560 = EDGE_CURVE ( 'NONE', #1674, #1718, #3881, .T. ) ;
#2561 = ADVANCED_FACE ( 'NONE', ( #5648 ), #3389, .F. ) ;
#2562 = DIRECTION ( 'NONE',  ( -0.8144689757233655200, -0.5802071074919124000, 0.0000000000000000000 ) ) ;
#2563 = CARTESIAN_POINT ( 'NONE',  ( 0.3592514457727182300, 0.3065609852421052900, -0.03650000000000000500 ) ) ;
#2564 = CARTESIAN_POINT ( 'NONE',  ( 0.3592514457727182300, 0.3065609852421052900, 0.03650000000000000500 ) ) ;
#2565 = VECTOR ( 'NONE', #1730, 39.37007874015748100 ) ;
#2566 = VERTEX_POINT ( 'NONE', #5803 ) ;
#2567 = ORIENTED_EDGE ( 'NONE', *, *, #1505, .T. ) ;
#2568 = CYLINDRICAL_SURFACE ( 'NONE', #5344, 0.02070000000000000000 ) ;
#2569 = CARTESIAN_POINT ( 'NONE',  ( -0.1624999999999999500, 0.1048528137423858400, 0.2814582562299426400 ) ) ;
#2570 = DIRECTION ( 'NONE',  ( -0.0000000000000000000, -0.0000000000000000000, -1.000000000000000000 ) ) ;
#2571 = ORIENTED_EDGE ( 'NONE', *, *, #1248, .T. ) ;
#2572 = AXIS2_PLACEMENT_3D ( 'NONE', #798, #1713, #3054 ) ;
#2573 = DIRECTION ( 'NONE',  ( -0.0000000000000000000, -0.0000000000000000000, -1.000000000000000000 ) ) ;
#2574 = DIRECTION ( 'NONE',  ( 0.0000000000000000000, 1.000000000000000000, 0.0000000000000000000 ) ) ;
#2575 = VECTOR ( 'NONE', #4864, 39.37007874015748100 ) ;
#2576 = CARTESIAN_POINT ( 'NONE',  ( -0.1836403121902468700, 0.09799999999999994800, -0.07334237367679336000 ) ) ;
#2577 = EDGE_CURVE ( 'NONE', #121, #3996, #1892, .T. ) ;
#2578 = FACE_OUTER_BOUND ( 'NONE', #3915, .T. ) ;
#2579 = CIRCLE ( 'NONE', #4217, 0.04999999999999999600 ) ;
#2580 = AXIS2_PLACEMENT_3D ( 'NONE', #2197, #3605, #1694 ) ;
#2581 = FACE_OUTER_BOUND ( 'NONE', #1959, .T. ) ;
#2582 = DIRECTION ( 'NONE',  ( 0.0000000000000000000, 0.0000000000000000000, 1.000000000000000000 ) ) ;
#2583 = CARTESIAN_POINT ( 'NONE',  ( 0.3592514457727183400, 0.02500000000000000500, 0.07441279921115510900 ) ) ;
#2584 = VECTOR ( 'NONE', #2065, 39.37007874015748100 ) ;
#2585 = CARTESIAN_POINT ( 'NONE',  ( 0.3749514457727182200, 0.3065609852421052900, 0.03650000000000000500 ) ) ;
#2586 = DIRECTION ( 'NONE',  ( -0.0000000000000000000, -0.0000000000000000000, -1.000000000000000000 ) ) ;
#2587 = AXIS2_PLACEMENT_3D ( 'NONE', #3335, #5161, #1875 ) ;
#2588 = DIRECTION ( 'NONE',  ( 0.0000000000000000000, -0.0000000000000000000, 1.000000000000000000 ) ) ;
#2589 = FACE_OUTER_BOUND ( 'NONE', #3255, .T. ) ;
#2590 = ADVANCED_FACE ( 'NONE', ( #4755 ), #2976, .T. ) ;
#2591 = LINE ( 'NONE', #454, #5894 ) ;
#2592 = DIRECTION ( 'NONE',  ( -1.000000000000000000, 0.0000000000000000000, 0.0000000000000000000 ) ) ;
#2593 = DIRECTION ( 'NONE',  ( 2.882979351459471900E-045, -1.000000000000000000, -7.993795080820341900E-031 ) ) ;
#2594 =( NAMED_UNIT ( * ) SI_UNIT ( $, .STERADIAN. ) SOLID_ANGLE_UNIT ( ) );
#2595 = ORIENTED_EDGE ( 'NONE', *, *, #4528, .F. ) ;
#2596 = VECTOR ( 'NONE', #3830, 39.37007874015748100 ) ;
#2597 = ORIENTED_EDGE ( 'NONE', *, *, #5227, .F. ) ;
#2598 = DIRECTION ( 'NONE',  ( -1.000000000000000000, 0.0000000000000000000, 0.0000000000000000000 ) ) ;
#2599 = CARTESIAN_POINT ( 'NONE',  ( -0.08509959441544537300, 0.1979999999999999800, 0.01980901644462925200 ) ) ;
#2600 = VECTOR ( 'NONE', #3786, 39.37007874015748100 ) ;
#2601 = DIRECTION ( 'NONE',  ( -0.0000000000000000000, -0.0000000000000000000, -1.000000000000000000 ) ) ;
#2602 = ORIENTED_EDGE ( 'NONE', *, *, #2839, .T. ) ;
#2603 = EDGE_LOOP ( 'NONE', ( #1522, #3354, #4270, #1238 ) ) ;
#2604 = AXIS2_PLACEMENT_3D ( 'NONE', #412, #2734, #1383 ) ;
#2605 = DIRECTION ( 'NONE',  ( 1.000000000000000000, -0.0000000000000000000, -0.0000000000000000000 ) ) ;
#2606 = CARTESIAN_POINT ( 'NONE',  ( 0.3284790447376122500, 0.3189999999999997300, 0.07941279921115521100 ) ) ;
#2607 = EDGE_CURVE ( 'NONE', #1937, #4606, #2786, .T. ) ;
#2608 = DIRECTION ( 'NONE',  ( 0.0000000000000000000, -1.000000000000000000, 0.0000000000000000000 ) ) ;
#2609 = VERTEX_POINT ( 'NONE', #772 ) ;
#2610 = EDGE_CURVE ( 'NONE', #4380, #4460, #2257, .T. ) ;
#2611 = ORIENTED_EDGE ( 'NONE', *, *, #5839, .F. ) ;
#2612 = DIRECTION ( 'NONE',  ( 0.0000000000000000000, 0.0000000000000000000, -1.000000000000000000 ) ) ;
#2613 = CARTESIAN_POINT ( 'NONE',  ( 0.4751499999999998500, 0.04069999999999998600, -0.03649999999999987300 ) ) ;
#2614 = AXIS2_PLACEMENT_3D ( 'NONE', #918, #3230, #4626 ) ;
#2615 = AXIS2_PLACEMENT_3D ( 'NONE', #1243, #5924, #1745 ) ;
#2616 = ORIENTED_EDGE ( 'NONE', *, *, #4127, .F. ) ;
#2617 = EDGE_LOOP ( 'NONE', ( #3286, #605, #5758, #170 ) ) ;
#2618 = ADVANCED_FACE ( 'NONE', ( #4093 ), #2126, .F. ) ;
#2619 = PLANE ( 'NONE',  #4106 ) ;
#2620 = DIRECTION ( 'NONE',  ( -0.0000000000000000000, -0.0000000000000000000, 1.000000000000000000 ) ) ;
#2621 = EDGE_CURVE ( 'NONE', #2255, #2823, #5371, .T. ) ;
#2622 = DIRECTION ( 'NONE',  ( -0.0000000000000000000, -0.0000000000000000000, -1.000000000000000000 ) ) ;
#2623 = VERTEX_POINT ( 'NONE', #4976 ) ;
#2624 = CARTESIAN_POINT ( 'NONE',  ( 0.5008499999999999100, 0.2458789754111038200, -0.02999999999999999900 ) ) ;
#2625 = ORIENTED_EDGE ( 'NONE', *, *, #409, .T. ) ;
#2626 = AXIS2_PLACEMENT_3D ( 'NONE', #1816, #4666, #5597 ) ;
#2627 = CARTESIAN_POINT ( 'NONE',  ( -0.1871912125772847200, 0.08800000000000003700, 0.06957218375001675300 ) ) ;
#2628 = CARTESIAN_POINT ( 'NONE',  ( 0.3749514457727182200, 0.3489999999999999800, -0.07441279921115510900 ) ) ;
#2629 = ORIENTED_EDGE ( 'NONE', *, *, #303, .F. ) ;
#2630 = CARTESIAN_POINT ( 'NONE',  ( 0.4751499999999998500, 0.05069999999999998100, -0.3316775405567138300 ) ) ;
#2631 = ORIENTED_EDGE ( 'NONE', *, *, #3130, .T. ) ;
#2632 = PLANE ( 'NONE',  #3214 ) ;
#2633 = VECTOR ( 'NONE', #1419, 39.37007874015748100 ) ;
#2634 = ORIENTED_EDGE ( 'NONE', *, *, #2010, .F. ) ;
#2635 = DIRECTION ( 'NONE',  ( 0.0000000000000000000, 0.0000000000000000000, -1.000000000000000000 ) ) ;
#2636 = CARTESIAN_POINT ( 'NONE',  ( 0.0000000000000000000, 0.02000000000000000000, 0.4400000000000000000 ) ) ;
#2637 = ORIENTED_EDGE ( 'NONE', *, *, #1368, .F. ) ;
#2638 = LINE ( 'NONE', #5712, #2714 ) ;
#2639 = EDGE_CURVE ( 'NONE', #656, #1417, #2306, .T. ) ;
#2640 = DIRECTION ( 'NONE',  ( 0.0000000000000000000, 1.000000000000000000, 0.0000000000000000000 ) ) ;
#2641 = ORIENTED_EDGE ( 'NONE', *, *, #3017, .F. ) ;
#2642 = LINE ( 'NONE', #1954, #4848 ) ;
#2643 = CARTESIAN_POINT ( 'NONE',  ( -0.1782054284066869600, 0.09799999999999994800, 0.05999999999999999800 ) ) ;
#2644 = EDGE_CURVE ( 'NONE', #528, #5923, #5319, .T. ) ;
#2645 = EDGE_CURVE ( 'NONE', #673, #3084, #3334, .T. ) ;
#2646 = DIRECTION ( 'NONE',  ( -3.606521461097566400E-015, 0.0000000000000000000, 1.000000000000000000 ) ) ;
#2647 = CARTESIAN_POINT ( 'NONE',  ( 0.5008499999999999100, -0.1219999999999999800, 0.02649999999999999900 ) ) ;
#2648 = LINE ( 'NONE', #598, #4784 ) ;
#2649 = ADVANCED_FACE ( 'NONE', ( #5615 ), #2076, .T. ) ;
#2650 = CIRCLE ( 'NONE', #5759, 0.02999999999999998800 ) ;
#2651 = CARTESIAN_POINT ( 'NONE',  ( -0.3311971787051254900, 0.2999999999999999300, -0.2896695165490584300 ) ) ;
#2652 = AXIS2_PLACEMENT_3D ( 'NONE', #1642, #266, #4465 ) ;
#2653 = ORIENTED_EDGE ( 'NONE', *, *, #1146, .T. ) ;
#2654 = PLANE ( 'NONE',  #493 ) ;
#2655 = FACE_OUTER_BOUND ( 'NONE', #3765, .T. ) ;
#2656 = CARTESIAN_POINT ( 'NONE',  ( -0.1579362876644513900, 0.09799999999999994800, -0.01980901644462925900 ) ) ;
#2657 = CYLINDRICAL_SURFACE ( 'NONE', #3509, 0.08430000000000004200 ) ;
#2658 = EDGE_CURVE ( 'NONE', #670, #5700, #1081, .T. ) ;
#2659 = ORIENTED_EDGE ( 'NONE', *, *, #5128, .T. ) ;
#2660 = AXIS2_PLACEMENT_3D ( 'NONE', #4171, #4219, #22 ) ;
#2661 = CIRCLE ( 'NONE', #1518, 0.01000000000000003000 ) ;
#2662 = LINE ( 'NONE', #4057, #1000 ) ;
#2663 = CARTESIAN_POINT ( 'NONE',  ( -0.2602812583361163200, 0.09799999999999992100, -0.04487218375001673900 ) ) ;
#2664 = CARTESIAN_POINT ( 'NONE',  ( 0.4751499999999998500, 0.05069999999999998100, 0.03650000000000000500 ) ) ;
#2665 = PLANE ( 'NONE',  #1977 ) ;
#2666 = VERTEX_POINT ( 'NONE', #4995 ) ;
#2667 = LINE ( 'NONE', #4370, #5815 ) ;
#2668 = LINE ( 'NONE', #2245, #4874 ) ;
#2669 = DIRECTION ( 'NONE',  ( -1.000000000000000000, 0.0000000000000000000, 0.0000000000000000000 ) ) ;
#2670 = DIRECTION ( 'NONE',  ( -0.0000000000000000000, -1.000000000000000000, 0.0000000000000000000 ) ) ;
#2671 = CARTESIAN_POINT ( 'NONE',  ( 0.2901396657263243300, 0.2541712150407649000, -0.3011738696013707100 ) ) ;
#2672 = ORIENTED_EDGE ( 'NONE', *, *, #5368, .F. ) ;
#2673 = CARTESIAN_POINT ( 'NONE',  ( -0.2861500000000001300, -0.1219999999999999800, 0.03500000000000000300 ) ) ;
#2674 = FACE_OUTER_BOUND ( 'NONE', #2686, .T. ) ;
#2675 = DIRECTION ( 'NONE',  ( 1.000000000000000000, 0.0000000000000000000, -0.0000000000000000000 ) ) ;
#2676 = ORIENTED_EDGE ( 'NONE', *, *, #977, .T. ) ;
#2677 = EDGE_CURVE ( 'NONE', #1367, #1955, #3764, .T. ) ;
#2678 = ORIENTED_EDGE ( 'NONE', *, *, #4297, .T. ) ;
#2679 = LINE ( 'NONE', #4169, #3994 ) ;
#2680 = ADVANCED_FACE ( 'NONE', ( #859 ), #727, .F. ) ;
#2681 = DIRECTION ( 'NONE',  ( -0.0000000000000000000, -1.000000000000000000, 0.0000000000000000000 ) ) ;
#2682 = ORIENTED_EDGE ( 'NONE', *, *, #1012, .T. ) ;
#2683 = EDGE_LOOP ( 'NONE', ( #593, #3256, #5567, #4068, #1095, #2834, #3554, #627, #4153, #2371, #2773, #5633 ) ) ;
#2684 = CARTESIAN_POINT ( 'NONE',  ( 0.1728151516910407200, 0.2263550436887800900, 0.05999999999999999800 ) ) ;
#2685 = DIRECTION ( 'NONE',  ( 0.0000000000000000000, -3.414809992080342100E-015, -1.000000000000000000 ) ) ;
#2686 = EDGE_LOOP ( 'NONE', ( #2183, #5003, #1439, #2903 ) ) ;
#2687 = DIRECTION ( 'NONE',  ( 0.0000000000000000000, 0.0000000000000000000, -1.000000000000000000 ) ) ;
#2688 = ORIENTED_EDGE ( 'NONE', *, *, #4575, .T. ) ;
#2689 = FILL_AREA_STYLE ('',( #2214 ) ) ;
#2690 = CARTESIAN_POINT ( 'NONE',  ( -0.08509959441544569200, 0.1136999999999999500, 0.01980901644462925200 ) ) ;
#2691 = EDGE_CURVE ( 'NONE', #2478, #4052, #3909, .T. ) ;
#2692 = ORIENTED_EDGE ( 'NONE', *, *, #1896, .T. ) ;
#2693 = ORIENTED_EDGE ( 'NONE', *, *, #3751, .T. ) ;
#2694 = DIRECTION ( 'NONE',  ( -0.0000000000000000000, -1.000000000000000000, -0.0000000000000000000 ) ) ;
#2695 = ORIENTED_EDGE ( 'NONE', *, *, #1422, .T. ) ;
#2696 = DIRECTION ( 'NONE',  ( 0.0000000000000000000, -0.0000000000000000000, 1.000000000000000000 ) ) ;
#2697 = DIRECTION ( 'NONE',  ( 1.000000000000000000, 0.0000000000000000000, 0.0000000000000000000 ) ) ;
#2698 = AXIS2_PLACEMENT_3D ( 'NONE', #1621, #2601, #4953 ) ;
#2699 = DIRECTION ( 'NONE',  ( 0.0000000000000000000, -1.000000000000000000, 0.0000000000000000000 ) ) ;
#2700 = ORIENTED_EDGE ( 'NONE', *, *, #2128, .F. ) ;
#2701 = VERTEX_POINT ( 'NONE', #1686 ) ;
#2702 = VECTOR ( 'NONE', #1027, 39.37007874015748100 ) ;
#2703 = EDGE_CURVE ( 'NONE', #3623, #2240, #2232, .T. ) ;
#2704 = VERTEX_POINT ( 'NONE', #2624 ) ;
#2705 = CARTESIAN_POINT ( 'NONE',  ( -0.1836403121902468700, 0.09799999999999994800, -0.04510330413046883400 ) ) ;
#2706 = ORIENTED_EDGE ( 'NONE', *, *, #219, .T. ) ;
#2707 = VERTEX_POINT ( 'NONE', #326 ) ;
#2708 = VECTOR ( 'NONE', #2530, 39.37007874015748100 ) ;
#2709 = EDGE_LOOP ( 'NONE', ( #4519, #1297, #1581, #2559 ) ) ;
#2710 = DIRECTION ( 'NONE',  ( 1.000000000000000000, 0.0000000000000000000, 0.0000000000000000000 ) ) ;
#2711 = ADVANCED_FACE ( 'NONE', ( #2674 ), #5442, .T. ) ;
#2712 = CARTESIAN_POINT ( 'NONE',  ( -0.2602812583361163200, 0.08800000000000003700, 0.06957218375001675300 ) ) ;
#2713 = VERTEX_POINT ( 'NONE', #5906 ) ;
#2714 = VECTOR ( 'NONE', #2904, 39.37007874015748100 ) ;
#2715 = DIRECTION ( 'NONE',  ( -0.0000000000000000000, 1.000000000000000000, -0.0000000000000000000 ) ) ;
#2716 = DIRECTION ( 'NONE',  ( -0.5446390350150250900, 0.0000000000000000000, -0.8386705679454253800 ) ) ;
#2717 = FACE_OUTER_BOUND ( 'NONE', #4978, .T. ) ;
#2718 = LINE ( 'NONE', #4123, #4779 ) ;
#2719 = AXIS2_PLACEMENT_3D ( 'NONE', #3442, #5721, #3848 ) ;
#2720 = PLANE ( 'NONE',  #3660 ) ;
#2721 = LINE ( 'NONE', #4713, #139 ) ;
#2722 = LINE ( 'NONE', #4986, #1404 ) ;
#2723 = EDGE_CURVE ( 'NONE', #566, #2763, #2968, .T. ) ;
#2724 = EDGE_CURVE ( 'NONE', #5350, #3007, #3612, .T. ) ;
#2725 = UNCERTAINTY_MEASURE_WITH_UNIT (LENGTH_MEASURE( 1.000000000000000100E-005 ), #5582, 'distance_accuracy_value', 'NONE');
#2726 = CARTESIAN_POINT ( 'NONE',  ( 0.3592514457727182300, 0.3489999999999999800, 0.03650000000000000500 ) ) ;
#2727 = CARTESIAN_POINT ( 'NONE',  ( 0.1214441165414468200, 0.2223571329249525700, 0.05999999999999999800 ) ) ;
#2728 = ORIENTED_EDGE ( 'NONE', *, *, #5330, .T. ) ;
#2729 = APPLICATION_PROTOCOL_DEFINITION ( 'draft international standard', 'automotive_design', 1998, #846 ) ;
#2730 = VECTOR ( 'NONE', #2236, 39.37007874015748900 ) ;
#2731 = CARTESIAN_POINT ( 'NONE',  ( 0.3284790447376123000, 0.3489999999999999800, 0.09511279921115520200 ) ) ;
#2732 = CARTESIAN_POINT ( 'NONE',  ( -0.2602812583361163200, 0.1136999999999999500, 0.03500000000000000300 ) ) ;
#2733 = ORIENTED_EDGE ( 'NONE', *, *, #26, .F. ) ;
#2734 = DIRECTION ( 'NONE',  ( 0.0000000000000000000, 0.0000000000000000000, -1.000000000000000000 ) ) ;
#2735 = LINE ( 'NONE', #4658, #5456 ) ;
#2736 = VECTOR ( 'NONE', #1358, 39.37007874015748900 ) ;
#2737 = VECTOR ( 'NONE', #4327, 39.37007874015748100 ) ;
#2738 = EDGE_CURVE ( 'NONE', #5980, #4516, #1864, .T. ) ;
#2739 = CARTESIAN_POINT ( 'NONE',  ( 0.4851499999999998600, 0.1064815665455062600, 0.03650000000000000500 ) ) ;
#2740 = ORIENTED_EDGE ( 'NONE', *, *, #3396, .F. ) ;
#2741 = ADVANCED_FACE ( 'NONE', ( #4064 ), #5978, .F. ) ;
#2742 = CARTESIAN_POINT ( 'NONE',  ( -0.3018500000000000600, 0.05097309357355724700, 0.03500000000000000300 ) ) ;
#2743 = DIRECTION ( 'NONE',  ( -1.000000000000000000, 1.559273968986451700E-015, 0.0000000000000000000 ) ) ;
#2744 = ORIENTED_EDGE ( 'NONE', *, *, #2496, .F. ) ;
#2745 = DIRECTION ( 'NONE',  ( -0.0000000000000000000, -0.0000000000000000000, -1.000000000000000000 ) ) ;
#2746 = CIRCLE ( 'NONE', #561, 0.01000000000000003000 ) ;
#2747 = ORIENTED_EDGE ( 'NONE', *, *, #4584, .F. ) ;
#2748 = ORIENTED_EDGE ( 'NONE', *, *, #977, .F. ) ;
#2749 = PLANE ( 'NONE',  #5727 ) ;
#2750 = CARTESIAN_POINT ( 'NONE',  ( 0.3592514457727182300, 0.01999999999999999000, 0.07941279921115511300 ) ) ;
#2751 = DIRECTION ( 'NONE',  ( 1.000000000000000000, 0.0000000000000000000, -0.0000000000000000000 ) ) ;
#2752 = EDGE_CURVE ( 'NONE', #3762, #3488, #21, .T. ) ;
#2753 = ORIENTED_EDGE ( 'NONE', *, *, #5816, .F. ) ;
#2754 = EDGE_LOOP ( 'NONE', ( #4605, #3491, #1016, #160 ) ) ;
#2755 = EDGE_CURVE ( 'NONE', #3514, #1916, #3549, .T. ) ;
#2756 = VERTEX_POINT ( 'NONE', #3632 ) ;
#2757 = CARTESIAN_POINT ( 'NONE',  ( 0.0000000000000000000, -0.08951745790924044200, 0.0000000000000000000 ) ) ;
#2758 = EDGE_LOOP ( 'NONE', ( #4053, #2349, #1226, #962 ) ) ;
#2759 = AXIS2_PLACEMENT_3D ( 'NONE', #3663, #5494, #392 ) ;
#2760 = DIRECTION ( 'NONE',  ( -1.000000000000000000, 0.0000000000000000000, 0.0000000000000000000 ) ) ;
#2761 = ORIENTED_EDGE ( 'NONE', *, *, #1938, .F. ) ;
#2762 = PRODUCT_CONTEXT ( 'NONE', #846, 'mechanical' ) ;
#2763 = VERTEX_POINT ( 'NONE', #1741 ) ;
#2764 = ADVANCED_FACE ( 'NONE', ( #5823 ), #2720, .T. ) ;
#2765 = DIRECTION ( 'NONE',  ( -0.0000000000000000000, -0.0000000000000000000, -1.000000000000000000 ) ) ;
#2766 = EDGE_CURVE ( 'NONE', #173, #3343, #1721, .T. ) ;
#2767 = CARTESIAN_POINT ( 'NONE',  ( 0.3592514457727182300, 0.3489999999999999800, -0.07941279921115510000 ) ) ;
#2768 = EDGE_LOOP ( 'NONE', ( #4826, #3180, #3720, #2747 ) ) ;
#2769 = DIRECTION ( 'NONE',  ( 0.0000000000000000000, -0.0000000000000000000, 1.000000000000000000 ) ) ;
#2770 = ORIENTED_EDGE ( 'NONE', *, *, #2752, .T. ) ;
#2771 = AXIS2_PLACEMENT_3D ( 'NONE', #2541, #5317, #5819 ) ;
#2772 =( LENGTH_UNIT ( ) NAMED_UNIT ( * ) SI_UNIT ( $, .METRE. ) );
#2773 = ORIENTED_EDGE ( 'NONE', *, *, #5594, .T. ) ;
#2774 = CARTESIAN_POINT ( 'NONE',  ( 0.5008499999999999100, 0.02000000000000000000, -0.02999999999999999900 ) ) ;
#2775 = ORIENTED_EDGE ( 'NONE', *, *, #894, .T. ) ;
#2776 = LINE ( 'NONE', #2791, #5724 ) ;
#2777 = DIRECTION ( 'NONE',  ( 0.0000000000000000000, 1.000000000000000000, 0.0000000000000000000 ) ) ;
#2778 = PLANE ( 'NONE',  #1687 ) ;
#2779 = VERTEX_POINT ( 'NONE', #2684 ) ;
#2780 = DIRECTION ( 'NONE',  ( -1.000000000000000000, 2.411613600658080700E-016, 0.0000000000000000000 ) ) ;
#2781 = DIRECTION ( 'NONE',  ( 0.0000000000000000000, 0.0000000000000000000, -1.000000000000000000 ) ) ;
#2782 = LINE ( 'NONE', #4299, #1195 ) ;
#2783 = CARTESIAN_POINT ( 'NONE',  ( 0.4751499999999998500, 0.02499999999999997700, -0.03649999999999987300 ) ) ;
#2784 = EDGE_CURVE ( 'NONE', #2333, #767, #220, .T. ) ;
#2785 = CARTESIAN_POINT ( 'NONE',  ( 0.3284790447376123000, 0.2561272146310087400, 0.09511279921115520200 ) ) ;
#2786 = LINE ( 'NONE', #1537, #5798 ) ;
#2787 = PLANE ( 'NONE',  #177 ) ;
#2788 = CARTESIAN_POINT ( 'NONE',  ( 0.3542514457727182200, 0.3489999999999999800, -0.07441279921115510900 ) ) ;
#2789 = CIRCLE ( 'NONE', #3170, 0.4050000000000000300 ) ;
#2790 = CIRCLE ( 'NONE', #952, 0.02570000000000001400 ) ;
#2791 = CARTESIAN_POINT ( 'NONE',  ( 0.5008499999999999100, 0.1064815665455062600, 0.03650000000000000500 ) ) ;
#2792 = VECTOR ( 'NONE', #3476, 39.37007874015748100 ) ;
#2793 = ADVANCED_FACE ( 'NONE', ( #4427 ), #2665, .T. ) ;
#2794 = CARTESIAN_POINT ( 'NONE',  ( 0.5200000000000000200, 0.3539999999999999800, 0.1499999999999999900 ) ) ;
#2795 = VECTOR ( 'NONE', #3237, 39.37007874015748100 ) ;
#2796 = AXIS2_PLACEMENT_3D ( 'NONE', #4345, #5303, #4850 ) ;
#2797 = DIRECTION ( 'NONE',  ( 0.0000000000000000000, 0.0000000000000000000, -1.000000000000000000 ) ) ;
#2798 = ORIENTED_EDGE ( 'NONE', *, *, #3828, .T. ) ;
#2799 = CARTESIAN_POINT ( 'NONE',  ( 0.0000000000000000000, 0.1939999999999980100, 0.0000000000000000000 ) ) ;
#2800 = EDGE_CURVE ( 'NONE', #3268, #3092, #4810, .T. ) ;
#2801 = LINE ( 'NONE', #5777, #3314 ) ;
#2802 = EDGE_CURVE ( 'NONE', #1570, #114, #3471, .T. ) ;
#2803 = CARTESIAN_POINT ( 'NONE',  ( -0.3018500000000000600, -0.1220000000000000100, 0.01299999999999999600 ) ) ;
#2804 = CARTESIAN_POINT ( 'NONE',  ( -0.3018500000000000600, -0.1219999999999999800, -0.03500000000000000300 ) ) ;
#2805 = CARTESIAN_POINT ( 'NONE',  ( 0.5008499999999999100, 0.3539999999999999800, 0.0000000000000000000 ) ) ;
#2806 = DIRECTION ( 'NONE',  ( -0.0000000000000000000, -1.000000000000000000, -0.0000000000000000000 ) ) ;
#2807 = ORIENTED_EDGE ( 'NONE', *, *, #69, .F. ) ;
#2808 = PLANE ( 'NONE',  #3417 ) ;
#2809 = VERTEX_POINT ( 'NONE', #5502 ) ;
#2810 = AXIS2_PLACEMENT_3D ( 'NONE', #13, #896, #2229 ) ;
#2811 = ORIENTED_EDGE ( 'NONE', *, *, #5902, .T. ) ;
#2812 = AXIS2_PLACEMENT_3D ( 'NONE', #5017, #3144, #5507 ) ;
#2813 = VECTOR ( 'NONE', #1585, 39.37007874015748100 ) ;
#2814 = VECTOR ( 'NONE', #5829, 39.37007874015748100 ) ;
#2815 = CARTESIAN_POINT ( 'NONE',  ( 0.4964089559490990600, 0.2145404908393865600, 0.02649999999999999900 ) ) ;
#2816 = CARTESIAN_POINT ( 'NONE',  ( -0.2851500000000001300, 0.09699999999999996100, 0.03500000000000000300 ) ) ;
#2817 = CARTESIAN_POINT ( 'NONE',  ( -0.2676451023932669400, -0.0006242056432416228000, -0.07334237367679336000 ) ) ;
#2818 = ORIENTED_EDGE ( 'NONE', *, *, #3086, .T. ) ;
#2819 = EDGE_CURVE ( 'NONE', #5188, #5858, #2523, .T. ) ;
#2820 = VECTOR ( 'NONE', #1352, 39.37007874015748100 ) ;
#2821 = AXIS2_PLACEMENT_3D ( 'NONE', #4450, #1654, #5867 ) ;
#2822 = VERTEX_POINT ( 'NONE', #4114 ) ;
#2823 = VERTEX_POINT ( 'NONE', #4586 ) ;
#2824 = LINE ( 'NONE', #5192, #5042 ) ;
#2825 = CARTESIAN_POINT ( 'NONE',  ( 0.0000000000000000000, 0.1939999999999980100, 0.0000000000000000000 ) ) ;
#2826 = CARTESIAN_POINT ( 'NONE',  ( 0.5008499999999999100, 0.2187043321626970500, 0.02649999999999999900 ) ) ;
#2827 = VERTEX_POINT ( 'NONE', #1799 ) ;
#2828 = DIRECTION ( 'NONE',  ( 0.0000000000000000000, 0.0000000000000000000, -1.000000000000000000 ) ) ;
#2829 = DIRECTION ( 'NONE',  ( 1.000000000000000000, 0.0000000000000000000, 0.0000000000000000000 ) ) ;
#2830 = ORIENTED_EDGE ( 'NONE', *, *, #838, .T. ) ;
#2831 = ADVANCED_FACE ( 'NONE', ( #2005 ), #2249, .F. ) ;
#2832 = ORIENTED_EDGE ( 'NONE', *, *, #4294, .F. ) ;
#2833 = CARTESIAN_POINT ( 'NONE',  ( -0.2861500000000001300, 0.09799999999999994800, 0.01980901644462925200 ) ) ;
#2834 = ORIENTED_EDGE ( 'NONE', *, *, #1284, .F. ) ;
#2835 = EDGE_CURVE ( 'NONE', #1303, #3762, #3189, .T. ) ;
#2836 = ORIENTED_EDGE ( 'NONE', *, *, #3466, .F. ) ;
#2837 = ORIENTED_EDGE ( 'NONE', *, *, #4440, .F. ) ;
#2838 = ORIENTED_EDGE ( 'NONE', *, *, #5692, .T. ) ;
#2839 = EDGE_CURVE ( 'NONE', #4833, #5781, #4879, .T. ) ;
#2840 = EDGE_CURVE ( 'NONE', #5283, #4362, #361, .T. ) ;
#2841 = ORIENTED_EDGE ( 'NONE', *, *, #1172, .T. ) ;
#2842 = ORIENTED_EDGE ( 'NONE', *, *, #5368, .T. ) ;
#2843 = DIRECTION ( 'NONE',  ( 1.000000000000000000, -0.0000000000000000000, -0.0000000000000000000 ) ) ;
#2844 = ORIENTED_EDGE ( 'NONE', *, *, #1646, .F. ) ;
#2845 = LINE ( 'NONE', #1144, #117 ) ;
#2846 = AXIS2_PLACEMENT_3D ( 'NONE', #2869, #3341, #3867 ) ;
#2847 = DIRECTION ( 'NONE',  ( -0.0000000000000000000, -0.0000000000000000000, -1.000000000000000000 ) ) ;
#2848 = DIRECTION ( 'NONE',  ( 0.0000000000000000000, 0.0000000000000000000, 1.000000000000000000 ) ) ;
#2849 = VERTEX_POINT ( 'NONE', #2312 ) ;
#2850 = ORIENTED_EDGE ( 'NONE', *, *, #4821, .T. ) ;
#2851 = VERTEX_POINT ( 'NONE', #901 ) ;
#2852 = LINE ( 'NONE', #3953, #2192 ) ;
#2853 = ADVANCED_FACE ( 'NONE', ( #575 ), #2156, .F. ) ;
#2854 = DIRECTION ( 'NONE',  ( 0.4924235601034647200, 0.0000000000000000000, -0.8703556959399011400 ) ) ;
#2855 = EDGE_CURVE ( 'NONE', #2017, #4004, #5539, .T. ) ;
#2856 = DIRECTION ( 'NONE',  ( -0.0000000000000000000, -1.000000000000000000, -0.0000000000000000000 ) ) ;
#2857 = ORIENTED_EDGE ( 'NONE', *, *, #4328, .T. ) ;
#2858 = DIRECTION ( 'NONE',  ( 0.0000000000000000000, 1.000000000000000000, 0.0000000000000000000 ) ) ;
#2859 = DIRECTION ( 'NONE',  ( 1.000000000000000000, 0.0000000000000000000, 0.0000000000000000000 ) ) ;
#2860 = AXIS2_PLACEMENT_3D ( 'NONE', #5423, #4974, #3966 ) ;
#2861 = ORIENTED_EDGE ( 'NONE', *, *, #2953, .T. ) ;
#2862 = CARTESIAN_POINT ( 'NONE',  ( -0.1871912125772847200, 2.375757882404078100E-016, 0.05387218375001704600 ) ) ;
#2863 = VECTOR ( 'NONE', #3353, 39.37007874015748100 ) ;
#2864 = ADVANCED_FACE ( 'NONE', ( #796 ), #58, .F. ) ;
#2865 = LINE ( 'NONE', #4663, #5008 ) ;
#2866 = CARTESIAN_POINT ( 'NONE',  ( 0.5200000000000000200, 0.3539999999999999800, -0.1499999999999999900 ) ) ;
#2867 = LINE ( 'NONE', #4226, #4624 ) ;
#2868 = DIRECTION ( 'NONE',  ( -1.000000000000000000, 0.0000000000000000000, 0.0000000000000000000 ) ) ;
#2869 = CARTESIAN_POINT ( 'NONE',  ( 0.3542514457727182200, 0.2561272146310087400, 0.07441279921115510900 ) ) ;
#2870 = PLANE ( 'NONE',  #1326 ) ;
#2871 = DIRECTION ( 'NONE',  ( 0.0000000000000000000, 0.0000000000000000000, -1.000000000000000000 ) ) ;
#2872 = VECTOR ( 'NONE', #984, 39.37007874015748100 ) ;
#2873 = VECTOR ( 'NONE', #4377, 39.37007874015748100 ) ;
#2874 = DIRECTION ( 'NONE',  ( 0.0000000000000000000, 0.0000000000000000000, -1.000000000000000000 ) ) ;
#2875 = EDGE_CURVE ( 'NONE', #5860, #5847, #4354, .T. ) ;
#2876 = FACE_OUTER_BOUND ( 'NONE', #5290, .T. ) ;
#2877 = CARTESIAN_POINT ( 'NONE',  ( 0.5008499999999999100, 0.02499999999999997400, -0.03650000000000000500 ) ) ;
#2878 = CARTESIAN_POINT ( 'NONE',  ( 0.0000000000000000000, 0.2999999999999999300, 0.0000000000000000000 ) ) ;
#2879 = DIRECTION ( 'NONE',  ( 0.0000000000000000000, 0.0000000000000000000, 1.000000000000000000 ) ) ;
#2880 = CARTESIAN_POINT ( 'NONE',  ( 0.0000000000000000000, 0.3539999999999999800, 0.4400000000000000000 ) ) ;
#2881 = LENGTH_MEASURE_WITH_UNIT ( LENGTH_MEASURE( 0.02539999999999999900 ), #120 );
#2882 = LINE ( 'NONE', #4170, #3531 ) ;
#2883 = DIRECTION ( 'NONE',  ( 0.0000000000000000000, -1.000000000000000000, 3.491481338843133000E-015 ) ) ;
#2884 = EDGE_LOOP ( 'NONE', ( #4211, #3937, #5424, #3704 ) ) ;
#2885 = ORIENTED_EDGE ( 'NONE', *, *, #4690, .T. ) ;
#2886 = CIRCLE ( 'NONE', #251, 0.02570000000000001400 ) ;
#2887 = LINE ( 'NONE', #2469, #5672 ) ;
#2888 = ADVANCED_FACE ( 'NONE', ( #4510 ), #5618, .T. ) ;
#2889 = CARTESIAN_POINT ( 'NONE',  ( 0.5008499999999999100, 0.05069999999999998100, -0.3316775405567138300 ) ) ;
#2890 = VERTEX_POINT ( 'NONE', #2742 ) ;
#2891 = EDGE_CURVE ( 'NONE', #3270, #295, #1290, .T. ) ;
#2892 = CARTESIAN_POINT ( 'NONE',  ( -0.2602812583361163200, 0.09799999999999999000, 0.04487218375001673900 ) ) ;
#2893 = DIRECTION ( 'NONE',  ( -1.000000000000000000, 0.0000000000000000000, 0.0000000000000000000 ) ) ;
#2894 = VECTOR ( 'NONE', #4146, 39.37007874015748100 ) ;
#2895 = DIRECTION ( 'NONE',  ( 1.000000000000000000, 0.0000000000000000000, -0.0000000000000000000 ) ) ;
#2896 = ADVANCED_FACE ( 'NONE', ( #4284 ), #1306, .T. ) ;
#2897 = CARTESIAN_POINT ( 'NONE',  ( 0.5049722381740571200, 0.2458789754111038200, 0.02649999999999999900 ) ) ;
#2898 = AXIS2_PLACEMENT_3D ( 'NONE', #4724, #2856, #1909 ) ;
#2899 = ORIENTED_EDGE ( 'NONE', *, *, #5908, .T. ) ;
#2900 = VECTOR ( 'NONE', #5641, 39.37007874015748100 ) ;
#2901 = DIRECTION ( 'NONE',  ( -1.000000000000000000, 0.0000000000000000000, 0.0000000000000000000 ) ) ;
#2902 = CARTESIAN_POINT ( 'NONE',  ( 0.3971380204934411000, -0.03262376266101090600, 0.07941279921115511300 ) ) ;
#2903 = ORIENTED_EDGE ( 'NONE', *, *, #3138, .T. ) ;
#2904 = DIRECTION ( 'NONE',  ( 1.000000000000000000, 0.0000000000000000000, 0.0000000000000000000 ) ) ;
#2905 = VERTEX_POINT ( 'NONE', #5596 ) ;
#2906 = CARTESIAN_POINT ( 'NONE',  ( 0.4851499999999998600, 0.2254824244407316300, 0.02649999999999999900 ) ) ;
#2907 = ORIENTED_EDGE ( 'NONE', *, *, #4846, .T. ) ;
#2908 = ORIENTED_EDGE ( 'NONE', *, *, #3655, .T. ) ;
#2909 = DIRECTION ( 'NONE',  ( -1.000000000000000000, 0.0000000000000000000, 0.0000000000000000000 ) ) ;
#2910 = CARTESIAN_POINT ( 'NONE',  ( 0.5008499999999999100, -0.1219999999999999800, 0.02649999999999999900 ) ) ;
#2911 = DIRECTION ( 'NONE',  ( 0.0000000000000000000, 0.0000000000000000000, 1.000000000000000000 ) ) ;
#2912 = EDGE_LOOP ( 'NONE', ( #5115, #3577, #1099, #3487 ) ) ;
#2913 = ORIENTED_EDGE ( 'NONE', *, *, #474, .T. ) ;
#2914 = CARTESIAN_POINT ( 'NONE',  ( 0.3592514457727183400, 0.02500000000000000500, 0.3316775405567138300 ) ) ;
#2915 = ADVANCED_FACE ( 'NONE', ( #5174 ), #940, .T. ) ;
#2916 = ORIENTED_EDGE ( 'NONE', *, *, #181, .T. ) ;
#2917 = CARTESIAN_POINT ( 'NONE',  ( 0.1728151516910407200, 0.2263550436887800900, -0.05999999999999999800 ) ) ;
#2918 = VERTEX_POINT ( 'NONE', #3209 ) ;
#2919 = CARTESIAN_POINT ( 'NONE',  ( 0.4851499999999998600, 0.2187043321626970500, -0.02649999999999999900 ) ) ;
#2920 = AXIS2_PLACEMENT_3D ( 'NONE', #851, #5612, #4157 ) ;
#2921 = DIRECTION ( 'NONE',  ( 1.000000000000000000, 0.0000000000000000000, 0.0000000000000000000 ) ) ;
#2922 = ORIENTED_EDGE ( 'NONE', *, *, #4139, .T. ) ;
#2923 = ADVANCED_FACE ( 'NONE', ( #3042 ), #1348, .T. ) ;
#2924 = ORIENTED_EDGE ( 'NONE', *, *, #3440, .F. ) ;
#2925 = EDGE_CURVE ( 'NONE', #4606, #5127, #504, .T. ) ;
#2926 = FACE_OUTER_BOUND ( 'NONE', #184, .T. ) ;
#2927 = EDGE_CURVE ( 'NONE', #2054, #2756, #4729, .T. ) ;
#2928 = VERTEX_POINT ( 'NONE', #5118 ) ;
#2929 = ORIENTED_EDGE ( 'NONE', *, *, #5450, .F. ) ;
#2930 = AXIS2_PLACEMENT_3D ( 'NONE', #3345, #565, #4286 ) ;
#2931 = DIRECTION ( 'NONE',  ( 0.0000000000000000000, 0.0000000000000000000, -1.000000000000000000 ) ) ;
#2932 = DIRECTION ( 'NONE',  ( 0.0000000000000000000, -1.000000000000000000, 0.0000000000000000000 ) ) ;
#2933 = VECTOR ( 'NONE', #592, 39.37007874015748100 ) ;
#2934 = DIRECTION ( 'NONE',  ( -1.000000000000000000, 0.0000000000000000000, 0.0000000000000000000 ) ) ;
#2935 = ORIENTED_EDGE ( 'NONE', *, *, #4015, .F. ) ;
#2936 = EDGE_CURVE ( 'NONE', #2890, #2999, #5968, .T. ) ;
#2937 = LINE ( 'NONE', #3085, #3727 ) ;
#2938 = CARTESIAN_POINT ( 'NONE',  ( -0.1871912125772847200, 0.09799999999999994800, -0.03500000000000000300 ) ) ;
#2939 = CARTESIAN_POINT ( 'NONE',  ( 0.3971380204934411000, -0.03262376266101090600, -0.07941279921115511300 ) ) ;
#2940 = AXIS2_PLACEMENT_3D ( 'NONE', #5504, #2685, #2234 ) ;
#2941 = CARTESIAN_POINT ( 'NONE',  ( 0.3749514457727182700, 0.05069999999999998800, -0.07441279921115510900 ) ) ;
#2942 = CARTESIAN_POINT ( 'NONE',  ( -0.2602812583361163200, 0.08900000000000002400, 0.05387218375001674000 ) ) ;
#2943 = CYLINDRICAL_SURFACE ( 'NONE', #876, 0.01000000000000003000 ) ;
#2944 = LINE ( 'NONE', #4485, #3309 ) ;
#2945 = FACE_OUTER_BOUND ( 'NONE', #5497, .T. ) ;
#2946 = CARTESIAN_POINT ( 'NONE',  ( 0.3849514457727183400, 0.05069999999999998800, -0.3316775405567138300 ) ) ;
#2947 = ADVANCED_FACE ( 'NONE', ( #3119 ), #416, .T. ) ;
#2948 = LINE ( 'NONE', #1939, #1705 ) ;
#2949 = DIRECTION ( 'NONE',  ( -1.000000000000000000, 0.0000000000000000000, 0.0000000000000000000 ) ) ;
#2950 = DIRECTION ( 'NONE',  ( 2.107907402518722000E-016, -1.000000000000000000, 0.0000000000000000000 ) ) ;
#2951 = CARTESIAN_POINT ( 'NONE',  ( 0.1728151516910407200, 0.2263550436887800900, -0.05999999999999999800 ) ) ;
#2952 = VECTOR ( 'NONE', #2363, 39.37007874015748900 ) ;
#2953 = EDGE_CURVE ( 'NONE', #2928, #460, #4350, .T. ) ;
#2954 = VECTOR ( 'NONE', #932, 39.37007874015748100 ) ;
#2955 = CARTESIAN_POINT ( 'NONE',  ( -0.03618813525387682600, 0.1293402653465204300, 0.03500000000000000300 ) ) ;
#2956 = ORIENTED_EDGE ( 'NONE', *, *, #5437, .F. ) ;
#2957 = ORIENTED_EDGE ( 'NONE', *, *, #455, .T. ) ;
#2958 = FACE_OUTER_BOUND ( 'NONE', #1656, .T. ) ;
#2959 = CYLINDRICAL_SURFACE ( 'NONE', #362, 0.03000000000000004400 ) ;
#2960 = EDGE_CURVE ( 'NONE', #5189, #470, #3905, .T. ) ;
#2961 = VECTOR ( 'NONE', #4453, 39.37007874015748100 ) ;
#2962 = CARTESIAN_POINT ( 'NONE',  ( -0.2851500000000001300, 0.1136999999999999500, 0.03500000000000000300 ) ) ;
#2963 = EDGE_CURVE ( 'NONE', #1096, #5847, #5810, .T. ) ;
#2964 = DIRECTION ( 'NONE',  ( -0.0000000000000000000, -1.000000000000000000, -0.0000000000000000000 ) ) ;
#2965 = DIRECTION ( 'NONE',  ( 1.000000000000000000, 0.0000000000000000000, -0.0000000000000000000 ) ) ;
#2966 = ORIENTED_EDGE ( 'NONE', *, *, #2963, .T. ) ;
#2967 = AXIS2_PLACEMENT_3D ( 'NONE', #1508, #577, #3859 ) ;
#2968 = LINE ( 'NONE', #1160, #5757 ) ;
#2969 = EDGE_LOOP ( 'NONE', ( #3579, #4156, #963, #4071 ) ) ;
#2970 = DIRECTION ( 'NONE',  ( -0.0000000000000000000, -0.0000000000000000000, -1.000000000000000000 ) ) ;
#2971 = DIRECTION ( 'NONE',  ( -0.0000000000000000000, -0.0000000000000000000, -1.000000000000000000 ) ) ;
#2972 = DIRECTION ( 'NONE',  ( 1.000000000000000000, 0.0000000000000000000, 1.016254544481191600E-016 ) ) ;
#2973 = EDGE_LOOP ( 'NONE', ( #1883, #2538, #116, #751 ) ) ;
#2974 = EDGE_CURVE ( 'NONE', #3193, #2460, #2668, .T. ) ;
#2975 = FACE_BOUND ( 'NONE', #236, .T. ) ;
#2976 = PLANE ( 'NONE',  #5255 ) ;
#2977 = AXIS2_PLACEMENT_3D ( 'NONE', #4500, #3110, #2612 ) ;
#2978 = ORIENTED_EDGE ( 'NONE', *, *, #642, .T. ) ;
#2979 = EDGE_LOOP ( 'NONE', ( #4138, #3159, #2841, #4906 ) ) ;
#2980 = CARTESIAN_POINT ( 'NONE',  ( 3.231876143552168600E-016, 1.255025827688793700E-032, -0.09511279921115639600 ) ) ;
#2981 = EDGE_LOOP ( 'NONE', ( #1577, #3317, #3274, #1879 ) ) ;
#2982 = ORIENTED_EDGE ( 'NONE', *, *, #5050, .F. ) ;
#2983 = CARTESIAN_POINT ( 'NONE',  ( 0.5008499999999999100, 0.02000000000000000000, -0.02999999999999999900 ) ) ;
#2984 = DIRECTION ( 'NONE',  ( -0.0000000000000000000, -0.0000000000000000000, 1.000000000000000000 ) ) ;
#2985 = CARTESIAN_POINT ( 'NONE',  ( -0.2602812583361163200, 0.09799999999999994800, -0.03500000000000000300 ) ) ;
#2986 = ORIENTED_EDGE ( 'NONE', *, *, #4728, .F. ) ;
#2987 = ORIENTED_EDGE ( 'NONE', *, *, #3590, .F. ) ;
#2988 = EDGE_LOOP ( 'NONE', ( #4825, #2986, #1606, #5498 ) ) ;
#2989 = EDGE_CURVE ( 'NONE', #2400, #5188, #5397, .T. ) ;
#2990 = CARTESIAN_POINT ( 'NONE',  ( 0.3542514457727182200, 0.3489999999999999800, -0.09511279921115511900 ) ) ;
#2991 = PLANE ( 'NONE',  #1902 ) ;
#2992 = DIRECTION ( 'NONE',  ( 0.0000000000000000000, 0.0000000000000000000, -1.000000000000000000 ) ) ;
#2993 = MANIFOLD_SOLID_BREP ( 'Tab4', #461 ) ;
#2994 = ORIENTED_EDGE ( 'NONE', *, *, #2258, .T. ) ;
#2995 = VERTEX_POINT ( 'NONE', #3689 ) ;
#2996 = DIRECTION ( 'NONE',  ( 1.000000000000000000, 0.0000000000000000000, -0.0000000000000000000 ) ) ;
#2997 = ORIENTED_EDGE ( 'NONE', *, *, #2639, .T. ) ;
#2998 = LINE ( 'NONE', #4381, #1750 ) ;
#2999 = VERTEX_POINT ( 'NONE', #1795 ) ;
#3000 = DIRECTION ( 'NONE',  ( -0.0000000000000000000, -1.000000000000000000, -0.0000000000000000000 ) ) ;
#3001 = ORIENTED_EDGE ( 'NONE', *, *, #1472, .T. ) ;
#3002 = CARTESIAN_POINT ( 'NONE',  ( 0.1504544719160426400, 0.1816336841387844200, -0.05999999999999999800 ) ) ;
#3003 = ORIENTED_EDGE ( 'NONE', *, *, #420, .T. ) ;
#3004 = LINE ( 'NONE', #4498, #1315 ) ;
#3005 = AXIS2_PLACEMENT_3D ( 'NONE', #2788, #3192, #51 ) ;
#3006 = CARTESIAN_POINT ( 'NONE',  ( -0.2861500000000001300, 0.09699999999999998900, 0.03500000000000000300 ) ) ;
#3007 = VERTEX_POINT ( 'NONE', #4602 ) ;
#3008 = DIRECTION ( 'NONE',  ( 0.0000000000000000000, 0.0000000000000000000, 1.000000000000000000 ) ) ;
#3009 = ORIENTED_EDGE ( 'NONE', *, *, #3815, .T. ) ;
#3010 = EDGE_CURVE ( 'NONE', #955, #2827, #1857, .T. ) ;
#3011 = LINE ( 'NONE', #3585, #4924 ) ;
#3012 = STYLED_ITEM ( 'NONE', ( #4130 ), #2993 ) ;
#3013 = CARTESIAN_POINT ( 'NONE',  ( 0.5008499999999999100, 0.02499999999999997400, 0.03650000000000000500 ) ) ;
#3014 = CARTESIAN_POINT ( 'NONE',  ( 0.4851499999999998600, 0.3065609852421052900, -0.03650000000000000500 ) ) ;
#3015 = VECTOR ( 'NONE', #1640, 39.37007874015748100 ) ;
#3016 = CIRCLE ( 'NONE', #2759, 0.03000000000000002300 ) ;
#3017 = EDGE_CURVE ( 'NONE', #2017, #4003, #3542, .T. ) ;
#3018 = CARTESIAN_POINT ( 'NONE',  ( -0.1624999999999999500, 0.0000000000000000000, 0.2814582562299426400 ) ) ;
#3019 = CARTESIAN_POINT ( 'NONE',  ( 0.5008499999999999100, -0.1219999999999999800, 0.02649999999999999900 ) ) ;
#3020 = AXIS2_PLACEMENT_3D ( 'NONE', #4793, #4814, #5410 ) ;
#3021 = FACE_OUTER_BOUND ( 'NONE', #5105, .T. ) ;
#3022 = DIRECTION ( 'NONE',  ( 0.0000000000000000000, 1.000000000000000000, 0.0000000000000000000 ) ) ;
#3023 = LINE ( 'NONE', #2079, #5378 ) ;
#3024 = ADVANCED_FACE ( 'NONE', ( #5465 ), #3315, .F. ) ;
#3025 = VECTOR ( 'NONE', #4251, 39.37007874015748100 ) ;
#3026 = CARTESIAN_POINT ( 'NONE',  ( -0.2602812583361163200, 0.08899999999999992600, -0.04487218375001673900 ) ) ;
#3027 = ORIENTED_EDGE ( 'NONE', *, *, #2800, .F. ) ;
#3028 = CARTESIAN_POINT ( 'NONE',  ( 0.3849514457727183400, 0.05069999999999998800, 0.3316775405567138300 ) ) ;
#3029 = LINE ( 'NONE', #2481, #4334 ) ;
#3030 = DIRECTION ( 'NONE',  ( 0.0000000000000000000, 0.0000000000000000000, -1.000000000000000000 ) ) ;
#3031 = VECTOR ( 'NONE', #4961, 39.37007874015748100 ) ;
#3032 = ORIENTED_EDGE ( 'NONE', *, *, #2037, .F. ) ;
#3033 = FACE_OUTER_BOUND ( 'NONE', #4103, .T. ) ;
#3034 = DIRECTION ( 'NONE',  ( 0.0000000000000000000, 1.000000000000000000, 0.0000000000000000000 ) ) ;
#3035 = DIRECTION ( 'NONE',  ( 0.0000000000000000000, 0.0000000000000000000, 1.000000000000000000 ) ) ;
#3036 = LINE ( 'NONE', #4812, #3675 ) ;
#3037 = DIRECTION ( 'NONE',  ( -1.000000000000000000, 2.411613600658080700E-016, 0.0000000000000000000 ) ) ;
#3038 = DIRECTION ( 'NONE',  ( 0.8944271909999160800, -0.4472135954999574800, 0.0000000000000000000 ) ) ;
#3039 = CARTESIAN_POINT ( 'NONE',  ( 0.5200000000000002400, 0.2458789754111038200, 0.02999999999999999900 ) ) ;
#3040 = ORIENTED_EDGE ( 'NONE', *, *, #2012, .T. ) ;
#3041 = CARTESIAN_POINT ( 'NONE',  ( -0.2676451023932669400, -0.0006242056432416228000, 0.07334237367679336000 ) ) ;
#3042 = FACE_OUTER_BOUND ( 'NONE', #371, .T. ) ;
#3043 = SURFACE_STYLE_FILL_AREA ( #2689 ) ;
#3044 = AXIS2_PLACEMENT_3D ( 'NONE', #2946, #5773, #202 ) ;
#3045 = CARTESIAN_POINT ( 'NONE',  ( -0.08509959441544537300, 0.1979999999999999800, 0.05999999999999999800 ) ) ;
#3046 = DIRECTION ( 'NONE',  ( -3.606521461097566400E-015, 0.0000000000000000000, 1.000000000000000000 ) ) ;
#3047 = ORIENTED_EDGE ( 'NONE', *, *, #2974, .F. ) ;
#3048 = EDGE_CURVE ( 'NONE', #366, #4362, #1077, .T. ) ;
#3049 = DIRECTION ( 'NONE',  ( -0.0000000000000000000, -1.000000000000000000, -0.0000000000000000000 ) ) ;
#3050 = EDGE_CURVE ( 'NONE', #5189, #2905, #5900, .T. ) ;
#3051 = LINE ( 'NONE', #5095, #4213 ) ;
#3052 = CARTESIAN_POINT ( 'NONE',  ( 0.0000000000000000000, 2.923920452602450000E-016, 0.06957218375001704400 ) ) ;
#3053 = CARTESIAN_POINT ( 'NONE',  ( -0.2602812583361163200, 0.08899999999999992600, -0.04487218375001673900 ) ) ;
#3054 = DIRECTION ( 'NONE',  ( 0.0000000000000000000, 0.0000000000000000000, -1.000000000000000000 ) ) ;
#3055 = ORIENTED_EDGE ( 'NONE', *, *, #6010, .T. ) ;
#3056 = ORIENTED_EDGE ( 'NONE', *, *, #3422, .T. ) ;
#3057 = ADVANCED_FACE ( 'NONE', ( #2373 ), #3529, .T. ) ;
#3058 = CARTESIAN_POINT ( 'NONE',  ( 0.5008499999999999100, 0.1962533751892688000, -0.02650000000000000300 ) ) ;
#3059 = CARTESIAN_POINT ( 'NONE',  ( 0.3250000000000000100, 0.1048528137423858400, 0.0000000000000000000 ) ) ;
#3060 = CARTESIAN_POINT ( 'NONE',  ( -5.388445916248355700E-017, 0.1939999999999999800, -0.4400000000000001100 ) ) ;
#3061 = DIRECTION ( 'NONE',  ( 0.0000000000000000000, 1.000000000000000000, 3.414809992080342100E-015 ) ) ;
#3062 = ORIENTED_EDGE ( 'NONE', *, *, #1706, .T. ) ;
#3063 = EDGE_CURVE ( 'NONE', #3514, #2928, #4201, .T. ) ;
#3064 = EDGE_LOOP ( 'NONE', ( #944, #3642, #4727, #306 ) ) ;
#3065 = AXIS2_PLACEMENT_3D ( 'NONE', #5349, #4920, #199 ) ;
#3066 = VERTEX_POINT ( 'NONE', #5372 ) ;
#3067 = DIRECTION ( 'NONE',  ( -0.4472135954999570400, -0.8944271909999161900, 0.0000000000000000000 ) ) ;
#3068 = DIRECTION ( 'NONE',  ( -0.0000000000000000000, 1.000000000000000000, -0.0000000000000000000 ) ) ;
#3069 = ORIENTED_EDGE ( 'NONE', *, *, #638, .F. ) ;
#3070 = CARTESIAN_POINT ( 'NONE',  ( 0.4136423575989287000, 0.3539999999999999800, -0.1499999999999999900 ) ) ;
#3071 = ORIENTED_EDGE ( 'NONE', *, *, #2529, .T. ) ;
#3072 = ORIENTED_EDGE ( 'NONE', *, *, #3115, .F. ) ;
#3073 = DIRECTION ( 'NONE',  ( 1.000000000000000000, 0.0000000000000000000, 0.0000000000000000000 ) ) ;
#3074 = ORIENTED_EDGE ( 'NONE', *, *, #175, .T. ) ;
#3075 = ORIENTED_EDGE ( 'NONE', *, *, #4987, .T. ) ;
#3076 = EDGE_LOOP ( 'NONE', ( #399, #4540, #2659, #2450 ) ) ;
#3077 = EDGE_CURVE ( 'NONE', #5629, #5272, #3405, .T. ) ;
#3078 = CARTESIAN_POINT ( 'NONE',  ( 0.4751499999999998500, 0.02499999999999997700, -0.3316775405567138300 ) ) ;
#3079 = CARTESIAN_POINT ( 'NONE',  ( 0.3284790447376122500, 0.2561272146310087400, -0.07941279921115521100 ) ) ;
#3080 = VECTOR ( 'NONE', #1558, 39.37007874015748100 ) ;
#3081 = DIRECTION ( 'NONE',  ( -0.0000000000000000000, -1.000000000000000000, -0.0000000000000000000 ) ) ;
#3082 = ORIENTED_EDGE ( 'NONE', *, *, #981, .F. ) ;
#3083 = DIRECTION ( 'NONE',  ( -0.0000000000000000000, -0.0000000000000000000, 1.000000000000000000 ) ) ;
#3084 = VERTEX_POINT ( 'NONE', #5848 ) ;
#3085 = CARTESIAN_POINT ( 'NONE',  ( -0.2861500000000001300, 0.1136999999999999500, -0.03500000000000000300 ) ) ;
#3086 = EDGE_CURVE ( 'NONE', #1657, #2478, #1350, .T. ) ;
#3087 = LINE ( 'NONE', #3897, #1322 ) ;
#3088 = DIRECTION ( 'NONE',  ( 1.000000000000000000, 0.0000000000000000000, 3.606521461097566400E-015 ) ) ;
#3089 = CARTESIAN_POINT ( 'NONE',  ( 0.3749514457727182200, 0.3489999999999999800, 0.07441279921115510900 ) ) ;
#3090 = ADVANCED_FACE ( 'NONE', ( #2000 ), #3837, .F. ) ;
#3091 = DIRECTION ( 'NONE',  ( -0.0000000000000000000, -1.000000000000000000, -0.0000000000000000000 ) ) ;
#3092 = VERTEX_POINT ( 'NONE', #1132 ) ;
#3093 = CIRCLE ( 'NONE', #1524, 0.01669999999999998900 ) ;
#3094 = DIRECTION ( 'NONE',  ( 4.350076423032265900E-015, 1.000000000000000000, 0.0000000000000000000 ) ) ;
#3095 = PLANE ( 'NONE',  #5912 ) ;
#3096 = EDGE_CURVE ( 'NONE', #5341, #4425, #4055, .T. ) ;
#3097 = LINE ( 'NONE', #3670, #5223 ) ;
#3098 = VECTOR ( 'NONE', #4501, 39.37007874015748100 ) ;
#3099 = AXIS2_PLACEMENT_3D ( 'NONE', #4224, #3746, #5628 ) ;
#3100 = LINE ( 'NONE', #5333, #3169 ) ;
#3101 = CARTESIAN_POINT ( 'NONE',  ( -0.2861500000000001300, 0.09799999999999994800, -0.04000000000000000100 ) ) ;
#3102 = LINE ( 'NONE', #4262, #5386 ) ;
#3103 = VECTOR ( 'NONE', #503, 39.37007874015748900 ) ;
#3104 = PLANE ( 'NONE',  #633 ) ;
#3105 = VERTEX_POINT ( 'NONE', #5394 ) ;
#3106 = DIRECTION ( 'NONE',  ( -1.000000000000000000, 0.0000000000000000000, 0.0000000000000000000 ) ) ;
#3107 = CIRCLE ( 'NONE', #4544, 0.009000000000000001100 ) ;
#3108 = LINE ( 'NONE', #629, #2071 ) ;
#3109 = DIRECTION ( 'NONE',  ( -0.0000000000000000000, -0.0000000000000000000, -1.000000000000000000 ) ) ;
#3110 = DIRECTION ( 'NONE',  ( -0.0000000000000000000, -1.000000000000000000, -0.0000000000000000000 ) ) ;
#3111 = EDGE_LOOP ( 'NONE', ( #5983, #3339, #2100, #4680 ) ) ;
#3112 = ORIENTED_EDGE ( 'NONE', *, *, #1172, .F. ) ;
#3113 = VECTOR ( 'NONE', #4141, 39.37007874015748100 ) ;
#3114 = VECTOR ( 'NONE', #1769, 39.37007874015748100 ) ;
#3115 = EDGE_CURVE ( 'NONE', #1894, #2707, #5165, .T. ) ;
#3116 = VERTEX_POINT ( 'NONE', #736 ) ;
#3117 = ADVANCED_FACE ( 'NONE', ( #5246 ), #1194, .F. ) ;
#3118 = CARTESIAN_POINT ( 'NONE',  ( 0.3053670460976385400, 0.2528395773283764200, 0.3327720762596365600 ) ) ;
#3119 = FACE_OUTER_BOUND ( 'NONE', #4389, .T. ) ;
#3120 = CARTESIAN_POINT ( 'NONE',  ( 0.3284790447376123000, 0.2561272146310087400, -0.09511279921115520200 ) ) ;
#3121 = EDGE_LOOP ( 'NONE', ( #5554, #3568, #2885, #1363 ) ) ;
#3122 = ORIENTED_EDGE ( 'NONE', *, *, #4371, .F. ) ;
#3123 = AXIS2_PLACEMENT_3D ( 'NONE', #5444, #5843, #5825 ) ;
#3124 = CARTESIAN_POINT ( 'NONE',  ( 0.5008499999999999100, 0.1962533751892688000, 0.03650000000000000500 ) ) ;
#3125 = DIRECTION ( 'NONE',  ( -0.0000000000000000000, -1.000000000000000000, 0.0000000000000000000 ) ) ;
#3126 = CARTESIAN_POINT ( 'NONE',  ( 0.1728151516910407200, 0.2263550436887800900, -0.05999999999999999800 ) ) ;
#3127 = EDGE_CURVE ( 'NONE', #3007, #1367, #1142, .T. ) ;
#3128 = DIRECTION ( 'NONE',  ( 0.0000000000000000000, 0.0000000000000000000, -1.000000000000000000 ) ) ;
#3129 = VERTEX_POINT ( 'NONE', #3954 ) ;
#3130 = EDGE_CURVE ( 'NONE', #5555, #2756, #4647, .T. ) ;
#3131 = VERTEX_POINT ( 'NONE', #3469 ) ;
#3132 = CARTESIAN_POINT ( 'NONE',  ( 0.0000000000000000000, 0.02000000000000000000, 0.0000000000000000000 ) ) ;
#3133 = AXIS2_PLACEMENT_3D ( 'NONE', #5515, #5552, #1369 ) ;
#3134 = AXIS2_PLACEMENT_3D ( 'NONE', #696, #672, #5366 ) ;
#3135 = ORIENTED_EDGE ( 'NONE', *, *, #4061, .T. ) ;
#3136 = EDGE_LOOP ( 'NONE', ( #822, #2239, #2043, #3332 ) ) ;
#3137 = CARTESIAN_POINT ( 'NONE',  ( 0.3592514457727183400, 0.04070000000000000700, -0.3316775405567138300 ) ) ;
#3138 = EDGE_CURVE ( 'NONE', #391, #4250, #3683, .T. ) ;
#3139 = VERTEX_POINT ( 'NONE', #4895 ) ;
#3140 = ORIENTED_EDGE ( 'NONE', *, *, #5370, .T. ) ;
#3141 = ORIENTED_EDGE ( 'NONE', *, *, #2607, .T. ) ;
#3142 = DIRECTION ( 'NONE',  ( -0.0000000000000000000, -0.0000000000000000000, -1.000000000000000000 ) ) ;
#3143 = ORIENTED_EDGE ( 'NONE', *, *, #1284, .T. ) ;
#3144 = DIRECTION ( 'NONE',  ( -0.0000000000000000000, 0.0000000000000000000, -1.000000000000000000 ) ) ;
#3145 = DIRECTION ( 'NONE',  ( -0.0000000000000000000, 1.000000000000000000, -0.0000000000000000000 ) ) ;
#3146 = ORIENTED_EDGE ( 'NONE', *, *, #2210, .F. ) ;
#3147 = ORIENTED_EDGE ( 'NONE', *, *, #1670, .T. ) ;
#3148 = ADVANCED_FACE ( 'NONE', ( #4958 ), #1283, .F. ) ;
#3149 = PLANE ( 'NONE',  #4794 ) ;
#3150 = LINE ( 'NONE', #2897, #388 ) ;
#3151 = ORIENTED_EDGE ( 'NONE', *, *, #5753, .T. ) ;
#3152 = ORIENTED_EDGE ( 'NONE', *, *, #518, .T. ) ;
#3153 = ORIENTED_EDGE ( 'NONE', *, *, #229, .F. ) ;
#3154 = VECTOR ( 'NONE', #1053, 39.37007874015748100 ) ;
#3155 = VERTEX_POINT ( 'NONE', #4875 ) ;
#3156 = EDGE_CURVE ( 'NONE', #5237, #1011, #2453, .T. ) ;
#3157 = CARTESIAN_POINT ( 'NONE',  ( 0.3592514457727182300, 0.3489999999999999800, -0.03650000000000000500 ) ) ;
#3158 = DIRECTION ( 'NONE',  ( 0.0000000000000000000, 0.0000000000000000000, -1.000000000000000000 ) ) ;
#3159 = ORIENTED_EDGE ( 'NONE', *, *, #1274, .T. ) ;
#3160 = FACE_OUTER_BOUND ( 'NONE', #1258, .T. ) ;
#3161 = AXIS2_PLACEMENT_3D ( 'NONE', #351, #3565, #826 ) ;
#3162 = DIRECTION ( 'NONE',  ( 0.0000000000000000000, 0.0000000000000000000, 1.000000000000000000 ) ) ;
#3163 = EDGE_CURVE ( 'NONE', #5791, #861, #5962, .T. ) ;
#3164 = EDGE_CURVE ( 'NONE', #2666, #2905, #1218, .T. ) ;
#3165 = PLANE ( 'NONE',  #2615 ) ;
#3166 = DIRECTION ( 'NONE',  ( 1.000000000000000000, 0.0000000000000000000, -0.0000000000000000000 ) ) ;
#3167 = LINE ( 'NONE', #282, #5296 ) ;
#3168 = LINE ( 'NONE', #5630, #1627 ) ;
#3169 = VECTOR ( 'NONE', #4301, 39.37007874015748100 ) ;
#3170 = AXIS2_PLACEMENT_3D ( 'NONE', #4458, #355, #3551 ) ;
#3171 = VECTOR ( 'NONE', #886, 39.37007874015748100 ) ;
#3172 = CARTESIAN_POINT ( 'NONE',  ( -0.3018500000000000600, -0.1220000000000000100, -0.01299999999999999600 ) ) ;
#3173 = VECTOR ( 'NONE', #426, 39.37007874015748100 ) ;
#3174 = CYLINDRICAL_SURFACE ( 'NONE', #3553, 0.1000000000000000200 ) ;
#3175 = EDGE_CURVE ( 'NONE', #955, #583, #1070, .T. ) ;
#3176 = DIRECTION ( 'NONE',  ( -0.0000000000000000000, 1.000000000000000000, 0.0000000000000000000 ) ) ;
#3177 = LINE ( 'NONE', #5402, #5664 ) ;
#3178 = ADVANCED_FACE ( 'NONE', ( #495 ), #787, .T. ) ;
#3179 = VECTOR ( 'NONE', #809, 39.37007874015748100 ) ;
#3180 = ORIENTED_EDGE ( 'NONE', *, *, #3993, .F. ) ;
#3181 = LINE ( 'NONE', #2177, #5463 ) ;
#3182 = LINE ( 'NONE', #3350, #1928 ) ;
#3183 = FACE_OUTER_BOUND ( 'NONE', #2009, .T. ) ;
#3184 = UNCERTAINTY_MEASURE_WITH_UNIT (LENGTH_MEASURE( 1.000000000000000100E-005 ), #4173, 'distance_accuracy_value', 'NONE');
#3185 = DIRECTION ( 'NONE',  ( -1.000000000000000000, 0.0000000000000000000, 0.0000000000000000000 ) ) ;
#3186 = CARTESIAN_POINT ( 'NONE',  ( 0.3284790447376122500, 0.3489999999999999800, -0.07941279921115521100 ) ) ;
#3187 = VERTEX_POINT ( 'NONE', #1851 ) ;
#3188 = CARTESIAN_POINT ( 'NONE',  ( -0.1871912125772847200, 0.09799999999999992100, -0.04487218375001673900 ) ) ;
#3189 = LINE ( 'NONE', #35, #1008 ) ;
#3190 = DIRECTION ( 'NONE',  ( 0.4472135954999574800, 0.8944271909999160800, -0.0000000000000000000 ) ) ;
#3191 = CARTESIAN_POINT ( 'NONE',  ( -0.2861500000000001300, 0.05097309357355724700, -0.03500000000000000300 ) ) ;
#3192 = DIRECTION ( 'NONE',  ( -0.0000000000000000000, 1.000000000000000000, 0.0000000000000000000 ) ) ;
#3193 = VERTEX_POINT ( 'NONE', #29 ) ;
#3194 = EDGE_CURVE ( 'NONE', #5312, #3921, #5678, .T. ) ;
#3195 = LINE ( 'NONE', #2357, #5474 ) ;
#3196 = DIRECTION ( 'NONE',  ( 2.411613600658081200E-016, 1.000000000000000000, -0.0000000000000000000 ) ) ;
#3197 = ORIENTED_EDGE ( 'NONE', *, *, #4853, .T. ) ;
#3198 = ORIENTED_EDGE ( 'NONE', *, *, #1354, .F. ) ;
#3199 = ORIENTED_EDGE ( 'NONE', *, *, #5280, .T. ) ;
#3200 = AXIS2_PLACEMENT_3D ( 'NONE', #5435, #5453, #2098 ) ;
#3201 = DIRECTION ( 'NONE',  ( 0.0000000000000000000, 0.0000000000000000000, 1.000000000000000000 ) ) ;
#3202 = DIRECTION ( 'NONE',  ( -0.0000000000000000000, -1.000000000000000000, -0.0000000000000000000 ) ) ;
#3203 = VERTEX_POINT ( 'NONE', #6009 ) ;
#3204 = ADVANCED_FACE ( 'NONE', ( #1212 ), #922, .F. ) ;
#3205 = EDGE_CURVE ( 'NONE', #2756, #4382, #1710, .T. ) ;
#3206 = VERTEX_POINT ( 'NONE', #1808 ) ;
#3207 = ORIENTED_EDGE ( 'NONE', *, *, #5538, .T. ) ;
#3208 = AXIS2_PLACEMENT_3D ( 'NONE', #2295, #5580, #61 ) ;
#3209 = CARTESIAN_POINT ( 'NONE',  ( -0.08509959441544576200, 0.09799999999999993400, -0.05999999999999999800 ) ) ;
#3210 = EDGE_LOOP ( 'NONE', ( #2269, #607, #703, #3152 ) ) ;
#3211 = VERTEX_POINT ( 'NONE', #4143 ) ;
#3212 = ORIENTED_EDGE ( 'NONE', *, *, #5833, .F. ) ;
#3213 = DIRECTION ( 'NONE',  ( -1.000000000000000000, 0.0000000000000000000, 0.0000000000000000000 ) ) ;
#3214 = AXIS2_PLACEMENT_3D ( 'NONE', #5985, #5528, #4534 ) ;
#3215 = VERTEX_POINT ( 'NONE', #393 ) ;
#3216 = ORIENTED_EDGE ( 'NONE', *, *, #1034, .T. ) ;
#3217 = LINE ( 'NONE', #755, #540 ) ;
#3218 = DIRECTION ( 'NONE',  ( 1.000000000000000000, 0.0000000000000000000, 0.0000000000000000000 ) ) ;
#3219 = PLANE ( 'NONE',  #80 ) ;
#3220 = VERTEX_POINT ( 'NONE', #4659 ) ;
#3221 = VERTEX_POINT ( 'NONE', #5566 ) ;
#3222 = LINE ( 'NONE', #3774, #2422 ) ;
#3223 = DIRECTION ( 'NONE',  ( -0.0000000000000000000, -1.000000000000000000, -0.0000000000000000000 ) ) ;
#3224 = EDGE_LOOP ( 'NONE', ( #2417, #1412, #3755, #517 ) ) ;
#3225 =( CONVERSION_BASED_UNIT ( 'INCH', #292 ) LENGTH_UNIT ( ) NAMED_UNIT ( #3813 ) );
#3226 = LINE ( 'NONE', #5037, #4172 ) ;
#3227 = LINE ( 'NONE', #1253, #1976 ) ;
#3228 = ADVANCED_FACE ( 'NONE', ( #3183 ), #1345, .T. ) ;
#3229 = AXIS2_PLACEMENT_3D ( 'NONE', #3835, #2507, #595 ) ;
#3230 = DIRECTION ( 'NONE',  ( 0.0000000000000000000, 0.0000000000000000000, 1.000000000000000000 ) ) ;
#3231 = CARTESIAN_POINT ( 'NONE',  ( 0.4851499999999998600, 0.1962533751892688000, 0.03650000000000000500 ) ) ;
#3232 = CARTESIAN_POINT ( 'NONE',  ( -0.1871912125772847200, 0.1136999999999999500, 0.04487218375001673900 ) ) ;
#3233 = LINE ( 'NONE', #3418, #1981 ) ;
#3234 = CIRCLE ( 'NONE', #2419, 0.1000000000000000500 ) ;
#3235 = EDGE_CURVE ( 'NONE', #2918, #3908, #1930, .T. ) ;
#3236 = EDGE_CURVE ( 'NONE', #5490, #2701, #5535, .T. ) ;
#3237 = DIRECTION ( 'NONE',  ( -0.0000000000000000000, -0.0000000000000000000, 1.000000000000000000 ) ) ;
#3238 = DIRECTION ( 'NONE',  ( 0.0000000000000000000, 0.0000000000000000000, -1.000000000000000000 ) ) ;
#3239 = ORIENTED_EDGE ( 'NONE', *, *, #4110, .F. ) ;
#3240 = DIRECTION ( 'NONE',  ( 0.0000000000000000000, -1.138269997360109600E-014, -1.000000000000000000 ) ) ;
#3241 = LINE ( 'NONE', #4285, #3969 ) ;
#3242 = VECTOR ( 'NONE', #2847, 39.37007874015748100 ) ;
#3243 = CARTESIAN_POINT ( 'NONE',  ( 0.1123348649538237200, 0.2351442958438093600, -0.05999999999999999800 ) ) ;
#3244 = AXIS2_PLACEMENT_3D ( 'NONE', #2757, #4165, #439 ) ;
#3245 = CARTESIAN_POINT ( 'NONE',  ( -0.2396411754066111200, 0.1799999999999991100, 0.3690150498959872100 ) ) ;
#3246 = EDGE_LOOP ( 'NONE', ( #4899, #2597, #5747, #5501 ) ) ;
#3247 = DIRECTION ( 'NONE',  ( 0.0000000000000000000, 0.0000000000000000000, -1.000000000000000000 ) ) ;
#3248 = COLOUR_RGB ( '',1.000000000000000000, 0.0000000000000000000, 0.0000000000000000000 ) ;
#3249 = VECTOR ( 'NONE', #4748, 39.37007874015748100 ) ;
#3250 = EDGE_CURVE ( 'NONE', #3203, #5188, #5093, .T. ) ;
#3251 = EDGE_LOOP ( 'NONE', ( #4662, #4232, #4125, #4222 ) ) ;
#3252 = VECTOR ( 'NONE', #5754, 39.37007874015748100 ) ;
#3253 = ADVANCED_FACE ( 'NONE', ( #1347 ), #871, .F. ) ;
#3254 = DIRECTION ( 'NONE',  ( 0.0000000000000000000, 1.000000000000000000, -3.414809992080342100E-015 ) ) ;
#3255 = EDGE_LOOP ( 'NONE', ( #5911, #5411, #1030, #1175 ) ) ;
#3256 = ORIENTED_EDGE ( 'NONE', *, *, #365, .F. ) ;
#3257 = CARTESIAN_POINT ( 'NONE',  ( -0.2851500000000001300, 0.09699999999999996100, 0.03500000000000000300 ) ) ;
#3258 = DIRECTION ( 'NONE',  ( 0.0000000000000000000, 0.0000000000000000000, -1.000000000000000000 ) ) ;
#3259 = VECTOR ( 'NONE', #5957, 39.37007874015748100 ) ;
#3260 = DIRECTION ( 'NONE',  ( 1.000000000000000000, 0.0000000000000000000, 0.0000000000000000000 ) ) ;
#3261 = DIRECTION ( 'NONE',  ( -1.000000000000000000, -0.0000000000000000000, -0.0000000000000000000 ) ) ;
#3262 = ADVANCED_FACE ( 'NONE', ( #5818 ), #5101, .T. ) ;
#3263 = ORIENTED_EDGE ( 'NONE', *, *, #4851, .T. ) ;
#3264 = ORIENTED_EDGE ( 'NONE', *, *, #2290, .T. ) ;
#3265 = CARTESIAN_POINT ( 'NONE',  ( 0.3849514457727183400, 0.02500000000000000100, -0.3316775405567138300 ) ) ;
#3266 = DIRECTION ( 'NONE',  ( 1.000000000000000000, 0.0000000000000000000, 0.0000000000000000000 ) ) ;
#3267 = EDGE_CURVE ( 'NONE', #5959, #5277, #2591, .T. ) ;
#3268 = VERTEX_POINT ( 'NONE', #1791 ) ;
#3269 = CARTESIAN_POINT ( 'NONE',  ( 0.3592514457727182300, 0.3065609852421052900, 0.03650000000000000500 ) ) ;
#3270 = VERTEX_POINT ( 'NONE', #4252 ) ;
#3271 = EDGE_CURVE ( 'NONE', #2259, #1311, #12, .T. ) ;
#3272 = ORIENTED_EDGE ( 'NONE', *, *, #333, .F. ) ;
#3273 = EDGE_CURVE ( 'NONE', #3436, #650, #3833, .T. ) ;
#3274 = ORIENTED_EDGE ( 'NONE', *, *, #2610, .F. ) ;
#3275 = CARTESIAN_POINT ( 'NONE',  ( 0.5008499999999999100, 0.1064815665455062600, -0.03650000000000000500 ) ) ;
#3276 = CARTESIAN_POINT ( 'NONE',  ( -0.03618813525387682600, 0.1293402653465204300, 0.01980901644462925200 ) ) ;
#3277 = AXIS2_PLACEMENT_3D ( 'NONE', #2816, #4725, #1872 ) ;
#3278 = DIRECTION ( 'NONE',  ( 1.000000000000000000, 0.0000000000000000000, -0.0000000000000000000 ) ) ;
#3279 = CARTESIAN_POINT ( 'NONE',  ( 0.1798364051403900400, 0.2403975505874788000, 0.05999999999999999800 ) ) ;
#3280 = DIRECTION ( 'NONE',  ( -0.0000000000000000000, 1.000000000000000000, 0.0000000000000000000 ) ) ;
#3281 = ORIENTED_EDGE ( 'NONE', *, *, #5483, .F. ) ;
#3282 = ORIENTED_EDGE ( 'NONE', *, *, #1898, .F. ) ;
#3283 = ADVANCED_FACE ( 'NONE', ( #5745 ), #4272, .F. ) ;
#3284 = EDGE_CURVE ( 'NONE', #3492, #2566, #717, .T. ) ;
#3285 = EDGE_LOOP ( 'NONE', ( #3359, #1714, #4216, #1986 ) ) ;
#3286 = ORIENTED_EDGE ( 'NONE', *, *, #5756, .T. ) ;
#3287 = CARTESIAN_POINT ( 'NONE',  ( 0.0000000000000000000, 0.1939999999999999800, 0.0000000000000000000 ) ) ;
#3288 = CARTESIAN_POINT ( 'NONE',  ( -0.2861500000000001300, 0.05097309357355724700, -0.03500000000000000300 ) ) ;
#3289 = ORIENTED_EDGE ( 'NONE', *, *, #1971, .T. ) ;
#3290 = AXIS2_PLACEMENT_3D ( 'NONE', #1024, #5686, #4302 ) ;
#3291 = FACE_BOUND ( 'NONE', #4388, .T. ) ;
#3292 = PLANE ( 'NONE',  #2587 ) ;
#3293 = ORIENTED_EDGE ( 'NONE', *, *, #2305, .F. ) ;
#3294 = ORIENTED_EDGE ( 'NONE', *, *, #3582, .F. ) ;
#3295 = ADVANCED_FACE ( 'NONE', ( #4568 ), #5225, .F. ) ;
#3296 = EDGE_LOOP ( 'NONE', ( #1530, #5116, #2027, #1116 ) ) ;
#3297 = FACE_BOUND ( 'NONE', #1245, .T. ) ;
#3298 = CARTESIAN_POINT ( 'NONE',  ( 0.5018499999999999100, 0.2187043321626970500, 0.02649999999999999900 ) ) ;
#3299 = ORIENTED_EDGE ( 'NONE', *, *, #5130, .T. ) ;
#3300 = ORIENTED_EDGE ( 'NONE', *, *, #4977, .T. ) ;
#3301 = CARTESIAN_POINT ( 'NONE',  ( 0.3542514457727182200, 0.3489999999999999800, 0.09511279921115509100 ) ) ;
#3302 = CARTESIAN_POINT ( 'NONE',  ( -0.2602812583361163200, 0.1136999999999999500, -0.04487218375001673900 ) ) ;
#3303 = DIRECTION ( 'NONE',  ( 0.8144689757233655200, 0.5802071074919124000, 0.0000000000000000000 ) ) ;
#3304 = LINE ( 'NONE', #1373, #4623 ) ;
#3305 = CARTESIAN_POINT ( 'NONE',  ( 0.3849514457727183400, 0.05069999999999998800, 0.03650000000000000500 ) ) ;
#3306 = EDGE_CURVE ( 'NONE', #4084, #4052, #2081, .T. ) ;
#3307 = DIRECTION ( 'NONE',  ( 0.0000000000000000000, -1.000000000000000000, -3.414809992080342100E-015 ) ) ;
#3308 = COLOUR_RGB ( '',0.7921568627450980000, 0.8196078431372548800, 0.9333333333333333500 ) ;
#3309 = VECTOR ( 'NONE', #1182, 39.37007874015748100 ) ;
#3310 = LINE ( 'NONE', #3950, #1267 ) ;
#3311 = DIRECTION ( 'NONE',  ( 0.0000000000000000000, 0.0000000000000000000, -1.000000000000000000 ) ) ;
#3312 = EDGE_LOOP ( 'NONE', ( #4454, #2190, #4980, #4822, #1349, #3648, #286, #2692 ) ) ;
#3313 = LINE ( 'NONE', #2203, #2359 ) ;
#3314 = VECTOR ( 'NONE', #2970, 39.37007874015748100 ) ;
#3315 = PLANE ( 'NONE',  #5524 ) ;
#3316 = AXIS2_PLACEMENT_3D ( 'NONE', #2130, #3068, #2550 ) ;
#3317 = ORIENTED_EDGE ( 'NONE', *, *, #5068, .F. ) ;
#3318 = DIRECTION ( 'NONE',  ( -1.000000000000000000, 0.0000000000000000000, 0.0000000000000000000 ) ) ;
#3319 = VECTOR ( 'NONE', #4807, 39.37007874015748100 ) ;
#3320 = LINE ( 'NONE', #2628, #5088 ) ;
#3321 = EDGE_CURVE ( 'NONE', #5860, #4443, #3537, .T. ) ;
#3322 = DIRECTION ( 'NONE',  ( -0.0000000000000000000, -0.0000000000000000000, -1.000000000000000000 ) ) ;
#3323 = DIRECTION ( 'NONE',  ( 0.8944271909999160800, -0.4472135954999574800, 0.0000000000000000000 ) ) ;
#3324 = ADVANCED_FACE ( 'NONE', ( #3399 ), #2347, .F. ) ;
#3325 = VERTEX_POINT ( 'NONE', #5203 ) ;
#3326 = AXIS2_PLACEMENT_3D ( 'NONE', #398, #855, #2716 ) ;
#3327 = ORIENTED_EDGE ( 'NONE', *, *, #5216, .T. ) ;
#3328 = LINE ( 'NONE', #660, #214 ) ;
#3329 = VECTOR ( 'NONE', #2428, 39.37007874015748100 ) ;
#3330 = DIRECTION ( 'NONE',  ( 0.0000000000000000000, 1.000000000000000000, 0.0000000000000000000 ) ) ;
#3331 = CARTESIAN_POINT ( 'NONE',  ( 0.5018499999999999100, 0.2187043321626970500, -0.02649999999999999900 ) ) ;
#3332 = ORIENTED_EDGE ( 'NONE', *, *, #1208, .F. ) ;
#3333 = EDGE_CURVE ( 'NONE', #3325, #5207, #2143, .T. ) ;
#3334 = LINE ( 'NONE', #2643, #652 ) ;
#3335 = CARTESIAN_POINT ( 'NONE',  ( -0.02707888366625379700, 0.1165531024276636000, 0.03500000000000000300 ) ) ;
#3336 = AXIS2_PLACEMENT_3D ( 'NONE', #5488, #354, #2173 ) ;
#3337 = ORIENTED_EDGE ( 'NONE', *, *, #5933, .F. ) ;
#3338 = VECTOR ( 'NONE', #1338, 39.37007874015748100 ) ;
#3339 = ORIENTED_EDGE ( 'NONE', *, *, #5082, .T. ) ;
#3340 = CARTESIAN_POINT ( 'NONE',  ( 0.3284790447376123000, 0.3189999999999997300, 0.09511279921115521600 ) ) ;
#3341 = DIRECTION ( 'NONE',  ( 0.0000000000000000000, -1.000000000000000000, 0.0000000000000000000 ) ) ;
#3342 = PLANE ( 'NONE',  #4786 ) ;
#3343 = VERTEX_POINT ( 'NONE', #4227 ) ;
#3344 = DIRECTION ( 'NONE',  ( -0.0000000000000000000, -0.0000000000000000000, -1.000000000000000000 ) ) ;
#3345 = CARTESIAN_POINT ( 'NONE',  ( -0.1836403121902468700, -0.0006242056432416228000, 0.07334237367679336000 ) ) ;
#3346 = VERTEX_POINT ( 'NONE', #1465 ) ;
#3347 = ADVANCED_FACE ( 'NONE', ( #1995 ), #997, .T. ) ;
#3348 = DIRECTION ( 'NONE',  ( 1.000000000000000000, 0.0000000000000000000, 0.0000000000000000000 ) ) ;
#3349 = ORIENTED_EDGE ( 'NONE', *, *, #5625, .F. ) ;
#3350 = CARTESIAN_POINT ( 'NONE',  ( 0.4851499999999998600, 0.1962533751892688000, 0.03650000000000000500 ) ) ;
#3351 = DIRECTION ( 'NONE',  ( 0.0000000000000000000, 0.0000000000000000000, -1.000000000000000000 ) ) ;
#3352 = DIRECTION ( 'NONE',  ( 0.0000000000000000000, 0.0000000000000000000, 1.000000000000000000 ) ) ;
#3353 = DIRECTION ( 'NONE',  ( 0.0000000000000000000, 0.0000000000000000000, 1.000000000000000000 ) ) ;
#3354 = ORIENTED_EDGE ( 'NONE', *, *, #75, .F. ) ;
#3355 = ORIENTED_EDGE ( 'NONE', *, *, #2723, .F. ) ;
#3356 = ADVANCED_FACE ( 'NONE', ( #152 ), #4726, .F. ) ;
#3357 = EDGE_CURVE ( 'NONE', #4236, #1164, #854, .T. ) ;
#3358 = EDGE_CURVE ( 'NONE', #2822, #2809, #4950, .T. ) ;
#3359 = ORIENTED_EDGE ( 'NONE', *, *, #4100, .T. ) ;
#3360 = CARTESIAN_POINT ( 'NONE',  ( 0.4751499999999998500, 0.02499999999999997700, 0.03649999999999987300 ) ) ;
#3361 = VERTEX_POINT ( 'NONE', #107 ) ;
#3362 = AXIS2_PLACEMENT_3D ( 'NONE', #206, #745, #5405 ) ;
#3363 = CARTESIAN_POINT ( 'NONE',  ( 0.3542514457727182200, 0.3489999999999999800, -0.07941279921115511300 ) ) ;
#3364 = CARTESIAN_POINT ( 'NONE',  ( 0.3542514457727182200, 0.3489999999999999800, -0.09511279921115511900 ) ) ;
#3365 = CARTESIAN_POINT ( 'NONE',  ( -0.2861500000000001300, 0.09699999999999998900, 0.03500000000000000300 ) ) ;
#3366 = ORIENTED_EDGE ( 'NONE', *, *, #4690, .F. ) ;
#3367 = DIRECTION ( 'NONE',  ( 2.411613600658080700E-016, 1.000000000000000000, -0.0000000000000000000 ) ) ;
#3368 = ORIENTED_EDGE ( 'NONE', *, *, #54, .F. ) ;
#3369 = LINE ( 'NONE', #1691, #2112 ) ;
#3370 = DIRECTION ( 'NONE',  ( -0.0000000000000000000, -0.0000000000000000000, 1.000000000000000000 ) ) ;
#3371 = EDGE_CURVE ( 'NONE', #903, #128, #4280, .T. ) ;
#3372 = ORIENTED_EDGE ( 'NONE', *, *, #3086, .F. ) ;
#3373 = CARTESIAN_POINT ( 'NONE',  ( 0.3250000000000000100, 0.01999999999999999000, 0.03000000000000004400 ) ) ;
#3374 = DIRECTION ( 'NONE',  ( 0.0000000000000000000, 0.0000000000000000000, 1.000000000000000000 ) ) ;
#3375 = VERTEX_POINT ( 'NONE', #4701 ) ;
#3376 = CIRCLE ( 'NONE', #2474, 0.04999999999999999600 ) ;
#3377 = DIRECTION ( 'NONE',  ( -0.0000000000000000000, -1.000000000000000000, -0.0000000000000000000 ) ) ;
#3378 = ORIENTED_EDGE ( 'NONE', *, *, #2522, .F. ) ;
#3379 = ADVANCED_FACE ( 'NONE', ( #1779 ), #1584, .F. ) ;
#3380 = FACE_OUTER_BOUND ( 'NONE', #130, .T. ) ;
#3381 = CARTESIAN_POINT ( 'NONE',  ( 0.1504544719160426400, 0.1816336841387844200, 0.03500000000000000300 ) ) ;
#3382 = LINE ( 'NONE', #2990, #1147 ) ;
#3383 = CARTESIAN_POINT ( 'NONE',  ( -0.2602812583361163200, 0.08800000000000003700, -0.06957218375001675300 ) ) ;
#3384 = CARTESIAN_POINT ( 'NONE',  ( 0.3849514457727183400, 0.05069999999999998800, 0.07441279921115510900 ) ) ;
#3385 = DIRECTION ( 'NONE',  ( 0.0000000000000000000, 0.0000000000000000000, -1.000000000000000000 ) ) ;
#3386 = CARTESIAN_POINT ( 'NONE',  ( 0.4136423575989287000, 0.3539999999999999800, -0.1499999999999999900 ) ) ;
#3387 = VECTOR ( 'NONE', #1682, 39.37007874015748100 ) ;
#3388 = VECTOR ( 'NONE', #2971, 39.37007874015748100 ) ;
#3389 = PLANE ( 'NONE',  #762 ) ;
#3390 = EDGE_CURVE ( 'NONE', #4425, #5980, #5392, .T. ) ;
#3391 = FACE_OUTER_BOUND ( 'NONE', #1154, .T. ) ;
#3392 = DIRECTION ( 'NONE',  ( -0.0000000000000000000, -0.0000000000000000000, -1.000000000000000000 ) ) ;
#3393 = DIRECTION ( 'NONE',  ( -0.0000000000000000000, -0.0000000000000000000, -1.000000000000000000 ) ) ;
#3394 = FACE_OUTER_BOUND ( 'NONE', #2376, .T. ) ;
#3395 = VECTOR ( 'NONE', #2950, 39.37007874015748100 ) ;
#3396 = EDGE_CURVE ( 'NONE', #995, #128, #5599, .T. ) ;
#3397 = CARTESIAN_POINT ( 'NONE',  ( -0.1871912125772847200, 0.08799999999999999500, 0.05387218375001674700 ) ) ;
#3398 = FACE_OUTER_BOUND ( 'NONE', #5616, .T. ) ;
#3399 = FACE_OUTER_BOUND ( 'NONE', #5250, .T. ) ;
#3400 = AXIS2_PLACEMENT_3D ( 'NONE', #1156, #2480, #5293 ) ;
#3401 = ORIENTED_EDGE ( 'NONE', *, *, #4496, .F. ) ;
#3402 = LINE ( 'NONE', #372, #2147 ) ;
#3403 = VECTOR ( 'NONE', #4395, 39.37007874015748100 ) ;
#3404 = DIRECTION ( 'NONE',  ( -1.000000000000000000, 0.0000000000000000000, 0.0000000000000000000 ) ) ;
#3405 = LINE ( 'NONE', #3984, #1567 ) ;
#3406 = PLANE ( 'NONE',  #4144 ) ;
#3407 = EDGE_CURVE ( 'NONE', #1448, #5719, #1643, .T. ) ;
#3408 = CARTESIAN_POINT ( 'NONE',  ( 0.3592514457727182300, 0.3489999999999999800, -0.3316775405567138300 ) ) ;
#3409 = ORIENTED_EDGE ( 'NONE', *, *, #1332, .F. ) ;
#3410 = ADVANCED_FACE ( 'NONE', ( #2447 ), #1853, .F. ) ;
#3411 = VECTOR ( 'NONE', #1312, 39.37007874015748100 ) ;
#3412 = CARTESIAN_POINT ( 'NONE',  ( 0.2040138023014928500, 0.2107557183835540600, 0.03500000000000000300 ) ) ;
#3413 = CARTESIAN_POINT ( 'NONE',  ( 0.2414532404824823200, 0.08799999999999995300, -0.1005612242791646300 ) ) ;
#3414 = ORIENTED_EDGE ( 'NONE', *, *, #2414, .F. ) ;
#3415 = CARTESIAN_POINT ( 'NONE',  ( -0.3018500000000000600, -0.1219999999999999800, 0.03500000000000000300 ) ) ;
#3416 = ORIENTED_EDGE ( 'NONE', *, *, #4061, .F. ) ;
#3417 = AXIS2_PLACEMENT_3D ( 'NONE', #5936, #73, #4709 ) ;
#3418 = CARTESIAN_POINT ( 'NONE',  ( 0.3592514457727182300, 0.01999999999999999000, 0.07941279921115511300 ) ) ;
#3419 = DIRECTION ( 'NONE',  ( 0.0000000000000000000, 0.0000000000000000000, 1.000000000000000000 ) ) ;
#3420 = ORIENTED_EDGE ( 'NONE', *, *, #2621, .T. ) ;
#3421 = ORIENTED_EDGE ( 'NONE', *, *, #3271, .T. ) ;
#3422 = EDGE_CURVE ( 'NONE', #4382, #5700, #3108, .T. ) ;
#3423 = DIRECTION ( 'NONE',  ( -0.0000000000000000000, 0.0000000000000000000, -1.000000000000000000 ) ) ;
#3424 = DIRECTION ( 'NONE',  ( -1.000000000000000000, 0.0000000000000000000, 0.0000000000000000000 ) ) ;
#3425 = ORIENTED_EDGE ( 'NONE', *, *, #3896, .F. ) ;
#3426 = ORIENTED_EDGE ( 'NONE', *, *, #1385, .T. ) ;
#3427 = CARTESIAN_POINT ( 'NONE',  ( -0.1782054284066869600, 0.09799999999999994800, 0.1005612242791646300 ) ) ;
#3428 = ORIENTED_EDGE ( 'NONE', *, *, #2305, .T. ) ;
#3429 = EDGE_LOOP ( 'NONE', ( #2176, #1420, #1941, #5337 ) ) ;
#3430 = DIRECTION ( 'NONE',  ( -0.0000000000000000000, -0.0000000000000000000, -1.000000000000000000 ) ) ;
#3431 = ORIENTED_EDGE ( 'NONE', *, *, #3828, .F. ) ;
#3432 = DIRECTION ( 'NONE',  ( 0.0000000000000000000, 0.0000000000000000000, 1.000000000000000000 ) ) ;
#3433 = EDGE_LOOP ( 'NONE', ( #4041, #3977, #450, #4311 ) ) ;
#3434 = DIRECTION ( 'NONE',  ( 0.0000000000000000000, 1.000000000000000000, 0.0000000000000000000 ) ) ;
#3435 = VERTEX_POINT ( 'NONE', #1541 ) ;
#3436 = VERTEX_POINT ( 'NONE', #3893 ) ;
#3437 = EDGE_CURVE ( 'NONE', #3488, #2407, #5459, .T. ) ;
#3438 = DIRECTION ( 'NONE',  ( 0.0000000000000000000, 0.0000000000000000000, 1.000000000000000000 ) ) ;
#3439 = FACE_OUTER_BOUND ( 'NONE', #2268, .T. ) ;
#3440 = EDGE_CURVE ( 'NONE', #2259, #5623, #3036, .T. ) ;
#3441 = EDGE_LOOP ( 'NONE', ( #2328, #719, #3519, #4073 ) ) ;
#3442 = CARTESIAN_POINT ( 'NONE',  ( 0.4851499999999998600, 0.1064815665455062600, 0.03650000000000000500 ) ) ;
#3443 = VECTOR ( 'NONE', #5369, 39.37007874015748100 ) ;
#3444 = ORIENTED_EDGE ( 'NONE', *, *, #1185, .F. ) ;
#3445 = EDGE_CURVE ( 'NONE', #995, #247, #2227, .T. ) ;
#3446 = VECTOR ( 'NONE', #4214, 39.37007874015748100 ) ;
#3447 = DIRECTION ( 'NONE',  ( 0.0000000000000000000, 0.0000000000000000000, -1.000000000000000000 ) ) ;
#3448 = DIRECTION ( 'NONE',  ( 0.0000000000000000000, 0.0000000000000000000, 1.000000000000000000 ) ) ;
#3449 = LINE ( 'NONE', #4464, #1402 ) ;
#3450 = FACE_OUTER_BOUND ( 'NONE', #542, .T. ) ;
#3451 = CYLINDRICAL_SURFACE ( 'NONE', #4375, 0.03000000000000002300 ) ;
#3452 = CARTESIAN_POINT ( 'NONE',  ( -0.2851500000000001300, 0.1136999999999999500, 0.03500000000000000300 ) ) ;
#3453 = FACE_OUTER_BOUND ( 'NONE', #937, .T. ) ;
#3454 = LINE ( 'NONE', #988, #4863 ) ;
#3455 = CARTESIAN_POINT ( 'NONE',  ( -0.1836403121902468700, 0.09799999999999994800, 0.04510330413046883400 ) ) ;
#3456 = ORIENTED_EDGE ( 'NONE', *, *, #982, .F. ) ;
#3457 = CARTESIAN_POINT ( 'NONE',  ( 0.3592514457727183400, 0.04070000000000000700, -0.07441279921115510900 ) ) ;
#3458 = LINE ( 'NONE', #472, #10 ) ;
#3459 = EDGE_CURVE ( 'NONE', #1150, #4250, #4721, .T. ) ;
#3460 = FACE_OUTER_BOUND ( 'NONE', #4439, .T. ) ;
#3461 = AXIS2_PLACEMENT_3D ( 'NONE', #1044, #1496, #171 ) ;
#3462 = CARTESIAN_POINT ( 'NONE',  ( -0.1782054284066869600, 0.09799999999999994800, 0.05999999999999999800 ) ) ;
#3463 = ORIENTED_EDGE ( 'NONE', *, *, #3267, .F. ) ;
#3464 = ORIENTED_EDGE ( 'NONE', *, *, #54, .T. ) ;
#3465 = FACE_OUTER_BOUND ( 'NONE', #1210, .T. ) ;
#3466 = EDGE_CURVE ( 'NONE', #5407, #4457, #5242, .T. ) ;
#3467 = VECTOR ( 'NONE', #5550, 39.37007874015748100 ) ;
#3468 = EDGE_CURVE ( 'NONE', #5133, #759, #424, .T. ) ;
#3469 = CARTESIAN_POINT ( 'NONE',  ( -0.1871912125772847200, 0.08799999999999999500, -0.05387218375001674700 ) ) ;
#3470 = VERTEX_POINT ( 'NONE', #4791 ) ;
#3471 = LINE ( 'NONE', #4075, #3259 ) ;
#3472 = VECTOR ( 'NONE', #3583, 39.37007874015748900 ) ;
#3473 = ORIENTED_EDGE ( 'NONE', *, *, #3205, .T. ) ;
#3474 = PLANE ( 'NONE',  #5862 ) ;
#3475 = DIRECTION ( 'NONE',  ( 0.0000000000000000000, 0.0000000000000000000, -1.000000000000000000 ) ) ;
#3476 = DIRECTION ( 'NONE',  ( 0.0000000000000000000, 1.000000000000000000, 0.0000000000000000000 ) ) ;
#3477 = EDGE_CURVE ( 'NONE', #4359, #3623, #2887, .T. ) ;
#3478 = FACE_OUTER_BOUND ( 'NONE', #5265, .T. ) ;
#3479 = CARTESIAN_POINT ( 'NONE',  ( -0.2602812583361163200, 0.09799999999999994800, -0.03500000000000000300 ) ) ;
#3480 = AXIS2_PLACEMENT_3D ( 'NONE', #5220, #5688, #2871 ) ;
#3481 = EDGE_LOOP ( 'NONE', ( #475, #5883, #3047, #4947, #597, #2935, #2818, #3938, #4233, #4751, #1519, #4318 ) ) ;
#3482 = EDGE_LOOP ( 'NONE', ( #2068, #5755, #56, #2310 ) ) ;
#3483 = DIRECTION ( 'NONE',  ( 0.0000000000000000000, 0.0000000000000000000, -1.000000000000000000 ) ) ;
#3484 = CARTESIAN_POINT ( 'NONE',  ( 0.3592514457727182300, 0.2561272146310087400, 0.07441279921115510900 ) ) ;
#3485 = CARTESIAN_POINT ( 'NONE',  ( -0.2861500000000001300, 0.05097309357355724700, -0.03500000000000000300 ) ) ;
#3486 = DIRECTION ( 'NONE',  ( 0.0000000000000000000, 1.000000000000000000, 0.0000000000000000000 ) ) ;
#3487 = ORIENTED_EDGE ( 'NONE', *, *, #3271, .F. ) ;
#3488 = VERTEX_POINT ( 'NONE', #4387 ) ;
#3489 = CARTESIAN_POINT ( 'NONE',  ( 0.3284790447376123000, 0.2561272146310087400, 0.09511279921115520200 ) ) ;
#3490 = CARTESIAN_POINT ( 'NONE',  ( -0.2676451023932669400, -0.0006242056432416228000, -0.07334237367679336000 ) ) ;
#3491 = ORIENTED_EDGE ( 'NONE', *, *, #2362, .F. ) ;
#3492 = VERTEX_POINT ( 'NONE', #3413 ) ;
#3493 = EDGE_LOOP ( 'NONE', ( #799, #5110, #3147, #5019 ) ) ;
#3494 = EDGE_CURVE ( 'NONE', #1417, #3944, #1493, .T. ) ;
#3495 = DIRECTION ( 'NONE',  ( 0.0000000000000000000, 0.0000000000000000000, 1.000000000000000000 ) ) ;
#3496 = CARTESIAN_POINT ( 'NONE',  ( 0.4851499999999998600, 0.1064815665455062600, -0.02650000000000000300 ) ) ;
#3497 = ORIENTED_EDGE ( 'NONE', *, *, #102, .T. ) ;
#3498 = DIRECTION ( 'NONE',  ( 0.0000000000000000000, 1.000000000000000000, 0.0000000000000000000 ) ) ;
#3499 = EDGE_LOOP ( 'NONE', ( #2424, #3844, #458, #213 ) ) ;
#3500 = VECTOR ( 'NONE', #2520, 39.37007874015748100 ) ;
#3501 = EDGE_LOOP ( 'NONE', ( #2987, #5949, #4152, #938 ) ) ;
#3502 = DIRECTION ( 'NONE',  ( 0.0000000000000000000, 0.0000000000000000000, -1.000000000000000000 ) ) ;
#3503 = ORIENTED_EDGE ( 'NONE', *, *, #4527, .T. ) ;
#3504 = CARTESIAN_POINT ( 'NONE',  ( -0.2512612266729668000, 0.1939999999999999800, 0.3612032612959024700 ) ) ;
#3505 = EDGE_LOOP ( 'NONE', ( #893, #5972, #3639, #5215, #105, #3409, #5510, #2315, #1574, #3967, #2700, #804, #2490, #5705 ) ) ;
#3506 = ADVANCED_FACE ( 'NONE', ( #3460 ), #2526, .T. ) ;
#3507 = CARTESIAN_POINT ( 'NONE',  ( 0.3592514457727183400, 0.05069999999999998800, -0.07441279921115510900 ) ) ;
#3508 = VECTOR ( 'NONE', #849, 39.37007874015748100 ) ;
#3509 = AXIS2_PLACEMENT_3D ( 'NONE', #545, #4782, #1957 ) ;
#3510 = DIRECTION ( 'NONE',  ( -1.000000000000000000, -0.0000000000000000000, 3.606521461097566400E-015 ) ) ;
#3511 = DIRECTION ( 'NONE',  ( -1.000000000000000000, 0.0000000000000000000, -3.606521461097566400E-015 ) ) ;
#3512 = ORIENTED_EDGE ( 'NONE', *, *, #3390, .F. ) ;
#3513 = PLANE ( 'NONE',  #2572 ) ;
#3514 = VERTEX_POINT ( 'NONE', #3373 ) ;
#3515 = EDGE_CURVE ( 'NONE', #1811, #3921, #285, .T. ) ;
#3516 = LINE ( 'NONE', #5793, #616 ) ;
#3517 = CARTESIAN_POINT ( 'NONE',  ( -0.2676451023932669400, -0.0006242056432416228000, 0.04510330413046882700 ) ) ;
#3518 = CARTESIAN_POINT ( 'NONE',  ( -0.08509959441544569200, 0.1136999999999999400, -0.05999999999999999800 ) ) ;
#3519 = ORIENTED_EDGE ( 'NONE', *, *, #3396, .T. ) ;
#3520 = FACE_OUTER_BOUND ( 'NONE', #1454, .T. ) ;
#3521 = VECTOR ( 'NONE', #5531, 39.37007874015748900 ) ;
#3522 = CARTESIAN_POINT ( 'NONE',  ( 0.0000000000000000000, 0.09799999999999994800, 0.0000000000000000000 ) ) ;
#3523 = DIRECTION ( 'NONE',  ( 0.6969384459455458800, 0.7171309521719220200, 0.0000000000000000000 ) ) ;
#3524 = AXIS2_PLACEMENT_3D ( 'NONE', #888, #4674, #5134 ) ;
#3525 = LINE ( 'NONE', #3919, #4783 ) ;
#3526 = VECTOR ( 'NONE', #2492, 39.37007874015748100 ) ;
#3527 = LINE ( 'NONE', #4768, #5946 ) ;
#3528 = DIRECTION ( 'NONE',  ( 0.0000000000000000000, 1.000000000000000000, 0.0000000000000000000 ) ) ;
#3529 = PLANE ( 'NONE',  #1743 ) ;
#3530 = CARTESIAN_POINT ( 'NONE',  ( 0.03568257952359021900, -0.02994123931769816100, 0.07941279921115625100 ) ) ;
#3531 = VECTOR ( 'NONE', #4218, 39.37007874015748100 ) ;
#3532 = ORIENTED_EDGE ( 'NONE', *, *, #2766, .F. ) ;
#3533 = LINE ( 'NONE', #1865, #2289 ) ;
#3534 = FACE_OUTER_BOUND ( 'NONE', #2246, .T. ) ;
#3535 = ADVANCED_FACE ( 'NONE', ( #4634 ), #3974, .T. ) ;
#3536 = DIRECTION ( 'NONE',  ( 1.000000000000000000, 0.0000000000000000000, -0.0000000000000000000 ) ) ;
#3537 = LINE ( 'NONE', #2880, #569 ) ;
#3538 = DIRECTION ( 'NONE',  ( 1.000000000000000000, 0.0000000000000000000, 0.0000000000000000000 ) ) ;
#3539 = VERTEX_POINT ( 'NONE', #732 ) ;
#3540 = ORIENTED_EDGE ( 'NONE', *, *, #5625, .T. ) ;
#3541 = VECTOR ( 'NONE', #720, 39.37007874015748100 ) ;
#3542 = LINE ( 'NONE', #2219, #5749 ) ;
#3543 = CARTESIAN_POINT ( 'NONE',  ( 0.4136423575989287000, 0.3539999999999999800, 0.1499999999999999900 ) ) ;
#3544 = CARTESIAN_POINT ( 'NONE',  ( -5.388445916248354500E-017, 0.02000000000000000000, -0.4400000000000000000 ) ) ;
#3545 = CARTESIAN_POINT ( 'NONE',  ( -0.2861500000000001300, -0.1220000000000000100, 0.01299999999999999600 ) ) ;
#3546 = ORIENTED_EDGE ( 'NONE', *, *, #4210, .F. ) ;
#3547 = EDGE_CURVE ( 'NONE', #4567, #3488, #4564, .T. ) ;
#3548 = EDGE_CURVE ( 'NONE', #5560, #4004, #4122, .T. ) ;
#3549 = CIRCLE ( 'NONE', #1755, 0.03000000000000004400 ) ;
#3550 = DIRECTION ( 'NONE',  ( -0.0000000000000000000, 7.993795080820341900E-031, -1.000000000000000000 ) ) ;
#3551 = DIRECTION ( 'NONE',  ( 0.0000000000000000000, 0.0000000000000000000, 1.000000000000000000 ) ) ;
#3552 = ORIENTED_EDGE ( 'NONE', *, *, #151, .F. ) ;
#3553 = AXIS2_PLACEMENT_3D ( 'NONE', #129, #5730, #1485 ) ;
#3554 = ORIENTED_EDGE ( 'NONE', *, *, #268, .F. ) ;
#3555 = DIRECTION ( 'NONE',  ( -0.0000000000000000000, -0.0000000000000000000, -1.000000000000000000 ) ) ;
#3556 = ORIENTED_EDGE ( 'NONE', *, *, #4459, .F. ) ;
#3557 = EDGE_CURVE ( 'NONE', #2999, #2054, #4049, .T. ) ;
#3558 = ORIENTED_EDGE ( 'NONE', *, *, #4728, .T. ) ;
#3559 = CARTESIAN_POINT ( 'NONE',  ( 0.1728151516910407200, 0.2263550436887800900, 0.03500000000000000300 ) ) ;
#3560 = AXIS2_PLACEMENT_3D ( 'NONE', #462, #1920, #3318 ) ;
#3561 = VERTEX_POINT ( 'NONE', #1190 ) ;
#3562 = DIRECTION ( 'NONE',  ( 0.0000000000000000000, -3.491481338843133000E-015, 1.000000000000000000 ) ) ;
#3563 = DIRECTION ( 'NONE',  ( 1.000000000000000000, 0.0000000000000000000, 0.0000000000000000000 ) ) ;
#3564 = ORIENTED_EDGE ( 'NONE', *, *, #3906, .T. ) ;
#3565 = DIRECTION ( 'NONE',  ( -0.0000000000000000000, -0.0000000000000000000, -1.000000000000000000 ) ) ;
#3566 = ADVANCED_FACE ( 'NONE', ( #79 ), #312, .T. ) ;
#3567 = CARTESIAN_POINT ( 'NONE',  ( 0.2110350557508421700, 0.2247982252822527400, 0.03500000000000000300 ) ) ;
#3568 = ORIENTED_EDGE ( 'NONE', *, *, #3557, .F. ) ;
#3569 = EDGE_LOOP ( 'NONE', ( #5177, #4746, #2164, #2248 ) ) ;
#3570 = PLANE ( 'NONE',  #1819 ) ;
#3571 = ORIENTED_EDGE ( 'NONE', *, *, #4015, .T. ) ;
#3572 = EDGE_LOOP ( 'NONE', ( #4512, #5406, #1376, #4339 ) ) ;
#3573 = EDGE_CURVE ( 'NONE', #3139, #1807, #1277, .T. ) ;
#3574 = CARTESIAN_POINT ( 'NONE',  ( -0.1871912125772847200, 0.09799999999999999000, 0.04487218375001673900 ) ) ;
#3575 = CIRCLE ( 'NONE', #951, 0.02070000000000000000 ) ;
#3576 = MECHANICAL_DESIGN_GEOMETRIC_PRESENTATION_REPRESENTATION (  '', ( #4849 ), #3972 ) ;
#3577 = ORIENTED_EDGE ( 'NONE', *, *, #4369, .T. ) ;
#3578 = CARTESIAN_POINT ( 'NONE',  ( 0.3542514457727182200, 0.2561272146310087400, 0.07441279921115510900 ) ) ;
#3579 = ORIENTED_EDGE ( 'NONE', *, *, #2186, .T. ) ;
#3580 = EDGE_CURVE ( 'NONE', #5560, #3139, #3320, .T. ) ;
#3581 = LINE ( 'NONE', #4329, #1610 ) ;
#3582 = EDGE_CURVE ( 'NONE', #3084, #4066, #710, .T. ) ;
#3583 = DIRECTION ( 'NONE',  ( -0.8944271909999160800, 0.4472135954999574800, 0.0000000000000000000 ) ) ;
#3584 = CARTESIAN_POINT ( 'NONE',  ( 2.683713573353796300E-016, 0.0000000000000000000, 0.07941279921115639000 ) ) ;
#3585 = CARTESIAN_POINT ( 'NONE',  ( 0.3592514457727182300, 0.3065609852421052900, 0.03650000000000000500 ) ) ;
#3586 = VERTEX_POINT ( 'NONE', #3484 ) ;
#3587 = AXIS2_PLACEMENT_3D ( 'NONE', #563, #82, #2441 ) ;
#3588 = FACE_OUTER_BOUND ( 'NONE', #3853, .T. ) ;
#3589 = DIRECTION ( 'NONE',  ( -0.6427876096865377000, -0.7660444431189793500, 2.318227309262104100E-015 ) ) ;
#3590 = EDGE_CURVE ( 'NONE', #1025, #100, #848, .T. ) ;
#3591 = LINE ( 'NONE', #1569, #5943 ) ;
#3592 = LINE ( 'NONE', #4834, #1336 ) ;
#3593 = ADVANCED_FACE ( 'NONE', ( #1559 ), #5160, .T. ) ;
#3594 = LINE ( 'NONE', #1464, #5448 ) ;
#3595 = DIRECTION ( 'NONE',  ( 2.411613600658081200E-016, 1.000000000000000000, 0.0000000000000000000 ) ) ;
#3596 = ORIENTED_EDGE ( 'NONE', *, *, #2644, .T. ) ;
#3597 = DIRECTION ( 'NONE',  ( 0.0000000000000000000, -0.0000000000000000000, 1.000000000000000000 ) ) ;
#3598 = VECTOR ( 'NONE', #4885, 39.37007874015748100 ) ;
#3599 = CARTESIAN_POINT ( 'NONE',  ( 0.0000000000000000000, 0.1939999999999999800, 0.0000000000000000000 ) ) ;
#3600 = FACE_OUTER_BOUND ( 'NONE', #4089, .T. ) ;
#3601 = DIRECTION ( 'NONE',  ( -1.000000000000000000, -0.0000000000000000000, -0.0000000000000000000 ) ) ;
#3602 = DIRECTION ( 'NONE',  ( -0.0000000000000000000, -0.0000000000000000000, 1.000000000000000000 ) ) ;
#3603 = VECTOR ( 'NONE', #3280, 39.37007874015748100 ) ;
#3604 = VECTOR ( 'NONE', #2570, 39.37007874015748100 ) ;
#3605 = DIRECTION ( 'NONE',  ( 0.0000000000000000000, 0.0000000000000000000, -1.000000000000000000 ) ) ;
#3606 = CARTESIAN_POINT ( 'NONE',  ( 0.4851499999999998600, 0.1962533751892688000, -0.02650000000000000300 ) ) ;
#3607 = CYLINDRICAL_SURFACE ( 'NONE', #2977, 0.03000000000000002300 ) ;
#3608 = FACE_OUTER_BOUND ( 'NONE', #508, .T. ) ;
#3609 = EDGE_CURVE ( 'NONE', #915, #36, #5022, .T. ) ;
#3610 = VECTOR ( 'NONE', #3176, 39.37007874015748100 ) ;
#3611 = EDGE_LOOP ( 'NONE', ( #5577, #1491, #2323, #5605 ) ) ;
#3612 = LINE ( 'NONE', #879, #5469 ) ;
#3613 = CARTESIAN_POINT ( 'NONE',  ( -0.3018500000000000600, 0.09700000000000025300, -0.03500000000000000300 ) ) ;
#3614 = ORIENTED_EDGE ( 'NONE', *, *, #3236, .T. ) ;
#3615 = AXIS2_PLACEMENT_3D ( 'NONE', #3052, #2223, #5971 ) ;
#3616 = DIRECTION ( 'NONE',  ( 0.0000000000000000000, -0.0000000000000000000, 1.000000000000000000 ) ) ;
#3617 = PLANE ( 'NONE',  #748 ) ;
#3618 = FACE_OUTER_BOUND ( 'NONE', #3121, .T. ) ;
#3619 = ADVANCED_FACE ( 'NONE', ( #353 ), #5864, .T. ) ;
#3620 = DIRECTION ( 'NONE',  ( 1.000000000000000000, 0.0000000000000000000, -3.606521461097566400E-015 ) ) ;
#3621 = ORIENTED_EDGE ( 'NONE', *, *, #303, .T. ) ;
#3622 = EDGE_CURVE ( 'NONE', #103, #2609, #5887, .T. ) ;
#3623 = VERTEX_POINT ( 'NONE', #5389 ) ;
#3624 = CARTESIAN_POINT ( 'NONE',  ( 0.5162311941231563200, 0.2349370418097587200, -0.02649999999999999900 ) ) ;
#3625 = CARTESIAN_POINT ( 'NONE',  ( 0.5008499999999999100, 0.1064815665455062600, 0.03650000000000000500 ) ) ;
#3626 = ORIENTED_EDGE ( 'NONE', *, *, #5784, .T. ) ;
#3627 = DIRECTION ( 'NONE',  ( 1.000000000000000000, -1.740030569212908200E-014, 0.0000000000000000000 ) ) ;
#3628 = ORIENTED_EDGE ( 'NONE', *, *, #5955, .F. ) ;
#3629 = EDGE_CURVE ( 'NONE', #4242, #5346, #5234, .T. ) ;
#3630 = EDGE_LOOP ( 'NONE', ( #5546, #4487, #875, #5343 ) ) ;
#3631 = ORIENTED_EDGE ( 'NONE', *, *, #2159, .T. ) ;
#3632 = CARTESIAN_POINT ( 'NONE',  ( -0.2861500000000001300, 0.09699999999999998900, -0.03500000000000000300 ) ) ;
#3633 = ORIENTED_EDGE ( 'NONE', *, *, #3547, .F. ) ;
#3634 = ORIENTED_EDGE ( 'NONE', *, *, #557, .F. ) ;
#3635 = VERTEX_POINT ( 'NONE', #4017 ) ;
#3636 = PLANE ( 'NONE',  #3865 ) ;
#3637 = LINE ( 'NONE', #2502, #3080 ) ;
#3638 = VERTEX_POINT ( 'NONE', #3544 ) ;
#3639 = ORIENTED_EDGE ( 'NONE', *, *, #39, .T. ) ;
#3640 = DIRECTION ( 'NONE',  ( -0.0000000000000000000, -0.0000000000000000000, -1.000000000000000000 ) ) ;
#3641 = DIRECTION ( 'NONE',  ( 0.0000000000000000000, 0.0000000000000000000, -1.000000000000000000 ) ) ;
#3642 = ORIENTED_EDGE ( 'NONE', *, *, #5295, .T. ) ;
#3643 = VECTOR ( 'NONE', #3486, 39.37007874015748100 ) ;
#3644 = CARTESIAN_POINT ( 'NONE',  ( -0.3311971787051254900, 0.2999999999999999300, 0.2896695165490584300 ) ) ;
#3645 = ORIENTED_EDGE ( 'NONE', *, *, #2703, .T. ) ;
#3646 = ADVANCED_FACE ( 'NONE', ( #208 ), #4912, .F. ) ;
#3647 = DIRECTION ( 'NONE',  ( -1.000000000000000000, 2.411613600658081200E-016, 0.0000000000000000000 ) ) ;
#3648 = ORIENTED_EDGE ( 'NONE', *, *, #3333, .F. ) ;
#3649 = LINE ( 'NONE', #2833, #2933 ) ;
#3650 = AXIS2_PLACEMENT_3D ( 'NONE', #5000, #294, #811 ) ;
#3651 = DIRECTION ( 'NONE',  ( -1.000000000000000000, 0.0000000000000000000, -0.0000000000000000000 ) ) ;
#3652 = DIRECTION ( 'NONE',  ( 0.8144689757233656300, 0.5802071074919122900, -0.0000000000000000000 ) ) ;
#3653 = EDGE_CURVE ( 'NONE', #100, #48, #2662, .T. ) ;
#3654 = ORIENTED_EDGE ( 'NONE', *, *, #5399, .T. ) ;
#3655 = EDGE_CURVE ( 'NONE', #366, #128, #4792, .T. ) ;
#3656 = DIRECTION ( 'NONE',  ( -2.107907402518722500E-016, 1.000000000000000000, 0.0000000000000000000 ) ) ;
#3657 = CARTESIAN_POINT ( 'NONE',  ( -0.02707888366625379700, 0.1165531024276636000, 0.03500000000000000300 ) ) ;
#3658 =( LENGTH_UNIT ( ) NAMED_UNIT ( * ) SI_UNIT ( $, .METRE. ) );
#3659 = FACE_OUTER_BOUND ( 'NONE', #5353, .T. ) ;
#3660 = AXIS2_PLACEMENT_3D ( 'NONE', #1262, #3597, #4132 ) ;
#3661 = AXIS2_PLACEMENT_3D ( 'NONE', #1862, #3278, #5172 ) ;
#3662 = LINE ( 'NONE', #3574, #3387 ) ;
#3663 = CARTESIAN_POINT ( 'NONE',  ( -0.1625000000000001700, 0.01999999999999999000, -0.2814582562299425300 ) ) ;
#3664 = DIRECTION ( 'NONE',  ( 0.0000000000000000000, 0.0000000000000000000, -1.000000000000000000 ) ) ;
#3665 = FACE_OUTER_BOUND ( 'NONE', #1327, .T. ) ;
#3666 = LINE ( 'NONE', #2525, #1406 ) ;
#3667 = EDGE_CURVE ( 'NONE', #3211, #5026, #4869, .T. ) ;
#3668 = AXIS2_PLACEMENT_3D ( 'NONE', #2354, #3678, #3240 ) ;
#3669 = LINE ( 'NONE', #2951, #1340 ) ;
#3670 = CARTESIAN_POINT ( 'NONE',  ( -0.1836403121902468700, 0.08799999999999995300, -0.07334237367679336000 ) ) ;
#3671 = LINE ( 'NONE', #2252, #3179 ) ;
#3672 = CARTESIAN_POINT ( 'NONE',  ( -0.2602812583361163200, 2.375757882404078100E-016, 0.05387218375001704600 ) ) ;
#3673 = ORIENTED_EDGE ( 'NONE', *, *, #557, .T. ) ;
#3674 = VECTOR ( 'NONE', #83, 39.37007874015748100 ) ;
#3675 = VECTOR ( 'NONE', #5807, 39.37007874015748100 ) ;
#3676 = CARTESIAN_POINT ( 'NONE',  ( 0.1504544719160426400, 0.1816336841387844200, 0.03500000000000000300 ) ) ;
#3677 = PLANE ( 'NONE',  #3695 ) ;
#3678 = DIRECTION ( 'NONE',  ( -1.000000000000000000, 0.0000000000000000000, 0.0000000000000000000 ) ) ;
#3679 = ORIENTED_EDGE ( 'NONE', *, *, #5055, .T. ) ;
#3680 = ADVANCED_FACE ( 'NONE', ( #3827 ), #1774, .T. ) ;
#3681 = CARTESIAN_POINT ( 'NONE',  ( 0.5018499999999999100, 0.2187043321626970500, -0.02649999999999999900 ) ) ;
#3682 = VECTOR ( 'NONE', #242, 39.37007874015748100 ) ;
#3683 = LINE ( 'NONE', #4005, #5029 ) ;
#3684 = DIRECTION ( 'NONE',  ( 0.6969384459455458800, 0.7171309521719220200, 0.0000000000000000000 ) ) ;
#3685 = CARTESIAN_POINT ( 'NONE',  ( -0.1836403121902468700, -0.0006242056432416228000, 0.07334237367679336000 ) ) ;
#3686 = VERTEX_POINT ( 'NONE', #5925 ) ;
#3687 = EDGE_CURVE ( 'NONE', #510, #5789, #146, .T. ) ;
#3688 = LINE ( 'NONE', #5149, #2900 ) ;
#3689 = CARTESIAN_POINT ( 'NONE',  ( -0.2676451023932669400, 0.08799999999999995300, 0.04510330413046882700 ) ) ;
#3690 = VERTEX_POINT ( 'NONE', #824 ) ;
#3691 = EDGE_CURVE ( 'NONE', #3343, #759, #1136, .T. ) ;
#3692 = ORIENTED_EDGE ( 'NONE', *, *, #4440, .T. ) ;
#3693 = DIRECTION ( 'NONE',  ( 1.000000000000000000, 0.0000000000000000000, -0.0000000000000000000 ) ) ;
#3694 = ORIENTED_EDGE ( 'NONE', *, *, #4356, .T. ) ;
#3695 = AXIS2_PLACEMENT_3D ( 'NONE', #42, #4669, #946 ) ;
#3696 = PLANE ( 'NONE',  #1316 ) ;
#3697 = EDGE_LOOP ( 'NONE', ( #235, #731, #4612, #4985 ) ) ;
#3698 = DIRECTION ( 'NONE',  ( 1.000000000000000000, -2.411613600658080700E-016, 0.0000000000000000000 ) ) ;
#3699 = DIRECTION ( 'NONE',  ( -1.000000000000000000, 0.0000000000000000000, 0.0000000000000000000 ) ) ;
#3700 = VERTEX_POINT ( 'NONE', #5964 ) ;
#3701 = EDGE_CURVE ( 'NONE', #5052, #2623, #1415, .T. ) ;
#3702 = ADVANCED_FACE ( 'NONE', ( #5813 ), #1244, .F. ) ;
#3703 = CARTESIAN_POINT ( 'NONE',  ( -0.02707888366625380000, 0.1165531024276636000, 0.01980901644462925200 ) ) ;
#3704 = ORIENTED_EDGE ( 'NONE', *, *, #2936, .F. ) ;
#3705 = ORIENTED_EDGE ( 'NONE', *, *, #4853, .F. ) ;
#3706 = ORIENTED_EDGE ( 'NONE', *, *, #3573, .F. ) ;
#3707 = ADVANCED_FACE ( 'NONE', ( #4944 ), #3617, .T. ) ;
#3708 = DIRECTION ( 'NONE',  ( 0.0000000000000000000, -0.0000000000000000000, 1.000000000000000000 ) ) ;
#3709 = AXIS2_PLACEMENT_3D ( 'NONE', #2962, #3432, #4771 ) ;
#3710 = EDGE_LOOP ( 'NONE', ( #1495, #5322, #805, #374 ) ) ;
#3711 = CARTESIAN_POINT ( 'NONE',  ( 0.5200000000000002400, 0.2458789754111038200, 0.02999999999999999900 ) ) ;
#3712 = DIRECTION ( 'NONE',  ( 0.0000000000000000000, 0.0000000000000000000, -1.000000000000000000 ) ) ;
#3713 = ORIENTED_EDGE ( 'NONE', *, *, #2128, .T. ) ;
#3714 = LINE ( 'NONE', #4104, #3873 ) ;
#3715 = DIRECTION ( 'NONE',  ( -0.0000000000000000000, -0.0000000000000000000, -1.000000000000000000 ) ) ;
#3716 = DIRECTION ( 'NONE',  ( -0.0000000000000000000, 1.000000000000000000, -0.0000000000000000000 ) ) ;
#3717 = DIRECTION ( 'NONE',  ( 0.4472135954999574800, 0.8944271909999160800, -0.0000000000000000000 ) ) ;
#3718 = ORIENTED_EDGE ( 'NONE', *, *, #1532, .T. ) ;
#3719 = CARTESIAN_POINT ( 'NONE',  ( 0.5011328690478279400, 0.2194012706086425900, 0.02649999999999999900 ) ) ;
#3720 = ORIENTED_EDGE ( 'NONE', *, *, #2452, .F. ) ;
#3721 = EDGE_CURVE ( 'NONE', #1314, #2240, #2368, .T. ) ;
#3722 = FACE_OUTER_BOUND ( 'NONE', #1667, .T. ) ;
#3723 = CARTESIAN_POINT ( 'NONE',  ( -0.03618813525387682600, 0.1293402653465204300, 0.03500000000000000300 ) ) ;
#3724 = CARTESIAN_POINT ( 'NONE',  ( 0.4851499999999998600, 0.3539999999999999800, -0.3316775405567138300 ) ) ;
#3725 = ORIENTED_EDGE ( 'NONE', *, *, #5671, .F. ) ;
#3726 = DIRECTION ( 'NONE',  ( -0.0000000000000000000, -1.000000000000000000, -0.0000000000000000000 ) ) ;
#3727 = VECTOR ( 'NONE', #3971, 39.37007874015748100 ) ;
#3728 = AXIS2_PLACEMENT_3D ( 'NONE', #2489, #613, #1127 ) ;
#3729 = ADVANCED_FACE ( 'NONE', ( #5954 ), #4715, .T. ) ;
#3730 = LENGTH_MEASURE_WITH_UNIT ( LENGTH_MEASURE( 0.02539999999999999900 ), #5210 );
#3731 = DIRECTION ( 'NONE',  ( 0.0000000000000000000, 0.0000000000000000000, 1.000000000000000000 ) ) ;
#3732 = LINE ( 'NONE', #602, #2575 ) ;
#3733 = LINE ( 'NONE', #2045, #5805 ) ;
#3734 = EDGE_CURVE ( 'NONE', #2566, #5196, #3671, .T. ) ;
#3735 = EDGE_CURVE ( 'NONE', #4333, #4209, #2062, .T. ) ;
#3736 = CARTESIAN_POINT ( 'NONE',  ( 0.3592514457727183400, 0.05069999999999998800, 0.03650000000000000500 ) ) ;
#3737 = DIRECTION ( 'NONE',  ( 0.0000000000000000000, 1.000000000000000000, -0.0000000000000000000 ) ) ;
#3738 = CARTESIAN_POINT ( 'NONE',  ( -0.2676451023932669400, 0.08799999999999995300, 0.07334237367679336000 ) ) ;
#3739 = ORIENTED_EDGE ( 'NONE', *, *, #2330, .F. ) ;
#3740 = VECTOR ( 'NONE', #3081, 39.37007874015748100 ) ;
#3741 = ADVANCED_FACE ( 'NONE', ( #5387 ), #3104, .F. ) ;
#3742 = FACE_OUTER_BOUND ( 'NONE', #1193, .T. ) ;
#3743 = CARTESIAN_POINT ( 'NONE',  ( 0.0000000000000000000, 0.02000000000000000000, 0.0000000000000000000 ) ) ;
#3744 = AXIS2_PLACEMENT_3D ( 'NONE', #2739, #2699, #5993 ) ;
#3745 = AXIS2_PLACEMENT_3D ( 'NONE', #5542, #1375, #843 ) ;
#3746 = DIRECTION ( 'NONE',  ( -0.0000000000000000000, 1.000000000000000000, -0.0000000000000000000 ) ) ;
#3747 = ORIENTED_EDGE ( 'NONE', *, *, #5866, .T. ) ;
#3748 = CARTESIAN_POINT ( 'NONE',  ( -0.2851500000000001300, 0.09799999999999994800, 0.03500000000000000300 ) ) ;
#3749 = LINE ( 'NONE', #1424, #4797 ) ;
#3750 = VECTOR ( 'NONE', #775, 39.37007874015748100 ) ;
#3751 = EDGE_CURVE ( 'NONE', #2905, #5959, #419, .T. ) ;
#3752 = DIRECTION ( 'NONE',  ( 0.0000000000000000000, -1.000000000000000000, 3.414809992080342100E-015 ) ) ;
#3753 = AXIS2_PLACEMENT_3D ( 'NONE', #3026, #2592, #3982 ) ;
#3754 = ORIENTED_EDGE ( 'NONE', *, *, #2925, .F. ) ;
#3755 = ORIENTED_EDGE ( 'NONE', *, *, #4675, .T. ) ;
#3756 = ORIENTED_EDGE ( 'NONE', *, *, #76, .F. ) ;
#3757 = FACE_OUTER_BOUND ( 'NONE', #1822, .T. ) ;
#3758 = COLOUR_RGB ( '',0.7921568627450980000, 0.8196078431372548800, 0.9333333333333333500 ) ;
#3759 = DIRECTION ( 'NONE',  ( -0.5446390350150250900, 0.0000000000000000000, 0.8386705679454253800 ) ) ;
#3760 = PLANE ( 'NONE',  #2430 ) ;
#3761 = EDGE_LOOP ( 'NONE', ( #27, #1234, #5713, #187 ) ) ;
#3762 = VERTEX_POINT ( 'NONE', #404 ) ;
#3763 = CARTESIAN_POINT ( 'NONE',  ( 0.1504544719160426400, 0.1816336841387844200, 0.05999999999999999800 ) ) ;
#3764 = LINE ( 'NONE', #3039, #1787 ) ;
#3765 = EDGE_LOOP ( 'NONE', ( #3281, #3143, #2838, #4290 ) ) ;
#3766 = ORIENTED_EDGE ( 'NONE', *, *, #2504, .T. ) ;
#3767 = CARTESIAN_POINT ( 'NONE',  ( 0.4751499999999998500, 0.05069999999999998100, 0.07441279921115510900 ) ) ;
#3769 = DIRECTION ( 'NONE',  ( -0.7171309521719220200, 0.6969384459455458800, 0.0000000000000000000 ) ) ;
#3768 = VECTOR ( 'NONE', #5131, 39.37007874015748100 ) ;
#3770 = CARTESIAN_POINT ( 'NONE',  ( -0.1625000000000001700, 0.1048528137423858400, -0.2814582562299425300 ) ) ;
#3771 = DIRECTION ( 'NONE',  ( -0.0000000000000000000, -0.0000000000000000000, 1.000000000000000000 ) ) ;
#3772 = EDGE_CURVE ( 'NONE', #767, #4292, #1206, .T. ) ;
#3773 = VERTEX_POINT ( 'NONE', #864 ) ;
#3774 = CARTESIAN_POINT ( 'NONE',  ( -0.1836403121902468700, 0.09799999999999994800, 0.07334237367679336000 ) ) ;
#3775 = EDGE_LOOP ( 'NONE', ( #4672, #4894, #4888, #1747 ) ) ;
#3776 = AXIS2_PLACEMENT_3D ( 'NONE', #332, #5043, #2132 ) ;
#3777 = ADVANCED_FACE ( 'NONE', ( #2285 ), #3696, .T. ) ;
#3778 = EDGE_CURVE ( 'NONE', #867, #4579, #2882, .T. ) ;
#3779 = VERTEX_POINT ( 'NONE', #4611 ) ;
#3780 = EDGE_CURVE ( 'NONE', #2036, #2054, #1922, .T. ) ;
#3781 = ORIENTED_EDGE ( 'NONE', *, *, #1809, .F. ) ;
#3782 = CARTESIAN_POINT ( 'NONE',  ( -0.2851500000000001300, 0.09799999999999994800, -0.03500000000000000300 ) ) ;
#3783 = PRODUCT_DEFINITION_SHAPE ( 'NONE', 'NONE',  #5282 ) ;
#3784 = AXIS2_PLACEMENT_3D ( 'NONE', #5193, #3809, #4757 ) ;
#3785 = ORIENTED_EDGE ( 'NONE', *, *, #1368, .T. ) ;
#3786 = DIRECTION ( 'NONE',  ( 0.0000000000000000000, 1.000000000000000000, 0.0000000000000000000 ) ) ;
#3787 = CARTESIAN_POINT ( 'NONE',  ( 0.1728151516910407200, 0.2263550436887800900, -0.01980901644462925200 ) ) ;
#3788 = CARTESIAN_POINT ( 'NONE',  ( 0.5008499999999999100, -0.1219999999999999800, -0.02649999999999999900 ) ) ;
#3789 = ORIENTED_EDGE ( 'NONE', *, *, #2953, .F. ) ;
#3790 = VERTEX_POINT ( 'NONE', #1339 ) ;
#3791 = CARTESIAN_POINT ( 'NONE',  ( 0.5018499999999999100, 0.2187043321626970500, 0.02649999999999999900 ) ) ;
#3792 = EDGE_CURVE ( 'NONE', #3215, #861, #5454, .T. ) ;
#3793 = DIRECTION ( 'NONE',  ( 1.000000000000000000, -0.0000000000000000000, 3.606521461097566400E-015 ) ) ;
#3794 = ORIENTED_EDGE ( 'NONE', *, *, #2532, .T. ) ;
#3795 = CARTESIAN_POINT ( 'NONE',  ( 0.2166663664455244200, 0.1939999999999999800, -0.3829565062135564800 ) ) ;
#3796 = ORIENTED_EDGE ( 'NONE', *, *, #2645, .T. ) ;
#3797 = AXIS2_PLACEMENT_3D ( 'NONE', #4855, #3883, #2965 ) ;
#3798 = FACE_OUTER_BOUND ( 'NONE', #4677, .T. ) ;
#3799 = DIRECTION ( 'NONE',  ( 0.0000000000000000000, 1.000000000000000000, 0.0000000000000000000 ) ) ;
#3800 = ORIENTED_EDGE ( 'NONE', *, *, #5082, .F. ) ;
#3801 = ORIENTED_EDGE ( 'NONE', *, *, #4, .T. ) ;
#3802 = ORIENTED_EDGE ( 'NONE', *, *, #5979, .T. ) ;
#3803 = LINE ( 'NONE', #3567, #2040 ) ;
#3804 = ADVANCED_FACE ( 'NONE', ( #2360 ), #5154, .F. ) ;
#3805 = DIRECTION ( 'NONE',  ( -1.000000000000000000, 0.0000000000000000000, 0.0000000000000000000 ) ) ;
#3806 = ORIENTED_EDGE ( 'NONE', *, *, #3582, .T. ) ;
#3807 = ORIENTED_EDGE ( 'NONE', *, *, #5538, .F. ) ;
#3808 = CARTESIAN_POINT ( 'NONE',  ( 0.5008499999999999100, 0.2458789754111038200, 0.02999999999999999900 ) ) ;
#3809 = DIRECTION ( 'NONE',  ( 0.0000000000000000000, 1.000000000000000000, 0.0000000000000000000 ) ) ;
#3810 = CARTESIAN_POINT ( 'NONE',  ( 0.3536520336729308000, 0.3489999999999999800, 0.09511279921115511900 ) ) ;
#3811 = LINE ( 'NONE', #4470, #5511 ) ;
#3812 = CARTESIAN_POINT ( 'NONE',  ( 0.3592514457727183400, 0.3489999999999999800, -0.09511279921115509100 ) ) ;
#3813 = DIMENSIONAL_EXPONENTS ( 1.000000000000000000, 0.0000000000000000000, 0.0000000000000000000, 0.0000000000000000000, 0.0000000000000000000, 0.0000000000000000000, 0.0000000000000000000 ) ;
#3814 = DIRECTION ( 'NONE',  ( -0.0000000000000000000, -0.0000000000000000000, -1.000000000000000000 ) ) ;
#3815 = EDGE_CURVE ( 'NONE', #2779, #1803, #4710, .T. ) ;
#3816 = ORIENTED_EDGE ( 'NONE', *, *, #1499, .F. ) ;
#3817 = CARTESIAN_POINT ( 'NONE',  ( -0.03618813525387682600, 0.1293402653465204300, -0.01980901644462925200 ) ) ;
#3818 = LINE ( 'NONE', #3041, #5004 ) ;
#3819 = CARTESIAN_POINT ( 'NONE',  ( 0.5008499999999999100, 0.02499999999999997400, 0.03650000000000000500 ) ) ;
#3820 = LINE ( 'NONE', #1850, #1912 ) ;
#3821 = DIRECTION ( 'NONE',  ( -1.000000000000000000, 2.411613600658080700E-016, 0.0000000000000000000 ) ) ;
#3822 = VECTOR ( 'NONE', #4360, 39.37007874015748100 ) ;
#3823 = FACE_OUTER_BOUND ( 'NONE', #5620, .T. ) ;
#3824 = FACE_OUTER_BOUND ( 'NONE', #1754, .T. ) ;
#3825 = PLANE ( 'NONE',  #2391 ) ;
#3826 = VECTOR ( 'NONE', #3424, 39.37007874015748100 ) ;
#3827 = FACE_OUTER_BOUND ( 'NONE', #1805, .T. ) ;
#3828 = EDGE_CURVE ( 'NONE', #1314, #5632, #1130, .T. ) ;
#3829 = DIRECTION ( 'NONE',  ( 1.000000000000000000, 0.0000000000000000000, 0.0000000000000000000 ) ) ;
#3830 = DIRECTION ( 'NONE',  ( -0.0000000000000000000, -0.0000000000000000000, 1.000000000000000000 ) ) ;
#3831 = AXIS2_PLACEMENT_3D ( 'NONE', #2815, #3769, #4745 ) ;
#3832 = VECTOR ( 'NONE', #99, 39.37007874015748100 ) ;
#3833 = LINE ( 'NONE', #4679, #2291 ) ;
#3834 = ADVANCED_FACE ( 'NONE', ( #2510 ), #3677, .T. ) ;
#3835 = CARTESIAN_POINT ( 'NONE',  ( 0.2110350557508421700, -0.1219999999999999600, -0.01980901644462925200 ) ) ;
#3836 = ORIENTED_EDGE ( 'NONE', *, *, #490, .T. ) ;
#3837 = CYLINDRICAL_SURFACE ( 'NONE', #2168, 0.001000000000000003100 ) ;
#3838 = CARTESIAN_POINT ( 'NONE',  ( 0.5008499999999999100, 0.1064815665455062600, -0.02650000000000000300 ) ) ;
#3839 = CIRCLE ( 'NONE', #1470, 0.4050000000000000300 ) ;
#3840 = AXIS2_PLACEMENT_3D ( 'NONE', #2673, #4081, #1749 ) ;
#3841 = CARTESIAN_POINT ( 'NONE',  ( -4.959819536546781200E-017, 0.1939999999999999800, -0.4050000000000000300 ) ) ;
#3842 = ADVANCED_FACE ( 'NONE', ( #842 ), #3219, .T. ) ;
#3843 = SURFACE_SIDE_STYLE ('',( #405 ) ) ;
#3844 = ORIENTED_EDGE ( 'NONE', *, *, #830, .T. ) ;
#3845 = VECTOR ( 'NONE', #5702, 39.37007874015748100 ) ;
#3846 = CARTESIAN_POINT ( 'NONE',  ( -0.1871912125772847200, 0.1136999999999999300, -0.04487218375001673900 ) ) ;
#3847 = ORIENTED_EDGE ( 'NONE', *, *, #873, .T. ) ;
#3848 = DIRECTION ( 'NONE',  ( 0.0000000000000000000, -0.0000000000000000000, -1.000000000000000000 ) ) ;
#3849 = DIRECTION ( 'NONE',  ( -0.0000000000000000000, -0.0000000000000000000, -1.000000000000000000 ) ) ;
#3850 = CARTESIAN_POINT ( 'NONE',  ( 0.4851499999999998600, 0.3539999999999999800, 0.07441279921115510900 ) ) ;
#3851 = ORIENTED_EDGE ( 'NONE', *, *, #3306, .T. ) ;
#3852 = ORIENTED_EDGE ( 'NONE', *, *, #5280, .F. ) ;
#3853 = EDGE_LOOP ( 'NONE', ( #3444, #2086, #5786, #446 ) ) ;
#3854 = CARTESIAN_POINT ( 'NONE',  ( 0.4898739130987287400, 0.2303432042099876600, 0.02649999999999999900 ) ) ;
#3855 = CARTESIAN_POINT ( 'NONE',  ( -0.2861500000000001300, 0.09799999999999994800, 0.04000000000000000100 ) ) ;
#3856 = VERTEX_POINT ( 'NONE', #5173 ) ;
#3857 = AXIS2_PLACEMENT_3D ( 'NONE', #5525, #2212, #5508 ) ;
#3858 = EDGE_LOOP ( 'NONE', ( #5520, #4994, #1960, #4082, #2616, #2922, #3802, #3062 ) ) ;
#3859 = DIRECTION ( 'NONE',  ( -1.000000000000000000, 0.0000000000000000000, 0.0000000000000000000 ) ) ;
#3860 = EDGE_CURVE ( 'NONE', #528, #2779, #5230, .T. ) ;
#3861 = ADVANCED_FACE ( 'NONE', ( #4335 ), #1918, .F. ) ;
#3862 = EDGE_CURVE ( 'NONE', #1557, #1138, #413, .T. ) ;
#3863 = ORIENTED_EDGE ( 'NONE', *, *, #3267, .T. ) ;
#3864 = ORIENTED_EDGE ( 'NONE', *, *, #1057, .T. ) ;
#3865 = AXIS2_PLACEMENT_3D ( 'NONE', #3243, #4137, #1804 ) ;
#3866 = DIRECTION ( 'NONE',  ( -1.000000000000000000, 2.411613600658080700E-016, 0.0000000000000000000 ) ) ;
#3867 = DIRECTION ( 'NONE',  ( 0.0000000000000000000, 0.0000000000000000000, 1.000000000000000000 ) ) ;
#3868 = CARTESIAN_POINT ( 'NONE',  ( 0.3749514457727182700, 0.05069999999999998800, 0.03649999999999987300 ) ) ;
#3869 = ORIENTED_EDGE ( 'NONE', *, *, #2159, .F. ) ;
#3870 = ORIENTED_EDGE ( 'NONE', *, *, #409, .F. ) ;
#3871 = DIRECTION ( 'NONE',  ( 1.016254544481191600E-016, 0.0000000000000000000, 1.000000000000000000 ) ) ;
#3872 = ORIENTED_EDGE ( 'NONE', *, *, #2875, .T. ) ;
#3873 = VECTOR ( 'NONE', #2238, 39.37007874015748100 ) ;
#3874 = EDGE_CURVE ( 'NONE', #2400, #225, #1847, .T. ) ;
#3875 = CLOSED_SHELL ( 'NONE', ( #4969, #4522, #378, #5263, #3347, #779, #4305, #1698, #1009, #142, #2711, #3834, #4324, #4774, #4433, #5457, #4808, #498, #1878, #1300, #2680, #3057, #94, #1418, #1529, #4060, #5176, #322, #5166, #2184, #3861, #4800, #4029, #2247, #5634, #4148, #5877, #1961, #4208, #377, #87, #3777, #610, #802, #1846, #4495, #296, #3253, #1004, #4613, #2923, #2793, #3117, #1275, #1759, #2309, #5627, #5060, #352, #2896, #2275, #3535, #2457, #1038, #1331, #3566, #5910, #3804, #3379, #3646, #4673, #3741, #973, #4554 ) ) ;
#3876 = PLANE ( 'NONE',  #5376 ) ;
#3877 = DIRECTION ( 'NONE',  ( 0.0000000000000000000, 0.0000000000000000000, 1.000000000000000000 ) ) ;
#3878 = AXIS2_PLACEMENT_3D ( 'NONE', #4970, #3939, #4902 ) ;
#3879 = ORIENTED_EDGE ( 'NONE', *, *, #2388, .T. ) ;
#3880 = DIRECTION ( 'NONE',  ( 0.0000000000000000000, 3.414809992080342100E-015, -1.000000000000000000 ) ) ;
#3881 = LINE ( 'NONE', #3408, #1469 ) ;
#3882 = CARTESIAN_POINT ( 'NONE',  ( 0.4851499999999998600, 0.1962533751892688000, -0.03650000000000000500 ) ) ;
#3883 = DIRECTION ( 'NONE',  ( 0.0000000000000000000, 0.0000000000000000000, 1.000000000000000000 ) ) ;
#3884 = ORIENTED_EDGE ( 'NONE', *, *, #4688, .T. ) ;
#3885 = FACE_OUTER_BOUND ( 'NONE', #5602, .T. ) ;
#3886 = DIRECTION ( 'NONE',  ( 0.0000000000000000000, 1.000000000000000000, 0.0000000000000000000 ) ) ;
#3887 = DIRECTION ( 'NONE',  ( -1.000000000000000000, 1.740030569212908200E-014, 0.0000000000000000000 ) ) ;
#3888 = FACE_OUTER_BOUND ( 'NONE', #1527, .T. ) ;
#3889 = LINE ( 'NONE', #3288, #3388 ) ;
#3890 = CARTESIAN_POINT ( 'NONE',  ( 0.5008499999999999100, 0.05069999999999998100, -0.07441279921115510900 ) ) ;
#3891 = CIRCLE ( 'NONE', #1676, 0.03000000000000004400 ) ;
#3892 = AXIS2_PLACEMENT_3D ( 'NONE', #5467, #4000, #2588 ) ;
#3893 = CARTESIAN_POINT ( 'NONE',  ( 0.4851499999999998600, -0.1219999999999999800, -0.02649999999999999900 ) ) ;
#3894 = FACE_OUTER_BOUND ( 'NONE', #245, .T. ) ;
#3895 = CIRCLE ( 'NONE', #3784, 0.4400000000000001100 ) ;
#3896 = EDGE_CURVE ( 'NONE', #1811, #3623, #4189, .T. ) ;
#3897 = CARTESIAN_POINT ( 'NONE',  ( 0.3536520336729308000, 0.3489999999999999800, 0.09511279921115511900 ) ) ;
#3898 = EDGE_CURVE ( 'NONE', #1173, #3908, #1554, .T. ) ;
#3899 = CARTESIAN_POINT ( 'NONE',  ( 0.4851499999999998600, 0.05069999999999998100, -0.3316775405567138300 ) ) ;
#3900 = EDGE_LOOP ( 'NONE', ( #5920, #1876, #3009, #4546 ) ) ;
#3901 = CIRCLE ( 'NONE', #2348, 0.03000000000000002300 ) ;
#3902 = VECTOR ( 'NONE', #3563, 39.37007874015748100 ) ;
#3903 = CIRCLE ( 'NONE', #2265, 0.4400000000000000000 ) ;
#3904 = LINE ( 'NONE', #742, #715 ) ;
#3905 = LINE ( 'NONE', #456, #2894 ) ;
#3906 = EDGE_CURVE ( 'NONE', #3944, #3116, #991, .T. ) ;
#3907 = MECHANICAL_DESIGN_GEOMETRIC_PRESENTATION_REPRESENTATION (  '', ( #913 ), #693 ) ;
#3908 = VERTEX_POINT ( 'NONE', #6003 ) ;
#3909 = CIRCLE ( 'NONE', #4177, 0.4400000000000000000 ) ;
#3910 = ORIENTED_EDGE ( 'NONE', *, *, #2210, .T. ) ;
#3911 = DIRECTION ( 'NONE',  ( 1.000000000000000000, 0.0000000000000000000, 0.0000000000000000000 ) ) ;
#3912 = ORIENTED_EDGE ( 'NONE', *, *, #1161, .T. ) ;
#3913 = LINE ( 'NONE', #2803, #3845 ) ;
#3914 = DIRECTION ( 'NONE',  ( 0.8944271909999164100, -0.4472135954999570400, 0.0000000000000000000 ) ) ;
#3915 = EDGE_LOOP ( 'NONE', ( #3654, #1880, #2188, #2515 ) ) ;
#3916 = ORIENTED_EDGE ( 'NONE', *, *, #3194, .T. ) ;
#3917 = EDGE_CURVE ( 'NONE', #2609, #2851, #5666, .T. ) ;
#3918 = CARTESIAN_POINT ( 'NONE',  ( -0.1782054284066869600, 0.08799999999999995300, -0.1005612242791646300 ) ) ;
#3919 = CARTESIAN_POINT ( 'NONE',  ( 0.4851499999999998600, 0.1962533751892688000, -0.02649999999999999200 ) ) ;
#3920 = EDGE_LOOP ( 'NONE', ( #1032, #1080, #3122, #5574 ) ) ;
#3921 = VERTEX_POINT ( 'NONE', #1923 ) ;
#3922 = DIRECTION ( 'NONE',  ( -1.000000000000000000, 0.0000000000000000000, 0.0000000000000000000 ) ) ;
#3923 = DIRECTION ( 'NONE',  ( 0.8144689757233656300, 0.5802071074919124000, 0.0000000000000000000 ) ) ;
#3924 = ORIENTED_EDGE ( 'NONE', *, *, #3468, .T. ) ;
#3925 = DIRECTION ( 'NONE',  ( 0.0000000000000000000, 1.000000000000000000, 0.0000000000000000000 ) ) ;
#3926 = ORIENTED_EDGE ( 'NONE', *, *, #4246, .F. ) ;
#3927 = CARTESIAN_POINT ( 'NONE',  ( -0.1625000000000001700, 0.0000000000000000000, -0.2514582562299425000 ) ) ;
#3928 = CARTESIAN_POINT ( 'NONE',  ( 0.4851499999999998600, 0.02499999999999997400, 0.03650000000000000500 ) ) ;
#3929 = AXIS2_PLACEMENT_3D ( 'NONE', #179, #3877, #2008 ) ;
#3930 = ORIENTED_EDGE ( 'NONE', *, *, #1282, .F. ) ;
#3931 = DIRECTION ( 'NONE',  ( 0.0000000000000000000, 0.0000000000000000000, 1.000000000000000000 ) ) ;
#3932 = ORIENTED_EDGE ( 'NONE', *, *, #5167, .T. ) ;
#3933 = ORIENTED_EDGE ( 'NONE', *, *, #4640, .F. ) ;
#3934 = CARTESIAN_POINT ( 'NONE',  ( -0.2321883685401462700, 0.1939999999999999800, 0.3318336352973659800 ) ) ;
#3935 = CIRCLE ( 'NONE', #4374, 0.4400000000000000000 ) ;
#3936 = EDGE_CURVE ( 'NONE', #4225, #1145, #3895, .T. ) ;
#3937 = ORIENTED_EDGE ( 'NONE', *, *, #4127, .T. ) ;
#3938 = ORIENTED_EDGE ( 'NONE', *, *, #2691, .T. ) ;
#3939 = DIRECTION ( 'NONE',  ( -2.882979351459471900E-045, 1.000000000000000000, 7.993795080820341900E-031 ) ) ;
#3940 = PLANE ( 'NONE',  #2220 ) ;
#3941 = DIRECTION ( 'NONE',  ( -0.0000000000000000000, 1.000000000000000000, 0.0000000000000000000 ) ) ;
#3942 = CIRCLE ( 'NONE', #2821, 0.01980901644462925200 ) ;
#3943 = CARTESIAN_POINT ( 'NONE',  ( -0.2602812583361163200, 0.08899999999999995400, -0.05387218375001674000 ) ) ;
#3944 = VERTEX_POINT ( 'NONE', #3302 ) ;
#3945 = CARTESIAN_POINT ( 'NONE',  ( -0.1871912125772847200, 0.09799999999999992100, -0.04487218375001673900 ) ) ;
#3946 = ORIENTED_EDGE ( 'NONE', *, *, #5869, .F. ) ;
#3947 = CARTESIAN_POINT ( 'NONE',  ( 0.2166663664455244200, 0.1939999999999999800, 0.3829565062135564800 ) ) ;
#3948 = EDGE_CURVE ( 'NONE', #5849, #2036, #2948, .T. ) ;
#3949 = VECTOR ( 'NONE', #5286, 39.37007874015748100 ) ;
#3950 = CARTESIAN_POINT ( 'NONE',  ( 0.0000000000000000000, 0.08799999999999999500, -0.05387218375001674700 ) ) ;
#3951 = AXIS2_PLACEMENT_3D ( 'NONE', #4722, #5199, #2382 ) ;
#3952 = CARTESIAN_POINT ( 'NONE',  ( 0.0000000000000000000, 0.1939999999999999800, 0.4400000000000001100 ) ) ;
#3953 = CARTESIAN_POINT ( 'NONE',  ( 0.0000000000000000000, 0.09799999999999994800, 0.04000000000000000100 ) ) ;
#3954 = CARTESIAN_POINT ( 'NONE',  ( 0.2110350557508421700, 0.2247982252822527400, -0.05999999999999999800 ) ) ;
#3955 = LINE ( 'NONE', #2794, #270 ) ;
#3956 = PLANE ( 'NONE',  #1913 ) ;
#3957 = VECTOR ( 'NONE', #3684, 39.37007874015748100 ) ;
#3958 = CARTESIAN_POINT ( 'NONE',  ( 0.5008499999999999100, 0.02499999999999997400, 0.03650000000000000500 ) ) ;
#3959 = VECTOR ( 'NONE', #3712, 39.37007874015748100 ) ;
#3960 = VECTOR ( 'NONE', #1534, 39.37007874015748100 ) ;
#3961 = ADVANCED_FACE ( 'NONE', ( #2208 ), #4489, .T. ) ;
#3962 = VECTOR ( 'NONE', #3589, 39.37007874015748100 ) ;
#3963 = CARTESIAN_POINT ( 'NONE',  ( 0.3722025218504680400, 0.3082976755394042400, 0.2558350451144224500 ) ) ;
#3964 = DIRECTION ( 'NONE',  ( 1.000000000000000000, 0.0000000000000000000, -0.0000000000000000000 ) ) ;
#3965 = CARTESIAN_POINT ( 'NONE',  ( 0.3749514457727182700, 0.05069999999999998800, 0.07441279921115510900 ) ) ;
#3966 = DIRECTION ( 'NONE',  ( 0.0000000000000000000, 0.0000000000000000000, 1.000000000000000000 ) ) ;
#3967 = ORIENTED_EDGE ( 'NONE', *, *, #4063, .F. ) ;
#3968 = CARTESIAN_POINT ( 'NONE',  ( 0.0000000000000000000, 0.3539999999999999800, 0.0000000000000000000 ) ) ;
#3969 = VECTOR ( 'NONE', #2398, 39.37007874015748100 ) ;
#3970 = VECTOR ( 'NONE', #712, 39.37007874015748100 ) ;
#3971 = DIRECTION ( 'NONE',  ( 1.000000000000000000, 0.0000000000000000000, 0.0000000000000000000 ) ) ;
#3972 =( GEOMETRIC_REPRESENTATION_CONTEXT ( 3 ) GLOBAL_UNCERTAINTY_ASSIGNED_CONTEXT ( ( #2725 ) ) GLOBAL_UNIT_ASSIGNED_CONTEXT ( ( #5582, #23, #1782 ) ) REPRESENTATION_CONTEXT ( 'NONE', 'WORKASPACE' ) );
#3973 = DIRECTION ( 'NONE',  ( 1.000000000000000000, 0.0000000000000000000, 0.0000000000000000000 ) ) ;
#3974 = PLANE ( 'NONE',  #2374 ) ;
#3975 = ORIENTED_EDGE ( 'NONE', *, *, #1515, .T. ) ;
#3976 = CARTESIAN_POINT ( 'NONE',  ( -0.1836403121902468700, 0.09799999999999994800, -0.04510330413046883400 ) ) ;
#3977 = ORIENTED_EDGE ( 'NONE', *, *, #2004, .T. ) ;
#3978 = LINE ( 'NONE', #5182, #2952 ) ;
#3979 = CYLINDRICAL_SURFACE ( 'NONE', #2524, 0.01000000000000003000 ) ;
#3980 = EDGE_CURVE ( 'NONE', #5066, #2167, #5305, .T. ) ;
#3981 = VECTOR ( 'NONE', #3393, 39.37007874015748100 ) ;
#3982 = DIRECTION ( 'NONE',  ( 0.0000000000000000000, 0.0000000000000000000, 1.000000000000000000 ) ) ;
#3983 = EDGE_CURVE ( 'NONE', #4250, #3561, #705, .T. ) ;
#3984 = CARTESIAN_POINT ( 'NONE',  ( -0.2851500000000001300, 0.1136999999999999500, 0.03500000000000000300 ) ) ;
#3985 = DIRECTION ( 'NONE',  ( -0.0000000000000000000, -0.0000000000000000000, -1.000000000000000000 ) ) ;
#3986 = VERTEX_POINT ( 'NONE', #4740 ) ;
#3987 = PLANE ( 'NONE',  #6018 ) ;
#3988 = AXIS2_PLACEMENT_3D ( 'NONE', #5425, #5859, #1703 ) ;
#3989 = VECTOR ( 'NONE', #2242, 39.37007874015748100 ) ;
#3990 = VECTOR ( 'NONE', #5892, 39.37007874015748100 ) ;
#3991 = ORIENTED_EDGE ( 'NONE', *, *, #1634, .T. ) ;
#3992 = DIRECTION ( 'NONE',  ( 0.0000000000000000000, -0.0000000000000000000, 1.000000000000000000 ) ) ;
#3993 = EDGE_CURVE ( 'NONE', #1901, #2827, #3454, .T. ) ;
#3994 = VECTOR ( 'NONE', #2780, 39.37007874015748100 ) ;
#3995 = DIRECTION ( 'NONE',  ( 0.0000000000000000000, 1.000000000000000000, -0.0000000000000000000 ) ) ;
#3996 = VERTEX_POINT ( 'NONE', #5275 ) ;
#3997 = DIRECTION ( 'NONE',  ( -0.8144689757233655200, -0.5802071074919124000, 0.0000000000000000000 ) ) ;
#3998 = ORIENTED_EDGE ( 'NONE', *, *, #552, .T. ) ;
#3999 = CARTESIAN_POINT ( 'NONE',  ( 0.4751499999999998500, 0.04069999999999997200, -0.07441279921115510900 ) ) ;
#4000 = DIRECTION ( 'NONE',  ( -0.0000000000000000000, 1.000000000000000000, 0.0000000000000000000 ) ) ;
#4001 = ADVANCED_FACE ( 'NONE', ( #3742 ), #157, .F. ) ;
#4002 = DIRECTION ( 'NONE',  ( 0.0000000000000000000, -0.0000000000000000000, -1.000000000000000000 ) ) ;
#4003 = VERTEX_POINT ( 'NONE', #119 ) ;
#4004 = VERTEX_POINT ( 'NONE', #3364 ) ;
#4005 = CARTESIAN_POINT ( 'NONE',  ( -0.2861500000000001300, 0.1136999999999999500, -0.03500000000000000300 ) ) ;
#4006 = ORIENTED_EDGE ( 'NONE', *, *, #2201, .F. ) ;
#4007 = ORIENTED_EDGE ( 'NONE', *, *, #440, .T. ) ;
#4008 = EDGE_CURVE ( 'NONE', #4841, #3539, #488, .T. ) ;
#4009 = CARTESIAN_POINT ( 'NONE',  ( 0.3849514457727183400, 0.05069999999999998800, 0.07441279921115510900 ) ) ;
#4010 = CARTESIAN_POINT ( 'NONE',  ( 0.1798364051403900400, 0.2403975505874788000, -0.05999999999999999800 ) ) ;
#4011 = ORIENTED_EDGE ( 'NONE', *, *, #2677, .T. ) ;
#4012 = CARTESIAN_POINT ( 'NONE',  ( -0.2882563924661922800, 0.2655700764828324800, -0.2867625452082736600 ) ) ;
#4013 = ORIENTED_EDGE ( 'NONE', *, *, #3778, .F. ) ;
#4014 = PLANE ( 'NONE',  #5036 ) ;
#4015 = EDGE_CURVE ( 'NONE', #1657, #4167, #348, .T. ) ;
#4016 = DIRECTION ( 'NONE',  ( -1.000000000000000000, -0.0000000000000000000, 0.0000000000000000000 ) ) ;
#4017 = CARTESIAN_POINT ( 'NONE',  ( -0.3018500000000000600, 0.02000000000000000700, 0.04000000000000000100 ) ) ;
#4018 = ORIENTED_EDGE ( 'NONE', *, *, #706, .T. ) ;
#4019 = DIRECTION ( 'NONE',  ( 0.0000000000000000000, 1.000000000000000000, 0.0000000000000000000 ) ) ;
#4020 = ORIENTED_EDGE ( 'NONE', *, *, #4090, .T. ) ;
#4021 = LINE ( 'NONE', #5097, #5433 ) ;
#4022 = AXIS2_PLACEMENT_3D ( 'NONE', #5326, #3434, #4367 ) ;
#4023 = VERTEX_POINT ( 'NONE', #3787 ) ;
#4024 = CARTESIAN_POINT ( 'NONE',  ( -0.3018500000000000600, 0.05097309357355724700, 0.01299999999999999600 ) ) ;
#4025 = EDGE_LOOP ( 'NONE', ( #4502, #691, #4762, #4665 ) ) ;
#4026 = CIRCLE ( 'NONE', #1950, 0.03000000000000002300 ) ;
#4027 = EDGE_CURVE ( 'NONE', #1138, #528, #1410, .T. ) ;
#4028 = AXIS2_PLACEMENT_3D ( 'NONE', #2318, #2358, #4716 ) ;
#4029 = ADVANCED_FACE ( 'NONE', ( #4045 ), #4239, .F. ) ;
#4030 = DIRECTION ( 'NONE',  ( -0.0000000000000000000, -0.0000000000000000000, -1.000000000000000000 ) ) ;
#4031 = EDGE_LOOP ( 'NONE', ( #2015, #4263, #2331, #1361 ) ) ;
#4032 = CARTESIAN_POINT ( 'NONE',  ( 0.4851499999999998600, 0.1064815665455062600, 0.03650000000000000500 ) ) ;
#4033 = DIRECTION ( 'NONE',  ( -0.0000000000000000000, 0.0000000000000000000, -1.000000000000000000 ) ) ;
#4034 = PLANE ( 'NONE',  #5027 ) ;
#4035 = AXIS2_PLACEMENT_3D ( 'NONE', #3269, #5206, #2350 ) ;
#4036 = FACE_OUTER_BOUND ( 'NONE', #574, .T. ) ;
#4037 = CARTESIAN_POINT ( 'NONE',  ( 0.2110350557508421700, 0.2247982252822527400, 0.05999999999999999800 ) ) ;
#4038 = LINE ( 'NONE', #1084, #5447 ) ;
#4039 = LINE ( 'NONE', #572, #4183 ) ;
#4040 = PLANE ( 'NONE',  #1763 ) ;
#4041 = ORIENTED_EDGE ( 'NONE', *, *, #958, .T. ) ;
#4042 = CARTESIAN_POINT ( 'NONE',  ( -0.1836403121902468700, -0.0006242056432416228000, 0.04510330413046883400 ) ) ;
#4043 = LINE ( 'NONE', #5856, #2438 ) ;
#4044 = CARTESIAN_POINT ( 'NONE',  ( 0.3849514457727183400, 0.05069999999999998800, 0.03650000000000000500 ) ) ;
#4045 = FACE_OUTER_BOUND ( 'NONE', #1395, .T. ) ;
#4046 = EDGE_CURVE ( 'NONE', #1901, #114, #5952, .T. ) ;
#4047 = ORIENTED_EDGE ( 'NONE', *, *, #2138, .T. ) ;
#4048 = LINE ( 'NONE', #2767, #2215 ) ;
#4049 = LINE ( 'NONE', #4405, #3604 ) ;
#4050 = DIRECTION ( 'NONE',  ( 0.0000000000000000000, 0.0000000000000000000, -1.000000000000000000 ) ) ;
#4051 = DIRECTION ( 'NONE',  ( -0.0000000000000000000, -1.000000000000000000, -0.0000000000000000000 ) ) ;
#4052 = VERTEX_POINT ( 'NONE', #1064 ) ;
#4053 = ORIENTED_EDGE ( 'NONE', *, *, #5725, .F. ) ;
#4054 = LINE ( 'NONE', #1513, #3114 ) ;
#4055 = LINE ( 'NONE', #237, #5608 ) ;
#4056 = AXIS2_PLACEMENT_3D ( 'NONE', #2272, #3202, #3258 ) ;
#4057 = CARTESIAN_POINT ( 'NONE',  ( 0.5049722381740571200, 0.2458789754111038200, -0.02649999999999999900 ) ) ;
#4058 = DIRECTION ( 'NONE',  ( -0.0000000000000000000, -1.000000000000000000, -0.0000000000000000000 ) ) ;
#4059 = ORIENTED_EDGE ( 'NONE', *, *, #3622, .T. ) ;
#4060 = ADVANCED_FACE ( 'NONE', ( #4560 ), #2657, .F. ) ;
#4061 = EDGE_CURVE ( 'NONE', #528, #3211, #1770, .T. ) ;
#4062 = ADVANCED_FACE ( 'NONE', ( #3600 ), #4407, .F. ) ;
#4063 = EDGE_CURVE ( 'NONE', #5720, #3856, #1271, .T. ) ;
#4064 = FACE_OUTER_BOUND ( 'NONE', #5363, .T. ) ;
#4065 = CARTESIAN_POINT ( 'NONE',  ( 0.4851499999999998600, 0.3065609852421052900, -0.03650000000000000500 ) ) ;
#4066 = VERTEX_POINT ( 'NONE', #4337 ) ;
#4067 = AXIS2_PLACEMENT_3D ( 'NONE', #5787, #2107, #252 ) ;
#4068 = ORIENTED_EDGE ( 'NONE', *, *, #791, .F. ) ;
#4069 = LINE ( 'NONE', #2892, #1936 ) ;
#4070 = CARTESIAN_POINT ( 'NONE',  ( 0.3542514457727182200, 0.2561272146310087400, 0.07441279921115510900 ) ) ;
#4071 = ORIENTED_EDGE ( 'NONE', *, *, #1391, .T. ) ;
#4072 = EDGE_CURVE ( 'NONE', #4657, #3066, #5522, .T. ) ;
#4073 = ORIENTED_EDGE ( 'NONE', *, *, #3371, .F. ) ;
#4074 = DIRECTION ( 'NONE',  ( 0.0000000000000000000, 0.0000000000000000000, -1.000000000000000000 ) ) ;
#4075 = CARTESIAN_POINT ( 'NONE',  ( 0.3849514457727183400, 0.04070000000000000000, -0.3316775405567138300 ) ) ;
#4076 = AXIS2_PLACEMENT_3D ( 'NONE', #5186, #2883, #1407 ) ;
#4077 = ORIENTED_EDGE ( 'NONE', *, *, #4184, .F. ) ;
#4078 = UNCERTAINTY_MEASURE_WITH_UNIT (LENGTH_MEASURE( 1.000000000000000100E-005 ), #5218, 'distance_accuracy_value', 'NONE');
#4079 = ORIENTED_EDGE ( 'NONE', *, *, #2174, .T. ) ;
#4080 = CARTESIAN_POINT ( 'NONE',  ( -0.2861500000000001300, -0.1220000000000000100, -0.01299999999999999600 ) ) ;
#4081 = DIRECTION ( 'NONE',  ( -1.000000000000000000, 0.0000000000000000000, 0.0000000000000000000 ) ) ;
#4082 = ORIENTED_EDGE ( 'NONE', *, *, #3130, .F. ) ;
#4083 = DIRECTION ( 'NONE',  ( -0.5802071074919126200, 0.8144689757233654100, 0.0000000000000000000 ) ) ;
#4084 = VERTEX_POINT ( 'NONE', #664 ) ;
#4085 = CARTESIAN_POINT ( 'NONE',  ( -0.1871912125772847200, 0.09799999999999994800, 0.03500000000000000300 ) ) ;
#4086 = ORIENTED_EDGE ( 'NONE', *, *, #1938, .T. ) ;
#4087 = CARTESIAN_POINT ( 'NONE',  ( 0.3592514457727183400, 0.05069999999999998800, -0.3316775405567138300 ) ) ;
#4088 = ORIENTED_EDGE ( 'NONE', *, *, #2494, .T. ) ;
#4089 = EDGE_LOOP ( 'NONE', ( #4355, #4505, #5336, #3705 ) ) ;
#4090 = EDGE_CURVE ( 'NONE', #5636, #1807, #1991, .T. ) ;
#4091 = ADVANCED_FACE ( 'NONE', ( #2137 ), #2059, .F. ) ;
#4092 = ADVANCED_FACE ( 'NONE', ( #555 ), #2991, .T. ) ;
#4093 = FACE_OUTER_BOUND ( 'NONE', #154, .T. ) ;
#4094 = ORIENTED_EDGE ( 'NONE', *, *, #2607, .F. ) ;
#4095 = DIRECTION ( 'NONE',  ( -0.0000000000000000000, -0.0000000000000000000, -1.000000000000000000 ) ) ;
#4096 = ORIENTED_EDGE ( 'NONE', *, *, #3936, .F. ) ;
#4097 = EDGE_LOOP ( 'NONE', ( #1291, #3975, #370, #4145 ) ) ;
#4098 = EDGE_CURVE ( 'NONE', #1725, #753, #3023, .T. ) ;
#4099 = LINE ( 'NONE', #3188, #2565 ) ;
#4100 = EDGE_CURVE ( 'NONE', #2167, #995, #4116, .T. ) ;
#4101 = DIRECTION ( 'NONE',  ( 0.0000000000000000000, 1.000000000000000000, 0.0000000000000000000 ) ) ;
#4102 = DIRECTION ( 'NONE',  ( -2.107907402518722500E-016, 1.000000000000000000, 0.0000000000000000000 ) ) ;
#4103 = EDGE_LOOP ( 'NONE', ( #1026, #3212, #3754, #1635 ) ) ;
#4104 = CARTESIAN_POINT ( 'NONE',  ( -0.3018500000000000600, 0.05097309357355724700, -0.03500000000000000300 ) ) ;
#4105 = ORIENTED_EDGE ( 'NONE', *, *, #5481, .T. ) ;
#4106 = AXIS2_PLACEMENT_3D ( 'NONE', #3965, #3992, #2598 ) ;
#4107 = CYLINDRICAL_SURFACE ( 'NONE', #4587, 0.02570000000000001400 ) ;
#4108 = CARTESIAN_POINT ( 'NONE',  ( -0.2602812583361163200, 0.08799999999999999500, -0.05387218375001674700 ) ) ;
#4109 = DIRECTION ( 'NONE',  ( -0.0000000000000000000, -1.000000000000000000, -0.0000000000000000000 ) ) ;
#4110 = EDGE_CURVE ( 'NONE', #1718, #3586, #1626, .T. ) ;
#4111 = CARTESIAN_POINT ( 'NONE',  ( -0.2807610991424568900, 0.2299170948514631900, 0.3406824771900581200 ) ) ;
#4112 = LINE ( 'NONE', #3078, #3015 ) ;
#4113 = FACE_OUTER_BOUND ( 'NONE', #2099, .T. ) ;
#4114 = CARTESIAN_POINT ( 'NONE',  ( 0.5200000000000000200, 0.02000000000000000000, 0.1499999999999999900 ) ) ;
#4115 = VECTOR ( 'NONE', #3038, 39.37007874015748900 ) ;
#4116 = LINE ( 'NONE', #4843, #2873 ) ;
#4117 = VECTOR ( 'NONE', #373, 39.37007874015748100 ) ;
#4118 = CARTESIAN_POINT ( 'NONE',  ( 0.3849514457727183400, 0.02500000000000000100, -0.03650000000000000500 ) ) ;
#4119 = DIRECTION ( 'NONE',  ( 0.7171309521719219100, -0.6969384459455459900, 0.0000000000000000000 ) ) ;
#4120 = LINE ( 'NONE', #4866, #145 ) ;
#4121 = ADVANCED_FACE ( 'NONE', ( #4265 ), #5817, .F. ) ;
#4122 = CIRCLE ( 'NONE', #3316, 0.02070000000000000000 ) ;
#4123 = CARTESIAN_POINT ( 'NONE',  ( 0.3592514457727182300, 0.3489999999999999800, -0.07441279921115510900 ) ) ;
#4124 = CARTESIAN_POINT ( 'NONE',  ( -0.2676451023932669400, 0.09799999999999994800, -0.07334237367679336000 ) ) ;
#4125 = ORIENTED_EDGE ( 'NONE', *, *, #2819, .T. ) ;
#4126 = LINE ( 'NONE', #1728, #3990 ) ;
#4127 = EDGE_CURVE ( 'NONE', #1463, #5555, #4038, .T. ) ;
#4128 = VECTOR ( 'NONE', #5788, 39.37007874015748100 ) ;
#4129 = ORIENTED_EDGE ( 'NONE', *, *, #3250, .T. ) ;
#4130 = PRESENTATION_STYLE_ASSIGNMENT (( #476 ) ) ;
#4131 = VECTOR ( 'NONE', #4019, 39.37007874015748100 ) ;
#4132 = DIRECTION ( 'NONE',  ( -1.000000000000000000, 0.0000000000000000000, 0.0000000000000000000 ) ) ;
#4133 = ORIENTED_EDGE ( 'NONE', *, *, #5050, .T. ) ;
#4134 = CARTESIAN_POINT ( 'NONE',  ( 0.2110350557508421700, 0.2247982252822527400, 0.03500000000000000300 ) ) ;
#4135 = CARTESIAN_POINT ( 'NONE',  ( -0.1871912125772847200, 0.09800000000000000400, -0.06957218375001671100 ) ) ;
#4136 = VECTOR ( 'NONE', #1884, 39.37007874015748100 ) ;
#4137 = DIRECTION ( 'NONE',  ( -0.0000000000000000000, 0.0000000000000000000, -1.000000000000000000 ) ) ;
#4138 = ORIENTED_EDGE ( 'NONE', *, *, #1321, .T. ) ;
#4139 = EDGE_CURVE ( 'NONE', #1463, #3790, #4182, .T. ) ;
#4140 = ORIENTED_EDGE ( 'NONE', *, *, #2479, .F. ) ;
#4141 = DIRECTION ( 'NONE',  ( 1.000000000000000000, 0.0000000000000000000, 0.0000000000000000000 ) ) ;
#4142 = CARTESIAN_POINT ( 'NONE',  ( 0.4851499999999998600, 0.2254824244407316300, 0.02649999999999999900 ) ) ;
#4143 = CARTESIAN_POINT ( 'NONE',  ( 0.1798364051403900400, 0.2403975505874788000, 0.01980901644462925200 ) ) ;
#4144 = AXIS2_PLACEMENT_3D ( 'NONE', #159, #2911, #1535 ) ;
#4145 = ORIENTED_EDGE ( 'NONE', *, *, #3235, .F. ) ;
#4146 = DIRECTION ( 'NONE',  ( -0.0000000000000000000, 7.993795080820341900E-031, 1.000000000000000000 ) ) ;
#4147 = ORIENTED_EDGE ( 'NONE', *, *, #3936, .T. ) ;
#4148 = ADVANCED_FACE ( 'NONE', ( #1200 ), #3940, .T. ) ;
#4149 = VERTEX_POINT ( 'NONE', #622 ) ;
#4150 = ORIENTED_EDGE ( 'NONE', *, *, #5766, .T. ) ;
#4151 = DIRECTION ( 'NONE',  ( 0.0000000000000000000, -1.000000000000000000, 0.0000000000000000000 ) ) ;
#4152 = ORIENTED_EDGE ( 'NONE', *, *, #4528, .T. ) ;
#4153 = ORIENTED_EDGE ( 'NONE', *, *, #5955, .T. ) ;
#4154 = PLANE ( 'NONE',  #527 ) ;
#4155 = EDGE_LOOP ( 'NONE', ( #612, #3282, #5429, #4047 ) ) ;
#4156 = ORIENTED_EDGE ( 'NONE', *, *, #3948, .F. ) ;
#4157 = DIRECTION ( 'NONE',  ( 1.000000000000000000, 0.0000000000000000000, 0.0000000000000000000 ) ) ;
#4158 = EDGE_LOOP ( 'NONE', ( #1467, #4557, #5645, #6004 ) ) ;
#4159 = LINE ( 'NONE', #3, #1250 ) ;
#4160 = EDGE_LOOP ( 'NONE', ( #2978, #3631, #2253, #317 ) ) ;
#4161 = DIRECTION ( 'NONE',  ( -0.0000000000000000000, -1.000000000000000000, 0.0000000000000000000 ) ) ;
#4162 = VERTEX_POINT ( 'NONE', #5742 ) ;
#4163 = LINE ( 'NONE', #5228, #2118 ) ;
#4164 =( GEOMETRIC_REPRESENTATION_CONTEXT ( 3 ) GLOBAL_UNCERTAINTY_ASSIGNED_CONTEXT ( ( #216 ) ) GLOBAL_UNIT_ASSIGNED_CONTEXT ( ( #3225, #2307, #31 ) ) REPRESENTATION_CONTEXT ( 'NONE', 'WORKASPACE' ) );
#4165 = DIRECTION ( 'NONE',  ( -0.0000000000000000000, -1.000000000000000000, 0.0000000000000000000 ) ) ;
#4166 = EDGE_CURVE ( 'NONE', #1227, #3762, #200, .T. ) ;
#4167 = VERTEX_POINT ( 'NONE', #5778 ) ;
#4168 = EDGE_CURVE ( 'NONE', #1657, #4833, #2133, .T. ) ;
#4169 = CARTESIAN_POINT ( 'NONE',  ( 0.3592514457727183400, 0.04070000000000000700, 0.03649999999999987300 ) ) ;
#4170 = CARTESIAN_POINT ( 'NONE',  ( -0.2602812583361163200, 2.375757882404078100E-016, -0.05387218375001704600 ) ) ;
#4171 = CARTESIAN_POINT ( 'NONE',  ( -0.1871912125772847200, 0.08899999999999992600, -0.04487218375001673900 ) ) ;
#4172 = VECTOR ( 'NONE', #3652, 39.37007874015748900 ) ;
#4173 =( CONVERSION_BASED_UNIT ( 'INCH', #2233 ) LENGTH_UNIT ( ) NAMED_UNIT ( #5332 ) );
#4174 = CARTESIAN_POINT ( 'NONE',  ( -0.2602812583361163200, 0.08899999999999999600, 0.04487218375001673900 ) ) ;
#4175 = ADVANCED_FACE ( 'NONE', ( #140 ), #305, .T. ) ;
#4176 = DIRECTION ( 'NONE',  ( -0.0000000000000000000, -0.0000000000000000000, -1.000000000000000000 ) ) ;
#4177 = AXIS2_PLACEMENT_3D ( 'NONE', #3968, #4468, #5884 ) ;
#4178 = PLANE ( 'NONE',  #5532 ) ;
#4179 = LINE ( 'NONE', #1592, #549 ) ;
#4180 = CARTESIAN_POINT ( 'NONE',  ( 0.0000000000000000000, 0.1939999999999999800, 0.0000000000000000000 ) ) ;
#4181 = DIRECTION ( 'NONE',  ( 0.0000000000000000000, -1.000000000000000000, 0.0000000000000000000 ) ) ;
#4182 = LINE ( 'NONE', #4865, #4482 ) ;
#4183 = VECTOR ( 'NONE', #4790, 39.37007874015748100 ) ;
#4184 = EDGE_CURVE ( 'NONE', #3690, #6, #4553, .T. ) ;
#4185 = DIRECTION ( 'NONE',  ( -0.0000000000000000000, -0.0000000000000000000, -1.000000000000000000 ) ) ;
#4186 =( GEOMETRIC_REPRESENTATION_CONTEXT ( 3 ) GLOBAL_UNCERTAINTY_ASSIGNED_CONTEXT ( ( #834 ) ) GLOBAL_UNIT_ASSIGNED_CONTEXT ( ( #1079, #4817, #2594 ) ) REPRESENTATION_CONTEXT ( 'NONE', 'WORKASPACE' ) );
#4187 = FACE_OUTER_BOUND ( 'NONE', #4155, .T. ) ;
#4188 = FILL_AREA_STYLE_COLOUR ( '', #3308 ) ;
#4189 = CIRCLE ( 'NONE', #5489, 0.4050000000000000300 ) ;
#4190 = CARTESIAN_POINT ( 'NONE',  ( 0.4851499999999998600, 0.3539999999999999800, -0.07441279921115510900 ) ) ;
#4191 = EDGE_LOOP ( 'NONE', ( #1085, #1382, #1945, #164 ) ) ;
#4192 = DIRECTION ( 'NONE',  ( -0.4351778479699474100, 0.8660254037844408200, 0.2462117800517305800 ) ) ;
#4193 = DIRECTION ( 'NONE',  ( -1.000000000000000000, 0.0000000000000000000, 0.0000000000000000000 ) ) ;
#4194 = VECTOR ( 'NONE', #512, 39.37007874015748100 ) ;
#4195 = VECTOR ( 'NONE', #1503, 39.37007874015748100 ) ;
#4196 = FILL_AREA_STYLE_COLOUR ( '', #3248 ) ;
#4197 = ORIENTED_EDGE ( 'NONE', *, *, #4063, .T. ) ;
#4198 = DIRECTION ( 'NONE',  ( 0.5802071074919126200, -0.8144689757233654100, 0.0000000000000000000 ) ) ;
#4199 = ORIENTED_EDGE ( 'NONE', *, *, #2186, .F. ) ;
#4200 = LINE ( 'NONE', #2404, #2813 ) ;
#4201 = LINE ( 'NONE', #5870, #5098 ) ;
#4202 = DIRECTION ( 'NONE',  ( 0.6969384459455458800, 0.7171309521719220200, 0.0000000000000000000 ) ) ;
#4203 = DIRECTION ( 'NONE',  ( 0.0000000000000000000, 0.0000000000000000000, 1.000000000000000000 ) ) ;
#4204 = ORIENTED_EDGE ( 'NONE', *, *, #4275, .F. ) ;
#4205 = EDGE_CURVE ( 'NONE', #4737, #1725, #2944, .T. ) ;
#4206 = VECTOR ( 'NONE', #4931, 39.37007874015748100 ) ;
#4207 = AXIS2_PLACEMENT_3D ( 'NONE', #369, #752, #1265 ) ;
#4208 = ADVANCED_FACE ( 'NONE', ( #68 ), #4971, .F. ) ;
#4209 = VERTEX_POINT ( 'NONE', #2563 ) ;
#4210 = EDGE_CURVE ( 'NONE', #4606, #3470, #4856, .T. ) ;
#4211 = ORIENTED_EDGE ( 'NONE', *, *, #1891, .F. ) ;
#4212 = EDGE_CURVE ( 'NONE', #2827, #4538, #2435, .T. ) ;
#4213 = VECTOR ( 'NONE', #881, 39.37007874015748100 ) ;
#4214 = DIRECTION ( 'NONE',  ( -0.0000000000000000000, -0.0000000000000000000, 1.000000000000000000 ) ) ;
#4215 = PLANE ( 'NONE',  #2308 ) ;
#4216 = ORIENTED_EDGE ( 'NONE', *, *, #2840, .F. ) ;
#4217 = AXIS2_PLACEMENT_3D ( 'NONE', #1970, #1951, #2921 ) ;
#4218 = DIRECTION ( 'NONE',  ( -0.0000000000000000000, -1.000000000000000000, -3.414809992080342100E-015 ) ) ;
#4219 = DIRECTION ( 'NONE',  ( 1.000000000000000000, -0.0000000000000000000, -0.0000000000000000000 ) ) ;
#4220 = ORIENTED_EDGE ( 'NONE', *, *, #3772, .F. ) ;
#4221 = DIRECTION ( 'NONE',  ( -0.0000000000000000000, -1.000000000000000000, -0.0000000000000000000 ) ) ;
#4222 = ORIENTED_EDGE ( 'NONE', *, *, #4646, .F. ) ;
#4223 = EDGE_CURVE ( 'NONE', #4333, #2077, #1266, .T. ) ;
#4224 = CARTESIAN_POINT ( 'NONE',  ( 0.3542514457727182200, 0.3489999999999999800, -0.07441279921115510900 ) ) ;
#4225 = VERTEX_POINT ( 'NONE', #3060 ) ;
#4226 = CARTESIAN_POINT ( 'NONE',  ( -0.2861500000000001300, 0.1136999999999999500, 0.03500000000000000300 ) ) ;
#4227 = CARTESIAN_POINT ( 'NONE',  ( -0.3018500000000000600, 0.09799999999999994800, -0.04000000000000000100 ) ) ;
#4228 = ORIENTED_EDGE ( 'NONE', *, *, #3390, .T. ) ;
#4229 = ORIENTED_EDGE ( 'NONE', *, *, #4166, .T. ) ;
#4230 = ORIENTED_EDGE ( 'NONE', *, *, #5141, .F. ) ;
#4231 = DIRECTION ( 'NONE',  ( -1.000000000000000000, 0.0000000000000000000, 0.0000000000000000000 ) ) ;
#4232 = ORIENTED_EDGE ( 'NONE', *, *, #2989, .T. ) ;
#4233 = ORIENTED_EDGE ( 'NONE', *, *, #1086, .T. ) ;
#4234 = PLANE ( 'NONE',  #5461 ) ;
#4235 = DIRECTION ( 'NONE',  ( 0.0000000000000000000, 0.0000000000000000000, -1.000000000000000000 ) ) ;
#4236 = VERTEX_POINT ( 'NONE', #2101 ) ;
#4237 = LINE ( 'NONE', #4845, #1604 ) ;
#4238 = DIRECTION ( 'NONE',  ( 1.000000000000000000, 0.0000000000000000000, 0.0000000000000000000 ) ) ;
#4239 = PLANE ( 'NONE',  #683 ) ;
#4240 = CARTESIAN_POINT ( 'NONE',  ( 0.0000000000000000000, 2.923920452602450000E-016, -0.06957218375001704400 ) ) ;
#4241 = VERTEX_POINT ( 'NONE', #4949 ) ;
#4242 = VERTEX_POINT ( 'NONE', #5855 ) ;
#4243 = ADVANCED_FACE ( 'NONE', ( #3823 ), #2619, .T. ) ;
#4244 = CARTESIAN_POINT ( 'NONE',  ( 0.4851499999999998600, 0.02499999999999997400, -0.03650000000000000500 ) ) ;
#4245 = ORIENTED_EDGE ( 'NONE', *, *, #5024, .F. ) ;
#4246 = EDGE_CURVE ( 'NONE', #1367, #723, #278, .T. ) ;
#4247 = LINE ( 'NONE', #5267, #3154 ) ;
#4248 = DIRECTION ( 'NONE',  ( 0.0000000000000000000, 1.000000000000000000, 0.0000000000000000000 ) ) ;
#4249 = CARTESIAN_POINT ( 'NONE',  ( 0.2040138023014928500, 0.2107557183835540600, -0.05999999999999999800 ) ) ;
#4250 = VERTEX_POINT ( 'NONE', #290 ) ;
#4251 = DIRECTION ( 'NONE',  ( -0.0000000000000000000, -0.0000000000000000000, 1.000000000000000000 ) ) ;
#4252 = CARTESIAN_POINT ( 'NONE',  ( 0.4851499999999998600, 0.3539999999999999800, -0.07441279921115510900 ) ) ;
#4253 = ORIENTED_EDGE ( 'NONE', *, *, #1483, .T. ) ;
#4254 = DIRECTION ( 'NONE',  ( -1.000000000000000000, 0.0000000000000000000, 0.0000000000000000000 ) ) ;
#4255 = CIRCLE ( 'NONE', #421, 0.06569999999999999500 ) ;
#4256 = FACE_OUTER_BOUND ( 'NONE', #1800, .T. ) ;
#4257 = CARTESIAN_POINT ( 'NONE',  ( 0.5200000000000002400, 0.02000000000000000000, -0.02999999999999999900 ) ) ;
#4258 = VECTOR ( 'NONE', #5080, 39.37007874015748100 ) ;
#4259 = EDGE_CURVE ( 'NONE', #3686, #3211, #1838, .T. ) ;
#4260 = DIRECTION ( 'NONE',  ( 0.0000000000000000000, -0.0000000000000000000, 1.000000000000000000 ) ) ;
#4261 = CARTESIAN_POINT ( 'NONE',  ( -0.1871912125772847200, 0.08800000000000003700, 0.06957218375001675300 ) ) ;
#4262 = CARTESIAN_POINT ( 'NONE',  ( -0.1871912125772847200, 0.09799999999999994800, -0.03500000000000000300 ) ) ;
#4263 = ORIENTED_EDGE ( 'NONE', *, *, #258, .T. ) ;
#4264 = VECTOR ( 'NONE', #4030, 39.37007874015748100 ) ;
#4265 = FACE_OUTER_BOUND ( 'NONE', #2327, .T. ) ;
#4266 = CARTESIAN_POINT ( 'NONE',  ( -0.1871912125772847200, 0.08899999999999999600, 0.04487218375001673900 ) ) ;
#4267 = VECTOR ( 'NONE', #5415, 39.37007874015748100 ) ;
#4268 =( BOUNDED_CURVE ( )  B_SPLINE_CURVE ( 3, ( #956, #2385, #5157, #5611 ),
 .UNSPECIFIED., .F., .F. ) 
 B_SPLINE_CURVE_WITH_KNOTS ( ( 4, 4 ),
 ( 4.436162349621093300, 4.680565427348786200 ),
 .UNSPECIFIED. ) 
 CURVE ( )  GEOMETRIC_REPRESENTATION_ITEM ( )  RATIONAL_B_SPLINE_CURVE ( ( 1.000000000000000000, 0.9950284526877877200, 0.9950284526877877200, 1.000000000000000000 ) ) 
 REPRESENTATION_ITEM ( '' )  );
#4269 = CARTESIAN_POINT ( 'NONE',  ( 0.4851499999999998600, 0.1962533751892687200, 0.03650000000000000500 ) ) ;
#4270 = ORIENTED_EDGE ( 'NONE', *, *, #2063, .T. ) ;
#4271 = DIRECTION ( 'NONE',  ( -2.107907402518722500E-016, 1.000000000000000000, 0.0000000000000000000 ) ) ;
#4272 = PLANE ( 'NONE',  #1935 ) ;
#4273 = FACE_OUTER_BOUND ( 'NONE', #1429, .T. ) ;
#4274 = VECTOR ( 'NONE', #4336, 39.37007874015748100 ) ;
#4275 = EDGE_CURVE ( 'NONE', #4443, #3638, #4702, .T. ) ;
#4276 = CARTESIAN_POINT ( 'NONE',  ( 0.2414532404824823200, 0.09799999999999994800, 0.0000000000000000000 ) ) ;
#4277 = ORIENTED_EDGE ( 'NONE', *, *, #1860, .F. ) ;
#4278 = ORIENTED_EDGE ( 'NONE', *, *, #1248, .F. ) ;
#4279 = VECTOR ( 'NONE', #4083, 39.37007874015748900 ) ;
#4280 = CIRCLE ( 'NONE', #2796, 0.02470000000000000300 ) ;
#4281 = ORIENTED_EDGE ( 'NONE', *, *, #4008, .F. ) ;
#4282 = CARTESIAN_POINT ( 'NONE',  ( 0.5008499999999999100, 0.3539999999999999800, -0.07941279921115511300 ) ) ;
#4283 = DIRECTION ( 'NONE',  ( 0.0000000000000000000, 1.000000000000000000, 0.0000000000000000000 ) ) ;
#4284 = FACE_OUTER_BOUND ( 'NONE', #4445, .T. ) ;
#4285 = CARTESIAN_POINT ( 'NONE',  ( -0.1782054284066869600, 0.09799999999999994800, -0.05999999999999999800 ) ) ;
#4286 = DIRECTION ( 'NONE',  ( 0.0000000000000000000, 0.0000000000000000000, 1.000000000000000000 ) ) ;
#4287 = ORIENTED_EDGE ( 'NONE', *, *, #2416, .F. ) ;
#4288 = FACE_OUTER_BOUND ( 'NONE', #5559, .T. ) ;
#4289 = DIRECTION ( 'NONE',  ( 0.0000000000000000000, 1.000000000000000000, 0.0000000000000000000 ) ) ;
#4290 = ORIENTED_EDGE ( 'NONE', *, *, #1589, .T. ) ;
#4291 = CARTESIAN_POINT ( 'NONE',  ( -0.2861500000000001300, 0.09799999999999994800, -0.03500000000000000300 ) ) ;
#4292 = VERTEX_POINT ( 'NONE', #4293 ) ;
#4293 = CARTESIAN_POINT ( 'NONE',  ( 0.3284790447376122500, 0.3189999999999997300, -0.07941279921115521100 ) ) ;
#4294 = EDGE_CURVE ( 'NONE', #168, #247, #2355, .T. ) ;
#4295 = ORIENTED_EDGE ( 'NONE', *, *, #5784, .F. ) ;
#4296 = ADVANCED_FACE ( 'NONE', ( #5297 ), #1992, .T. ) ;
#4297 = EDGE_CURVE ( 'NONE', #2763, #30, #5081, .T. ) ;
#4298 = ORIENTED_EDGE ( 'NONE', *, *, #943, .F. ) ;
#4299 = CARTESIAN_POINT ( 'NONE',  ( 0.3592514457727182300, 0.3065609852421052900, 0.03650000000000000500 ) ) ;
#4300 = AXIS2_PLACEMENT_3D ( 'NONE', #5661, #663, #3866 ) ;
#4301 = DIRECTION ( 'NONE',  ( -0.0000000000000000000, -0.0000000000000000000, -1.000000000000000000 ) ) ;
#4302 = DIRECTION ( 'NONE',  ( 0.0000000000000000000, 0.0000000000000000000, -1.000000000000000000 ) ) ;
#4303 = EDGE_LOOP ( 'NONE', ( #1605, #5311, #3069, #872 ) ) ;
#4304 = ORIENTED_EDGE ( 'NONE', *, *, #1251, .F. ) ;
#4305 = ADVANCED_FACE ( 'NONE', ( #5147 ), #4629, .T. ) ;
#4306 = DIRECTION ( 'NONE',  ( -1.000000000000000000, 0.0000000000000000000, -0.0000000000000000000 ) ) ;
#4307 = EDGE_CURVE ( 'NONE', #1557, #2779, #2579, .T. ) ;
#4308 = EDGE_LOOP ( 'NONE', ( #3473, #327, #4230, #2631 ) ) ;
#4309 = DIRECTION ( 'NONE',  ( 1.000000000000000000, 2.107907402518722500E-016, 0.0000000000000000000 ) ) ;
#4310 = DIRECTION ( 'NONE',  ( 1.000000000000000000, 0.0000000000000000000, 0.0000000000000000000 ) ) ;
#4311 = ORIENTED_EDGE ( 'NONE', *, *, #5130, .F. ) ;
#4312 = DIRECTION ( 'NONE',  ( 0.0000000000000000000, -1.000000000000000000, 0.0000000000000000000 ) ) ;
#4313 = EDGE_LOOP ( 'NONE', ( #2629, #971, #2442, #4467 ) ) ;
#4314 = EDGE_LOOP ( 'NONE', ( #2857, #2412, #60, #2467 ) ) ;
#4315 = ORIENTED_EDGE ( 'NONE', *, *, #3357, .F. ) ;
#4316 = LINE ( 'NONE', #234, #3643 ) ;
#4317 = DIRECTION ( 'NONE',  ( -0.0000000000000000000, -0.0000000000000000000, 1.000000000000000000 ) ) ;
#4318 = ORIENTED_EDGE ( 'NONE', *, *, #344, .T. ) ;
#4319 = ORIENTED_EDGE ( 'NONE', *, *, #1293, .T. ) ;
#4320 = CARTESIAN_POINT ( 'NONE',  ( 0.4751499999999998500, 0.05069999999999998100, -0.03650000000000000500 ) ) ;
#4321 = FACE_OUTER_BOUND ( 'NONE', #1082, .T. ) ;
#4322 = EDGE_CURVE ( 'NONE', #2704, #1273, #4936, .T. ) ;
#4323 = ORIENTED_EDGE ( 'NONE', *, *, #2243, .F. ) ;
#4324 = ADVANCED_FACE ( 'NONE', ( #3665 ), #4330, .F. ) ;
#4325 = LINE ( 'NONE', #5701, #620 ) ;
#4326 = DIRECTION ( 'NONE',  ( 0.0000000000000000000, 0.0000000000000000000, 1.000000000000000000 ) ) ;
#4327 = DIRECTION ( 'NONE',  ( 0.0000000000000000000, 0.0000000000000000000, -1.000000000000000000 ) ) ;
#4328 = EDGE_CURVE ( 'NONE', #519, #3700, #3592, .T. ) ;
#4329 = CARTESIAN_POINT ( 'NONE',  ( -0.1871912125772847200, 0.09800000000000000400, 0.06957218375001671100 ) ) ;
#4330 = PLANE ( 'NONE',  #5094 ) ;
#4331 = LINE ( 'NONE', #2576, #3098 ) ;
#4332 = VECTOR ( 'NONE', #4549, 39.37007874015748100 ) ;
#4333 = VERTEX_POINT ( 'NONE', #618 ) ;
#4334 = VECTOR ( 'NONE', #1065, 39.37007874015748100 ) ;
#4335 = FACE_OUTER_BOUND ( 'NONE', #4308, .T. ) ;
#4336 = DIRECTION ( 'NONE',  ( -0.0000000000000000000, -0.0000000000000000000, -1.000000000000000000 ) ) ;
#4337 = CARTESIAN_POINT ( 'NONE',  ( -0.1782054284066869600, 0.1136999999999999500, 0.03500000000000000300 ) ) ;
#4338 = DIRECTION ( 'NONE',  ( 0.0000000000000000000, 3.414809992080342100E-015, -1.000000000000000000 ) ) ;
#4339 = ORIENTED_EDGE ( 'NONE', *, *, #4909, .T. ) ;
#4340 = DIRECTION ( 'NONE',  ( 1.000000000000000000, 0.0000000000000000000, -1.016254544481191600E-016 ) ) ;
#4341 = AXIS2_PLACEMENT_3D ( 'NONE', #4670, #3717, #947 ) ;
#4342 = FACE_OUTER_BOUND ( 'NONE', #4031, .T. ) ;
#4343 = VECTOR ( 'NONE', #1072, 39.37007874015748100 ) ;
#4344 = DIRECTION ( 'NONE',  ( 0.0000000000000000000, 1.000000000000000000, 0.0000000000000000000 ) ) ;
#4345 = CARTESIAN_POINT ( 'NONE',  ( -0.1871912125772847200, 0.08899999999999999600, 0.04487218375001673900 ) ) ;
#4346 = ORIENTED_EDGE ( 'NONE', *, *, #1670, .F. ) ;
#4347 = ORIENTED_EDGE ( 'NONE', *, *, #205, .F. ) ;
#4348 = VECTOR ( 'NONE', #4518, 39.37007874015748100 ) ;
#4349 = FACE_OUTER_BOUND ( 'NONE', #1461, .T. ) ;
#4350 = CIRCLE ( 'NONE', #2810, 0.03000000000000004400 ) ;
#4351 = DIRECTION ( 'NONE',  ( 0.0000000000000000000, 1.000000000000000000, 0.0000000000000000000 ) ) ;
#4352 = ORIENTED_EDGE ( 'NONE', *, *, #5991, .T. ) ;
#4353 = ADVANCED_FACE ( 'NONE', ( #1547 ), #4795, .T. ) ;
#4354 = CIRCLE ( 'NONE', #5025, 0.4400000000000001100 ) ;
#4355 = ORIENTED_EDGE ( 'NONE', *, *, #4110, .T. ) ;
#4356 = EDGE_CURVE ( 'NONE', #5490, #4579, #2648, .T. ) ;
#4357 = CARTESIAN_POINT ( 'NONE',  ( 0.4851499999999998600, -0.1219999999999999800, 0.02649999999999999900 ) ) ;
#4358 = CARTESIAN_POINT ( 'NONE',  ( 0.5008499999999999100, 0.05069999999999998100, -0.03649999999999987300 ) ) ;
#4359 = VERTEX_POINT ( 'NONE', #3841 ) ;
#4360 = DIRECTION ( 'NONE',  ( -1.000000000000000000, -0.0000000000000000000, -0.0000000000000000000 ) ) ;
#4361 = ORIENTED_EDGE ( 'NONE', *, *, #4223, .T. ) ;
#4362 = VERTEX_POINT ( 'NONE', #2942 ) ;
#4363 = PLANE ( 'NONE',  #733 ) ;
#4364 = EDGE_LOOP ( 'NONE', ( #1388, #1235, #5986, #4018 ) ) ;
#4365 = AXIS2_PLACEMENT_3D ( 'NONE', #485, #3716, #4652 ) ;
#4366 = ORIENTED_EDGE ( 'NONE', *, *, #5495, .F. ) ;
#4367 = DIRECTION ( 'NONE',  ( 0.0000000000000000000, -0.0000000000000000000, 1.000000000000000000 ) ) ;
#4368 = CARTESIAN_POINT ( 'NONE',  ( 0.4851499999999998600, 0.3539999999999999800, -0.3316775405567138300 ) ) ;
#4369 = EDGE_CURVE ( 'NONE', #5814, #5690, #2280, .T. ) ;
#4370 = CARTESIAN_POINT ( 'NONE',  ( 0.1214441165414468200, 0.2223571329249525700, 0.03500000000000000300 ) ) ;
#4371 = EDGE_CURVE ( 'NONE', #3129, #253, #912, .T. ) ;
#4372 = ORIENTED_EDGE ( 'NONE', *, *, #1483, .F. ) ;
#4373 = ORIENTED_EDGE ( 'NONE', *, *, #1599, .F. ) ;
#4374 = AXIS2_PLACEMENT_3D ( 'NONE', #3743, #4221, #101 ) ;
#4375 = AXIS2_PLACEMENT_3D ( 'NONE', #2569, #1561, #3483 ) ;
#4376 = PLANE ( 'NONE',  #2410 ) ;
#4377 = DIRECTION ( 'NONE',  ( -0.0000000000000000000, 1.000000000000000000, -3.414809992080342100E-015 ) ) ;
#4378 = CARTESIAN_POINT ( 'NONE',  ( 0.3284790447376123000, 0.3189999999999997300, -0.09511279921115520200 ) ) ;
#4379 = ORIENTED_EDGE ( 'NONE', *, *, #1761, .F. ) ;
#4380 = VERTEX_POINT ( 'NONE', #3882 ) ;
#4381 = CARTESIAN_POINT ( 'NONE',  ( 0.5008499999999999100, 0.09799999999999994800, 0.07941279921115511300 ) ) ;
#4382 = VERTEX_POINT ( 'NONE', #2475 ) ;
#4383 = VECTOR ( 'NONE', #5782, 39.37007874015748100 ) ;
#4384 = EDGE_CURVE ( 'NONE', #3856, #3779, #3233, .T. ) ;
#4385 = ORIENTED_EDGE ( 'NONE', *, *, #4763, .F. ) ;
#4386 = DIRECTION ( 'NONE',  ( 0.0000000000000000000, 1.000000000000000000, 0.0000000000000000000 ) ) ;
#4387 = CARTESIAN_POINT ( 'NONE',  ( 0.4851499999999998600, 0.2187043321626970500, -0.02649999999999999900 ) ) ;
#4388 = EDGE_LOOP ( 'NONE', ( #3633, #3198, #3414, #2836, #1712, #2611, #4229, #2770 ) ) ;
#4389 = EDGE_LOOP ( 'NONE', ( #2019, #4245, #1972, #5704 ) ) ;
#4390 = CARTESIAN_POINT ( 'NONE',  ( 0.3250000000000000100, 0.01999999999999999000, -0.03000000000000004400 ) ) ;
#4391 = VECTOR ( 'NONE', #1288, 39.37007874015748100 ) ;
#4392 = EDGE_LOOP ( 'NONE', ( #4199, #3072, #3781, #1817, #5698, #4520, #2085, #869 ) ) ;
#4393 = ORIENTED_EDGE ( 'NONE', *, *, #3751, .F. ) ;
#4394 = LINE ( 'NONE', #3415, #3949 ) ;
#4395 = DIRECTION ( 'NONE',  ( 1.000000000000000000, 0.0000000000000000000, 1.016254544481191400E-016 ) ) ;
#4396 = CARTESIAN_POINT ( 'NONE',  ( 0.3749514457727182700, 0.05069999999999998800, 0.3316775405567138300 ) ) ;
#4397 = CIRCLE ( 'NONE', #2508, 0.02470000000000000300 ) ;
#4398 = VECTOR ( 'NONE', #3351, 39.37007874015748100 ) ;
#4399 = CARTESIAN_POINT ( 'NONE',  ( 0.3749514457727182200, 0.3489999999999999800, 0.07441279921115510900 ) ) ;
#4400 = EDGE_CURVE ( 'NONE', #2271, #5849, #3889, .T. ) ;
#4401 = VECTOR ( 'NONE', #3562, 39.37007874015748100 ) ;
#4402 = VERTEX_POINT ( 'NONE', #5396 ) ;
#4403 = AXIS2_PLACEMENT_3D ( 'NONE', #5351, #5831, #3438 ) ;
#4404 = DIRECTION ( 'NONE',  ( -1.000000000000000000, 0.0000000000000000000, 0.0000000000000000000 ) ) ;
#4405 = CARTESIAN_POINT ( 'NONE',  ( -0.3018500000000000600, 0.09700000000000025300, 0.03500000000000000300 ) ) ;
#4406 = LINE ( 'NONE', #4010, #4115 ) ;
#4407 = CYLINDRICAL_SURFACE ( 'NONE', #2846, 0.004999999999999997500 ) ;
#4408 = CYLINDRICAL_SURFACE ( 'NONE', #483, 0.009000000000000001100 ) ;
#4409 = EDGE_CURVE ( 'NONE', #524, #2918, #5736, .T. ) ;
#4410 = CARTESIAN_POINT ( 'NONE',  ( -0.2602812583361163200, 0.08900000000000009300, -0.06957218375001672500 ) ) ;
#4411 = EDGE_CURVE ( 'NONE', #1145, #2255, #5588, .T. ) ;
#4412 = ORIENTED_EDGE ( 'NONE', *, *, #5908, .F. ) ;
#4413 = LINE ( 'NONE', #692, #3822 ) ;
#4414 = DIRECTION ( 'NONE',  ( 0.0000000000000000000, 1.000000000000000000, 0.0000000000000000000 ) ) ;
#4415 = VECTOR ( 'NONE', #4473, 39.37007874015748100 ) ;
#4416 = AXIS2_PLACEMENT_3D ( 'NONE', #4610, #2745, #3218 ) ;
#4417 = VECTOR ( 'NONE', #1252, 39.37007874015748100 ) ;
#4418 = VECTOR ( 'NONE', #4414, 39.37007874015748100 ) ;
#4419 = DIRECTION ( 'NONE',  ( 0.0000000000000000000, 0.0000000000000000000, -1.000000000000000000 ) ) ;
#4420 = CARTESIAN_POINT ( 'NONE',  ( 0.5008499999999999100, 0.01999999999999999000, 0.07941279921115511300 ) ) ;
#4421 = VECTOR ( 'NONE', #5587, 39.37007874015748100 ) ;
#4422 = DIRECTION ( 'NONE',  ( -0.0000000000000000000, -1.000000000000000000, 0.0000000000000000000 ) ) ;
#4423 = EDGE_CURVE ( 'NONE', #4241, #3203, #4331, .T. ) ;
#4424 = CARTESIAN_POINT ( 'NONE',  ( 0.1798364051403900400, 0.2403975505874788000, 0.05999999999999999800 ) ) ;
#4425 = VERTEX_POINT ( 'NONE', #2656 ) ;
#4426 = DIRECTION ( 'NONE',  ( 0.0000000000000000000, 0.0000000000000000000, 1.000000000000000000 ) ) ;
#4427 = FACE_OUTER_BOUND ( 'NONE', #3285, .T. ) ;
#4428 = LINE ( 'NONE', #3545, #4959 ) ;
#4429 = DIRECTION ( 'NONE',  ( -1.000000000000000000, 0.0000000000000000000, -0.0000000000000000000 ) ) ;
#4430 = CARTESIAN_POINT ( 'NONE',  ( 0.2110350557508421700, 0.2247982252822527400, -0.01980901644462925200 ) ) ;
#4431 = CARTESIAN_POINT ( 'NONE',  ( -0.2851500000000001300, 0.1136999999999999500, 0.03500000000000000300 ) ) ;
#4432 = ORIENTED_EDGE ( 'NONE', *, *, #5460, .F. ) ;
#4433 = ADVANCED_FACE ( 'NONE', ( #3450 ), #3513, .T. ) ;
#4434 = DIRECTION ( 'NONE',  ( -1.000000000000000000, 0.0000000000000000000, 0.0000000000000000000 ) ) ;
#4435 = LINE ( 'NONE', #863, #511 ) ;
#4436 = CARTESIAN_POINT ( 'NONE',  ( 0.2110350557508421700, 0.2247982252822527400, 0.03500000000000000300 ) ) ;
#4437 = PRODUCT ( 'BS-7-RED', 'BS-7-RED', '', ( #2762 ) ) ;
#4438 = ORIENTED_EDGE ( 'NONE', *, *, #4259, .F. ) ;
#4439 = EDGE_LOOP ( 'NONE', ( #2682, #1692, #810, #808 ) ) ;
#4440 = EDGE_CURVE ( 'NONE', #2609, #3436, #2722, .T. ) ;
#4441 = DIRECTION ( 'NONE',  ( 0.0000000000000000000, 1.000000000000000000, 0.0000000000000000000 ) ) ;
#4442 = DIRECTION ( 'NONE',  ( 1.000000000000000000, 0.0000000000000000000, 0.0000000000000000000 ) ) ;
#4443 = VERTEX_POINT ( 'NONE', #2636 ) ;
#4444 = ORIENTED_EDGE ( 'NONE', *, *, #5741, .F. ) ;
#4445 = EDGE_LOOP ( 'NONE', ( #4529, #3055, #4877, #2482 ) ) ;
#4446 = CARTESIAN_POINT ( 'NONE',  ( 0.2110350557508421700, 0.2247982252822527400, 0.01980901644462925200 ) ) ;
#4447 = CARTESIAN_POINT ( 'NONE',  ( 0.4851499999999998600, 0.2254824244407316300, -0.02649999999999999900 ) ) ;
#4448 = ORIENTED_EDGE ( 'NONE', *, *, #1208, .T. ) ;
#4449 = DIRECTION ( 'NONE',  ( 1.000000000000000000, 0.0000000000000000000, 0.0000000000000000000 ) ) ;
#4450 = CARTESIAN_POINT ( 'NONE',  ( -0.1579362876644513900, 0.1136999999999999400, -8.537024980200822600E-018 ) ) ;
#4451 = AXIS2_PLACEMENT_3D ( 'NONE', #1097, #1568, #5270 ) ;
#4452 =( BOUNDED_CURVE ( )  B_SPLINE_CURVE ( 3, ( #5658, #1836, #2375, #5168 ),
 .UNSPECIFIED., .F., .F. ) 
 B_SPLINE_CURVE_WITH_KNOTS ( ( 4, 4 ),
 ( 3.958790943468026800, 4.712388980384687900 ),
 .UNSPECIFIED. ) 
 CURVE ( )  GEOMETRIC_REPRESENTATION_ITEM ( )  RATIONAL_B_SPLINE_CURVE ( ( 1.000000000000000000, 0.9532314569658344400, 0.9532314569658344400, 1.000000000000000000 ) ) 
 REPRESENTATION_ITEM ( '' )  );
#4453 = DIRECTION ( 'NONE',  ( -0.0000000000000000000, -0.0000000000000000000, -1.000000000000000000 ) ) ;
#4454 = ORIENTED_EDGE ( 'NONE', *, *, #5068, .T. ) ;
#4455 = DIRECTION ( 'NONE',  ( -0.0000000000000000000, -0.0000000000000000000, -1.000000000000000000 ) ) ;
#4456 = DIRECTION ( 'NONE',  ( -1.000000000000000000, 0.0000000000000000000, 0.0000000000000000000 ) ) ;
#4457 = VERTEX_POINT ( 'NONE', #4065 ) ;
#4458 = CARTESIAN_POINT ( 'NONE',  ( 0.0000000000000000000, 0.1939999999999999800, 0.0000000000000000000 ) ) ;
#4459 = EDGE_CURVE ( 'NONE', #1299, #4359, #2789, .T. ) ;
#4460 = VERTEX_POINT ( 'NONE', #1198 ) ;
#4461 = ORIENTED_EDGE ( 'NONE', *, *, #4369, .F. ) ;
#4462 = VERTEX_POINT ( 'NONE', #1632 ) ;
#4463 = ADVANCED_FACE ( 'NONE', ( #778 ), #3987, .T. ) ;
#4464 = CARTESIAN_POINT ( 'NONE',  ( 0.4851499999999998600, 0.1962533751892688000, 0.02649999999999999900 ) ) ;
#4465 = DIRECTION ( 'NONE',  ( 0.0000000000000000000, 0.0000000000000000000, 1.000000000000000000 ) ) ;
#4466 = LINE ( 'NONE', #5345, #1756 ) ;
#4467 = ORIENTED_EDGE ( 'NONE', *, *, #5339, .F. ) ;
#4468 = DIRECTION ( 'NONE',  ( 0.0000000000000000000, 1.000000000000000000, 0.0000000000000000000 ) ) ;
#4469 = ORIENTED_EDGE ( 'NONE', *, *, #4909, .F. ) ;
#4470 = CARTESIAN_POINT ( 'NONE',  ( 0.3849514457727183400, 0.02500000000000000100, 0.07441279921115510900 ) ) ;
#4471 = LINE ( 'NONE', #93, #5287 ) ;
#4472 = DIRECTION ( 'NONE',  ( -1.000000000000000000, 0.0000000000000000000, 0.0000000000000000000 ) ) ;
#4473 = DIRECTION ( 'NONE',  ( 0.4472135954999570400, 0.8944271909999161900, 0.0000000000000000000 ) ) ;
#4474 = AXIS2_PLACEMENT_3D ( 'NONE', #408, #950, #866 ) ;
#4475 = CARTESIAN_POINT ( 'NONE',  ( 0.3536520336729308000, 0.3489999999999999800, -0.09511279921115511900 ) ) ;
#4476 = PLANE ( 'NONE',  #4706 ) ;
#4477 = VERTEX_POINT ( 'NONE', #2613 ) ;
#4478 = VECTOR ( 'NONE', #3142, 39.37007874015748100 ) ;
#4479 = CARTESIAN_POINT ( 'NONE',  ( -0.1782054284066869600, 0.09799999999999994800, 0.05999999999999999800 ) ) ;
#4480 = VECTOR ( 'NONE', #1734, 39.37007874015748100 ) ;
#4481 = DIRECTION ( 'NONE',  ( -0.0000000000000000000, -1.000000000000000000, -0.0000000000000000000 ) ) ;
#4482 = VECTOR ( 'NONE', #3475, 39.37007874015748100 ) ;
#4483 = VECTOR ( 'NONE', #1263, 39.37007874015748100 ) ;
#4484 = DIRECTION ( 'NONE',  ( 1.000000000000000000, 0.0000000000000000000, -0.0000000000000000000 ) ) ;
#4485 = CARTESIAN_POINT ( 'NONE',  ( -0.2861500000000001300, 0.09799999999999994800, 0.03500000000000000300 ) ) ;
#4486 = CARTESIAN_POINT ( 'NONE',  ( -0.3113144221437153500, 0.2999999999999999300, 0.2590527563360882100 ) ) ;
#4487 = ORIENTED_EDGE ( 'NONE', *, *, #375, .T. ) ;
#4488 = VECTOR ( 'NONE', #5779, 39.37007874015748100 ) ;
#4489 = CYLINDRICAL_SURFACE ( 'NONE', #4860, 0.4400000000000000000 ) ;
#4490 = DIRECTION ( 'NONE',  ( -0.0000000000000000000, -0.0000000000000000000, 1.000000000000000000 ) ) ;
#4491 = DIRECTION ( 'NONE',  ( 0.0000000000000000000, 1.000000000000000000, 0.0000000000000000000 ) ) ;
#4492 = VERTEX_POINT ( 'NONE', #4024 ) ;
#4493 = DIRECTION ( 'NONE',  ( 0.0000000000000000000, 0.0000000000000000000, 1.000000000000000000 ) ) ;
#4494 = FACE_OUTER_BOUND ( 'NONE', #1890, .T. ) ;
#4495 = ADVANCED_FACE ( 'NONE', ( #2200 ), #3095, .T. ) ;
#4496 = EDGE_CURVE ( 'NONE', #867, #5896, #5732, .T. ) ;
#4497 = VECTOR ( 'NONE', #1403, 39.37007874015748100 ) ;
#4498 = CARTESIAN_POINT ( 'NONE',  ( 0.5008499999999999100, 0.02499999999999997400, -0.07441279921115510900 ) ) ;
#4499 = EDGE_CURVE ( 'NONE', #3773, #5959, #1052, .T. ) ;
#4500 = CARTESIAN_POINT ( 'NONE',  ( -0.1625000000000001700, 0.1048528137423858400, -0.2814582562299425300 ) ) ;
#4501 = DIRECTION ( 'NONE',  ( -1.000000000000000000, 0.0000000000000000000, 0.0000000000000000000 ) ) ;
#4502 = ORIENTED_EDGE ( 'NONE', *, *, #1814, .F. ) ;
#4503 = AXIS2_PLACEMENT_3D ( 'NONE', #2316, #2251, #904 ) ;
#4504 = LINE ( 'NONE', #239, #1002 ) ;
#4505 = ORIENTED_EDGE ( 'NONE', *, *, #2209, .F. ) ;
#4506 = CARTESIAN_POINT ( 'NONE',  ( 0.3592514457727183400, 0.04070000000000000700, 0.3316775405567138300 ) ) ;
#4507 = EDGE_LOOP ( 'NONE', ( #3679, #761, #1565, #5436 ) ) ;
#4508 = CARTESIAN_POINT ( 'NONE',  ( 0.3250000000000000100, 0.0000000000000000000, 0.0000000000000000000 ) ) ;
#4509 = EDGE_CURVE ( 'NONE', #5237, #3268, #3227, .T. ) ;
#4510 = FACE_OUTER_BOUND ( 'NONE', #4160, .T. ) ;
#4511 = DIRECTION ( 'NONE',  ( -0.0000000000000000000, 0.0000000000000000000, -1.000000000000000000 ) ) ;
#4512 = ORIENTED_EDGE ( 'NONE', *, *, #4621, .T. ) ;
#4513 = ORIENTED_EDGE ( 'NONE', *, *, #5252, .F. ) ;
#4514 = CARTESIAN_POINT ( 'NONE',  ( -0.1836403121902468700, 0.08799999999999995300, 0.07334237367679336000 ) ) ;
#4515 = CARTESIAN_POINT ( 'NONE',  ( 0.1798364051403900400, 0.2403975505874788000, 0.01980901644462925200 ) ) ;
#4516 = VERTEX_POINT ( 'NONE', #300 ) ;
#4517 = ORIENTED_EDGE ( 'NONE', *, *, #478, .F. ) ;
#4518 = DIRECTION ( 'NONE',  ( 0.0000000000000000000, 1.000000000000000000, 0.0000000000000000000 ) ) ;
#4519 = ORIENTED_EDGE ( 'NONE', *, *, #3772, .T. ) ;
#4520 = ORIENTED_EDGE ( 'NONE', *, *, #2936, .T. ) ;
#4521 = EDGE_CURVE ( 'NONE', #1678, #1314, #1771, .T. ) ;
#4522 = ADVANCED_FACE ( 'NONE', ( #4930 ), #2157, .T. ) ;
#4523 = DIRECTION ( 'NONE',  ( -0.0000000000000000000, 0.0000000000000000000, -1.000000000000000000 ) ) ;
#4524 = EDGE_LOOP ( 'NONE', ( #5780, #2321, #4813, #5477 ) ) ;
#4525 = DIRECTION ( 'NONE',  ( 0.0000000000000000000, 0.0000000000000000000, -1.000000000000000000 ) ) ;
#4526 = ORIENTED_EDGE ( 'NONE', *, *, #929, .F. ) ;
#4527 = EDGE_CURVE ( 'NONE', #5989, #2542, #415, .T. ) ;
#4528 = EDGE_CURVE ( 'NONE', #4880, #898, #2125, .T. ) ;
#4529 = ORIENTED_EDGE ( 'NONE', *, *, #5252, .T. ) ;
#4530 = DIRECTION ( 'NONE',  ( 0.0000000000000000000, 0.0000000000000000000, 1.000000000000000000 ) ) ;
#4531 = DIRECTION ( 'NONE',  ( 0.0000000000000000000, -1.000000000000000000, 0.0000000000000000000 ) ) ;
#4532 = ORIENTED_EDGE ( 'NONE', *, *, #5295, .F. ) ;
#4533 = EDGE_LOOP ( 'NONE', ( #5059, #4253, #2319, #5204 ) ) ;
#4534 = DIRECTION ( 'NONE',  ( 0.0000000000000000000, -1.000000000000000000, 0.0000000000000000000 ) ) ;
#4535 = FACE_OUTER_BOUND ( 'NONE', #1298, .T. ) ;
#4536 = AXIS2_PLACEMENT_3D ( 'NONE', #4320, #3849, #585 ) ;
#4537 = ORIENTED_EDGE ( 'NONE', *, *, #4459, .T. ) ;
#4538 = VERTEX_POINT ( 'NONE', #432 ) ;
#4539 = CARTESIAN_POINT ( 'NONE',  ( 0.5008499999999999100, 0.05069999999999998100, 0.07441279921115510900 ) ) ;
#4540 = ORIENTED_EDGE ( 'NONE', *, *, #1259, .F. ) ;
#4541 = VECTOR ( 'NONE', #676, 39.37007874015748100 ) ;
#4542 = EDGE_CURVE ( 'NONE', #4682, #5837, #3016, .T. ) ;
#4543 = ORIENTED_EDGE ( 'NONE', *, *, #3437, .F. ) ;
#4544 = AXIS2_PLACEMENT_3D ( 'NONE', #5109, #486, #5150 ) ;
#4545 = DIRECTION ( 'NONE',  ( -1.000000000000000000, 0.0000000000000000000, 0.0000000000000000000 ) ) ;
#4546 = ORIENTED_EDGE ( 'NONE', *, *, #5569, .F. ) ;
#4547 = PLANE ( 'NONE',  #163 ) ;
#4548 = LINE ( 'NONE', #5221, #133 ) ;
#4549 = DIRECTION ( 'NONE',  ( -0.0000000000000000000, -1.000000000000000000, -0.0000000000000000000 ) ) ;
#4550 = DIRECTION ( 'NONE',  ( 0.0000000000000000000, 0.0000000000000000000, -1.000000000000000000 ) ) ;
#4551 = VECTOR ( 'NONE', #3555, 39.37007874015748100 ) ;
#4552 = CARTESIAN_POINT ( 'NONE',  ( 0.2414532404824823200, 0.09799999999999994800, -0.1005612242791646300 ) ) ;
#4553 = LINE ( 'NONE', #5381, #481 ) ;
#4554 = ADVANCED_FACE ( 'NONE', ( #5375 ), #3570, .F. ) ;
#4555 = CYLINDRICAL_SURFACE ( 'NONE', #262, 0.03000000000000002300 ) ;
#4556 = CARTESIAN_POINT ( 'NONE',  ( 0.3284790447376123000, 1.255025827688793700E-032, 0.09511279921115521600 ) ) ;
#4557 = ORIENTED_EDGE ( 'NONE', *, *, #4046, .F. ) ;
#4558 = LINE ( 'NONE', #806, #2433 ) ;
#4559 = PLANE ( 'NONE',  #1098 ) ;
#4560 = FACE_OUTER_BOUND ( 'NONE', #2521, .T. ) ;
#4561 = EDGE_CURVE ( 'NONE', #903, #5127, #707, .T. ) ;
#4562 = CARTESIAN_POINT ( 'NONE',  ( -0.3018500000000000600, 0.09700000000000025300, -0.03500000000000000300 ) ) ;
#4563 = LINE ( 'NONE', #1083, #4274 ) ;
#4564 = LINE ( 'NONE', #5428, #3031 ) ;
#4565 = DIRECTION ( 'NONE',  ( 0.0000000000000000000, 1.000000000000000000, 0.0000000000000000000 ) ) ;
#4566 = ORIENTED_EDGE ( 'NONE', *, *, #1104, .T. ) ;
#4567 = VERTEX_POINT ( 'NONE', #3606 ) ;
#4568 = FACE_OUTER_BOUND ( 'NONE', #3111, .T. ) ;
#4569 = AXIS2_PLACEMENT_3D ( 'NONE', #2049, #1152, #3931 ) ;
#4570 = PLANE ( 'NONE',  #1062 ) ;
#4571 = CARTESIAN_POINT ( 'NONE',  ( -0.2861500000000001300, -0.1220000000000000100, -0.01299999999999999600 ) ) ;
#4572 = DIRECTION ( 'NONE',  ( 0.0000000000000000000, 3.456285417085352700E-015, 1.000000000000000000 ) ) ;
#4573 = VERTEX_POINT ( 'NONE', #2278 ) ;
#4574 = DIRECTION ( 'NONE',  ( 0.0000000000000000000, 1.000000000000000000, 0.0000000000000000000 ) ) ;
#4575 = EDGE_CURVE ( 'NONE', #3066, #2077, #2718, .T. ) ;
#4576 = VECTOR ( 'NONE', #2145, 39.37007874015748900 ) ;
#4577 = CARTESIAN_POINT ( 'NONE',  ( -0.1836403121902468700, -0.0006242056432416228000, -0.04510330413046883400 ) ) ;
#4578 = DIRECTION ( 'NONE',  ( 1.000000000000000000, 0.0000000000000000000, 0.0000000000000000000 ) ) ;
#4579 = VERTEX_POINT ( 'NONE', #4108 ) ;
#4580 = LINE ( 'NONE', #81, #581 ) ;
#4581 = CARTESIAN_POINT ( 'NONE',  ( -0.2512612266729668000, 0.1939999999999999800, 0.3612032612959024700 ) ) ;
#4582 = ADVANCED_FACE ( 'NONE', ( #1620 ), #870, .F. ) ;
#4583 = ORIENTED_EDGE ( 'NONE', *, *, #3667, .F. ) ;
#4584 = EDGE_CURVE ( 'NONE', #3586, #2542, #771, .T. ) ;
#4585 = ORIENTED_EDGE ( 'NONE', *, *, #1672, .F. ) ;
#4586 = CARTESIAN_POINT ( 'NONE',  ( -0.3113144221437153500, 0.2999999999999999300, -0.2590527563360882100 ) ) ;
#4587 = AXIS2_PLACEMENT_3D ( 'NONE', #1915, #2389, #576 ) ;
#4588 = CARTESIAN_POINT ( 'NONE',  ( -0.1836403121902468700, 0.09799999999999994800, -0.07334237367679336000 ) ) ;
#4589 = ORIENTED_EDGE ( 'NONE', *, *, #5795, .F. ) ;
#4590 = CARTESIAN_POINT ( 'NONE',  ( 0.5200000000000002400, 0.2458789754111038200, 0.02999999999999999900 ) ) ;
#4591 = DIRECTION ( 'NONE',  ( 0.0000000000000000000, 0.0000000000000000000, 1.000000000000000000 ) ) ;
#4592 = VERTEX_POINT ( 'NONE', #3625 ) ;
#4593 = SURFACE_STYLE_USAGE ( .BOTH. , #1844 ) ;
#4594 = CARTESIAN_POINT ( 'NONE',  ( -0.2602812583361163200, 0.08899999999999999600, 0.06957218375001673900 ) ) ;
#4595 = DIRECTION ( 'NONE',  ( 3.491481338843133000E-015, 0.0000000000000000000, 1.000000000000000000 ) ) ;
#4596 = ORIENTED_EDGE ( 'NONE', *, *, #181, .F. ) ;
#4597 = ORIENTED_EDGE ( 'NONE', *, *, #249, .F. ) ;
#4598 = CARTESIAN_POINT ( 'NONE',  ( -0.3018500000000000600, 0.09799999999999994800, 0.04000000000000000100 ) ) ;
#4599 = EDGE_LOOP ( 'NONE', ( #543, #1887, #2832, #2153 ) ) ;
#4600 = DIRECTION ( 'NONE',  ( -1.000000000000000000, -0.0000000000000000000, -0.0000000000000000000 ) ) ;
#4601 = DIRECTION ( 'NONE',  ( 0.0000000000000000000, 0.0000000000000000000, -1.000000000000000000 ) ) ;
#4602 = CARTESIAN_POINT ( 'NONE',  ( 0.5200000000000002400, 0.02000000000000000000, 0.02999999999999999900 ) ) ;
#4603 = VERTEX_POINT ( 'NONE', #833 ) ;
#4604 = EDGE_LOOP ( 'NONE', ( #1301, #2213, #4147, #4689, #113, #3556 ) ) ;
#4605 = ORIENTED_EDGE ( 'NONE', *, *, #3653, .F. ) ;
#4606 = VERTEX_POINT ( 'NONE', #4085 ) ;
#4607 = VERTEX_POINT ( 'NONE', #453 ) ;
#4608 = EDGE_CURVE ( 'NONE', #5918, #1384, #1475, .T. ) ;
#4609 = EDGE_CURVE ( 'NONE', #1674, #3066, #1197, .T. ) ;
#4610 = CARTESIAN_POINT ( 'NONE',  ( 0.5018499999999999100, 0.2187043321626970500, -0.02649999999999999900 ) ) ;
#4611 = CARTESIAN_POINT ( 'NONE',  ( 0.3592514457727182300, 0.01999999999999999000, -0.07941279921115511300 ) ) ;
#4612 = ORIENTED_EDGE ( 'NONE', *, *, #1793, .T. ) ;
#4613 = ADVANCED_FACE ( 'NONE', ( #556 ), #4408, .F. ) ;
#4614 = CARTESIAN_POINT ( 'NONE',  ( -0.2321883685401462700, 0.1939999999999999800, -0.3318336352973659800 ) ) ;
#4615 = ORIENTED_EDGE ( 'NONE', *, *, #2292, .F. ) ;
#4616 = AXIS2_PLACEMENT_3D ( 'NONE', #3559, #308, #1225 ) ;
#4617 = VECTOR ( 'NONE', #1964, 39.37007874015748100 ) ;
#4618 = DIRECTION ( 'NONE',  ( -0.0000000000000000000, 1.000000000000000000, 3.414809992080342100E-015 ) ) ;
#4619 = DIRECTION ( 'NONE',  ( -0.0000000000000000000, 1.000000000000000000, 0.0000000000000000000 ) ) ;
#4620 = ORIENTED_EDGE ( 'NONE', *, *, #2691, .F. ) ;
#4621 = EDGE_CURVE ( 'NONE', #666, #30, #5379, .T. ) ;
#4622 = CARTESIAN_POINT ( 'NONE',  ( -0.3075395468060168100, 0.2654269671952040900, 0.3167187588482638900 ) ) ;
#4623 = VECTOR ( 'NONE', #3759, 39.37007874015748100 ) ;
#4624 = VECTOR ( 'NONE', #5139, 39.37007874015748100 ) ;
#4625 = AXIS2_PLACEMENT_3D ( 'NONE', #4506, #3196, #3647 ) ;
#4626 = DIRECTION ( 'NONE',  ( -1.000000000000000000, 0.0000000000000000000, 0.0000000000000000000 ) ) ;
#4627 = CIRCLE ( 'NONE', #5613, 0.1000000000000000200 ) ;
#4628 = PLANE ( 'NONE',  #998 ) ;
#4629 = CYLINDRICAL_SURFACE ( 'NONE', #2967, 0.1000000000000000200 ) ;
#4630 = VECTOR ( 'NONE', #4472, 39.37007874015748100 ) ;
#4631 = DIRECTION ( 'NONE',  ( 0.0000000000000000000, 0.0000000000000000000, 1.000000000000000000 ) ) ;
#4632 = PLANE ( 'NONE',  #3208 ) ;
#4633 = FACE_OUTER_BOUND ( 'NONE', #364, .T. ) ;
#4634 = FACE_OUTER_BOUND ( 'NONE', #334, .T. ) ;
#4635 = CARTESIAN_POINT ( 'NONE',  ( -0.03618813525387682600, 0.1293402653465204300, 0.03500000000000000300 ) ) ;
#4636 = CARTESIAN_POINT ( 'NONE',  ( -0.1871912125772847200, 0.09800000000000000400, -0.06957218375001671100 ) ) ;
#4637 = ORIENTED_EDGE ( 'NONE', *, *, #651, .T. ) ;
#4638 = CARTESIAN_POINT ( 'NONE',  ( -0.08509959441544569200, 0.1136999999999999500, 0.03500000000000000300 ) ) ;
#4639 = LINE ( 'NONE', #1904, #3674 ) ;
#4640 = EDGE_CURVE ( 'NONE', #5170, #2400, #5523, .T. ) ;
#4641 = VECTOR ( 'NONE', #3771, 39.37007874015748100 ) ;
#4642 = ORIENTED_EDGE ( 'NONE', *, *, #3691, .T. ) ;
#4643 = ADVANCED_FACE ( 'NONE', ( #2876 ), #4559, .T. ) ;
#4644 = ORIENTED_EDGE ( 'NONE', *, *, #801, .F. ) ;
#4645 = VECTOR ( 'NONE', #2089, 39.37007874015748100 ) ;
#4646 = EDGE_CURVE ( 'NONE', #5170, #5858, #5077, .T. ) ;
#4647 = LINE ( 'NONE', #3006, #2961 ) ;
#4648 = CARTESIAN_POINT ( 'NONE',  ( 0.0000000000000000000, 0.1939999999999999800, 0.0000000000000000000 ) ) ;
#4649 = DIRECTION ( 'NONE',  ( 0.0000000000000000000, 0.0000000000000000000, -1.000000000000000000 ) ) ;
#4650 = ORIENTED_EDGE ( 'NONE', *, *, #2004, .F. ) ;
#4651 = DIRECTION ( 'NONE',  ( 0.0000000000000000000, 0.0000000000000000000, -1.000000000000000000 ) ) ;
#4652 = DIRECTION ( 'NONE',  ( 0.0000000000000000000, 0.0000000000000000000, 1.000000000000000000 ) ) ;
#4653 = VECTOR ( 'NONE', #3083, 39.37007874015748100 ) ;
#4654 = CARTESIAN_POINT ( 'NONE',  ( -0.1625000000000001700, 0.0000000000000000000, -0.2814582562299425300 ) ) ;
#4655 = CARTESIAN_POINT ( 'NONE',  ( -0.1836403121902468700, 0.08799999999999995300, 0.04510330413046883400 ) ) ;
#4656 = ORIENTED_EDGE ( 'NONE', *, *, #690, .T. ) ;
#4657 = VERTEX_POINT ( 'NONE', #5549 ) ;
#4658 = CARTESIAN_POINT ( 'NONE',  ( -0.1782054284066869600, 0.09799999999999994800, 0.05999999999999999800 ) ) ;
#4659 = CARTESIAN_POINT ( 'NONE',  ( 0.5008499999999999100, 0.3539999999999999800, 0.07941279921115511300 ) ) ;
#4660 = AXIS2_PLACEMENT_3D ( 'NONE', #1157, #2992, #3037 ) ;
#4661 = ORIENTED_EDGE ( 'NONE', *, *, #3580, .F. ) ;
#4662 = ORIENTED_EDGE ( 'NONE', *, *, #4640, .T. ) ;
#4663 = CARTESIAN_POINT ( 'NONE',  ( 0.0000000000000000000, 0.08900000000000009300, -0.06957218375001673900 ) ) ;
#4664 = ORIENTED_EDGE ( 'NONE', *, *, #3735, .F. ) ;
#4665 = ORIENTED_EDGE ( 'NONE', *, *, #5197, .F. ) ;
#4666 = DIRECTION ( 'NONE',  ( 0.0000000000000000000, 0.0000000000000000000, 1.000000000000000000 ) ) ;
#4667 = CARTESIAN_POINT ( 'NONE',  ( -0.2676451023932669400, 0.08799999999999995300, 0.07334237367679336000 ) ) ;
#4668 = PLANE ( 'NONE',  #3661 ) ;
#4669 = DIRECTION ( 'NONE',  ( 0.0000000000000000000, 1.000000000000000000, 0.0000000000000000000 ) ) ;
#4670 = CARTESIAN_POINT ( 'NONE',  ( 0.1798364051403900400, 0.2403975505874788000, 0.03500000000000000300 ) ) ;
#4671 = ORIENTED_EDGE ( 'NONE', *, *, #3874, .F. ) ;
#4672 = ORIENTED_EDGE ( 'NONE', *, *, #1898, .T. ) ;
#4673 = ADVANCED_FACE ( 'NONE', ( #551 ), #5990, .F. ) ;
#4674 = DIRECTION ( 'NONE',  ( -0.0000000000000000000, 1.000000000000000000, -0.0000000000000000000 ) ) ;
#4675 = EDGE_CURVE ( 'NONE', #2566, #4462, #3168, .T. ) ;
#4676 = CARTESIAN_POINT ( 'NONE',  ( -0.1871912125772847200, 0.08899999999999999600, -0.05387218375001675400 ) ) ;
#4677 = EDGE_LOOP ( 'NONE', ( #4684, #2393, #5244, #4754 ) ) ;
#4678 = DIRECTION ( 'NONE',  ( 0.0000000000000000000, 1.000000000000000000, 0.0000000000000000000 ) ) ;
#4679 = CARTESIAN_POINT ( 'NONE',  ( 0.4851499999999998600, -0.1219999999999999800, -0.02649999999999999900 ) ) ;
#4680 = ORIENTED_EDGE ( 'NONE', *, *, #3653, .T. ) ;
#4681 = LINE ( 'NONE', #2783, #5061 ) ;
#4682 = VERTEX_POINT ( 'NONE', #491 ) ;
#4683 = DIRECTION ( 'NONE',  ( -2.107907402518722500E-016, 1.000000000000000000, 0.0000000000000000000 ) ) ;
#4684 = ORIENTED_EDGE ( 'NONE', *, *, #6010, .F. ) ;
#4685 = LINE ( 'NONE', #315, #5358 ) ;
#4686 = DIRECTION ( 'NONE',  ( 0.0000000000000000000, 0.0000000000000000000, -1.000000000000000000 ) ) ;
#4687 = CARTESIAN_POINT ( 'NONE',  ( -0.2861500000000001300, -0.1220000000000000100, 0.01299999999999999600 ) ) ;
#4688 = EDGE_CURVE ( 'NONE', #2240, #4236, #5583, .T. ) ;
#4689 = ORIENTED_EDGE ( 'NONE', *, *, #4411, .T. ) ;
#4690 = EDGE_CURVE ( 'NONE', #2999, #5629, #700, .T. ) ;
#4691 = CARTESIAN_POINT ( 'NONE',  ( 0.4851499999999998600, 0.3065609852421052300, 0.03650000000000000500 ) ) ;
#4692 = DIRECTION ( 'NONE',  ( -0.0000000000000000000, 0.0000000000000000000, -1.000000000000000000 ) ) ;
#4693 = CARTESIAN_POINT ( 'NONE',  ( 0.3284790447376123000, 0.2561272146310087400, -0.09511279921115521600 ) ) ;
#4694 = AXIS2_PLACEMENT_3D ( 'NONE', #4266, #5261, #1048 ) ;
#4695 = AXIS2_PLACEMENT_3D ( 'NONE', #274, #3447, #4429 ) ;
#4696 = ADVANCED_FACE ( 'NONE', ( #3659 ), #406, .T. ) ;
#4697 = CARTESIAN_POINT ( 'NONE',  ( 0.3849514457727183400, 0.04069999999999999300, 0.03649999999999992100 ) ) ;
#4698 = CARTESIAN_POINT ( 'NONE',  ( -0.3018500000000000600, 0.05097309357355724700, 0.03500000000000000300 ) ) ;
#4699 = VECTOR ( 'NONE', #2161, 39.37007874015748100 ) ;
#4700 = CARTESIAN_POINT ( 'NONE',  ( -0.02707888366625379700, 0.1165531024276636000, 0.03500000000000000300 ) ) ;
#4701 = CARTESIAN_POINT ( 'NONE',  ( 0.5011328690478279400, 0.2194012706086425900, -0.02649999999999999900 ) ) ;
#4702 = CIRCLE ( 'NONE', #4776, 0.4400000000000000000 ) ;
#4703 = LINE ( 'NONE', #5963, #279 ) ;
#4704 = EDGE_CURVE ( 'NONE', #5341, #2918, #3820, .T. ) ;
#4705 = CARTESIAN_POINT ( 'NONE',  ( 0.4751499999999998500, 0.02499999999999997700, 0.07441279921115510900 ) ) ;
#4706 = AXIS2_PLACEMENT_3D ( 'NONE', #297, #5827, #4002 ) ;
#4707 = FACE_OUTER_BOUND ( 'NONE', #5260, .T. ) ;
#4708 = ADVANCED_FACE ( 'NONE', ( #5873 ), #66, .T. ) ;
#4709 = DIRECTION ( 'NONE',  ( -1.000000000000000000, 0.0000000000000000000, 0.0000000000000000000 ) ) ;
#4710 = LINE ( 'NONE', #1863, #5593 ) ;
#4711 = EDGE_LOOP ( 'NONE', ( #2547, #4007, #1504, #2693, #2484 ) ) ;
#4712 = DIRECTION ( 'NONE',  ( 1.000000000000000000, 0.0000000000000000000, -0.0000000000000000000 ) ) ;
#4713 = CARTESIAN_POINT ( 'NONE',  ( 0.3284790447376122500, 0.2561272146310087400, -0.07941279921115521100 ) ) ;
#4714 = LINE ( 'NONE', #4676, #5091 ) ;
#4715 = CYLINDRICAL_SURFACE ( 'NONE', #1241, 0.4400000000000000000 ) ;
#4716 = DIRECTION ( 'NONE',  ( 0.0000000000000000000, 0.0000000000000000000, 1.000000000000000000 ) ) ;
#4717 = ORIENTED_EDGE ( 'NONE', *, *, #5024, .T. ) ;
#4718 = PLANE ( 'NONE',  #2930 ) ;
#4719 = ORIENTED_EDGE ( 'NONE', *, *, #1436, .F. ) ;
#4720 = LINE ( 'NONE', #5380, #86 ) ;
#4721 = LINE ( 'NONE', #5731, #1003 ) ;
#4722 = CARTESIAN_POINT ( 'NONE',  ( 0.5018499999999999100, 0.2187043321626970500, 0.02649999999999999900 ) ) ;
#4723 =( BOUNDED_CURVE ( )  B_SPLINE_CURVE ( 3, ( #314, #1286, #2671, #5927 ),
 .UNSPECIFIED., .F., .F. ) 
 B_SPLINE_CURVE_WITH_KNOTS ( ( 4, 4 ),
 ( 3.958790943468026800, 4.712388980384687900 ),
 .UNSPECIFIED. ) 
 CURVE ( )  GEOMETRIC_REPRESENTATION_ITEM ( )  RATIONAL_B_SPLINE_CURVE ( ( 1.000000000000000000, 0.9532314569658344400, 0.9532314569658344400, 1.000000000000000000 ) ) 
 REPRESENTATION_ITEM ( '' )  );
#4724 = CARTESIAN_POINT ( 'NONE',  ( 0.0000000000000000000, 0.3539999999999999800, 0.0000000000000000000 ) ) ;
#4725 = DIRECTION ( 'NONE',  ( -0.0000000000000000000, -0.0000000000000000000, -1.000000000000000000 ) ) ;
#4726 = PLANE ( 'NONE',  #329 ) ;
#4727 = ORIENTED_EDGE ( 'NONE', *, *, #3573, .T. ) ;
#4728 = EDGE_CURVE ( 'NONE', #5629, #168, #2867, .T. ) ;
#4729 = LINE ( 'NONE', #4562, #935 ) ;
#4730 = DIRECTION ( 'NONE',  ( -0.0000000000000000000, 1.000000000000000000, 0.0000000000000000000 ) ) ;
#4731 = ORIENTED_EDGE ( 'NONE', *, *, #2416, .T. ) ;
#4732 = EDGE_CURVE ( 'NONE', #960, #110, #907, .T. ) ;
#4733 = ADVANCED_FACE ( 'NONE', ( #4113 ), #1365, .T. ) ;
#4734 = EDGE_CURVE ( 'NONE', #3270, #510, #6013, .T. ) ;
#4735 = VECTOR ( 'NONE', #156, 39.37007874015748100 ) ;
#4736 = DIRECTION ( 'NONE',  ( -0.0000000000000000000, 0.0000000000000000000, -1.000000000000000000 ) ) ;
#4737 = VERTEX_POINT ( 'NONE', #3748 ) ;
#4738 = AXIS2_PLACEMENT_3D ( 'NONE', #3770, #2303, #3247 ) ;
#4739 = CARTESIAN_POINT ( 'NONE',  ( -0.2602812583361163200, 0.08799999999999999500, 0.05387218375001674700 ) ) ;
#4740 = CARTESIAN_POINT ( 'NONE',  ( 0.3542514457727182200, 0.3489999999999999800, -0.07941279921115511300 ) ) ;
#4741 = ORIENTED_EDGE ( 'NONE', *, *, #3459, .T. ) ;
#4742 = CARTESIAN_POINT ( 'NONE',  ( 0.3542514457727182200, 0.2561272146310087400, -0.07441279921115510900 ) ) ;
#4743 = ORIENTED_EDGE ( 'NONE', *, *, #3235, .T. ) ;
#4744 = EDGE_CURVE ( 'NONE', #2074, #1145, #4268, .T. ) ;
#4745 = DIRECTION ( 'NONE',  ( -0.6969384459455458800, -0.7171309521719220200, 0.0000000000000000000 ) ) ;
#4746 = ORIENTED_EDGE ( 'NONE', *, *, #1778, .T. ) ;
#4747 = CARTESIAN_POINT ( 'NONE',  ( 0.3542514457727182200, 0.3489999999999999800, 0.07441279921115510900 ) ) ;
#4748 = DIRECTION ( 'NONE',  ( 0.0000000000000000000, 1.000000000000000000, 0.0000000000000000000 ) ) ;
#4749 = AXIS2_PLACEMENT_3D ( 'NONE', #2664, #4649, #1858 ) ;
#4750 = VERTEX_POINT ( 'NONE', #5183 ) ;
#4751 = ORIENTED_EDGE ( 'NONE', *, *, #1021, .T. ) ;
#4752 = ORIENTED_EDGE ( 'NONE', *, *, #3609, .T. ) ;
#4753 = ORIENTED_EDGE ( 'NONE', *, *, #5114, .F. ) ;
#4754 = ORIENTED_EDGE ( 'NONE', *, *, #1589, .F. ) ;
#4755 = FACE_OUTER_BOUND ( 'NONE', #437, .T. ) ;
#4756 = CARTESIAN_POINT ( 'NONE',  ( -0.2851500000000001300, 0.09799999999999994800, -0.03500000000000000300 ) ) ;
#4757 = DIRECTION ( 'NONE',  ( 0.0000000000000000000, 0.0000000000000000000, 1.000000000000000000 ) ) ;
#4758 = CARTESIAN_POINT ( 'NONE',  ( -0.1782054284066869600, 0.09799999999999994800, -0.05999999999999999800 ) ) ;
#4759 = ORIENTED_EDGE ( 'NONE', *, *, #2723, .T. ) ;
#4760 = EDGE_LOOP ( 'NONE', ( #4597, #2571, #5329, #91 ) ) ;
#4761 = CARTESIAN_POINT ( 'NONE',  ( 0.0000000000000000000, 0.02000000000000000000, -0.04000000000000000100 ) ) ;
#4762 = ORIENTED_EDGE ( 'NONE', *, *, #621, .F. ) ;
#4763 = EDGE_CURVE ( 'NONE', #5434, #5636, #2051, .T. ) ;
#4764 = LINE ( 'NONE', #2047, #1256 ) ;
#4765 = ADVANCED_FACE ( 'NONE', ( #2429 ), #975, .T. ) ;
#4766 = CARTESIAN_POINT ( 'NONE',  ( 0.4751499999999998500, 0.04069999999999997200, 0.3316775405567138300 ) ) ;
#4767 = ORIENTED_EDGE ( 'NONE', *, *, #1034, .F. ) ;
#4768 = CARTESIAN_POINT ( 'NONE',  ( 0.1214441165414468200, 0.2223571329249525700, 0.03500000000000000300 ) ) ;
#4769 = DIRECTION ( 'NONE',  ( 0.0000000000000000000, 0.0000000000000000000, -1.000000000000000000 ) ) ;
#4770 = ORIENTED_EDGE ( 'NONE', *, *, #5640, .F. ) ;
#4771 = DIRECTION ( 'NONE',  ( 1.000000000000000000, 0.0000000000000000000, -0.0000000000000000000 ) ) ;
#4772 = FACE_OUTER_BOUND ( 'NONE', #3296, .T. ) ;
#4773 = DIRECTION ( 'NONE',  ( -0.0000000000000000000, -0.0000000000000000000, 1.000000000000000000 ) ) ;
#4774 = ADVANCED_FACE ( 'NONE', ( #271 ), #3876, .T. ) ;
#4775 = ORIENTED_EDGE ( 'NONE', *, *, #1946, .T. ) ;
#4776 = AXIS2_PLACEMENT_3D ( 'NONE', #5306, #2964, #2432 ) ;
#4777 = VECTOR ( 'NONE', #4686, 39.37007874015748100 ) ;
#4778 = DIRECTION ( 'NONE',  ( 0.0000000000000000000, 0.0000000000000000000, -1.000000000000000000 ) ) ;
#4779 = VECTOR ( 'NONE', #5064, 39.37007874015748100 ) ;
#4780 = EDGE_CURVE ( 'NONE', #5279, #656, #836, .T. ) ;
#4781 = CARTESIAN_POINT ( 'NONE',  ( 0.3592514457727182300, 0.3489999999999999800, -0.3316775405567138300 ) ) ;
#4782 = DIRECTION ( 'NONE',  ( -0.0000000000000000000, -0.0000000000000000000, -1.000000000000000000 ) ) ;
#4783 = VECTOR ( 'NONE', #1183, 39.37007874015748100 ) ;
#4784 = VECTOR ( 'NONE', #1078, 39.37007874015748100 ) ;
#4785 = PLANE ( 'NONE',  #221 ) ;
#4786 = AXIS2_PLACEMENT_3D ( 'NONE', #172, #2421, #2462 ) ;
#4787 = LINE ( 'NONE', #2211, #141 ) ;
#4788 = CARTESIAN_POINT ( 'NONE',  ( 0.3849514457727183400, 0.05069999999999998800, -0.03650000000000000500 ) ) ;
#4789 = ORIENTED_EDGE ( 'NONE', *, *, #395, .F. ) ;
#4790 = DIRECTION ( 'NONE',  ( -2.107907402518722500E-016, 1.000000000000000000, 0.0000000000000000000 ) ) ;
#4791 = CARTESIAN_POINT ( 'NONE',  ( -0.1782054284066869600, 0.09799999999999994800, 0.03500000000000001000 ) ) ;
#4792 = LINE ( 'NONE', #4999, #2514 ) ;
#4793 = CARTESIAN_POINT ( 'NONE',  ( 0.3971380204934411000, -0.03262376266101090600, 0.07941279921115511300 ) ) ;
#4794 = AXIS2_PLACEMENT_3D ( 'NONE', #5023, #795, #3128 ) ;
#4795 = PLANE ( 'NONE',  #4022 ) ;
#4796 = ORIENTED_EDGE ( 'NONE', *, *, #1321, .F. ) ;
#4797 = VECTOR ( 'NONE', #5222, 39.37007874015748100 ) ;
#4798 = LINE ( 'NONE', #5486, #3472 ) ;
#4799 = VECTOR ( 'NONE', #4578, 39.37007874015748100 ) ;
#4800 = ADVANCED_FACE ( 'NONE', ( #2274 ), #3174, .T. ) ;
#4801 = DIRECTION ( 'NONE',  ( -0.0000000000000000000, 1.000000000000000000, -0.0000000000000000000 ) ) ;
#4802 = VERTEX_POINT ( 'NONE', #4811 ) ;
#4803 = LINE ( 'NONE', #2985, #4418 ) ;
#4804 = EDGE_CURVE ( 'NONE', #4242, #253, #1330, .T. ) ;
#4805 = DIRECTION ( 'NONE',  ( 0.0000000000000000000, 1.000000000000000000, 0.0000000000000000000 ) ) ;
#4806 = DIRECTION ( 'NONE',  ( -0.0000000000000000000, -0.0000000000000000000, 1.000000000000000000 ) ) ;
#4807 = DIRECTION ( 'NONE',  ( -1.000000000000000000, -0.0000000000000000000, -0.0000000000000000000 ) ) ;
#4808 = ADVANCED_FACE ( 'NONE', ( #5226 ), #2448, .T. ) ;
#4809 = ORIENTED_EDGE ( 'NONE', *, *, #4223, .F. ) ;
#4810 = CIRCLE ( 'NONE', #2299, 0.02999999999999998800 ) ;
#4811 = CARTESIAN_POINT ( 'NONE',  ( 0.4751499999999998500, 0.04069999999999997200, 0.07441279921115510900 ) ) ;
#4812 = CARTESIAN_POINT ( 'NONE',  ( -0.2861500000000001300, 0.1136999999999999500, -0.01980901644462925200 ) ) ;
#4813 = ORIENTED_EDGE ( 'NONE', *, *, #2172, .T. ) ;
#4814 = DIRECTION ( 'NONE',  ( 0.0000000000000000000, 0.0000000000000000000, 1.000000000000000000 ) ) ;
#4815 = ORIENTED_EDGE ( 'NONE', *, *, #4744, .T. ) ;
#4816 = DIRECTION ( 'NONE',  ( -0.0000000000000000000, -0.0000000000000000000, -1.000000000000000000 ) ) ;
#4817 =( NAMED_UNIT ( * ) PLANE_ANGLE_UNIT ( ) SI_UNIT ( $, .RADIAN. ) );
#4818 = EDGE_CURVE ( 'NONE', #5928, #2849, #780, .T. ) ;
#4819 = PLANE ( 'NONE',  #2205 ) ;
#4820 = VERTEX_POINT ( 'NONE', #1520 ) ;
#4821 = EDGE_CURVE ( 'NONE', #1011, #5237, #2281, .T. ) ;
#4822 = ORIENTED_EDGE ( 'NONE', *, *, #1780, .F. ) ;
#4823 = AXIS2_PLACEMENT_3D ( 'NONE', #3578, #4565, #4525 ) ;
#4824 = CARTESIAN_POINT ( 'NONE',  ( -0.3018500000000000600, 0.1136999999999999500, -0.04000000000000000100 ) ) ;
#4825 = ORIENTED_EDGE ( 'NONE', *, *, #5449, .T. ) ;
#4826 = ORIENTED_EDGE ( 'NONE', *, *, #5671, .T. ) ;
#4827 = DIRECTION ( 'NONE',  ( -0.0000000000000000000, -0.0000000000000000000, -1.000000000000000000 ) ) ;
#4828 = ADVANCED_FACE ( 'NONE', ( #2945 ), #1540, .F. ) ;
#4829 = EDGE_CURVE ( 'NONE', #5636, #1679, #4039, .T. ) ;
#4830 = ORIENTED_EDGE ( 'NONE', *, *, #1634, .F. ) ;
#4831 = VERTEX_POINT ( 'NONE', #5768 ) ;
#4832 = CARTESIAN_POINT ( 'NONE',  ( 0.3542514457727182200, 0.2561272146310087400, -0.09511279921115511900 ) ) ;
#4833 = VERTEX_POINT ( 'NONE', #1987 ) ;
#4834 = CARTESIAN_POINT ( 'NONE',  ( 3.231876143552168600E-016, 0.3489999999999999800, 0.09511279921115639600 ) ) ;
#4835 = EDGE_LOOP ( 'NONE', ( #4096, #814, #4204, #5960, #3872, #1075, #1313, #4815 ) ) ;
#4836 = DIRECTION ( 'NONE',  ( 0.0000000000000000000, 1.000000000000000000, 0.0000000000000000000 ) ) ;
#4837 = EDGE_LOOP ( 'NONE', ( #5039, #1037, #2744, #2117 ) ) ;
#4838 = CARTESIAN_POINT ( 'NONE',  ( 0.3849514457727183400, 0.02500000000000000100, 0.03650000000000000500 ) ) ;
#4839 = FACE_OUTER_BOUND ( 'NONE', #325, .T. ) ;
#4840 = ORIENTED_EDGE ( 'NONE', *, *, #3115, .T. ) ;
#4841 = VERTEX_POINT ( 'NONE', #2007 ) ;
#4842 = CARTESIAN_POINT ( 'NONE',  ( 0.3542514457727182200, 0.3489999999999999800, -0.09511279921115509100 ) ) ;
#4843 = CARTESIAN_POINT ( 'NONE',  ( -0.2602812583361163200, 0.08800000000000003700, 0.06957218375001675300 ) ) ;
#4844 = CIRCLE ( 'NONE', #3336, 0.02570000000000001400 ) ;
#4845 = CARTESIAN_POINT ( 'NONE',  ( 0.4751499999999998500, 0.02499999999999997700, 0.03649999999999987300 ) ) ;
#4846 = EDGE_CURVE ( 'NONE', #1557, #744, #3527, .T. ) ;
#4847 = ORIENTED_EDGE ( 'NONE', *, *, #1707, .T. ) ;
#4848 = VECTOR ( 'NONE', #4801, 39.37007874015748100 ) ;
#4849 = STYLED_ITEM ( 'NONE', ( #1788 ), #4918 ) ;
#4850 = DIRECTION ( 'NONE',  ( 0.0000000000000000000, -1.036885625125605800E-014, 1.000000000000000000 ) ) ;
#4851 = EDGE_CURVE ( 'NONE', #457, #4973, #2202, .T. ) ;
#4852 = DIRECTION ( 'NONE',  ( -1.000000000000000000, -0.0000000000000000000, -0.0000000000000000000 ) ) ;
#4853 = EDGE_CURVE ( 'NONE', #1718, #3206, #626, .T. ) ;
#4854 = LINE ( 'NONE', #122, #1695 ) ;
#4855 = CARTESIAN_POINT ( 'NONE',  ( 0.1214441165414468200, 0.2223571329249525700, 0.05999999999999999800 ) ) ;
#4856 = LINE ( 'NONE', #725, #1055 ) ;
#4857 = DIRECTION ( 'NONE',  ( -0.0000000000000000000, -0.0000000000000000000, -1.000000000000000000 ) ) ;
#4858 = VECTOR ( 'NONE', #3067, 39.37007874015748100 ) ;
#4859 = DIRECTION ( 'NONE',  ( -0.0000000000000000000, -0.0000000000000000000, -1.000000000000000000 ) ) ;
#4860 = AXIS2_PLACEMENT_3D ( 'NONE', #5217, #1457, #138 ) ;
#4861 = EDGE_LOOP ( 'NONE', ( #925, #1254, #3725, #3239, #4963, #5547, #2688, #4809, #1159, #4346 ) ) ;
#4862 = CIRCLE ( 'NONE', #4749, 0.01000000000000003000 ) ;
#4863 = VECTOR ( 'NONE', #2893, 39.37007874015748100 ) ;
#4864 = DIRECTION ( 'NONE',  ( -0.0000000000000000000, -0.0000000000000000000, -1.000000000000000000 ) ) ;
#4865 = CARTESIAN_POINT ( 'NONE',  ( -0.2861500000000001300, 0.05097309357355724700, 0.03500000000000000300 ) ) ;
#4866 = CARTESIAN_POINT ( 'NONE',  ( 0.5008499999999999100, 0.01999999999999999000, -0.07941279921115511300 ) ) ;
#4867 = EDGE_CURVE ( 'NONE', #4149, #1448, #5083, .T. ) ;
#4868 = FACE_OUTER_BOUND ( 'NONE', #4191, .T. ) ;
#4869 = LINE ( 'NONE', #4515, #2730 ) ;
#4870 = CARTESIAN_POINT ( 'NONE',  ( 0.3592514457727183400, 0.02500000000000000500, 0.03650000000000000500 ) ) ;
#4871 = CARTESIAN_POINT ( 'NONE',  ( 0.0000000000000000000, 0.1939999999999999800, 0.0000000000000000000 ) ) ;
#4872 = FACE_OUTER_BOUND ( 'NONE', #3433, .T. ) ;
#4873 = FACE_OUTER_BOUND ( 'NONE', #1815, .T. ) ;
#4874 = VECTOR ( 'NONE', #1328, 39.37007874015748900 ) ;
#4875 = CARTESIAN_POINT ( 'NONE',  ( 0.5008499999999999100, 0.05069999999999998100, -0.07441279921115510900 ) ) ;
#4876 = CARTESIAN_POINT ( 'NONE',  ( -0.3311971787051254900, 0.2999999999999999300, 0.2896695165490584300 ) ) ;
#4877 = ORIENTED_EDGE ( 'NONE', *, *, #2504, .F. ) ;
#4878 = CARTESIAN_POINT ( 'NONE',  ( -0.1871912125772847200, 0.1136999999999999500, -0.03500000000000000300 ) ) ;
#4879 = LINE ( 'NONE', #1393, #1573 ) ;
#4880 = VERTEX_POINT ( 'NONE', #3854 ) ;
#4881 = EDGE_CURVE ( 'NONE', #5066, #1831, #3594, .T. ) ;
#4882 = DIRECTION ( 'NONE',  ( 0.0000000000000000000, 1.000000000000000000, 0.0000000000000000000 ) ) ;
#4883 = DIRECTION ( 'NONE',  ( 1.016254544481191600E-016, 0.0000000000000000000, -1.000000000000000000 ) ) ;
#4884 = FACE_OUTER_BOUND ( 'NONE', #1931, .T. ) ;
#4885 = DIRECTION ( 'NONE',  ( -0.0000000000000000000, -1.000000000000000000, -0.0000000000000000000 ) ) ;
#4886 = DIRECTION ( 'NONE',  ( 2.411613600658080700E-016, 1.000000000000000000, 0.0000000000000000000 ) ) ;
#4887 = ORIENTED_EDGE ( 'NONE', *, *, #4205, .F. ) ;
#4888 = ORIENTED_EDGE ( 'NONE', *, *, #4184, .T. ) ;
#4889 = PLANE ( 'NONE',  #4067 ) ;
#4890 = CARTESIAN_POINT ( 'NONE',  ( 0.5008499999999999100, 0.3539999999999999800, 0.07441279921115510900 ) ) ;
#4891 = CARTESIAN_POINT ( 'NONE',  ( 0.3536520336729308000, 0.3489999999999999800, -0.09511279921115511900 ) ) ;
#4892 = ORIENTED_EDGE ( 'NONE', *, *, #768, .T. ) ;
#4893 = AXIS2_PLACEMENT_3D ( 'NONE', #2263, #433, #2751 ) ;
#4894 = ORIENTED_EDGE ( 'NONE', *, *, #1616, .T. ) ;
#4895 = CARTESIAN_POINT ( 'NONE',  ( 0.3749514457727182200, 0.2561272146310087400, -0.07441279921115510900 ) ) ;
#4896 = DIRECTION ( 'NONE',  ( 2.107907402518722000E-016, -1.000000000000000000, 0.0000000000000000000 ) ) ;
#4897 = EDGE_CURVE ( 'NONE', #5026, #1384, #1056, .T. ) ;
#4898 = ORIENTED_EDGE ( 'NONE', *, *, #873, .F. ) ;
#4899 = ORIENTED_EDGE ( 'NONE', *, *, #4897, .F. ) ;
#4900 = EDGE_LOOP ( 'NONE', ( #1106, #3141, #2030, #2342 ) ) ;
#4901 = ADVANCED_FACE ( 'NONE', ( #1699 ), #5300, .T. ) ;
#4902 = DIRECTION ( 'NONE',  ( 0.0000000000000000000, -7.993795080820341900E-031, 1.000000000000000000 ) ) ;
#4903 = DIRECTION ( 'NONE',  ( -4.350076423032265900E-015, -1.000000000000000000, 0.0000000000000000000 ) ) ;
#4904 = ORIENTED_EDGE ( 'NONE', *, *, #1021, .F. ) ;
#4905 = CARTESIAN_POINT ( 'NONE',  ( 0.4851499999999998600, 0.1962533751892688000, -0.03650000000000000500 ) ) ;
#4906 = ORIENTED_EDGE ( 'NONE', *, *, #2974, .T. ) ;
#4907 = FACE_OUTER_BOUND ( 'NONE', #3611, .T. ) ;
#4908 = DIRECTION ( 'NONE',  ( 0.0000000000000000000, 1.000000000000000000, 0.0000000000000000000 ) ) ;
#4909 = EDGE_CURVE ( 'NONE', #1744, #666, #2790, .T. ) ;
#4910 = ORIENTED_EDGE ( 'NONE', *, *, #4940, .F. ) ;
#4911 = DIRECTION ( 'NONE',  ( 0.0000000000000000000, 0.0000000000000000000, -1.000000000000000000 ) ) ;
#4912 = PLANE ( 'NONE',  #2286 ) ;
#4913 = AXIS2_PLACEMENT_3D ( 'NONE', #5604, #489, #5545 ) ;
#4914 = ORIENTED_EDGE ( 'NONE', *, *, #757, .T. ) ;
#4915 = ORIENTED_EDGE ( 'NONE', *, *, #318, .T. ) ;
#4916 = DIRECTION ( 'NONE',  ( 0.0000000000000000000, -0.0000000000000000000, 1.000000000000000000 ) ) ;
#4917 = FACE_BOUND ( 'NONE', #2603, .T. ) ;
#4918 = ADVANCED_BREP_SHAPE_REPRESENTATION ( 'BS-7-RED', ( #2993, #1272, #397, #1279 ), #1583 ) ;
#4919 = CARTESIAN_POINT ( 'NONE',  ( 0.5018499999999999100, 0.2187043321626970500, 0.02649999999999999900 ) ) ;
#4920 = DIRECTION ( 'NONE',  ( -0.0000000000000000000, -0.0000000000000000000, -1.000000000000000000 ) ) ;
#4921 = ORIENTED_EDGE ( 'NONE', *, *, #4829, .F. ) ;
#4922 = CARTESIAN_POINT ( 'NONE',  ( 0.3749514457727182200, 0.3489999999999999800, 0.07441279921115510900 ) ) ;
#4923 = EDGE_LOOP ( 'NONE', ( #5355, #3801, #4731, #4532 ) ) ;
#4924 = VECTOR ( 'NONE', #2334, 39.37007874015748100 ) ;
#4925 = DIRECTION ( 'NONE',  ( 0.0000000000000000000, 0.0000000000000000000, -1.000000000000000000 ) ) ;
#4926 = DIRECTION ( 'NONE',  ( -0.0000000000000000000, -0.0000000000000000000, -1.000000000000000000 ) ) ;
#4927 = EDGE_LOOP ( 'NONE', ( #3401, #166, #4133, #1926 ) ) ;
#4928 = PLANE ( 'NONE',  #2860 ) ;
#4929 = FACE_OUTER_BOUND ( 'NONE', #2979, .T. ) ;
#4930 = FACE_OUTER_BOUND ( 'NONE', #3920, .T. ) ;
#4931 = DIRECTION ( 'NONE',  ( 0.0000000000000000000, 1.000000000000000000, 0.0000000000000000000 ) ) ;
#4932 = AXIS2_PLACEMENT_3D ( 'NONE', #5356, #5854, #3035 ) ;
#4933 = DIRECTION ( 'NONE',  ( -0.0000000000000000000, -0.0000000000000000000, -1.000000000000000000 ) ) ;
#4934 = LINE ( 'NONE', #5191, #3171 ) ;
#4935 = CARTESIAN_POINT ( 'NONE',  ( -0.1836403121902468700, 0.08799999999999995300, 0.07334237367679336000 ) ) ;
#4936 = LINE ( 'NONE', #2983, #2501 ) ;
#4937 = ADVANCED_FACE ( 'NONE', ( #2503 ), #4555, .T. ) ;
#4938 = VECTOR ( 'NONE', #3925, 39.37007874015748100 ) ;
#4939 = EDGE_CURVE ( 'NONE', #3220, #1164, #5010, .T. ) ;
#4940 = EDGE_CURVE ( 'NONE', #670, #3944, #342, .T. ) ;
#4941 = CARTESIAN_POINT ( 'NONE',  ( 0.3250000000000000100, 0.1048528137423858400, 0.0000000000000000000 ) ) ;
#4942 = CARTESIAN_POINT ( 'NONE',  ( 0.1123348649538237200, 0.2351442958438093600, 0.05999999999999999800 ) ) ;
#4943 = FACE_OUTER_BOUND ( 'NONE', #3136, .T. ) ;
#4944 = FACE_OUTER_BOUND ( 'NONE', #5840, .T. ) ;
#4945 = AXIS2_PLACEMENT_3D ( 'NONE', #3522, #3995, #1204 ) ;
#4946 = AXIS2_PLACEMENT_3D ( 'NONE', #5668, #4678, #106 ) ;
#4947 = ORIENTED_EDGE ( 'NONE', *, *, #256, .F. ) ;
#4948 = LINE ( 'NONE', #410, #1492 ) ;
#4949 = CARTESIAN_POINT ( 'NONE',  ( -0.1836403121902468700, 0.09799999999999994800, -0.07334237367679336000 ) ) ;
#4950 = LINE ( 'NONE', #1486, #640 ) ;
#4951 = PLANE ( 'NONE',  #5299 ) ;
#4952 = EDGE_CURVE ( 'NONE', #1215, #960, #3234, .T. ) ;
#4953 = DIRECTION ( 'NONE',  ( -1.000000000000000000, 0.0000000000000000000, 0.0000000000000000000 ) ) ;
#4954 = PRESENTATION_LAYER_ASSIGNMENT (  '', '', ( #5143 ) ) ;
#4955 = ORIENTED_EDGE ( 'NONE', *, *, #2960, .F. ) ;
#4956 = VECTOR ( 'NONE', #687, 39.37007874015748900 ) ;
#4957 = CARTESIAN_POINT ( 'NONE',  ( 0.3592514457727182300, 0.09799999999999994800, -0.07941279921115511300 ) ) ;
#4958 = FACE_OUTER_BOUND ( 'NONE', #2021, .T. ) ;
#4959 = VECTOR ( 'NONE', #4058, 39.37007874015748100 ) ;
#4960 = PLANE ( 'NONE',  #2812 ) ;
#4961 = DIRECTION ( 'NONE',  ( 0.0000000000000000000, 1.000000000000000000, 0.0000000000000000000 ) ) ;
#4962 = ORIENTED_EDGE ( 'NONE', *, *, #131, .T. ) ;
#4963 = ORIENTED_EDGE ( 'NONE', *, *, #2560, .F. ) ;
#4964 = CARTESIAN_POINT ( 'NONE',  ( -0.1871912125772847200, 0.09799999999999999000, 0.04487218375001673900 ) ) ;
#4965 = VECTOR ( 'NONE', #1477, 39.37007874015748100 ) ;
#4966 = ORIENTED_EDGE ( 'NONE', *, *, #4881, .F. ) ;
#4967 = ORIENTED_EDGE ( 'NONE', *, *, #4821, .F. ) ;
#4968 = EDGE_CURVE ( 'NONE', #3856, #1552, #1202, .T. ) ;
#4969 = ADVANCED_FACE ( 'NONE', ( #1548 ), #4889, .F. ) ;
#4970 = CARTESIAN_POINT ( 'NONE',  ( 0.3284790447376123000, 0.2561272146310087400, -0.09511279921115520200 ) ) ;
#4971 = PLANE ( 'NONE',  #2652 ) ;
#4972 = ORIENTED_EDGE ( 'NONE', *, *, #4609, .F. ) ;
#4973 = VERTEX_POINT ( 'NONE', #2585 ) ;
#4974 = DIRECTION ( 'NONE',  ( 1.000000000000000000, 0.0000000000000000000, -0.0000000000000000000 ) ) ;
#4975 = PRODUCT_DEFINITION_FORMATION_WITH_SPECIFIED_SOURCE ( 'ANY', '', #4437, .NOT_KNOWN. ) ;
#4976 = CARTESIAN_POINT ( 'NONE',  ( -0.03618813525387682600, 0.1293402653465204300, 0.05999999999999999800 ) ) ;
#4977 = EDGE_CURVE ( 'NONE', #1916, #3514, #3891, .T. ) ;
#4978 = EDGE_LOOP ( 'NONE', ( #2231, #619, #5841, #4656 ) ) ;
#4979 = CARTESIAN_POINT ( 'NONE',  ( -0.1871912125772847200, 0.1136999999999999500, 0.03500000000000000300 ) ) ;
#4980 = ORIENTED_EDGE ( 'NONE', *, *, #5481, .F. ) ;
#4981 = CARTESIAN_POINT ( 'NONE',  ( 0.5008499999999999100, 0.3539999999999999800, -0.3316775405567138300 ) ) ;
#4982 = CARTESIAN_POINT ( 'NONE',  ( -0.3018500000000000600, 0.09700000000000025300, -0.03500000000000000300 ) ) ;
#4983 = ORIENTED_EDGE ( 'NONE', *, *, #5056, .F. ) ;
#4984 = DIRECTION ( 'NONE',  ( 0.0000000000000000000, 0.0000000000000000000, -1.000000000000000000 ) ) ;
#4985 = ORIENTED_EDGE ( 'NONE', *, *, #288, .T. ) ;
#4986 = CARTESIAN_POINT ( 'NONE',  ( 0.4851499999999998600, -0.1219999999999999800, 0.02649999999999999900 ) ) ;
#4987 = EDGE_CURVE ( 'NONE', #4880, #1025, #3733, .T. ) ;
#4988 = ORIENTED_EDGE ( 'NONE', *, *, #3983, .T. ) ;
#4989 = ORIENTED_EDGE ( 'NONE', *, *, #2446, .T. ) ;
#4990 = AXIS2_PLACEMENT_3D ( 'NONE', #1309, #3158, #4231 ) ;
#4991 = CARTESIAN_POINT ( 'NONE',  ( -0.1782054284066869600, 0.09799999999999994800, 0.05999999999999999800 ) ) ;
#4992 = VECTOR ( 'NONE', #4827, 39.37007874015748100 ) ;
#4993 = DIRECTION ( 'NONE',  ( -0.4924235601034646100, 0.0000000000000000000, 0.8703556959399009200 ) ) ;
#4994 = ORIENTED_EDGE ( 'NONE', *, *, #4400, .T. ) ;
#4995 = CARTESIAN_POINT ( 'NONE',  ( 0.3284790447376123000, 0.2561272146310087400, 0.09511279921115521600 ) ) ;
#4996 = ORIENTED_EDGE ( 'NONE', *, *, #3422, .F. ) ;
#4997 = LINE ( 'NONE', #5637, #1689 ) ;
#4998 = PLANE ( 'NONE',  #339 ) ;
#4999 = CARTESIAN_POINT ( 'NONE',  ( -0.1871912125772847200, 0.08899999999999999600, 0.06957218375001671100 ) ) ;
#5000 = CARTESIAN_POINT ( 'NONE',  ( 3.231876143552168600E-016, 1.255025827688793700E-032, 0.09511279921115639600 ) ) ;
#5001 = ADVANCED_FACE ( 'NONE', ( #3824 ), #3451, .T. ) ;
#5002 = DIRECTION ( 'NONE',  ( 1.000000000000000000, 0.0000000000000000000, 0.0000000000000000000 ) ) ;
#5003 = ORIENTED_EDGE ( 'NONE', *, *, #1848, .F. ) ;
#5004 = VECTOR ( 'NONE', #4908, 39.37007874015748100 ) ;
#5005 = PLANE ( 'NONE',  #1073 ) ;
#5006 = DIRECTION ( 'NONE',  ( 1.000000000000000000, 0.0000000000000000000, 0.0000000000000000000 ) ) ;
#5007 = EDGE_CURVE ( 'NONE', #3092, #3268, #2650, .T. ) ;
#5008 = VECTOR ( 'NONE', #5121, 39.37007874015748100 ) ;
#5009 = VECTOR ( 'NONE', #5006, 39.37007874015748100 ) ;
#5010 = LINE ( 'NONE', #1126, #986 ) ;
#5011 = DIRECTION ( 'NONE',  ( -0.0000000000000000000, -0.0000000000000000000, -1.000000000000000000 ) ) ;
#5012 = DIRECTION ( 'NONE',  ( -1.000000000000000000, 0.0000000000000000000, 0.0000000000000000000 ) ) ;
#5013 = ORIENTED_EDGE ( 'NONE', *, *, #1809, .T. ) ;
#5014 = DIRECTION ( 'NONE',  ( -0.0000000000000000000, 0.0000000000000000000, -1.000000000000000000 ) ) ;
#5015 = LINE ( 'NONE', #5032, #1768 ) ;
#5016 = VECTOR ( 'NONE', #2499, 39.37007874015748100 ) ;
#5017 = CARTESIAN_POINT ( 'NONE',  ( -0.02707888366625380000, 0.1165531024276636000, -0.05999999999999999800 ) ) ;
#5018 = DIRECTION ( 'NONE',  ( 0.0000000000000000000, 0.0000000000000000000, 1.000000000000000000 ) ) ;
#5019 = ORIENTED_EDGE ( 'NONE', *, *, #2010, .T. ) ;
#5020 = CARTESIAN_POINT ( 'NONE',  ( -0.1579362876644513900, 0.09799999999999994800, 0.01980901644462925200 ) ) ;
#5021 = CIRCLE ( 'NONE', #3099, 0.004999999999999997500 ) ;
#5022 = LINE ( 'NONE', #1650, #3750 ) ;
#5023 = CARTESIAN_POINT ( 'NONE',  ( 0.0000000000000000000, 0.02000000000000000000, 0.0000000000000000000 ) ) ;
#5024 = EDGE_CURVE ( 'NONE', #2823, #2074, #3666, .T. ) ;
#5025 = AXIS2_PLACEMENT_3D ( 'NONE', #4648, #479, #2797 ) ;
#5026 = VERTEX_POINT ( 'NONE', #2064 ) ;
#5027 = AXIS2_PLACEMENT_3D ( 'NONE', #1665, #2646, #3088 ) ;
#5028 = VECTOR ( 'NONE', #1169, 39.37007874015748100 ) ;
#5029 = VECTOR ( 'NONE', #2697, 39.37007874015748100 ) ;
#5030 = EDGE_LOOP ( 'NONE', ( #2115, #4966, #5771, #3497 ) ) ;
#5031 = ADVANCED_FACE ( 'NONE', ( #201 ), #2025, .F. ) ;
#5032 = CARTESIAN_POINT ( 'NONE',  ( 0.3749514457727182200, 0.3489999999999999800, -0.3316775405567138300 ) ) ;
#5033 = EDGE_CURVE ( 'NONE', #4362, #995, #2052, .T. ) ;
#5034 = CARTESIAN_POINT ( 'NONE',  ( -0.1782054284066869600, 0.08799999999999995300, 0.1005612242791646300 ) ) ;
#5035 = DIRECTION ( 'NONE',  ( -1.000000000000000000, 0.0000000000000000000, 0.0000000000000000000 ) ) ;
#5036 = AXIS2_PLACEMENT_3D ( 'NONE', #1622, #273, #3997 ) ;
#5037 = CARTESIAN_POINT ( 'NONE',  ( -0.02707888366625379700, 0.1165531024276636000, 0.01980901644462925200 ) ) ;
#5038 = ORIENTED_EDGE ( 'NONE', *, *, #1860, .T. ) ;
#5039 = ORIENTED_EDGE ( 'NONE', *, *, #1697, .T. ) ;
#5040 = CARTESIAN_POINT ( 'NONE',  ( -0.1871912125772847200, 0.08800000000000003700, -0.06957218375001673900 ) ) ;
#5041 = CARTESIAN_POINT ( 'NONE',  ( 0.0000000000000000000, 0.3539999999999999800, 0.0000000000000000000 ) ) ;
#5042 = VECTOR ( 'NONE', #3715, 39.37007874015748100 ) ;
#5043 = DIRECTION ( 'NONE',  ( -0.0000000000000000000, 0.0000000000000000000, -1.000000000000000000 ) ) ;
#5044 = ORIENTED_EDGE ( 'NONE', *, *, #3547, .T. ) ;
#5045 = ORIENTED_EDGE ( 'NONE', *, *, #1305, .F. ) ;
#5046 = DIRECTION ( 'NONE',  ( 0.6969384459455459900, 0.7171309521719219100, -0.0000000000000000000 ) ) ;
#5047 = DIRECTION ( 'NONE',  ( -0.0000000000000000000, -1.000000000000000000, -0.0000000000000000000 ) ) ;
#5048 = EDGE_LOOP ( 'NONE', ( #4972, #1825, #2728, #2160 ) ) ;
#5049 = ORIENTED_EDGE ( 'NONE', *, *, #4356, .F. ) ;
#5050 = EDGE_CURVE ( 'NONE', #4579, #3131, #3310, .T. ) ;
#5051 = ORIENTED_EDGE ( 'NONE', *, *, #1505, .F. ) ;
#5052 = VERTEX_POINT ( 'NONE', #5466 ) ;
#5053 = CARTESIAN_POINT ( 'NONE',  ( -0.1624999999999999500, 0.0000000000000000000, 0.2814582562299426400 ) ) ;
#5054 = ORIENTED_EDGE ( 'NONE', *, *, #2658, .T. ) ;
#5055 = EDGE_CURVE ( 'NONE', #4820, #5170, #5590, .T. ) ;
#5056 = EDGE_CURVE ( 'NONE', #4462, #3435, #4703, .T. ) ;
#5057 = CARTESIAN_POINT ( 'NONE',  ( -0.1624999999999999500, 0.01999999999999999000, 0.2514582562299426100 ) ) ;
#5058 = ORIENTED_EDGE ( 'NONE', *, *, #571, .F. ) ;
#5059 = ORIENTED_EDGE ( 'NONE', *, *, #2119, .F. ) ;
#5060 = ADVANCED_FACE ( 'NONE', ( #2581 ), #4960, .T. ) ;
#5061 = VECTOR ( 'NONE', #5584, 39.37007874015748100 ) ;
#5062 = ORIENTED_EDGE ( 'NONE', *, *, #1706, .F. ) ;
#5063 = VERTEX_POINT ( 'NONE', #5427 ) ;
#5064 = DIRECTION ( 'NONE',  ( 2.107907402518722000E-016, -1.000000000000000000, 0.0000000000000000000 ) ) ;
#5065 = CARTESIAN_POINT ( 'NONE',  ( -0.2602812583361163200, 0.08899999999999999600, 0.04487218375001673900 ) ) ;
#5066 = VERTEX_POINT ( 'NONE', #2627 ) ;
#5067 = VECTOR ( 'NONE', #1609, 39.37007874015748100 ) ;
#5068 = EDGE_CURVE ( 'NONE', #4460, #1168, #6017, .T. ) ;
#5069 = EDGE_LOOP ( 'NONE', ( #1451, #359, #1614, #3532 ) ) ;
#5070 = AXIS2_PLACEMENT_3D ( 'NONE', #2799, #5126, #4993 ) ;
#5071 = ORIENTED_EDGE ( 'NONE', *, *, #1551, .T. ) ;
#5072 = CIRCLE ( 'NONE', #3951, 0.001000000000000003100 ) ;
#5073 = CARTESIAN_POINT ( 'NONE',  ( -0.2602812583361163200, 0.08800000000000003700, 0.06957218375001673900 ) ) ;
#5074 = CARTESIAN_POINT ( 'NONE',  ( 0.5008499999999999100, 0.1962533751892688000, 0.03650000000000000500 ) ) ;
#5075 = DIRECTION ( 'NONE',  ( -0.0000000000000000000, 1.000000000000000000, -0.0000000000000000000 ) ) ;
#5076 = LINE ( 'NONE', #3599, #1974 ) ;
#5077 = LINE ( 'NONE', #4577, #1767 ) ;
#5078 = CARTESIAN_POINT ( 'NONE',  ( -0.2861500000000001300, 0.05097309357355724700, -0.01299999999999999600 ) ) ;
#5079 = VECTOR ( 'NONE', #5619, 39.37007874015748100 ) ;
#5080 = DIRECTION ( 'NONE',  ( 1.000000000000000000, 0.0000000000000000000, 0.0000000000000000000 ) ) ;
#5081 = LINE ( 'NONE', #3899, #6016 ) ;
#5082 = EDGE_CURVE ( 'NONE', #3375, #1025, #4787, .T. ) ;
#5083 = CIRCLE ( 'NONE', #2497, 0.02570000000000001400 ) ;
#5084 = CARTESIAN_POINT ( 'NONE',  ( -0.1871912125772847200, 0.09800000000000000400, 0.06957218375001671100 ) ) ;
#5085 = ORIENTED_EDGE ( 'NONE', *, *, #899, .F. ) ;
#5086 = VECTOR ( 'NONE', #3941, 39.37007874015748100 ) ;
#5087 = ADVANCED_FACE ( 'NONE', ( #1125 ), #4998, .T. ) ;
#5088 = VECTOR ( 'NONE', #232, 39.37007874015748100 ) ;
#5089 = CARTESIAN_POINT ( 'NONE',  ( -0.1625000000000001700, 0.0000000000000000000, -0.2814582562299425300 ) ) ;
#5090 = EDGE_LOOP ( 'NONE', ( #5765, #536, #3739, #4644, #2544, #3112 ) ) ;
#5091 = VECTOR ( 'NONE', #1849, 39.37007874015748100 ) ;
#5092 = COLOUR_RGB ( '',0.7921568627450980000, 0.8196078431372548800, 0.9333333333333333500 ) ;
#5093 = LINE ( 'NONE', #4124, #3467 ) ;
#5094 = AXIS2_PLACEMENT_3D ( 'NONE', #167, #4351, #1544 ) ;
#5095 = CARTESIAN_POINT ( 'NONE',  ( -0.03618813525387682600, 0.1293402653465204300, -0.05999999999999999800 ) ) ;
#5096 = ORIENTED_EDGE ( 'NONE', *, *, #3721, .F. ) ;
#5097 = CARTESIAN_POINT ( 'NONE',  ( 0.3592514457727182300, 0.3489999999999999800, -0.07441279921115510900 ) ) ;
#5098 = VECTOR ( 'NONE', #5047, 39.37007874015748100 ) ;
#5099 = EDGE_CURVE ( 'NONE', #3361, #3779, #5878, .T. ) ;
#5100 = CARTESIAN_POINT ( 'NONE',  ( 0.4751499999999998500, 0.04069999999999997200, -0.07441279921115510900 ) ) ;
#5101 = PLANE ( 'NONE',  #4893 ) ;
#5102 = ORIENTED_EDGE ( 'NONE', *, *, #5159, .F. ) ;
#5103 = VECTOR ( 'NONE', #41, 39.37007874015748100 ) ;
#5104 = ORIENTED_EDGE ( 'NONE', *, *, #4939, .F. ) ;
#5105 = EDGE_LOOP ( 'NONE', ( #897, #467, #5044, #49 ) ) ;
#5106 = CARTESIAN_POINT ( 'NONE',  ( 0.0000000000000000000, 0.0000000000000000000, -0.02999999999999999900 ) ) ;
#5107 = AXIS2_PLACEMENT_3D ( 'NONE', #2731, #2320, #4595 ) ;
#5108 = EDGE_LOOP ( 'NONE', ( #2595, #3426, #2105, #953 ) ) ;
#5109 = CARTESIAN_POINT ( 'NONE',  ( -0.2602812583361163200, 0.08899999999999999600, 0.04487218375001673900 ) ) ;
#5110 = ORIENTED_EDGE ( 'NONE', *, *, #1400, .F. ) ;
#5111 =( NAMED_UNIT ( * ) SI_UNIT ( $, .STERADIAN. ) SOLID_ANGLE_UNIT ( ) );
#5112 = ADVANCED_FACE ( 'NONE', ( #1337 ), #4034, .T. ) ;
#5113 = DIRECTION ( 'NONE',  ( -0.0000000000000000000, 0.0000000000000000000, -1.000000000000000000 ) ) ;
#5114 = EDGE_CURVE ( 'NONE', #5791, #686, #2134, .T. ) ;
#5115 = ORIENTED_EDGE ( 'NONE', *, *, #1071, .F. ) ;
#5116 = ORIENTED_EDGE ( 'NONE', *, *, #1499, .T. ) ;
#5117 = DIRECTION ( 'NONE',  ( 0.0000000000000000000, 1.000000000000000000, -0.0000000000000000000 ) ) ;
#5118 = CARTESIAN_POINT ( 'NONE',  ( 0.3250000000000000100, 0.0000000000000000000, 0.03000000000000004400 ) ) ;
#5119 = ORIENTED_EDGE ( 'NONE', *, *, #3874, .T. ) ;
#5120 = EDGE_LOOP ( 'NONE', ( #2748, #4448, #5647, #3816 ) ) ;
#5121 = DIRECTION ( 'NONE',  ( 1.000000000000000000, 0.0000000000000000000, 0.0000000000000000000 ) ) ;
#5122 = ORIENTED_EDGE ( 'NONE', *, *, #1973, .F. ) ;
#5123 = DIRECTION ( 'NONE',  ( 1.000000000000000000, 0.0000000000000000000, 0.0000000000000000000 ) ) ;
#5124 = ORIENTED_EDGE ( 'NONE', *, *, #558, .F. ) ;
#5125 = CARTESIAN_POINT ( 'NONE',  ( -0.2676451023932669400, 0.09799999999999994800, 0.07334237367679336000 ) ) ;
#5126 = DIRECTION ( 'NONE',  ( -0.4351778479699474100, 0.8660254037844408200, -0.2462117800517305800 ) ) ;
#5127 = VERTEX_POINT ( 'NONE', #4979 ) ;
#5128 = EDGE_CURVE ( 'NONE', #4167, #3187, #5737, .T. ) ;
#5129 = VECTOR ( 'NONE', #5002, 39.37007874015748100 ) ;
#5130 = EDGE_CURVE ( 'NONE', #5837, #1660, #914, .T. ) ;
#5131 = DIRECTION ( 'NONE',  ( 2.411613600658080700E-016, 1.000000000000000000, -0.0000000000000000000 ) ) ;
#5132 = CARTESIAN_POINT ( 'NONE',  ( -0.2851500000000001300, 0.09699999999999996100, 0.03500000000000000300 ) ) ;
#5133 = VERTEX_POINT ( 'NONE', #5484 ) ;
#5134 = DIRECTION ( 'NONE',  ( 0.0000000000000000000, 0.0000000000000000000, 1.000000000000000000 ) ) ;
#5135 = EDGE_LOOP ( 'NONE', ( #3140, #819, #434, #567 ) ) ;
#5136 = FACE_OUTER_BOUND ( 'NONE', #739, .T. ) ;
#5137 = ADVANCED_FACE ( 'NONE', ( #3391 ), #2436, .T. ) ;
#5138 = DIRECTION ( 'NONE',  ( 1.000000000000000000, 2.107907402518722500E-016, 0.0000000000000000000 ) ) ;
#5139 = DIRECTION ( 'NONE',  ( 1.000000000000000000, 0.0000000000000000000, 0.0000000000000000000 ) ) ;
#5140 = ORIENTED_EDGE ( 'NONE', *, *, #4409, .F. ) ;
#5141 = EDGE_CURVE ( 'NONE', #5555, #4737, #5660, .T. ) ;
#5142 = CARTESIAN_POINT ( 'NONE',  ( -0.2602812583361163200, 0.09799999999999994800, 0.03500000000000000300 ) ) ;
#5143 = STYLED_ITEM ( 'NONE', ( #5586 ), #1272 ) ;
#5144 = ADVANCED_FACE ( 'NONE', ( #5519 ), #3165, .F. ) ;
#5145 = FACE_OUTER_BOUND ( 'NONE', #5354, .T. ) ;
#5146 = CARTESIAN_POINT ( 'NONE',  ( 0.2040138023014928500, 0.2107557183835540600, 0.01980901644462925200 ) ) ;
#5147 = FACE_OUTER_BOUND ( 'NONE', #463, .T. ) ;
#5148 = VECTOR ( 'NONE', #4386, 39.37007874015748100 ) ;
#5149 = CARTESIAN_POINT ( 'NONE',  ( 0.3592514457727182300, 0.2561272146310087400, -0.07441279921115510900 ) ) ;
#5150 = DIRECTION ( 'NONE',  ( 0.0000000000000000000, 0.0000000000000000000, 1.000000000000000000 ) ) ;
#5151 = ORIENTED_EDGE ( 'NONE', *, *, #2927, .T. ) ;
#5152 = CARTESIAN_POINT ( 'NONE',  ( 0.0000000000000000000, 0.3539999999999999800, 0.0000000000000000000 ) ) ;
#5153 = LINE ( 'NONE', #3386, #3598 ) ;
#5154 = CYLINDRICAL_SURFACE ( 'NONE', #4365, 0.01980901644462925200 ) ;
#5155 = CARTESIAN_POINT ( 'NONE',  ( -0.1782054284066869600, 0.09799999999999994800, 0.1005612242791646300 ) ) ;
#5156 = ORIENTED_EDGE ( 'NONE', *, *, #1646, .T. ) ;
#5157 = CARTESIAN_POINT ( 'NONE',  ( -0.2807610991424568900, 0.2299170948514631900, -0.3406824771900581200 ) ) ;
#5158 = VECTOR ( 'NONE', #2848, 39.37007874015748100 ) ;
#5159 = EDGE_CURVE ( 'NONE', #2701, #3131, #701, .T. ) ;
#5160 = CYLINDRICAL_SURFACE ( 'NONE', #2048, 0.02070000000000000000 ) ;
#5161 = DIRECTION ( 'NONE',  ( -0.5802071074919124000, 0.8144689757233657400, 0.0000000000000000000 ) ) ;
#5162 = PRODUCT_RELATED_PRODUCT_CATEGORY ( 'part', '', ( #4437 ) ) ;
#5163 = LINE ( 'NONE', #5564, #3113 ) ;
#5164 = EDGE_CURVE ( 'NONE', #3007, #2822, #1914, .T. ) ;
#5165 = LINE ( 'NONE', #3172, #158 ) ;
#5166 = ADVANCED_FACE ( 'NONE', ( #3478 ), #1820, .T. ) ;
#5167 = EDGE_CURVE ( 'NONE', #1736, #1570, #2679, .T. ) ;
#5168 = CARTESIAN_POINT ( 'NONE',  ( 0.1994315418419032300, 0.1939999999999999800, 0.3524940568556600400 ) ) ;
#5169 = DIRECTION ( 'NONE',  ( -1.000000000000000000, 0.0000000000000000000, -0.0000000000000000000 ) ) ;
#5170 = VERTEX_POINT ( 'NONE', #1764 ) ;
#5171 = AXIS2_PLACEMENT_3D ( 'NONE', #3763, #3322, #5684 ) ;
#5172 = DIRECTION ( 'NONE',  ( 0.0000000000000000000, 0.0000000000000000000, 1.000000000000000000 ) ) ;
#5173 = CARTESIAN_POINT ( 'NONE',  ( 0.3592514457727182300, 0.01999999999999999000, 0.07941279921115511300 ) ) ;
#5174 = FACE_OUTER_BOUND ( 'NONE', #2758, .T. ) ;
#5175 = CARTESIAN_POINT ( 'NONE',  ( -0.1871912125772847200, 0.08900000000000002400, 0.05387218375001674000 ) ) ;
#5176 = ADVANCED_FACE ( 'NONE', ( #3618 ), #1501, .T. ) ;
#5177 = ORIENTED_EDGE ( 'NONE', *, *, #3792, .T. ) ;
#5178 = ORIENTED_EDGE ( 'NONE', *, *, #2543, .T. ) ;
#5179 = DIRECTION ( 'NONE',  ( -0.0000000000000000000, -0.0000000000000000000, -1.000000000000000000 ) ) ;
#5180 = EDGE_CURVE ( 'NONE', #650, #1869, #726, .T. ) ;
#5182 = CARTESIAN_POINT ( 'NONE',  ( 0.1728151516910407200, 0.2263550436887800900, -0.01980901644462925200 ) ) ;
#5181 = FACE_OUTER_BOUND ( 'NONE', #1089, .T. ) ;
#5183 = CARTESIAN_POINT ( 'NONE',  ( 0.4851499999999998600, 0.05069999999999998100, -0.03649999999999978300 ) ) ;
#5184 = AXIS2_PLACEMENT_3D ( 'NONE', #3245, #5530, #1828 ) ;
#5185 = ORIENTED_EDGE ( 'NONE', *, *, #3250, .F. ) ;
#5186 = CARTESIAN_POINT ( 'NONE',  ( -0.1871912125772847200, 0.08800000000000003700, 0.06957218375001673900 ) ) ;
#5187 = ORIENTED_EDGE ( 'NONE', *, *, #4168, .F. ) ;
#5188 = VERTEX_POINT ( 'NONE', #1801 ) ;
#5189 = VERTEX_POINT ( 'NONE', #465 ) ;
#5190 = CARTESIAN_POINT ( 'NONE',  ( 0.0000000000000000000, 0.1939999999999999800, 0.4050000000000000300 ) ) ;
#5191 = CARTESIAN_POINT ( 'NONE',  ( -0.2861500000000001300, -0.1220000000000000100, -0.01299999999999999600 ) ) ;
#5192 = CARTESIAN_POINT ( 'NONE',  ( -0.08509959441544572000, 0.09799999999999994800, 0.03500000000000000300 ) ) ;
#5193 = CARTESIAN_POINT ( 'NONE',  ( 0.0000000000000000000, 0.1939999999999999800, 0.0000000000000000000 ) ) ;
#5194 = CARTESIAN_POINT ( 'NONE',  ( -0.1579362876644513900, -0.1219999999999999600, -0.01980901644462925900 ) ) ;
#5195 = ORIENTED_EDGE ( 'NONE', *, *, #4527, .F. ) ;
#5196 = VERTEX_POINT ( 'NONE', #484 ) ;
#5197 = EDGE_CURVE ( 'NONE', #1372, #4841, #4435, .T. ) ;
#5198 = ADVANCED_FACE ( 'NONE', ( #4288 ), #4570, .F. ) ;
#5199 = DIRECTION ( 'NONE',  ( -0.0000000000000000000, -0.0000000000000000000, -1.000000000000000000 ) ) ;
#5200 = ORIENTED_EDGE ( 'NONE', *, *, #1793, .F. ) ;
#5201 = CARTESIAN_POINT ( 'NONE',  ( 0.5008499999999999100, 0.3539999999999999800, -0.07441279921115510900 ) ) ;
#5202 = ORIENTED_EDGE ( 'NONE', *, *, #3284, .T. ) ;
#5203 = CARTESIAN_POINT ( 'NONE',  ( 0.5008499999999999100, 0.3065609852421052900, 0.03650000000000000500 ) ) ;
#5204 = ORIENTED_EDGE ( 'NONE', *, *, #2891, .T. ) ;
#5205 = CIRCLE ( 'NONE', #5655, 0.001000000000000003100 ) ;
#5206 = DIRECTION ( 'NONE',  ( 2.107907402518721800E-016, -1.000000000000000000, 0.0000000000000000000 ) ) ;
#5207 = VERTEX_POINT ( 'NONE', #5074 ) ;
#5208 = ORIENTED_EDGE ( 'NONE', *, *, #534, .F. ) ;
#5209 = ADVANCED_FACE ( 'NONE', ( #2237, #4884, #368, #299, #2975 ), #1840, .T. ) ;
#5210 =( LENGTH_UNIT ( ) NAMED_UNIT ( * ) SI_UNIT ( $, .METRE. ) );
#5211 = ORIENTED_EDGE ( 'NONE', *, *, #5917, .T. ) ;
#5212 = VECTOR ( 'NONE', #4852, 39.37007874015748100 ) ;
#5213 = CARTESIAN_POINT ( 'NONE',  ( -0.2861500000000001300, 0.05097309357355724700, -0.01299999999999999600 ) ) ;
#5214 = ORIENTED_EDGE ( 'NONE', *, *, #4675, .F. ) ;
#5215 = ORIENTED_EDGE ( 'NONE', *, *, #2839, .F. ) ;
#5216 = EDGE_CURVE ( 'NONE', #694, #5434, #1655, .T. ) ;
#5217 = CARTESIAN_POINT ( 'NONE',  ( 0.0000000000000000000, 0.3539999999999999800, 0.0000000000000000000 ) ) ;
#5218 =( CONVERSION_BASED_UNIT ( 'INCH', #2881 ) LENGTH_UNIT ( ) NAMED_UNIT ( #1509 ) );
#5219 = LINE ( 'NONE', #959, #1536 ) ;
#5220 = CARTESIAN_POINT ( 'NONE',  ( 0.5008499999999999100, 0.02499999999999997400, -0.3316775405567138300 ) ) ;
#5221 = CARTESIAN_POINT ( 'NONE',  ( 0.0000000000000000000, 0.1939999999999999800, 0.0000000000000000000 ) ) ;
#5222 = DIRECTION ( 'NONE',  ( -1.000000000000000000, 0.0000000000000000000, 3.606521461097566400E-015 ) ) ;
#5223 = VECTOR ( 'NONE', #459, 39.37007874015748100 ) ;
#5224 = CARTESIAN_POINT ( 'NONE',  ( -0.1624999999999999500, 0.01999999999999999000, 0.2814582562299426400 ) ) ;
#5225 = PLANE ( 'NONE',  #1969 ) ;
#5226 = FACE_OUTER_BOUND ( 'NONE', #2988, .T. ) ;
#5227 = EDGE_CURVE ( 'NONE', #5923, #5026, #1431, .T. ) ;
#5228 = CARTESIAN_POINT ( 'NONE',  ( 0.3849514457727183400, 0.02500000000000000100, 0.03650000000000000500 ) ) ;
#5229 = LINE ( 'NONE', #2083, #347 ) ;
#5230 = LINE ( 'NONE', #3279, #3103 ) ;
#5231 = VECTOR ( 'NONE', #1790, 39.37007874015748100 ) ;
#5232 = ADVANCED_FACE ( 'NONE', ( #865 ), #403, .T. ) ;
#5233 = CARTESIAN_POINT ( 'NONE',  ( -0.1625000000000001700, 0.0000000000000000000, -0.3114582562299425500 ) ) ;
#5234 = LINE ( 'NONE', #4430, #4415 ) ;
#5235 = DIRECTION ( 'NONE',  ( 1.000000000000000000, 0.0000000000000000000, 0.0000000000000000000 ) ) ;
#5236 = DIRECTION ( 'NONE',  ( -1.000000000000000000, 0.0000000000000000000, 0.0000000000000000000 ) ) ;
#5237 = VERTEX_POINT ( 'NONE', #5057 ) ;
#5238 = ADVANCED_FACE ( 'NONE', ( #2458 ), #1317, .F. ) ;
#5239 = CARTESIAN_POINT ( 'NONE',  ( -0.3113144221437153500, 0.2999999999999999300, 0.2590527563360882100 ) ) ;
#5240 = VECTOR ( 'NONE', #3238, 39.37007874015748100 ) ;
#5241 = LINE ( 'NONE', #884, #2736 ) ;
#5242 = LINE ( 'NONE', #144, #3981 ) ;
#5243 = DIRECTION ( 'NONE',  ( -1.000000000000000000, -0.0000000000000000000, 0.0000000000000000000 ) ) ;
#5244 = ORIENTED_EDGE ( 'NONE', *, *, #4818, .F. ) ;
#5245 = DIRECTION ( 'NONE',  ( -0.0000000000000000000, -0.0000000000000000000, -1.000000000000000000 ) ) ;
#5246 = FACE_OUTER_BOUND ( 'NONE', #1645, .T. ) ;
#5247 = CARTESIAN_POINT ( 'NONE',  ( 0.3971380204934411000, 0.09799999999999994800, -0.07941279921115511300 ) ) ;
#5248 = CIRCLE ( 'NONE', #4207, 0.4400000000000001100 ) ;
#5249 = PRESENTATION_LAYER_ASSIGNMENT (  '', '', ( #4849 ) ) ;
#5250 = EDGE_LOOP ( 'NONE', ( #5119, #1178, #4129, #883 ) ) ;
#5251 = EDGE_CURVE ( 'NONE', #3488, #1025, #5828, .T. ) ;
#5252 = EDGE_CURVE ( 'NONE', #5690, #4603, #3051, .T. ) ;
#5253 = LINE ( 'NONE', #1063, #1151 ) ;
#5254 = DIRECTION ( 'NONE',  ( 0.0000000000000000000, 1.000000000000000000, 0.0000000000000000000 ) ) ;
#5255 = AXIS2_PLACEMENT_3D ( 'NONE', #3890, #4033, #1644 ) ;
#5256 = ORIENTED_EDGE ( 'NONE', *, *, #3127, .T. ) ;
#5257 = AXIS2_PLACEMENT_3D ( 'NONE', #2955, #1091, #1502 ) ;
#5258 = CARTESIAN_POINT ( 'NONE',  ( 0.5162311941231563200, 0.2349370418097587200, 0.02649999999999999900 ) ) ;
#5259 = DIRECTION ( 'NONE',  ( -0.8144689757233656300, -0.5802071074919122900, 0.0000000000000000000 ) ) ;
#5260 = EDGE_LOOP ( 'NONE', ( #1042, #5156, #885, #3932 ) ) ;
#5261 = DIRECTION ( 'NONE',  ( 1.000000000000000000, 0.0000000000000000000, 0.0000000000000000000 ) ) ;
#5262 = ORIENTED_EDGE ( 'NONE', *, *, #3273, .F. ) ;
#5263 = ADVANCED_FACE ( 'NONE', ( #5181 ), #5693, .T. ) ;
#5264 = EDGE_CURVE ( 'NONE', #955, #457, #435, .T. ) ;
#5265 = EDGE_LOOP ( 'NONE', ( #97, #5062, #4752, #5013 ) ) ;
#5266 = DIRECTION ( 'NONE',  ( 0.4472135954999570400, 0.8944271909999164100, 0.0000000000000000000 ) ) ;
#5267 = CARTESIAN_POINT ( 'NONE',  ( 0.5008499999999999100, 0.02499999999999997400, -0.03650000000000000500 ) ) ;
#5268 = ORIENTED_EDGE ( 'NONE', *, *, #1874, .T. ) ;
#5269 = ORIENTED_EDGE ( 'NONE', *, *, #3138, .F. ) ;
#5270 = DIRECTION ( 'NONE',  ( 1.000000000000000000, 1.559273968986452100E-015, 0.0000000000000000000 ) ) ;
#5271 = SURFACE_STYLE_USAGE ( .BOTH. , #3843 ) ;
#5272 = VERTEX_POINT ( 'NONE', #2420 ) ;
#5273 = ORIENTED_EDGE ( 'NONE', *, *, #2201, .T. ) ;
#5274 = DIRECTION ( 'NONE',  ( 0.0000000000000000000, 0.0000000000000000000, -1.000000000000000000 ) ) ;
#5275 = CARTESIAN_POINT ( 'NONE',  ( 0.4851499999999998600, 0.05069999999999998100, -0.07441279921115510900 ) ) ;
#5276 = CARTESIAN_POINT ( 'NONE',  ( -0.1782054284066869600, 0.09799999999999994800, 0.1005612242791646300 ) ) ;
#5277 = VERTEX_POINT ( 'NONE', #3340 ) ;
#5278 = PLANE ( 'NONE',  #448 ) ;
#5279 = VERTEX_POINT ( 'NONE', #98 ) ;
#5280 = EDGE_CURVE ( 'NONE', #1955, #2704, #658, .T. ) ;
#5281 = FACE_OUTER_BOUND ( 'NONE', #5752, .T. ) ;
#5282 = PRODUCT_DEFINITION ( 'UNKNOWN', '', #4975, #1434 ) ;
#5283 = VERTEX_POINT ( 'NONE', #4739 ) ;
#5284 = EDGE_LOOP ( 'NONE', ( #4892, #3503, #1049, #1596, #3263, #3071, #4921, #4020, #3706, #4661 ) ) ;
#5285 = EDGE_CURVE ( 'NONE', #753, #1937, #4069, .T. ) ;
#5286 = DIRECTION ( 'NONE',  ( -0.0000000000000000000, -0.0000000000000000000, -1.000000000000000000 ) ) ;
#5287 = VECTOR ( 'NONE', #3311, 39.37007874015748100 ) ;
#5288 = CARTESIAN_POINT ( 'NONE',  ( 0.2110350557508421700, 0.2247982252822527400, -0.05999999999999999800 ) ) ;
#5289 = DIRECTION ( 'NONE',  ( 2.882979351459471900E-045, -1.000000000000000000, 7.993795080820341900E-031 ) ) ;
#5290 = EDGE_LOOP ( 'NONE', ( #1426, #18, #2011, #2957 ) ) ;
#5291 = ADVANCED_FACE ( 'NONE', ( #226 ), #2396, .T. ) ;
#5292 = LINE ( 'NONE', #5213, #1117 ) ;
#5293 = DIRECTION ( 'NONE',  ( 0.0000000000000000000, 0.0000000000000000000, -1.000000000000000000 ) ) ;
#5294 = CARTESIAN_POINT ( 'NONE',  ( -0.1836403121902468700, -0.0006242056432416228000, 0.04510330413046883400 ) ) ;
#5295 = EDGE_CURVE ( 'NONE', #3066, #3139, #3688, .T. ) ;
#5296 = VECTOR ( 'NONE', #3511, 39.37007874015748100 ) ;
#5297 = FACE_OUTER_BOUND ( 'NONE', #3501, .T. ) ;
#5298 = CARTESIAN_POINT ( 'NONE',  ( 0.3866318234399264100, 0.3539999999999999800, 0.1205853768228867800 ) ) ;
#5299 = AXIS2_PLACEMENT_3D ( 'NONE', #3137, #3595, #5881 ) ;
#5300 = CYLINDRICAL_SURFACE ( 'NONE', #3134, 0.02570000000000001400 ) ;
#5301 = ORIENTED_EDGE ( 'NONE', *, *, #1472, .F. ) ;
#5302 = DIRECTION ( 'NONE',  ( -0.0000000000000000000, -1.000000000000000000, -0.0000000000000000000 ) ) ;
#5303 = DIRECTION ( 'NONE',  ( 1.000000000000000000, 0.0000000000000000000, 0.0000000000000000000 ) ) ;
#5304 = VECTOR ( 'NONE', #2018, 39.37007874015748100 ) ;
#5305 = LINE ( 'NONE', #4261, #5740 ) ;
#5306 = CARTESIAN_POINT ( 'NONE',  ( 0.0000000000000000000, 0.02000000000000000000, 0.0000000000000000000 ) ) ;
#5307 = EDGE_LOOP ( 'NONE', ( #4910, #5054, #813, #123 ) ) ;
#5308 = PLANE ( 'NONE',  #3797 ) ;
#5309 = CARTESIAN_POINT ( 'NONE',  ( 0.5008499999999999100, 0.01999999999999999000, 0.07941279921115511300 ) ) ;
#5310 = VECTOR ( 'NONE', #1988, 39.37007874015748100 ) ;
#5311 = ORIENTED_EDGE ( 'NONE', *, *, #1219, .T. ) ;
#5312 = VERTEX_POINT ( 'NONE', #4282 ) ;
#5313 = CIRCLE ( 'NONE', #1090, 0.02070000000000000000 ) ;
#5314 = EDGE_CURVE ( 'NONE', #1916, #460, #1794, .T. ) ;
#5315 = DIRECTION ( 'NONE',  ( -0.0000000000000000000, -0.0000000000000000000, -1.000000000000000000 ) ) ;
#5316 = CARTESIAN_POINT ( 'NONE',  ( 0.1798364051403900400, 0.2403975505874788000, 0.03500000000000000300 ) ) ;
#5317 = DIRECTION ( 'NONE',  ( -0.0000000000000000000, -0.0000000000000000000, -1.000000000000000000 ) ) ;
#5318 = ORIENTED_EDGE ( 'NONE', *, *, #1137, .T. ) ;
#5319 = LINE ( 'NONE', #4424, #4576 ) ;
#5320 = CARTESIAN_POINT ( 'NONE',  ( -0.1871912125772847200, 0.08899999999999999600, 0.06957218375001673900 ) ) ;
#5321 = CARTESIAN_POINT ( 'NONE',  ( 0.3849514457727183400, 0.05069999999999998800, -0.07441279921115510900 ) ) ;
#5322 = ORIENTED_EDGE ( 'NONE', *, *, #604, .F. ) ;
#5323 = ORIENTED_EDGE ( 'NONE', *, *, #1446, .T. ) ;
#5324 = AXIS2_PLACEMENT_3D ( 'NONE', #2817, #1889, #4203 ) ;
#5325 = VECTOR ( 'NONE', #1781, 39.37007874015748100 ) ;
#5326 = CARTESIAN_POINT ( 'NONE',  ( 0.0000000000000000000, 0.08799999999999995300, 0.0000000000000000000 ) ) ;
#5327 = CARTESIAN_POINT ( 'NONE',  ( 0.3536520336729308000, 0.3489999999999999800, -0.09511279921115511900 ) ) ;
#5328 = DIRECTION ( 'NONE',  ( -1.000000000000000000, 0.0000000000000000000, 0.0000000000000000000 ) ) ;
#5329 = ORIENTED_EDGE ( 'NONE', *, *, #88, .F. ) ;
#5330 = EDGE_CURVE ( 'NONE', #3986, #4657, #1294, .T. ) ;
#5331 = ORIENTED_EDGE ( 'NONE', *, *, #258, .F. ) ;
#5332 = DIMENSIONAL_EXPONENTS ( 1.000000000000000000, 0.0000000000000000000, 0.0000000000000000000, 0.0000000000000000000, 0.0000000000000000000, 0.0000000000000000000, 0.0000000000000000000 ) ;
#5333 = CARTESIAN_POINT ( 'NONE',  ( 0.1728151516910407200, 0.2263550436887800900, 0.03500000000000000300 ) ) ;
#5334 = DIRECTION ( 'NONE',  ( 0.0000000000000000000, 0.0000000000000000000, 1.000000000000000000 ) ) ;
#5335 = CARTESIAN_POINT ( 'NONE',  ( -0.2602812583361163200, 0.08800000000000003700, -0.06957218375001673900 ) ) ;
#5336 = ORIENTED_EDGE ( 'NONE', *, *, #440, .F. ) ;
#5337 = ORIENTED_EDGE ( 'NONE', *, *, #3175, .T. ) ;
#5338 = PLANE ( 'NONE',  #1139 ) ;
#5339 = EDGE_CURVE ( 'NONE', #753, #247, #5543, .T. ) ;
#5340 = ORIENTED_EDGE ( 'NONE', *, *, #3164, .F. ) ;
#5341 = VERTEX_POINT ( 'NONE', #2378 ) ;
#5342 = DIRECTION ( 'NONE',  ( 0.0000000000000000000, 0.0000000000000000000, 1.000000000000000000 ) ) ;
#5343 = ORIENTED_EDGE ( 'NONE', *, *, #5679, .F. ) ;
#5344 = AXIS2_PLACEMENT_3D ( 'NONE', #1542, #5750, #2029 ) ;
#5345 = CARTESIAN_POINT ( 'NONE',  ( 0.3749514457727182700, 0.05069999999999998800, -0.3316775405567138300 ) ) ;
#5346 = VERTEX_POINT ( 'NONE', #1397 ) ;
#5347 = DIRECTION ( 'NONE',  ( 0.0000000000000000000, 7.993795080820341900E-031, -1.000000000000000000 ) ) ;
#5348 = ORIENTED_EDGE ( 'NONE', *, *, #474, .F. ) ;
#5349 = CARTESIAN_POINT ( 'NONE',  ( -0.08509959441544537300, 0.1979999999999999800, -0.01980901644462925200 ) ) ;
#5350 = VERTEX_POINT ( 'NONE', #520 ) ;
#5351 = CARTESIAN_POINT ( 'NONE',  ( -0.2861500000000001300, -0.1219999999999999800, 0.04000000000000000100 ) ) ;
#5352 = LINE ( 'NONE', #4244, #5499 ) ;
#5353 = EDGE_LOOP ( 'NONE', ( #4650, #1949, #3299, #2463 ) ) ;
#5354 = EDGE_LOOP ( 'NONE', ( #1663, #5496, #734, #5318, #1899, #5211, #1187, #502, #2364, #4847, #320, #111 ) ) ;
#5355 = ORIENTED_EDGE ( 'NONE', *, *, #4072, .F. ) ;
#5356 = CARTESIAN_POINT ( 'NONE',  ( 0.0000000000000000000, 0.1939999999999999800, 0.0000000000000000000 ) ) ;
#5357 = CARTESIAN_POINT ( 'NONE',  ( 0.0000000000000000000, 0.0000000000000000000, 0.04000000000000000100 ) ) ;
#5358 = VECTOR ( 'NONE', #3528, 39.37007874015748100 ) ;
#5359 = DIRECTION ( 'NONE',  ( -0.0000000000000000000, 0.0000000000000000000, -1.000000000000000000 ) ) ;
#5360 = ORIENTED_EDGE ( 'NONE', *, *, #4763, .T. ) ;
#5361 = DIRECTION ( 'NONE',  ( 0.0000000000000000000, 0.0000000000000000000, 1.000000000000000000 ) ) ;
#5362 = EDGE_CURVE ( 'NONE', #4382, #5272, #5403, .T. ) ;
#5363 = EDGE_LOOP ( 'NONE', ( #839, #1595, #2340, #4955 ) ) ;
#5364 = LINE ( 'NONE', #4276, #2863 ) ;
#5365 = AXIS2_PLACEMENT_3D ( 'NONE', #189, #4441, #1597 ) ;
#5366 = DIRECTION ( 'NONE',  ( -1.000000000000000000, 0.0000000000000000000, 0.0000000000000000000 ) ) ;
#5367 = DIRECTION ( 'NONE',  ( -1.000000000000000000, 0.0000000000000000000, 0.0000000000000000000 ) ) ;
#5368 = EDGE_CURVE ( 'NONE', #4750, #4477, #2746, .T. ) ;
#5369 = DIRECTION ( 'NONE',  ( 1.000000000000000000, 2.107907402518721800E-016, 0.0000000000000000000 ) ) ;
#5370 = EDGE_CURVE ( 'NONE', #1215, #5472, #2824, .T. ) ;
#5371 =( BOUNDED_CURVE ( )  B_SPLINE_CURVE ( 3, ( #1239, #1662, #4012, #5384 ),
 .UNSPECIFIED., .F., .F. ) 
 B_SPLINE_CURVE_WITH_KNOTS ( ( 4, 4 ),
 ( 1.605371116160823300, 1.871608802051522900 ),
 .UNSPECIFIED. ) 
 CURVE ( )  GEOMETRIC_REPRESENTATION_ITEM ( )  RATIONAL_B_SPLINE_CURVE ( ( 1.000000000000000000, 0.9941018421945404500, 0.9941018421945404500, 1.000000000000000000 ) ) 
 REPRESENTATION_ITEM ( '' )  );
#5372 = CARTESIAN_POINT ( 'NONE',  ( 0.3592514457727182300, 0.2561272146310087400, -0.07441279921115510900 ) ) ;
#5373 = LINE ( 'NONE', #5879, #4551 ) ;
#5374 = DIRECTION ( 'NONE',  ( 0.7660444431189794600, -0.6427876096865378100, 2.674629877874396400E-015 ) ) ;
#5375 = FACE_OUTER_BOUND ( 'NONE', #259, .T. ) ;
#5376 = AXIS2_PLACEMENT_3D ( 'NONE', #594, #178, #4326 ) ;
#5377 = LINE ( 'NONE', #4032, #5950 ) ;
#5378 = VECTOR ( 'NONE', #2540, 39.37007874015748100 ) ;
#5379 = LINE ( 'NONE', #4539, #4117 ) ;
#5380 = CARTESIAN_POINT ( 'NONE',  ( -0.2676451023932669400, 0.09799999999999994800, 0.07334237367679336000 ) ) ;
#5381 = CARTESIAN_POINT ( 'NONE',  ( 0.3592514457727183400, 0.02500000000000000500, -0.07441279921115510900 ) ) ;
#5382 = PLANE ( 'NONE',  #5804 ) ;
#5383 = EDGE_CURVE ( 'NONE', #248, #5207, #4580, .T. ) ;
#5384 = CARTESIAN_POINT ( 'NONE',  ( -0.3113144221437153500, 0.2999999999999999300, -0.2590527563360882100 ) ) ;
#5385 = AXIS2_PLACEMENT_3D ( 'NONE', #5939, #1837, #4050 ) ;
#5386 = VECTOR ( 'NONE', #1478, 39.37007874015748100 ) ;
#5387 = FACE_OUTER_BOUND ( 'NONE', #845, .T. ) ;
#5388 = CARTESIAN_POINT ( 'NONE',  ( 0.3250000000000000100, 0.01999999999999999000, 0.0000000000000000000 ) ) ;
#5389 = CARTESIAN_POINT ( 'NONE',  ( -4.959819536546781200E-017, 0.09799999999999994800, -0.4050000000000000300 ) ) ;
#5390 = VECTOR ( 'NONE', #1579, 39.37007874015748100 ) ;
#5391 = VECTOR ( 'NONE', #5446, 39.37007874015748100 ) ;
#5392 = CIRCLE ( 'NONE', #5941, 0.01980901644462925200 ) ;
#5393 = DIRECTION ( 'NONE',  ( -0.0000000000000000000, -0.0000000000000000000, 1.000000000000000000 ) ) ;
#5394 = CARTESIAN_POINT ( 'NONE',  ( -0.2676451023932669400, 0.09799999999999994800, 0.04510330413046882700 ) ) ;
#5395 = ORIENTED_EDGE ( 'NONE', *, *, #478, .T. ) ;
#5396 = CARTESIAN_POINT ( 'NONE',  ( 0.1798364051403900400, 0.2403975505874788000, -0.01980901644462925200 ) ) ;
#5397 = LINE ( 'NONE', #5570, #1716 ) ;
#5398 = ORIENTED_EDGE ( 'NONE', *, *, #1861, .T. ) ;
#5399 = EDGE_CURVE ( 'NONE', #4492, #36, #3913, .T. ) ;
#5400 = ADVANCED_FACE ( 'NONE', ( #162 ), #4668, .F. ) ;
#5401 = CARTESIAN_POINT ( 'NONE',  ( 0.2110350557508421700, 0.2247982252822527400, 0.05999999999999999800 ) ) ;
#5402 = CARTESIAN_POINT ( 'NONE',  ( 0.5162311941231563200, 0.2349370418097587200, 0.02649999999999999900 ) ) ;
#5403 = LINE ( 'NONE', #4756, #4136 ) ;
#5404 = CARTESIAN_POINT ( 'NONE',  ( -0.1836403121902468700, -0.0006242056432416228000, -0.07334237367679336000 ) ) ;
#5405 = DIRECTION ( 'NONE',  ( 1.000000000000000000, 0.0000000000000000000, 0.0000000000000000000 ) ) ;
#5406 = ORIENTED_EDGE ( 'NONE', *, *, #1560, .F. ) ;
#5407 = VERTEX_POINT ( 'NONE', #4691 ) ;
#5408 = DIRECTION ( 'NONE',  ( 0.0000000000000000000, 0.0000000000000000000, 1.000000000000000000 ) ) ;
#5409 = DIRECTION ( 'NONE',  ( 0.0000000000000000000, 0.0000000000000000000, 1.000000000000000000 ) ) ;
#5410 = DIRECTION ( 'NONE',  ( -1.000000000000000000, 0.0000000000000000000, 0.0000000000000000000 ) ) ;
#5411 = ORIENTED_EDGE ( 'NONE', *, *, #669, .F. ) ;
#5412 = ORIENTED_EDGE ( 'NONE', *, *, #1385, .F. ) ;
#5413 = DIRECTION ( 'NONE',  ( -3.491481338843133000E-015, -7.993795080820341900E-031, -1.000000000000000000 ) ) ;
#5414 = CARTESIAN_POINT ( 'NONE',  ( 0.5008499999999999100, 0.05069999999999998100, 0.3316775405567138300 ) ) ;
#5415 = DIRECTION ( 'NONE',  ( 1.000000000000000000, -0.0000000000000000000, -0.0000000000000000000 ) ) ;
#5416 = EDGE_LOOP ( 'NONE', ( #5323, #228, #5826, #816, #2477, #1163, #376, #2297, #2537, #2264, #1843, #1296 ) ) ;
#5417 = EDGE_CURVE ( 'NONE', #898, #5485, #3195, .T. ) ;
#5418 = EDGE_LOOP ( 'NONE', ( #662, #1287, #1724, #3794 ) ) ;
#5419 = AXIS2_PLACEMENT_3D ( 'NONE', #1257, #5937, #5439 ) ;
#5420 = CARTESIAN_POINT ( 'NONE',  ( 0.3971380204934411000, 0.3539999999999999800, 0.07941279921115511300 ) ) ;
#5421 = DIRECTION ( 'NONE',  ( -1.000000000000000000, 0.0000000000000000000, 0.0000000000000000000 ) ) ;
#5422 = CARTESIAN_POINT ( 'NONE',  ( 0.1214441165414468200, 0.2223571329249525700, 0.01980901644462925200 ) ) ;
#5423 = CARTESIAN_POINT ( 'NONE',  ( 0.2414532404824823200, 0.08799999999999995300, 0.1005612242791646300 ) ) ;
#5424 = ORIENTED_EDGE ( 'NONE', *, *, #590, .T. ) ;
#5425 = CARTESIAN_POINT ( 'NONE',  ( 0.4136423575989287000, 0.3539999999999999800, -0.1499999999999999900 ) ) ;
#5426 = EDGE_LOOP ( 'NONE', ( #1590, #2557 ) ) ;
#5427 = CARTESIAN_POINT ( 'NONE',  ( -0.2861500000000001300, 0.01999999999999999000, 0.04000000000000000100 ) ) ;
#5428 = CARTESIAN_POINT ( 'NONE',  ( 0.4851499999999998600, -0.1219999999999999800, -0.02649999999999999900 ) ) ;
#5429 = ORIENTED_EDGE ( 'NONE', *, *, #2243, .T. ) ;
#5430 = ORIENTED_EDGE ( 'NONE', *, *, #2020, .T. ) ;
#5431 = ADVANCED_FACE ( 'NONE', ( #1578 ), #966, .F. ) ;
#5432 = CARTESIAN_POINT ( 'NONE',  ( -0.2861500000000001300, 0.02000000000000000000, 0.0000000000000000000 ) ) ;
#5433 = VECTOR ( 'NONE', #1319, 39.37007874015748100 ) ;
#5434 = VERTEX_POINT ( 'NONE', #2440 ) ;
#5435 = CARTESIAN_POINT ( 'NONE',  ( 0.2110350557508421700, 0.2247982252822527400, 0.03500000000000000300 ) ) ;
#5436 = ORIENTED_EDGE ( 'NONE', *, *, #375, .F. ) ;
#5437 = EDGE_CURVE ( 'NONE', #1807, #2077, #96, .T. ) ;
#5438 = FACE_OUTER_BOUND ( 'NONE', #2235, .T. ) ;
#5439 = DIRECTION ( 'NONE',  ( 0.0000000000000000000, 0.0000000000000000000, -1.000000000000000000 ) ) ;
#5440 = EDGE_LOOP ( 'NONE', ( #1612, #681, #4517, #5699 ) ) ;
#5441 = LINE ( 'NONE', #1494, #1833 ) ;
#5442 = PLANE ( 'NONE',  #1360 ) ;
#5443 = AXIS2_PLACEMENT_3D ( 'NONE', #1830, #4181, #3664 ) ;
#5444 = CARTESIAN_POINT ( 'NONE',  ( -0.08509959441544576200, 0.09799999999999993400, 0.05999999999999999800 ) ) ;
#5445 = CIRCLE ( 'NONE', #3065, 0.08430000000000004200 ) ;
#5446 = DIRECTION ( 'NONE',  ( 0.0000000000000000000, 1.000000000000000000, 0.0000000000000000000 ) ) ;
#5447 = VECTOR ( 'NONE', #4882, 39.37007874015748100 ) ;
#5448 = VECTOR ( 'NONE', #1051, 39.37007874015748100 ) ;
#5449 = EDGE_CURVE ( 'NONE', #1725, #168, #5253, .T. ) ;
#5450 = EDGE_CURVE ( 'NONE', #1458, #4750, #5973, .T. ) ;
#5451 = DIRECTION ( 'NONE',  ( 1.000000000000000000, -0.0000000000000000000, -0.0000000000000000000 ) ) ;
#5452 = FACE_OUTER_BOUND ( 'NONE', #4303, .T. ) ;
#5453 = DIRECTION ( 'NONE',  ( 0.8944271909999164100, -0.4472135954999570400, 0.0000000000000000000 ) ) ;
#5454 = LINE ( 'NONE', #1802, #3173 ) ;
#5455 = EDGE_LOOP ( 'NONE', ( #4753, #1742, #1111, #3756 ) ) ;
#5456 = VECTOR ( 'NONE', #431, 39.37007874015748100 ) ;
#5457 = ADVANCED_FACE ( 'NONE', ( #1224 ), #4376, .T. ) ;
#5458 = CARTESIAN_POINT ( 'NONE',  ( -0.02707888366625380000, 0.1165531024276636000, -0.01980901644462925200 ) ) ;
#5459 = LINE ( 'NONE', #197, #4195 ) ;
#5460 = EDGE_CURVE ( 'NONE', #103, #4573, #358, .T. ) ;
#5461 = AXIS2_PLACEMENT_3D ( 'NONE', #2825, #4192, #1041 ) ;
#5462 = ORIENTED_EDGE ( 'NONE', *, *, #1446, .F. ) ;
#5463 = VECTOR ( 'NONE', #2635, 39.37007874015748100 ) ;
#5464 = LINE ( 'NONE', #5845, #1566 ) ;
#5465 = FACE_OUTER_BOUND ( 'NONE', #316, .T. ) ;
#5466 = CARTESIAN_POINT ( 'NONE',  ( -0.08509959441544569200, 0.1136999999999999400, 0.05999999999999999800 ) ) ;
#5467 = CARTESIAN_POINT ( 'NONE',  ( 0.4851499999999998600, 0.1962533751892688000, 0.03650000000000000500 ) ) ;
#5468 = EDGE_LOOP ( 'NONE', ( #2095, #679, #3420, #417, #5715, #3431, #1371, #5998 ) ) ;
#5469 = VECTOR ( 'NONE', #346, 39.37007874015748100 ) ;
#5470 = CARTESIAN_POINT ( 'NONE',  ( -0.1871912125772847200, 0.08899999999999992600, -0.04487218375001673900 ) ) ;
#5471 = CARTESIAN_POINT ( 'NONE',  ( -0.2513825633578479200, 0.1939999999999999800, -0.3613901034057763200 ) ) ;
#5472 = VERTEX_POINT ( 'NONE', #1956 ) ;
#5473 = ORIENTED_EDGE ( 'NONE', *, *, #3010, .F. ) ;
#5474 = VECTOR ( 'NONE', #544, 39.37007874015748100 ) ;
#5475 = EDGE_CURVE ( 'NONE', #2779, #5918, #2801, .T. ) ;
#5476 = CARTESIAN_POINT ( 'NONE',  ( 0.3849514457727183400, 0.02500000000000000100, -0.03650000000000000500 ) ) ;
#5477 = ORIENTED_EDGE ( 'NONE', *, *, #1137, .F. ) ;
#5478 = VERTEX_POINT ( 'NONE', #223 ) ;
#5479 = CARTESIAN_POINT ( 'NONE',  ( 0.3592514457727183400, 0.05069999999999998800, 0.03650000000000000500 ) ) ;
#5480 = DIRECTION ( 'NONE',  ( 0.0000000000000000000, 0.0000000000000000000, 1.000000000000000000 ) ) ;
#5481 = EDGE_CURVE ( 'NONE', #1303, #2407, #3732, .T. ) ;
#5482 = ORIENTED_EDGE ( 'NONE', *, *, #4867, .T. ) ;
#5483 = EDGE_CURVE ( 'NONE', #4023, #5928, #3100, .T. ) ;
#5484 = CARTESIAN_POINT ( 'NONE',  ( -0.2861500000000001300, 0.09799999999999994800, 0.04000000000000000100 ) ) ;
#5485 = VERTEX_POINT ( 'NONE', #5258 ) ;
#5486 = CARTESIAN_POINT ( 'NONE',  ( 0.1798364051403900400, 0.2403975505874788000, -0.01980901644462925200 ) ) ;
#5487 = ADVANCED_FACE ( 'NONE', ( #1481 ), #2517, .T. ) ;
#5488 = CARTESIAN_POINT ( 'NONE',  ( 0.4751499999999998500, 0.05069999999999998100, -0.07441279921115510900 ) ) ;
#5489 = AXIS2_PLACEMENT_3D ( 'NONE', #1356, #3737, #4631 ) ;
#5490 = VERTEX_POINT ( 'NONE', #3383 ) ;
#5491 = ORIENTED_EDGE ( 'NONE', *, *, #4780, .T. ) ;
#5492 = PLANE ( 'NONE',  #1471 ) ;
#5493 = ORIENTED_EDGE ( 'NONE', *, *, #1532, .F. ) ;
#5494 = DIRECTION ( 'NONE',  ( -0.0000000000000000000, -1.000000000000000000, -0.0000000000000000000 ) ) ;
#5495 = EDGE_CURVE ( 'NONE', #3986, #4004, #1013, .T. ) ;
#5496 = ORIENTED_EDGE ( 'NONE', *, *, #857, .T. ) ;
#5497 = EDGE_LOOP ( 'NONE', ( #2411, #3789 ) ) ;
#5498 = ORIENTED_EDGE ( 'NONE', *, *, #4205, .T. ) ;
#5499 = VECTOR ( 'NONE', #1441, 39.37007874015748100 ) ;
#5500 = CARTESIAN_POINT ( 'NONE',  ( 0.3592514457727182300, 0.09799999999999994800, 0.07941279921115511300 ) ) ;
#5501 = ORIENTED_EDGE ( 'NONE', *, *, #2292, .T. ) ;
#5502 = CARTESIAN_POINT ( 'NONE',  ( 0.4136423575989287000, 0.02000000000000000000, 0.1499999999999999900 ) ) ;
#5503 = EDGE_LOOP ( 'NONE', ( #878, #5651, #4789, #2625 ) ) ;
#5504 = CARTESIAN_POINT ( 'NONE',  ( 0.0000000000000000000, 2.375757882404078100E-016, 0.05387218375001704600 ) ) ;
#5505 = ORIENTED_EDGE ( 'NONE', *, *, #838, .F. ) ;
#5506 = LINE ( 'NONE', #5432, #2708 ) ;
#5507 = DIRECTION ( 'NONE',  ( -1.000000000000000000, 0.0000000000000000000, 0.0000000000000000000 ) ) ;
#5508 = DIRECTION ( 'NONE',  ( 1.000000000000000000, 0.0000000000000000000, 0.0000000000000000000 ) ) ;
#5509 = ORIENTED_EDGE ( 'NONE', *, *, #730, .F. ) ;
#5510 = ORIENTED_EDGE ( 'NONE', *, *, #558, .T. ) ;
#5511 = VECTOR ( 'NONE', #4248, 39.37007874015748100 ) ;
#5512 = CARTESIAN_POINT ( 'NONE',  ( 0.4751499999999998500, 0.02499999999999997700, -0.07441279921115510900 ) ) ;
#5513 = DIRECTION ( 'NONE',  ( -1.000000000000000000, -0.0000000000000000000, -0.0000000000000000000 ) ) ;
#5514 = EDGE_CURVE ( 'NONE', #744, #5918, #625, .T. ) ;
#5515 = CARTESIAN_POINT ( 'NONE',  ( 0.1728151516910407200, 0.2263550436887800900, -0.05999999999999999800 ) ) ;
#5516 = LINE ( 'NONE', #3517, #198 ) ;
#5517 = VECTOR ( 'NONE', #5915, 39.37007874015748100 ) ;
#5518 = ADVANCED_FACE ( 'NONE', ( #1061 ), #646, .T. ) ;
#5519 = FACE_OUTER_BOUND ( 'NONE', #1594, .T. ) ;
#5520 = ORIENTED_EDGE ( 'NONE', *, *, #5981, .T. ) ;
#5521 = LINE ( 'NONE', #4667, #2872 ) ;
#5522 = CIRCLE ( 'NONE', #3400, 0.004999999999999997500 ) ;
#5523 = LINE ( 'NONE', #5970, #5231 ) ;
#5524 = AXIS2_PLACEMENT_3D ( 'NONE', #3812, #2593, #5347 ) ;
#5525 = CARTESIAN_POINT ( 'NONE',  ( -0.08509959441544537300, 0.1979999999999999800, 0.05999999999999999800 ) ) ;
#5526 = CARTESIAN_POINT ( 'NONE',  ( 0.0000000000000000000, 0.0000000000000000000, 0.0000000000000000000 ) ) ;
#5527 = VECTOR ( 'NONE', #3125, 39.37007874015748100 ) ;
#5528 = DIRECTION ( 'NONE',  ( -0.0000000000000000000, 0.0000000000000000000, 1.000000000000000000 ) ) ;
#5529 = EDGE_CURVE ( 'NONE', #1812, #4004, #3382, .T. ) ;
#5530 = DIRECTION ( 'NONE',  ( 0.5930296457757804300, 0.7071067811865511300, 0.3851179549580197600 ) ) ;
#5531 = DIRECTION ( 'NONE',  ( 0.8944271909999160800, -0.4472135954999574800, 0.0000000000000000000 ) ) ;
#5532 = AXIS2_PLACEMENT_3D ( 'NONE', #3723, #1364, #1381 ) ;
#5533 = LINE ( 'NONE', #4636, #1855 ) ;
#5534 = LINE ( 'NONE', #713, #5748 ) ;
#5535 = LINE ( 'NONE', #2324, #4799 ) ;
#5536 = DIRECTION ( 'NONE',  ( -0.0000000000000000000, 1.000000000000000000, -0.0000000000000000000 ) ) ;
#5537 = ORIENTED_EDGE ( 'NONE', *, *, #2835, .T. ) ;
#5538 = EDGE_CURVE ( 'NONE', #4750, #3996, #4563, .T. ) ;
#5539 = LINE ( 'NONE', #17, #2820 ) ;
#5540 = AXIS2_PLACEMENT_3D ( 'NONE', #1162, #4426, #747 ) ;
#5541 = VERTEX_POINT ( 'NONE', #1533 ) ;
#5542 = CARTESIAN_POINT ( 'NONE',  ( 0.0000000000000000000, 0.09799999999999994800, 0.0000000000000000000 ) ) ;
#5543 = LINE ( 'NONE', #5683, #2600 ) ;
#5544 = ADVANCED_FACE ( 'NONE', ( #1421 ), #5760, .F. ) ;
#5545 = DIRECTION ( 'NONE',  ( 0.0000000000000000000, -1.000000000000000000, 0.0000000000000000000 ) ) ;
#5546 = ORIENTED_EDGE ( 'NONE', *, *, #1251, .T. ) ;
#5547 = ORIENTED_EDGE ( 'NONE', *, *, #4609, .T. ) ;
#5548 = CARTESIAN_POINT ( 'NONE',  ( 0.3849514457727183400, 0.04070000000000000000, 0.07441279921115510900 ) ) ;
#5549 = CARTESIAN_POINT ( 'NONE',  ( 0.3542514457727182200, 0.2561272146310087400, -0.07941279921115511300 ) ) ;
#5550 = DIRECTION ( 'NONE',  ( 0.0000000000000000000, 0.0000000000000000000, 1.000000000000000000 ) ) ;
#5551 = ORIENTED_EDGE ( 'NONE', *, *, #344, .F. ) ;
#5552 = DIRECTION ( 'NONE',  ( -0.0000000000000000000, 0.0000000000000000000, -1.000000000000000000 ) ) ;
#5553 = ORIENTED_EDGE ( 'NONE', *, *, #2610, .T. ) ;
#5554 = ORIENTED_EDGE ( 'NONE', *, *, #5948, .F. ) ;
#5555 = VERTEX_POINT ( 'NONE', #5835 ) ;
#5556 = PLANE ( 'NONE',  #2940 ) ;
#5557 = EDGE_CURVE ( 'NONE', #3105, #3215, #5961, .T. ) ;
#5558 = EDGE_CURVE ( 'NONE', #1311, #2918, #2516, .T. ) ;
#5559 = EDGE_LOOP ( 'NONE', ( #3199, #3869, #3926, #4011 ) ) ;
#5560 = VERTEX_POINT ( 'NONE', #289 ) ;
#5561 = ORIENTED_EDGE ( 'NONE', *, *, #4542, .F. ) ;
#5562 = AXIS2_PLACEMENT_3D ( 'NONE', #1228, #4490, #2669 ) ;
#5563 = ORIENTED_EDGE ( 'NONE', *, *, #5816, .T. ) ;
#5564 = CARTESIAN_POINT ( 'NONE',  ( -0.1782054284066869600, 0.1136999999999999500, -0.05999999999999999800 ) ) ;
#5565 = ORIENTED_EDGE ( 'NONE', *, *, #4867, .F. ) ;
#5566 = CARTESIAN_POINT ( 'NONE',  ( -0.2861500000000001300, -0.1220000000000000100, -0.01299999999999999600 ) ) ;
#5567 = ORIENTED_EDGE ( 'NONE', *, *, #3096, .F. ) ;
#5568 = LINE ( 'NONE', #4410, #5067 ) ;
#5569 = EDGE_CURVE ( 'NONE', #5923, #1803, #5676, .T. ) ;
#5570 = CARTESIAN_POINT ( 'NONE',  ( -0.2676451023932669400, -0.0006242056432416228000, -0.04510330413046882700 ) ) ;
#5571 = ORIENTED_EDGE ( 'NONE', *, *, #4704, .F. ) ;
#5572 = AXIS2_PLACEMENT_3D ( 'NONE', #3157, #837, #4683 ) ;
#5573 = ADVANCED_FACE ( 'NONE', ( #2148 ), #3474, .F. ) ;
#5574 = ORIENTED_EDGE ( 'NONE', *, *, #2091, .F. ) ;
#5575 = VECTOR ( 'NONE', #4730, 39.37007874015748100 ) ;
#5576 = DIRECTION ( 'NONE',  ( 0.0000000000000000000, 0.0000000000000000000, 1.000000000000000000 ) ) ;
#5577 = ORIENTED_EDGE ( 'NONE', *, *, #3860, .F. ) ;
#5578 = DIRECTION ( 'NONE',  ( -0.0000000000000000000, -0.0000000000000000000, -1.000000000000000000 ) ) ;
#5579 = DIRECTION ( 'NONE',  ( -1.000000000000000000, 0.0000000000000000000, 0.0000000000000000000 ) ) ;
#5580 = DIRECTION ( 'NONE',  ( -0.0000000000000000000, 0.0000000000000000000, -1.000000000000000000 ) ) ;
#5581 = LINE ( 'NONE', #4257, #5871 ) ;
#5582 =( CONVERSION_BASED_UNIT ( 'INCH', #860 ) LENGTH_UNIT ( ) NAMED_UNIT ( #2470 ) );
#5583 = CIRCLE ( 'NONE', #1711, 0.4050000000000000300 ) ;
#5584 = DIRECTION ( 'NONE',  ( 2.411613600658080700E-016, 1.000000000000000000, -0.0000000000000000000 ) ) ;
#5585 = DIRECTION ( 'NONE',  ( -0.0000000000000000000, -0.0000000000000000000, 1.000000000000000000 ) ) ;
#5586 = PRESENTATION_STYLE_ASSIGNMENT (( #5271 ) ) ;
#5587 = DIRECTION ( 'NONE',  ( -1.000000000000000000, -0.0000000000000000000, -0.0000000000000000000 ) ) ;
#5588 = LINE ( 'NONE', #5471, #5802 ) ;
#5589 = EDGE_CURVE ( 'NONE', #4084, #4225, #500, .T. ) ;
#5590 = LINE ( 'NONE', #1148, #2356 ) ;
#5591 = DIRECTION ( 'NONE',  ( 1.000000000000000000, 0.0000000000000000000, 0.0000000000000000000 ) ) ;
#5592 = LINE ( 'NONE', #2583, #5304 ) ;
#5593 = VECTOR ( 'NONE', #967, 39.37007874015748900 ) ;
#5594 = EDGE_CURVE ( 'NONE', #5541, #5814, #2302, .T. ) ;
#5595 = ADVANCED_FACE ( 'NONE', ( #3465 ), #2959, .T. ) ;
#5596 = CARTESIAN_POINT ( 'NONE',  ( 0.3284790447376122500, 0.2561272146310087400, 0.07941279921115521100 ) ) ;
#5597 = DIRECTION ( 'NONE',  ( -1.000000000000000000, -6.829619984160659000E-016, 0.0000000000000000000 ) ) ;
#5598 = CIRCLE ( 'NONE', #2898, 0.4400000000000000000 ) ;
#5599 = LINE ( 'NONE', #5320, #4343 ) ;
#5600 = AXIS2_PLACEMENT_3D ( 'NONE', #2906, #659, #1525 ) ;
#5601 = CARTESIAN_POINT ( 'NONE',  ( 0.5008499999999999100, -0.1219999999999999800, -0.02649999999999999900 ) ) ;
#5602 = EDGE_LOOP ( 'NONE', ( #1230, #5994, #25, #5537 ) ) ;
#5603 = ADVANCED_FACE ( 'NONE', ( #4349 ), #1181, .T. ) ;
#5604 = CARTESIAN_POINT ( 'NONE',  ( 0.5008499999999999100, 0.02499999999999997400, -0.03650000000000000500 ) ) ;
#5605 = ORIENTED_EDGE ( 'NONE', *, *, #4307, .T. ) ;
#5606 = EDGE_LOOP ( 'NONE', ( #1661, #4304, #4671, #3933 ) ) ;
#5607 = LINE ( 'NONE', #4431, #5028 ) ;
#5608 = VECTOR ( 'NONE', #2096, 39.37007874015748100 ) ;
#5609 = EDGE_CURVE ( 'NONE', #1353, #3105, #4720, .T. ) ;
#5610 = CARTESIAN_POINT ( 'NONE',  ( -0.2602812583361163200, 0.08800000000000003700, 0.06957218375001673900 ) ) ;
#5611 = CARTESIAN_POINT ( 'NONE',  ( -0.2512612266729668000, 0.1939999999999999800, -0.3612032612959024700 ) ) ;
#5612 = DIRECTION ( 'NONE',  ( 0.0000000000000000000, 0.0000000000000000000, 1.000000000000000000 ) ) ;
#5613 = AXIS2_PLACEMENT_3D ( 'NONE', #5674, #4857, #4456 ) ;
#5614 = ORIENTED_EDGE ( 'NONE', *, *, #862, .F. ) ;
#5615 = FACE_OUTER_BOUND ( 'NONE', #4524, .T. ) ;
#5616 = EDGE_LOOP ( 'NONE', ( #255, #4298, #4278, #978 ) ) ;
#5617 = ORIENTED_EDGE ( 'NONE', *, *, #3548, .F. ) ;
#5618 = PLANE ( 'NONE',  #1866 ) ;
#5619 = DIRECTION ( 'NONE',  ( 0.0000000000000000000, 1.000000000000000000, 0.0000000000000000000 ) ) ;
#5620 = EDGE_LOOP ( 'NONE', ( #2244, #2807, #2844, #5775 ) ) ;
#5621 = DIRECTION ( 'NONE',  ( -0.0000000000000000000, 1.000000000000000000, 0.0000000000000000000 ) ) ;
#5622 = CARTESIAN_POINT ( 'NONE',  ( -0.1871912125772847200, 0.1136999999999999500, -0.03500000000000000300 ) ) ;
#5623 = VERTEX_POINT ( 'NONE', #2555 ) ;
#5624 = CARTESIAN_POINT ( 'NONE',  ( 0.1504544719160426400, 0.1816336841387844200, 0.03500000000000000300 ) ) ;
#5625 = EDGE_CURVE ( 'NONE', #960, #1557, #3904, .T. ) ;
#5626 = ORIENTED_EDGE ( 'NONE', *, *, #786, .F. ) ;
#5627 = ADVANCED_FACE ( 'NONE', ( #3757 ), #218, .T. ) ;
#5628 = DIRECTION ( 'NONE',  ( 0.0000000000000000000, 0.0000000000000000000, -1.000000000000000000 ) ) ;
#5629 = VERTEX_POINT ( 'NONE', #3452 ) ;
#5630 = CARTESIAN_POINT ( 'NONE',  ( -0.1782054284066869600, 0.08799999999999995300, 0.1005612242791646300 ) ) ;
#5631 = CARTESIAN_POINT ( 'NONE',  ( 0.3722025218504680400, 0.3082976755394042400, -0.2558350451144224500 ) ) ;
#5632 = VERTEX_POINT ( 'NONE', #3934 ) ;
#5633 = ORIENTED_EDGE ( 'NONE', *, *, #1071, .T. ) ;
#5634 = ADVANCED_FACE ( 'NONE', ( #1217 ), #1153, .F. ) ;
#5635 = AXIS2_PLACEMENT_3D ( 'NONE', #5065, #1325, #4601 ) ;
#5636 = VERTEX_POINT ( 'NONE', #1135 ) ;
#5637 = CARTESIAN_POINT ( 'NONE',  ( 0.3592514457727183400, 0.04070000000000000700, 0.07441279921115510900 ) ) ;
#5638 = ORIENTED_EDGE ( 'NONE', *, *, #4307, .F. ) ;
#5639 = LINE ( 'NONE', #5764, #4383 ) ;
#5640 = EDGE_CURVE ( 'NONE', #391, #1417, #15, .T. ) ;
#5641 = DIRECTION ( 'NONE',  ( 1.000000000000000000, 0.0000000000000000000, 0.0000000000000000000 ) ) ;
#5642 = CARTESIAN_POINT ( 'NONE',  ( 0.5200000000000000200, 0.3539999999999999800, 0.1499999999999999900 ) ) ;
#5643 = ORIENTED_EDGE ( 'NONE', *, *, #3898, .F. ) ;
#5644 = CARTESIAN_POINT ( 'NONE',  ( 0.5008499999999999100, -0.1219999999999999800, 0.02649999999999999900 ) ) ;
#5645 = ORIENTED_EDGE ( 'NONE', *, *, #3993, .T. ) ;
#5646 = CARTESIAN_POINT ( 'NONE',  ( 0.5008499999999999100, 0.2187043321626970500, -0.02649999999999999900 ) ) ;
#5647 = ORIENTED_EDGE ( 'NONE', *, *, #5609, .F. ) ;
#5648 = FACE_OUTER_BOUND ( 'NONE', #3251, .T. ) ;
#5649 = CARTESIAN_POINT ( 'NONE',  ( 0.3592514457727182300, 0.09799999999999994800, 0.07941279921115511300 ) ) ;
#5650 = ORIENTED_EDGE ( 'NONE', *, *, #2094, .F. ) ;
#5651 = ORIENTED_EDGE ( 'NONE', *, *, #5180, .T. ) ;
#5652 = EDGE_CURVE ( 'NONE', #5989, #3700, #5313, .T. ) ;
#5653 = CARTESIAN_POINT ( 'NONE',  ( 0.3592514457727182300, 0.3489999999999999800, 0.07441279921115510900 ) ) ;
#5654 = FACE_OUTER_BOUND ( 'NONE', #728, .T. ) ;
#5655 = AXIS2_PLACEMENT_3D ( 'NONE', #3681, #1785, #926 ) ;
#5656 = FILL_AREA_STYLE ('',( #4188 ) ) ;
#5657 = LINE ( 'NONE', #2535, #835 ) ;
#5658 = CARTESIAN_POINT ( 'NONE',  ( 0.3866318234399264100, 0.3539999999999999800, 0.1205853768228867800 ) ) ;
#5659 = VECTOR ( 'NONE', #3640, 39.37007874015748100 ) ;
#5660 = CIRCLE ( 'NONE', #2301, 0.001000000000000003100 ) ;
#5661 = CARTESIAN_POINT ( 'NONE',  ( 0.3592514457727183400, 0.02500000000000000500, 0.03650000000000000500 ) ) ;
#5662 = CARTESIAN_POINT ( 'NONE',  ( -0.1782054284066869600, 0.1136999999999999500, 0.05999999999999999800 ) ) ;
#5663 = CARTESIAN_POINT ( 'NONE',  ( -0.1624999999999999500, 0.01999999999999999000, 0.3114582562299426100 ) ) ;
#5664 = VECTOR ( 'NONE', #5011, 39.37007874015748100 ) ;
#5665 = ADVANCED_FACE ( 'NONE', ( #2451 ), #1613, .F. ) ;
#5666 = LINE ( 'NONE', #20, #5809 ) ;
#5667 = DIRECTION ( 'NONE',  ( 1.000000000000000000, 0.0000000000000000000, 0.0000000000000000000 ) ) ;
#5668 = CARTESIAN_POINT ( 'NONE',  ( 0.3542514457727182200, 0.3489999999999999800, 0.07441279921115510900 ) ) ;
#5669 = DIRECTION ( 'NONE',  ( 1.000000000000000000, 0.0000000000000000000, 3.491481338843133000E-015 ) ) ;
#5670 = LINE ( 'NONE', #5762, #2284 ) ;
#5671 = EDGE_CURVE ( 'NONE', #3586, #2827, #4504, .T. ) ;
#5672 = VECTOR ( 'NONE', #1521, 39.37007874015748100 ) ;
#5673 = CARTESIAN_POINT ( 'NONE',  ( 0.3749514457727182200, 0.3065609852421052900, -0.03650000000000000500 ) ) ;
#5674 = CARTESIAN_POINT ( 'NONE',  ( -0.08509959441544537300, 0.1979999999999999800, -0.01980901644462925200 ) ) ;
#5675 = ORIENTED_EDGE ( 'NONE', *, *, #2091, .T. ) ;
#5676 = LINE ( 'NONE', #5401, #4956 ) ;
#5677 = EDGE_CURVE ( 'NONE', #5700, #3116, #4803, .T. ) ;
#5678 = LINE ( 'NONE', #2279, #4421 ) ;
#5679 = EDGE_CURVE ( 'NONE', #225, #3203, #928, .T. ) ;
#5680 = DIRECTION ( 'NONE',  ( 1.000000000000000000, 0.0000000000000000000, 0.0000000000000000000 ) ) ;
#5681 = ORIENTED_EDGE ( 'NONE', *, *, #4297, .F. ) ;
#5682 = AXIS2_PLACEMENT_3D ( 'NONE', #3287, #2858, #996 ) ;
#5683 = CARTESIAN_POINT ( 'NONE',  ( -0.2602812583361163200, 0.09799999999999999000, 0.04487218375001673900 ) ) ;
#5684 = DIRECTION ( 'NONE',  ( 1.000000000000000000, 0.0000000000000000000, 0.0000000000000000000 ) ) ;
#5685 = VECTOR ( 'NONE', #1723, 39.37007874015748100 ) ;
#5686 = DIRECTION ( 'NONE',  ( -1.000000000000000000, 0.0000000000000000000, 0.0000000000000000000 ) ) ;
#5687 = FACE_OUTER_BOUND ( 'NONE', #5714, .T. ) ;
#5688 = DIRECTION ( 'NONE',  ( -1.000000000000000000, 0.0000000000000000000, 0.0000000000000000000 ) ) ;
#5689 = DIRECTION ( 'NONE',  ( 0.0000000000000000000, -1.000000000000000000, 0.0000000000000000000 ) ) ;
#5690 = VERTEX_POINT ( 'NONE', #260 ) ;
#5691 = DIRECTION ( 'NONE',  ( -0.0000000000000000000, -0.0000000000000000000, -1.000000000000000000 ) ) ;
#5692 = EDGE_CURVE ( 'NONE', #4607, #635, #2667, .T. ) ;
#5693 = CYLINDRICAL_SURFACE ( 'NONE', #1476, 0.06569999999999999500 ) ;
#5694 = DIRECTION ( 'NONE',  ( 0.0000000000000000000, -1.000000000000000000, 0.0000000000000000000 ) ) ;
#5695 = AXIS2_PLACEMENT_3D ( 'NONE', #2187, #4523, #4193 ) ;
#5696 = EDGE_LOOP ( 'NONE', ( #441, #5796, #948, #1018 ) ) ;
#5697 = DIRECTION ( 'NONE',  ( 0.0000000000000000000, 0.0000000000000000000, 1.000000000000000000 ) ) ;
#5698 = ORIENTED_EDGE ( 'NONE', *, *, #318, .F. ) ;
#5699 = ORIENTED_EDGE ( 'NONE', *, *, #2645, .F. ) ;
#5700 = VERTEX_POINT ( 'NONE', #639 ) ;
#5701 = CARTESIAN_POINT ( 'NONE',  ( 0.5011328690478279400, 0.2194012706086425900, 0.02649999999999999900 ) ) ;
#5702 = DIRECTION ( 'NONE',  ( -0.0000000000000000000, -1.000000000000000000, -0.0000000000000000000 ) ) ;
#5703 = CARTESIAN_POINT ( 'NONE',  ( -0.1782054284066869600, 0.08799999999999995300, -0.1005612242791646300 ) ) ;
#5704 = ORIENTED_EDGE ( 'NONE', *, *, #4411, .F. ) ;
#5705 = ORIENTED_EDGE ( 'NONE', *, *, #3358, .T. ) ;
#5706 = CARTESIAN_POINT ( 'NONE',  ( 0.4751499999999998500, 0.05069999999999998100, -0.07441279921115510900 ) ) ;
#5707 = EDGE_CURVE ( 'NONE', #4592, #4149, #790, .T. ) ;
#5708 = CARTESIAN_POINT ( 'NONE',  ( 0.1504544719160426400, 0.1816336841387844200, -0.05999999999999999800 ) ) ;
#5709 = ORIENTED_EDGE ( 'NONE', *, *, #3156, .F. ) ;
#5710 = DIRECTION ( 'NONE',  ( 0.0000000000000000000, 0.0000000000000000000, -1.000000000000000000 ) ) ;
#5711 = ORIENTED_EDGE ( 'NONE', *, *, #3548, .T. ) ;
#5712 = CARTESIAN_POINT ( 'NONE',  ( 0.4851499999999998600, 0.1064815665455062600, -0.03650000000000000500 ) ) ;
#5713 = ORIENTED_EDGE ( 'NONE', *, *, #1814, .T. ) ;
#5714 = EDGE_LOOP ( 'NONE', ( #5650, #5331, #2916, #291, #1460 ) ) ;
#5715 = ORIENTED_EDGE ( 'NONE', *, *, #2325, .F. ) ;
#5716 = FACE_OUTER_BOUND ( 'NONE', #313, .T. ) ;
#5717 = AXIS2_PLACEMENT_3D ( 'NONE', #3918, #2038, #1120 ) ;
#5718 = ADVANCED_FACE ( 'NONE', ( #2372 ), #4819, .F. ) ;
#5719 = VERTEX_POINT ( 'NONE', #4838 ) ;
#5720 = VERTEX_POINT ( 'NONE', #5309 ) ;
#5721 = DIRECTION ( 'NONE',  ( 0.0000000000000000000, -1.000000000000000000, 0.0000000000000000000 ) ) ;
#5722 = DIRECTION ( 'NONE',  ( -9.106159978880879400E-016, -0.0000000000000000000, 1.000000000000000000 ) ) ;
#5723 = DIRECTION ( 'NONE',  ( -0.8144689757233656300, -0.5802071074919122900, 0.0000000000000000000 ) ) ;
#5724 = VECTOR ( 'NONE', #71, 39.37007874015748100 ) ;
#5725 = EDGE_CURVE ( 'NONE', #2713, #2851, #1715, .T. ) ;
#5726 = ADVANCED_FACE ( 'NONE', ( #4873 ), #1998, .F. ) ;
#5727 = AXIS2_PLACEMENT_3D ( 'NONE', #2260, #5138, #1806 ) ;
#5728 = ORIENTED_EDGE ( 'NONE', *, *, #88, .T. ) ;
#5729 = LINE ( 'NONE', #600, #336 ) ;
#5730 = DIRECTION ( 'NONE',  ( -0.0000000000000000000, -0.0000000000000000000, -1.000000000000000000 ) ) ;
#5731 = CARTESIAN_POINT ( 'NONE',  ( -0.1782054284066869600, 0.09700000000000025300, -0.03500000000000000300 ) ) ;
#5732 = LINE ( 'NONE', #2116, #4267 ) ;
#5733 = DIRECTION ( 'NONE',  ( 1.000000000000000000, 0.0000000000000000000, 0.0000000000000000000 ) ) ;
#5734 = AXIS2_PLACEMENT_3D ( 'NONE', #1512, #5254, #4778 ) ;
#5735 = CIRCLE ( 'NONE', #1989, 0.4050000000000000300 ) ;
#5736 = LINE ( 'NONE', #5874, #5009 ) ;
#5737 = LINE ( 'NONE', #3543, #1983 ) ;
#5738 = ORIENTED_EDGE ( 'NONE', *, *, #2344, .T. ) ;
#5739 = LINE ( 'NONE', #1103, #4488 ) ;
#5740 = VECTOR ( 'NONE', #521, 39.37007874015748100 ) ;
#5741 = EDGE_CURVE ( 'NONE', #5541, #4603, #3328, .T. ) ;
#5742 = CARTESIAN_POINT ( 'NONE',  ( -0.2861500000000001300, 0.01999999999999999000, -0.04000000000000000100 ) ) ;
#5743 = CARTESIAN_POINT ( 'NONE',  ( -0.1836403121902468700, -0.0006242056432416228000, -0.04510330413046883400 ) ) ;
#5744 = LINE ( 'NONE', #5601, #3603 ) ;
#5745 = FACE_OUTER_BOUND ( 'NONE', #2709, .T. ) ;
#5746 = ADVANCED_FACE ( 'NONE', ( #1076 ), #2787, .F. ) ;
#5747 = ORIENTED_EDGE ( 'NONE', *, *, #5569, .T. ) ;
#5748 = VECTOR ( 'NONE', #254, 39.37007874015748100 ) ;
#5749 = VECTOR ( 'NONE', #1834, 39.37007874015748100 ) ;
#5750 = DIRECTION ( 'NONE',  ( 0.0000000000000000000, -1.000000000000000000, 0.0000000000000000000 ) ) ;
#5751 = AXIS2_PLACEMENT_3D ( 'NONE', #67, #89, #531 ) ;
#5752 = EDGE_LOOP ( 'NONE', ( #5045, #5262, #2837, #1158, #4379, #4759, #2678, #5430, #2158, #5208, #3807, #2929 ) ) ;
#5753 = EDGE_CURVE ( 'NONE', #3206, #3700, #645, .T. ) ;
#5754 = DIRECTION ( 'NONE',  ( -1.000000000000000000, 0.0000000000000000000, 0.0000000000000000000 ) ) ;
#5755 = ORIENTED_EDGE ( 'NONE', *, *, #981, .T. ) ;
#5756 = EDGE_CURVE ( 'NONE', #666, #5789, #4054, .T. ) ;
#5757 = VECTOR ( 'NONE', #840, 39.37007874015748100 ) ;
#5758 = ORIENTED_EDGE ( 'NONE', *, *, #2020, .F. ) ;
#5759 = AXIS2_PLACEMENT_3D ( 'NONE', #3018, #2506, #209 ) ;
#5760 = PLANE ( 'NONE',  #5365 ) ;
#5761 = DIRECTION ( 'NONE',  ( -1.000000000000000000, 0.0000000000000000000, 0.0000000000000000000 ) ) ;
#5762 = CARTESIAN_POINT ( 'NONE',  ( -0.1782054284066869600, 0.1136999999999999500, 0.05999999999999999800 ) ) ;
#5763 = ORIENTED_EDGE ( 'NONE', *, *, #3515, .T. ) ;
#5764 = CARTESIAN_POINT ( 'NONE',  ( 0.3592514457727182300, 0.3489999999999999800, 0.07441279921115510900 ) ) ;
#5765 = ORIENTED_EDGE ( 'NONE', *, *, #5974, .T. ) ;
#5766 = EDGE_CURVE ( 'NONE', #5720, #3220, #5899, .T. ) ;
#5767 = ORIENTED_EDGE ( 'NONE', *, *, #552, .F. ) ;
#5768 = CARTESIAN_POINT ( 'NONE',  ( 0.3284790447376123000, 0.3189999999999997300, -0.09511279921115521600 ) ) ;
#5769 = PRESENTATION_LAYER_ASSIGNMENT (  '', '', ( #3012 ) ) ;
#5770 = PLANE ( 'NONE',  #3709 ) ;
#5771 = ORIENTED_EDGE ( 'NONE', *, *, #3980, .T. ) ;
#5772 = ORIENTED_EDGE ( 'NONE', *, *, #590, .F. ) ;
#5773 = DIRECTION ( 'NONE',  ( -0.0000000000000000000, -0.0000000000000000000, 1.000000000000000000 ) ) ;
#5774 = ORIENTED_EDGE ( 'NONE', *, *, #1259, .T. ) ;
#5775 = ORIENTED_EDGE ( 'NONE', *, *, #1580, .F. ) ;
#5776 = ORIENTED_EDGE ( 'NONE', *, *, #1355, .T. ) ;
#5777 = CARTESIAN_POINT ( 'NONE',  ( 0.1728151516910407200, 0.2263550436887800900, 0.03500000000000000300 ) ) ;
#5778 = CARTESIAN_POINT ( 'NONE',  ( 0.5200000000000000200, 0.3539999999999999800, 0.1499999999999999900 ) ) ;
#5779 = DIRECTION ( 'NONE',  ( 0.0000000000000000000, -1.000000000000000000, 0.0000000000000000000 ) ) ;
#5780 = ORIENTED_EDGE ( 'NONE', *, *, #4008, .T. ) ;
#5781 = VERTEX_POINT ( 'NONE', #1149 ) ;
#5782 = DIRECTION ( 'NONE',  ( 1.000000000000000000, 0.0000000000000000000, 0.0000000000000000000 ) ) ;
#5783 = ORIENTED_EDGE ( 'NONE', *, *, #642, .F. ) ;
#5784 = EDGE_CURVE ( 'NONE', #5434, #350, #4200, .T. ) ;
#5785 = LINE ( 'NONE', #64, #464 ) ;
#5786 = ORIENTED_EDGE ( 'NONE', *, *, #5383, .T. ) ;
#5787 = CARTESIAN_POINT ( 'NONE',  ( 0.1728151516910407200, 0.2263550436887800900, 0.03500000000000000300 ) ) ;
#5788 = DIRECTION ( 'NONE',  ( -1.000000000000000000, 2.411613600658080700E-016, 0.0000000000000000000 ) ) ;
#5789 = VERTEX_POINT ( 'NONE', #4890 ) ;
#5790 = DIRECTION ( 'NONE',  ( -0.0000000000000000000, -0.0000000000000000000, 1.000000000000000000 ) ) ;
#5791 = VERTEX_POINT ( 'NONE', #4935 ) ;
#5792 = EDGE_CURVE ( 'NONE', #969, #3686, #5534, .T. ) ;
#5793 = CARTESIAN_POINT ( 'NONE',  ( -0.08509959441544569200, 0.1136999999999999500, 0.03500000000000000300 ) ) ;
#5794 = LINE ( 'NONE', #2111, #3443 ) ;
#5795 = EDGE_CURVE ( 'NONE', #5629, #4737, #5607, .T. ) ;
#5796 = ORIENTED_EDGE ( 'NONE', *, *, #3687, .T. ) ;
#5797 = AXIS2_PLACEMENT_3D ( 'NONE', #5132, #2317, #5579 ) ;
#5798 = VECTOR ( 'NONE', #649, 39.37007874015748100 ) ;
#5799 = DIRECTION ( 'NONE',  ( -1.000000000000000000, 0.0000000000000000000, 0.0000000000000000000 ) ) ;
#5800 = EDGE_CURVE ( 'NONE', #2074, #1096, #357, .T. ) ;
#5801 = CYLINDRICAL_SURFACE ( 'NONE', #573, 0.04999999999999999600 ) ;
#5802 = VECTOR ( 'NONE', #1270, 39.37007874015748100 ) ;
#5803 = CARTESIAN_POINT ( 'NONE',  ( 0.2414532404824823200, 0.08799999999999995300, 0.1005612242791646300 ) ) ;
#5804 = AXIS2_PLACEMENT_3D ( 'NONE', #5335, #5799, #191 ) ;
#5805 = VECTOR ( 'NONE', #4933, 39.37007874015748100 ) ;
#5806 = EDGE_LOOP ( 'NONE', ( #400, #1017 ) ) ;
#5807 = DIRECTION ( 'NONE',  ( -1.000000000000000000, 0.0000000000000000000, 0.0000000000000000000 ) ) ;
#5808 = VECTOR ( 'NONE', #1237, 39.37007874015748100 ) ;
#5809 = VECTOR ( 'NONE', #4283, 39.37007874015748100 ) ;
#5810 =( BOUNDED_CURVE ( )  B_SPLINE_CURVE ( 3, ( #3644, #4622, #4111, #4581 ),
 .UNSPECIFIED., .F., .F. ) 
 B_SPLINE_CURVE_WITH_KNOTS ( ( 4, 4 ),
 ( 4.436162349621093300, 4.680565427348786200 ),
 .UNSPECIFIED. ) 
 CURVE ( )  GEOMETRIC_REPRESENTATION_ITEM ( )  RATIONAL_B_SPLINE_CURVE ( ( 1.000000000000000000, 0.9950284526877877200, 0.9950284526877877200, 1.000000000000000000 ) ) 
 REPRESENTATION_ITEM ( '' )  );
#5811 = VECTOR ( 'NONE', #224, 39.37007874015748100 ) ;
#5812 = DIRECTION ( 'NONE',  ( 0.0000000000000000000, -1.000000000000000000, 0.0000000000000000000 ) ) ;
#5813 = FACE_OUTER_BOUND ( 'NONE', #5069, .T. ) ;
#5814 = VERTEX_POINT ( 'NONE', #3817 ) ;
#5815 = VECTOR ( 'NONE', #4859, 39.37007874015748100 ) ;
#5816 = EDGE_CURVE ( 'NONE', #4477, #121, #2070, .T. ) ;
#5817 = PLANE ( 'NONE',  #1289 ) ;
#5818 = FACE_OUTER_BOUND ( 'NONE', #671, .T. ) ;
#5819 = DIRECTION ( 'NONE',  ( -1.000000000000000000, 0.0000000000000000000, 0.0000000000000000000 ) ) ;
#5820 = PLANE ( 'NONE',  #655 ) ;
#5821 = CARTESIAN_POINT ( 'NONE',  ( 0.3749514457727182200, 0.2561272146310087400, 0.07441279921115510900 ) ) ;
#5822 = ORIENTED_EDGE ( 'NONE', *, *, #3515, .F. ) ;
#5823 = FACE_OUTER_BOUND ( 'NONE', #4158, .T. ) ;
#5824 = VECTOR ( 'NONE', #793, 39.37007874015748100 ) ;
#5825 = DIRECTION ( 'NONE',  ( 1.000000000000000000, 0.0000000000000000000, -0.0000000000000000000 ) ) ;
#5826 = ORIENTED_EDGE ( 'NONE', *, *, #5792, .T. ) ;
#5827 = DIRECTION ( 'NONE',  ( 0.0000000000000000000, -1.000000000000000000, 0.0000000000000000000 ) ) ;
#5828 = CIRCLE ( 'NONE', #4416, 0.01669999999999998900 ) ;
#5829 = DIRECTION ( 'NONE',  ( -1.000000000000000000, 0.0000000000000000000, 0.0000000000000000000 ) ) ;
#5830 = DIRECTION ( 'NONE',  ( 2.842170943040400700E-014, 0.0000000000000000000, -1.000000000000000000 ) ) ;
#5831 = DIRECTION ( 'NONE',  ( 1.000000000000000000, 0.0000000000000000000, -0.0000000000000000000 ) ) ;
#5832 = ORIENTED_EDGE ( 'NONE', *, *, #5514, .T. ) ;
#5833 = EDGE_CURVE ( 'NONE', #5127, #4066, #5464, .T. ) ;
#5834 = ORIENTED_EDGE ( 'NONE', *, *, #1233, .F. ) ;
#5835 = CARTESIAN_POINT ( 'NONE',  ( -0.2861500000000001300, 0.09699999999999998900, 0.03500000000000000300 ) ) ;
#5836 = CARTESIAN_POINT ( 'NONE',  ( 0.5200000000000002400, 0.2458789754111038200, 0.02999999999999999900 ) ) ;
#5837 = VERTEX_POINT ( 'NONE', #1607 ) ;
#5838 = ORIENTED_EDGE ( 'NONE', *, *, #4, .F. ) ;
#5839 = EDGE_CURVE ( 'NONE', #1227, #248, #3182, .T. ) ;
#5840 = EDGE_LOOP ( 'NONE', ( #3870, #4432, #4059, #3692 ) ) ;
#5841 = ORIENTED_EDGE ( 'NONE', *, *, #1684, .T. ) ;
#5842 = CARTESIAN_POINT ( 'NONE',  ( -0.2602812583361163200, 0.09799999999999992100, -0.04487218375001673900 ) ) ;
#5843 = DIRECTION ( 'NONE',  ( 0.0000000000000000000, 0.0000000000000000000, 1.000000000000000000 ) ) ;
#5844 = ORIENTED_EDGE ( 'NONE', *, *, #3127, .F. ) ;
#5845 = CARTESIAN_POINT ( 'NONE',  ( -0.2861500000000001300, 0.1136999999999999500, 0.03500000000000000300 ) ) ;
#5846 = ADVANCED_FACE ( 'NONE', ( #3608 ), #2046, .F. ) ;
#5847 = VERTEX_POINT ( 'NONE', #3504 ) ;
#5848 = CARTESIAN_POINT ( 'NONE',  ( -0.1782054284066869600, 0.1136999999999999500, 0.05999999999999999800 ) ) ;
#5849 = VERTEX_POINT ( 'NONE', #3485 ) ;
#5850 = ORIENTED_EDGE ( 'NONE', *, *, #1560, .T. ) ;
#5851 = ORIENTED_EDGE ( 'NONE', *, *, #1684, .F. ) ;
#5852 = ORIENTED_EDGE ( 'NONE', *, *, #1146, .F. ) ;
#5853 = EDGE_LOOP ( 'NONE', ( #2528, #1242, #2733, #1582 ) ) ;
#5854 = DIRECTION ( 'NONE',  ( 0.0000000000000000000, 1.000000000000000000, 0.0000000000000000000 ) ) ;
#5855 = CARTESIAN_POINT ( 'NONE',  ( 0.2040138023014928500, 0.2107557183835540600, -0.01980901644462925200 ) ) ;
#5856 = CARTESIAN_POINT ( 'NONE',  ( 0.5008499999999999100, 0.02000000000000000000, 0.02999999999999999900 ) ) ;
#5857 = FACE_OUTER_BOUND ( 'NONE', #678, .T. ) ;
#5858 = VERTEX_POINT ( 'NONE', #3976 ) ;
#5859 = DIRECTION ( 'NONE',  ( 0.0000000000000000000, 0.0000000000000000000, 1.000000000000000000 ) ) ;
#5860 = VERTEX_POINT ( 'NONE', #3952 ) ;
#5861 = VECTOR ( 'NONE', #2454, 39.37007874015748100 ) ;
#5862 = AXIS2_PLACEMENT_3D ( 'NONE', #724, #3964, #709 ) ;
#5863 = DIRECTION ( 'NONE',  ( -0.0000000000000000000, -1.000000000000000000, -0.0000000000000000000 ) ) ;
#5864 = PLANE ( 'NONE',  #718 ) ;
#5865 = PLANE ( 'NONE',  #3650 ) ;
#5866 = EDGE_CURVE ( 'NONE', #2077, #3690, #2886, .T. ) ;
#5867 = DIRECTION ( 'NONE',  ( 0.0000000000000000000, 0.0000000000000000000, 1.000000000000000000 ) ) ;
#5868 = ORIENTED_EDGE ( 'NONE', *, *, #4046, .T. ) ;
#5869 = EDGE_CURVE ( 'NONE', #4603, #2849, #1933, .T. ) ;
#5870 = CARTESIAN_POINT ( 'NONE',  ( 0.3250000000000000100, 0.1048528137423858400, 0.03000000000000004400 ) ) ;
#5871 = VECTOR ( 'NONE', #2843, 39.37007874015748100 ) ;
#5872 = DIRECTION ( 'NONE',  ( -1.000000000000000000, 0.0000000000000000000, 0.0000000000000000000 ) ) ;
#5873 = FACE_OUTER_BOUND ( 'NONE', #4604, .T. ) ;
#5874 = CARTESIAN_POINT ( 'NONE',  ( -0.1782054284066869600, 0.09799999999999994800, -0.05999999999999999800 ) ) ;
#5875 = FACE_OUTER_BOUND ( 'NONE', #4760, .T. ) ;
#5876 = VECTOR ( 'NONE', #4816, 39.37007874015748100 ) ;
#5877 = ADVANCED_FACE ( 'NONE', ( #568 ), #1191, .T. ) ;
#5878 = LINE ( 'NONE', #5889, #4630 ) ;
#5879 = CARTESIAN_POINT ( 'NONE',  ( 0.4751499999999998500, 0.02499999999999997700, 0.3316775405567138300 ) ) ;
#5880 = DIRECTION ( 'NONE',  ( 0.0000000000000000000, 0.0000000000000000000, -1.000000000000000000 ) ) ;
#5881 = DIRECTION ( 'NONE',  ( -1.000000000000000000, 2.411613600658081200E-016, 0.0000000000000000000 ) ) ;
#5882 = EDGE_CURVE ( 'NONE', #4359, #2255, #3839, .T. ) ;
#5883 = ORIENTED_EDGE ( 'NONE', *, *, #1057, .F. ) ;
#5884 = DIRECTION ( 'NONE',  ( 0.0000000000000000000, 0.0000000000000000000, 1.000000000000000000 ) ) ;
#5885 = MECHANICAL_DESIGN_GEOMETRIC_PRESENTATION_REPRESENTATION (  '', ( #5143 ), #4186 ) ;
#5886 = VECTOR ( 'NONE', #3887, 39.37007874015748100 ) ;
#5887 = LINE ( 'NONE', #3019, #3970 ) ;
#5888 = PLANE ( 'NONE',  #1334 ) ;
#5889 = CARTESIAN_POINT ( 'NONE',  ( 0.5008499999999999100, 0.01999999999999999000, -0.07941279921115511300 ) ) ;
#5890 = DIRECTION ( 'NONE',  ( 0.0000000000000000000, 0.0000000000000000000, 1.000000000000000000 ) ) ;
#5891 = ORIENTED_EDGE ( 'NONE', *, *, #518, .F. ) ;
#5892 = DIRECTION ( 'NONE',  ( 0.0000000000000000000, 1.000000000000000000, 0.0000000000000000000 ) ) ;
#5893 = VECTOR ( 'NONE', #5585, 39.37007874015748100 ) ;
#5894 = VECTOR ( 'NONE', #1366, 39.37007874015748100 ) ;
#5895 = CARTESIAN_POINT ( 'NONE',  ( -0.08509959441544576200, 0.09799999999999993400, 0.05999999999999999800 ) ) ;
#5896 = VERTEX_POINT ( 'NONE', #1129 ) ;
#5897 = DIRECTION ( 'NONE',  ( 0.0000000000000000000, 3.491481338843133000E-015, -1.000000000000000000 ) ) ;
#5898 = VERTEX_POINT ( 'NONE', #3927 ) ;
#5899 = LINE ( 'NONE', #1625, #4645 ) ;
#5900 = LINE ( 'NONE', #699, #429 ) ;
#5901 = EDGE_LOOP ( 'NONE', ( #4898, #1867, #5482, #52 ) ) ;
#5902 = EDGE_CURVE ( 'NONE', #821, #1299, #4723, .T. ) ;
#5903 = CARTESIAN_POINT ( 'NONE',  ( -0.08509959441544537300, 0.1979999999999999800, 0.03500000000000000300 ) ) ;
#5904 = VECTOR ( 'NONE', #4095, 39.37007874015748100 ) ;
#5905 = AXIS2_PLACEMENT_3D ( 'NONE', #2527, #4449, #2552 ) ;
#5906 = CARTESIAN_POINT ( 'NONE',  ( 0.5008499999999999100, 0.1064815665455062600, 0.02649999999999999900 ) ) ;
#5907 = EDGE_LOOP ( 'NONE', ( #1514, #2287, #45, #5926 ) ) ;
#5908 = EDGE_CURVE ( 'NONE', #4831, #2017, #2445, .T. ) ;
#5909 = VERTEX_POINT ( 'NONE', #674 ) ;
#5910 = ADVANCED_FACE ( 'NONE', ( #1069 ), #1668, .F. ) ;
#5911 = ORIENTED_EDGE ( 'NONE', *, *, #161, .T. ) ;
#5912 = AXIS2_PLACEMENT_3D ( 'NONE', #284, #5931, #5897 ) ;
#5913 = ORIENTED_EDGE ( 'NONE', *, *, #815, .F. ) ;
#5914 = CARTESIAN_POINT ( 'NONE',  ( 0.4851499999999998600, 0.3065609852421052900, 0.03650000000000000500 ) ) ;
#5915 = DIRECTION ( 'NONE',  ( 2.107907402518722000E-016, -1.000000000000000000, 0.0000000000000000000 ) ) ;
#5916 = VERTEX_POINT ( 'NONE', #4552 ) ;
#5917 = EDGE_CURVE ( 'NONE', #295, #5789, #430, .T. ) ;
#5918 = VERTEX_POINT ( 'NONE', #2194 ) ;
#5919 = DIRECTION ( 'NONE',  ( 1.000000000000000000, 0.0000000000000000000, 0.0000000000000000000 ) ) ;
#5920 = ORIENTED_EDGE ( 'NONE', *, *, #2644, .F. ) ;
#5921 = CARTESIAN_POINT ( 'NONE',  ( -0.3018500000000000600, 0.09799999999999994800, 0.0000000000000000000 ) ) ;
#5922 = ORIENTED_EDGE ( 'NONE', *, *, #909, .F. ) ;
#5923 = VERTEX_POINT ( 'NONE', #4037 ) ;
#5924 = DIRECTION ( 'NONE',  ( 0.7660444431189794600, -0.6427876096865378100, -2.674629877874396400E-015 ) ) ;
#5925 = CARTESIAN_POINT ( 'NONE',  ( 0.1123348649538237200, 0.2351442958438093600, 0.01980901644462925200 ) ) ;
#5926 = ORIENTED_EDGE ( 'NONE', *, *, #1549, .F. ) ;
#5927 = CARTESIAN_POINT ( 'NONE',  ( 0.1994315418419032300, 0.1939999999999999800, -0.3524940568556600400 ) ) ;
#5928 = VERTEX_POINT ( 'NONE', #3126 ) ;
#5929 = CARTESIAN_POINT ( 'NONE',  ( 0.5008499999999999100, 0.1962533751892688000, 0.02649999999999999900 ) ) ;
#5930 = LINE ( 'NONE', #4635, #682 ) ;
#5931 = DIRECTION ( 'NONE',  ( 0.0000000000000000000, -1.000000000000000000, -3.491481338843133000E-015 ) ) ;
#5932 = ORIENTED_EDGE ( 'NONE', *, *, #1735, .T. ) ;
#5933 = EDGE_CURVE ( 'NONE', #5849, #2756, #4126, .T. ) ;
#5934 = VECTOR ( 'NONE', #3091, 39.37007874015748100 ) ;
#5935 = ADVANCED_FACE ( 'NONE', ( #11 ), #2152, .T. ) ;
#5936 = CARTESIAN_POINT ( 'NONE',  ( -0.1836403121902468700, -0.0006242056432416228000, 0.07334237367679336000 ) ) ;
#5937 = DIRECTION ( 'NONE',  ( -1.000000000000000000, 0.0000000000000000000, 0.0000000000000000000 ) ) ;
#5938 = ORIENTED_EDGE ( 'NONE', *, *, #1616, .F. ) ;
#5939 = CARTESIAN_POINT ( 'NONE',  ( -0.1871912125772847200, 0.08899999999999992600, -0.04487218375001673900 ) ) ;
#5940 = CIRCLE ( 'NONE', #5540, 0.08430000000000004200 ) ;
#5941 = AXIS2_PLACEMENT_3D ( 'NONE', #2026, #1562, #3448 ) ;
#5942 = CARTESIAN_POINT ( 'NONE',  ( 0.3284790447376122500, 0.3489999999999999800, 0.07941279921115521100 ) ) ;
#5943 = VECTOR ( 'NONE', #2984, 39.37007874015748100 ) ;
#5944 = DIRECTION ( 'NONE',  ( -0.0000000000000000000, -0.0000000000000000000, 1.000000000000000000 ) ) ;
#5945 = VECTOR ( 'NONE', #2142, 39.37007874015748100 ) ;
#5946 = VECTOR ( 'NONE', #3430, 39.37007874015748100 ) ;
#5947 = CARTESIAN_POINT ( 'NONE',  ( 0.3592514457727183400, 0.04070000000000000700, -0.03649999999999987300 ) ) ;
#5948 = EDGE_CURVE ( 'NONE', #2054, #5272, #150, .T. ) ;
#5949 = ORIENTED_EDGE ( 'NONE', *, *, #4987, .F. ) ;
#5950 = VECTOR ( 'NONE', #5956, 39.37007874015748100 ) ;
#5951 = CARTESIAN_POINT ( 'NONE',  ( 0.3592514457727182300, 0.3489999999999999800, -0.07441279921115510900 ) ) ;
#5952 = CIRCLE ( 'NONE', #298, 0.01000000000000003000 ) ;
#5953 = LINE ( 'NONE', #1323, #1211 ) ;
#5954 = FACE_OUTER_BOUND ( 'NONE', #5090, .T. ) ;
#5955 = EDGE_CURVE ( 'NONE', #5346, #4402, #4798, .T. ) ;
#5956 = DIRECTION ( 'NONE',  ( 1.000000000000000000, 0.0000000000000000000, 0.0000000000000000000 ) ) ;
#5957 = DIRECTION ( 'NONE',  ( -0.0000000000000000000, -0.0000000000000000000, 1.000000000000000000 ) ) ;
#5958 = AXIS2_PLACEMENT_3D ( 'NONE', #632, #3880, #2511 ) ;
#5959 = VERTEX_POINT ( 'NONE', #2606 ) ;
#5960 = ORIENTED_EDGE ( 'NONE', *, *, #3321, .F. ) ;
#5961 = LINE ( 'NONE', #3455, #3403 ) ;
#5962 = LINE ( 'NONE', #3685, #3989 ) ;
#5963 = CARTESIAN_POINT ( 'NONE',  ( -0.1782054284066869600, 0.08799999999999995300, 0.1005612242791646300 ) ) ;
#5964 = CARTESIAN_POINT ( 'NONE',  ( 0.3542514457727182200, 0.3489999999999999800, 0.09511279921115511900 ) ) ;
#5965 = EDGE_LOOP ( 'NONE', ( #183, #2913, #4983, #5214 ) ) ;
#5966 = ADVANCED_FACE ( 'NONE', ( #5687 ), #5865, .F. ) ;
#5967 = CARTESIAN_POINT ( 'NONE',  ( 0.5008499999999999100, 0.01999999999999999000, 0.07941279921115511300 ) ) ;
#5968 = LINE ( 'NONE', #2267, #3610 ) ;
#5969 = CARTESIAN_POINT ( 'NONE',  ( -0.3018500000000000600, -0.1220000000000000100, 0.01299999999999999600 ) ) ;
#5970 = CARTESIAN_POINT ( 'NONE',  ( -0.1836403121902468700, 0.08799999999999995300, -0.04510330413046883400 ) ) ;
#5971 = DIRECTION ( 'NONE',  ( 0.0000000000000000000, 1.000000000000000000, -3.414809992080342100E-015 ) ) ;
#5972 = ORIENTED_EDGE ( 'NONE', *, *, #4275, .T. ) ;
#5973 = LINE ( 'NONE', #1119, #4735 ) ;
#5974 = EDGE_CURVE ( 'NONE', #1511, #5860, #5248, .T. ) ;
#5975 = ORIENTED_EDGE ( 'NONE', *, *, #3048, .T. ) ;
#5976 = EDGE_LOOP ( 'NONE', ( #5273, #4719, #4830, #4105 ) ) ;
#5977 = AXIS2_PLACEMENT_3D ( 'NONE', #2075, #5328, #3419 ) ;
#5978 = PLANE ( 'NONE',  #4823 ) ;
#5979 = EDGE_CURVE ( 'NONE', #3790, #915, #4428, .T. ) ;
#5980 = VERTEX_POINT ( 'NONE', #5020 ) ;
#5981 = EDGE_CURVE ( 'NONE', #3221, #2271, #1777, .T. ) ;
#5982 = DIRECTION ( 'NONE',  ( 1.000000000000000000, 0.0000000000000000000, -0.0000000000000000000 ) ) ;
#5983 = ORIENTED_EDGE ( 'NONE', *, *, #161, .F. ) ;
#5984 = APPLICATION_PROTOCOL_DEFINITION ( 'draft international standard', 'automotive_design', 1998, #6005 ) ;
#5985 = CARTESIAN_POINT ( 'NONE',  ( 0.5008499999999999100, 0.02499999999999997400, 0.03650000000000000500 ) ) ;
#5986 = ORIENTED_EDGE ( 'NONE', *, *, #360, .T. ) ;
#5987 = ORIENTED_EDGE ( 'NONE', *, *, #2755, .T. ) ;
#5988 = DIRECTION ( 'NONE',  ( -0.0000000000000000000, -0.0000000000000000000, -1.000000000000000000 ) ) ;
#5989 = VERTEX_POINT ( 'NONE', #3089 ) ;
#5990 = PLANE ( 'NONE',  #2016 ) ;
#5991 = EDGE_CURVE ( 'NONE', #3690, #350, #1638, .T. ) ;
#5992 =( BOUNDED_CURVE ( )  B_SPLINE_CURVE ( 3, ( #908, #469, #1378, #5239 ),
 .UNSPECIFIED., .F., .F. ) 
 B_SPLINE_CURVE_WITH_KNOTS ( ( 4, 4 ),
 ( 1.605371116160823300, 1.871608802051522900 ),
 .UNSPECIFIED. ) 
 CURVE ( )  GEOMETRIC_REPRESENTATION_ITEM ( )  RATIONAL_B_SPLINE_CURVE ( ( 1.000000000000000000, 0.9941018421945404500, 0.9941018421945404500, 1.000000000000000000 ) ) 
 REPRESENTATION_ITEM ( '' )  );
#5993 = DIRECTION ( 'NONE',  ( 0.0000000000000000000, -0.0000000000000000000, -1.000000000000000000 ) ) ;
#5994 = ORIENTED_EDGE ( 'NONE', *, *, #1185, .T. ) ;
#5995 = ORIENTED_EDGE ( 'NONE', *, *, #4780, .F. ) ;
#5996 = ADVANCED_FACE ( 'NONE', ( #3534 ), #3979, .F. ) ;
#5997 = VECTOR ( 'NONE', #2546, 39.37007874015748100 ) ;
#5998 = ORIENTED_EDGE ( 'NONE', *, *, #2703, .F. ) ;
#5999 = EDGE_LOOP ( 'NONE', ( #2924, #3421, #516, #538, #5269, #2003, #176, #3564, #5051, #6006, #3558, #1673, #532, #2261, #1798, #3294, #5395, #5038, #5462, #5122 ) ) ;
#6000 = ORIENTED_EDGE ( 'NONE', *, *, #3734, .T. ) ;
#6001 = LINE ( 'NONE', #5967, #4391 ) ;
#6002 = CARTESIAN_POINT ( 'NONE',  ( 0.4851499999999998600, 0.1064815665455062600, -0.02649999999999999200 ) ) ;
#6003 = CARTESIAN_POINT ( 'NONE',  ( -0.02707888366625380000, 0.1165531024276636000, -0.05999999999999999800 ) ) ;
#6004 = ORIENTED_EDGE ( 'NONE', *, *, #4212, .T. ) ;
#6005 = APPLICATION_CONTEXT ( 'automotive_design' ) ;
#6006 = ORIENTED_EDGE ( 'NONE', *, *, #3077, .F. ) ;
#6007 = VECTOR ( 'NONE', #3392, 39.37007874015748100 ) ;
#6008 = CARTESIAN_POINT ( 'NONE',  ( 0.3542514457727182200, 0.3489999999999999800, 0.09511279921115511900 ) ) ;
#6009 = CARTESIAN_POINT ( 'NONE',  ( -0.2676451023932669400, 0.09799999999999994800, -0.07334237367679336000 ) ) ;
#6010 = EDGE_CURVE ( 'NONE', #4603, #635, #5241, .T. ) ;
#6011 = ORIENTED_EDGE ( 'NONE', *, *, #1093, .T. ) ;
#6012 = CYLINDRICAL_SURFACE ( 'NONE', #2151, 0.06569999999999999500 ) ;
#6013 = LINE ( 'NONE', #3724, #3025 ) ;
#6014 = DIRECTION ( 'NONE',  ( 0.0000000000000000000, -0.0000000000000000000, 1.000000000000000000 ) ) ;
#6015 = CIRCLE ( 'NONE', #4990, 0.02570000000000001400 ) ;
#6016 = VECTOR ( 'NONE', #4773, 39.37007874015748100 ) ;
#6017 = LINE ( 'NONE', #3124, #4483 ) ;
#6018 = AXIS2_PLACEMENT_3D ( 'NONE', #4044, #2179, #3073 ) ;
#6019 = DIRECTION ( 'NONE',  ( 0.0000000000000000000, -0.0000000000000000000, -1.000000000000000000 ) ) ;
#6020 = DIRECTION ( 'NONE',  ( 1.000000000000000000, 0.0000000000000000000, 0.0000000000000000000 ) ) ;
#6021 = VECTOR ( 'NONE', #5236, 39.37007874015748100 ) ;
ENDSEC;
END-ISO-10303-21;
