ISO-10303-21;
HEADER;
FILE_DESCRIPTION (( 'STEP AP214' ),
    '1' );
FILE_NAME ('LS4148(LS4448).STEP',
    '2023-12-16T11:00:30',
    ( '' ),
    ( '' ),
    'SwSTEP 2.0',
    'SolidWorks 2021',
    '' );
FILE_SCHEMA (( 'AUTOMOTIVE_DESIGN' ));
ENDSEC;

DATA;
#1 = EDGE_LOOP ( 'NONE', ( #1686, #210, #1388, #2210, #126, #24, #1306, #604, #2146 ) ) ;
#2 = ADVANCED_FACE ( 'NONE', ( #2218 ), #380, .T. ) ;
#3 = CIRCLE ( 'NONE', #475, 2.899999999999999467 ) ;
#4 = ADVANCED_BREP_SHAPE_REPRESENTATION ( 'LS4148(LS4448)', ( #426, #1205, #2013, #1210, #774 ), #1325 ) ;
#5 = ORIENTED_EDGE ( 'NONE', *, *, #1508, .T. ) ;
#6 = DIRECTION ( 'NONE',  ( -1.000000000000000000, -0.000000000000000000, -0.000000000000000000 ) ) ;
#7 = DIRECTION ( 'NONE',  ( 1.334786679702050242E-16, -0.9864354246167233997, -0.1641497884897352155 ) ) ;
#8 = DIRECTION ( 'NONE',  ( -1.000000000000000000, -0.000000000000000000, -0.000000000000000000 ) ) ;
#9 = DIRECTION ( 'NONE',  ( 0.000000000000000000, 0.000000000000000000, 1.000000000000000000 ) ) ;
#10 = ORIENTED_EDGE ( 'NONE', *, *, #2377, .T. ) ;
#11 = FACE_OUTER_BOUND ( 'NONE', #1755, .T. ) ;
#12 = CARTESIAN_POINT ( 'NONE',  ( -0.3499999999999999778, 0.3403805922287445052, -0.4596194077712558168 ) ) ;
#13 = EDGE_LOOP ( 'NONE', ( #491, #2246 ) ) ;
#14 = ORIENTED_EDGE ( 'NONE', *, *, #294, .F. ) ;
#15 = CARTESIAN_POINT ( 'NONE',  ( -0.9799999999999999822, 0.3403805922287445052, -0.4596194077712558168 ) ) ;
#16 = LINE ( 'NONE', #2027, #1529 ) ;
#17 =( NAMED_UNIT ( * ) SI_UNIT ( $, .STERADIAN. ) SOLID_ANGLE_UNIT ( ) );
#18 = DIRECTION ( 'NONE',  ( 0.000000000000000000, 0.000000000000000000, 1.000000000000000000 ) ) ;
#19 = EDGE_CURVE ( 'NONE', #1206, #453, #776, .T. ) ;
#20 = CIRCLE ( 'NONE', #871, 2.899999999999999467 ) ;
#21 = ORIENTED_EDGE ( 'NONE', *, *, #354, .T. ) ;
#22 = CYLINDRICAL_SURFACE ( 'NONE', #1158, 3.000000000000000444 ) ;
#23 = CARTESIAN_POINT ( 'NONE',  ( -0.9799999999999999822, 1.456906492694600486, -0.4924493654692024824 ) ) ;
#24 = ORIENTED_EDGE ( 'NONE', *, *, #175, .F. ) ;
#25 = ORIENTED_EDGE ( 'NONE', *, *, #1185, .T. ) ;
#26 = AXIS2_PLACEMENT_3D ( 'NONE', #375, #1797, #1426 ) ;
#27 = DIRECTION ( 'NONE',  ( -1.000000000000000000, -0.000000000000000000, -0.000000000000000000 ) ) ;
#28 = VECTOR ( 'NONE', #208, 1000.000000000000000 ) ;
#29 = CARTESIAN_POINT ( 'NONE',  ( -1.279999999999999805, 0.7999999999999999334, -0.3976002188444305308 ) ) ;
#30 = CARTESIAN_POINT ( 'NONE',  ( -3.253111381208465325, 0.3075506345307984502, -0.6569064926946008853 ) ) ;
#31 = CIRCLE ( 'NONE', #2067, 0.2000000000000000389 ) ;
#32 = CARTESIAN_POINT ( 'NONE',  ( -0.3499999999999999778, 1.276034386620229499, -0.5582629502329282678 ) ) ;
#33 = EDGE_CURVE ( 'NONE', #947, #2248, #207, .T. ) ;
#34 = CIRCLE ( 'NONE', #1956, 0.1999999999999999833 ) ;
#35 = ORIENTED_EDGE ( 'NONE', *, *, #1880, .T. ) ;
#36 = DIRECTION ( 'NONE',  ( 0.000000000000000000, 0.000000000000000000, 1.000000000000000000 ) ) ;
#37 = FILL_AREA_STYLE ('',( #2279 ) ) ;
#38 = EDGE_LOOP ( 'NONE', ( #1421, #2359, #58, #897 ) ) ;
#39 = PRODUCT_CONTEXT ( 'NONE', #410, 'mechanical' ) ;
#40 = CIRCLE ( 'NONE', #973, 3.000000000000000444 ) ;
#41 = ORIENTED_EDGE ( 'NONE', *, *, #481, .T. ) ;
#42 = CIRCLE ( 'NONE', #240, 0.1000000000000001027 ) ;
#43 = DIRECTION ( 'NONE',  ( 0.000000000000000000, -0.1641497884897338833, -0.9864354246167235107 ) ) ;
#44 =( NAMED_UNIT ( * ) SI_UNIT ( $, .STERADIAN. ) SOLID_ANGLE_UNIT ( ) );
#45 = AXIS2_PLACEMENT_3D ( 'NONE', #1778, #291, #2114 ) ;
#46 = CARTESIAN_POINT ( 'NONE',  ( -0.7500000000000000000, 0.8000000000000002665, -2.302399781155569425 ) ) ;
#47 = FACE_OUTER_BOUND ( 'NONE', #113, .T. ) ;
#48 = ORIENTED_EDGE ( 'NONE', *, *, #1927, .F. ) ;
#49 = ADVANCED_FACE ( 'NONE', ( #11 ), #1082, .T. ) ;
#50 = DIRECTION ( 'NONE',  ( -1.000000000000000000, 0.000000000000000000, 0.000000000000000000 ) ) ;
#51 = ORIENTED_EDGE ( 'NONE', *, *, #2197, .T. ) ;
#52 = EDGE_CURVE ( 'NONE', #2113, #1889, #471, .T. ) ;
#53 = ORIENTED_EDGE ( 'NONE', *, *, #2314, .F. ) ;
#54 = CARTESIAN_POINT ( 'NONE',  ( -0.7500000000000000000, 1.259619407771256139, 0.4596194077712559278 ) ) ;
#55 = DIRECTION ( 'NONE',  ( 1.000000000000000000, -0.000000000000000000, -0.000000000000000000 ) ) ;
#56 = CIRCLE ( 'NONE', #907, 0.2000000000000000666 ) ;
#57 = CARTESIAN_POINT ( 'NONE',  ( -0.7500000000000000000, 0.1430935073054003248, 0.4924493654692035927 ) ) ;
#58 = ORIENTED_EDGE ( 'NONE', *, *, #1452, .T. ) ;
#59 = CIRCLE ( 'NONE', #1714, 0.1999999999999999833 ) ;
#60 = CARTESIAN_POINT ( 'NONE',  ( 1.079999999999999405, 0.3403805922287445052, -0.4596194077712558168 ) ) ;
#61 = CIRCLE ( 'NONE', #645, 0.7593747037914024833 ) ;
#62 = ORIENTED_EDGE ( 'NONE', *, *, #938, .F. ) ;
#63 = EDGE_CURVE ( 'NONE', #2322, #143, #1887, .T. ) ;
#64 = ORIENTED_EDGE ( 'NONE', *, *, #1327, .F. ) ;
#65 = DIRECTION ( 'NONE',  ( -1.000000000000000000, 0.000000000000000000, 0.000000000000000000 ) ) ;
#66 = CARTESIAN_POINT ( 'NONE',  ( 1.079999999999999405, 3.102399781155569691, 0.000000000000000000 ) ) ;
#67 = VECTOR ( 'NONE', #1861, 1000.000000000000000 ) ;
#68 = CARTESIAN_POINT ( 'NONE',  ( -3.253111381208465325, 1.259619407771255917, -0.4596194077712558168 ) ) ;
#69 = VERTEX_POINT ( 'NONE', #1998 ) ;
#70 = AXIS2_PLACEMENT_3D ( 'NONE', #106, #289, #1491 ) ;
#71 = CYLINDRICAL_SURFACE ( 'NONE', #1160, 0.2000000000000000389 ) ;
#72 = UNCERTAINTY_MEASURE_WITH_UNIT (LENGTH_MEASURE( 1.000000000000000082E-05 ), #315, 'distance_accuracy_value', 'NONE');
#73 = CIRCLE ( 'NONE', #150, 2.999999999999999556 ) ;
#74 = VERTEX_POINT ( 'NONE', #1475 ) ;
#75 = AXIS2_PLACEMENT_3D ( 'NONE', #1737, #792, #263 ) ;
#76 = ORIENTED_EDGE ( 'NONE', *, *, #1099, .T. ) ;
#77 = EDGE_CURVE ( 'NONE', #1375, #630, #358, .T. ) ;
#78 = CARTESIAN_POINT ( 'NONE',  ( -1.279999999999999805, 0.7999999999999999334, 0.000000000000000000 ) ) ;
#79 = VECTOR ( 'NONE', #166, 1000.000000000000000 ) ;
#80 = CARTESIAN_POINT ( 'NONE',  ( -0.3499999999999999778, 0.3075506345307985057, -0.6569064926946004412 ) ) ;
#81 = CARTESIAN_POINT ( 'NONE',  ( 1.279999999999999805, 1.259619407771255917, -0.4596194077712558168 ) ) ;
#82 = DIRECTION ( 'NONE',  ( -1.000000000000000000, 0.000000000000000000, 0.000000000000000000 ) ) ;
#83 = CIRCLE ( 'NONE', #778, 0.2000000000000002054 ) ;
#84 = VERTEX_POINT ( 'NONE', #1313 ) ;
#85 = ADVANCED_FACE ( 'NONE', ( #554 ), #2046, .T. ) ;
#86 = DIRECTION ( 'NONE',  ( -1.000000000000000000, 0.000000000000000000, 0.000000000000000000 ) ) ;
#87 = ORIENTED_EDGE ( 'NONE', *, *, #467, .F. ) ;
#88 = ORIENTED_EDGE ( 'NONE', *, *, #401, .T. ) ;
#89 = CARTESIAN_POINT ( 'NONE',  ( -0.7500000000000000000, -1.502399781155568714, 7.499184645402688704E-16 ) ) ;
#90 = DIRECTION ( 'NONE',  ( 0.000000000000000000, 0.000000000000000000, -1.000000000000000000 ) ) ;
#91 = DIRECTION ( 'NONE',  ( -1.000000000000000000, 0.000000000000000000, 0.000000000000000000 ) ) ;
#92 = CARTESIAN_POINT ( 'NONE',  ( -0.7500000000000000000, 0.2417370497670720819, 0.4760343866202301211 ) ) ;
#93 = DIRECTION ( 'NONE',  ( -1.000000000000000000, 0.000000000000000000, 0.000000000000000000 ) ) ;
#94 = ORIENTED_EDGE ( 'NONE', *, *, #253, .T. ) ;
#95 = FACE_OUTER_BOUND ( 'NONE', #362, .T. ) ;
#96 = CIRCLE ( 'NONE', #407, 2.999999999999999112 ) ;
#97 = VECTOR ( 'NONE', #2238, 1000.000000000000000 ) ;
#98 = EDGE_LOOP ( 'NONE', ( #1744, #702, #1298, #245 ) ) ;
#99 = ORIENTED_EDGE ( 'NONE', *, *, #1623, .T. ) ;
#100 = FACE_OUTER_BOUND ( 'NONE', #477, .T. ) ;
#101 = PRODUCT_DEFINITION ( 'UNKNOWN', '', #2263, #464 ) ;
#102 = CARTESIAN_POINT ( 'NONE',  ( -3.253111381208465325, 1.292449365469203304, 0.6569064926946004412 ) ) ;
#103 = DIRECTION ( 'NONE',  ( 0.000000000000000000, 0.000000000000000000, 1.000000000000000000 ) ) ;
#104 = CARTESIAN_POINT ( 'NONE',  ( -0.3499999999999998113, 1.292449365469203082, -0.6569064926946004412 ) ) ;
#105 = AXIS2_PLACEMENT_3D ( 'NONE', #978, #592, #968 ) ;
#106 = CARTESIAN_POINT ( 'NONE',  ( -0.7500000000000000000, 0.7999999999999997113, 2.302399781155569425 ) ) ;
#107 = ORIENTED_EDGE ( 'NONE', *, *, #1227, .T. ) ;
#108 = CIRCLE ( 'NONE', #1070, 0.1000000000000001027 ) ;
#109 = ADVANCED_FACE ( 'NONE', ( #761 ), #1350, .T. ) ;
#110 = AXIS2_PLACEMENT_3D ( 'NONE', #1356, #1751, #1943 ) ;
#111 = ORIENTED_EDGE ( 'NONE', *, *, #1150, .F. ) ;
#112 = CIRCLE ( 'NONE', #2105, 3.000000000000000000 ) ;
#113 = EDGE_LOOP ( 'NONE', ( #14, #720, #332, #815 ) ) ;
#114 = CARTESIAN_POINT ( 'NONE',  ( -1.179999999999999938, 1.259619407771256139, 0.4596194077712559278 ) ) ;
#115 = CARTESIAN_POINT ( 'NONE',  ( 1.623111381208463877, 1.456906492694600486, -0.4924493654692024824 ) ) ;
#116 = CARTESIAN_POINT ( 'NONE',  ( -0.3499999999999998113, 0.8000000000000002665, -2.302399781155569425 ) ) ;
#117 = CIRCLE ( 'NONE', #1117, 0.2000000000000000944 ) ;
#118 = DIRECTION ( 'NONE',  ( 0.000000000000000000, 0.9864354246167232887, -0.1641497884897351600 ) ) ;
#119 = ORIENTED_EDGE ( 'NONE', *, *, #1344, .F. ) ;
#120 = DIRECTION ( 'NONE',  ( 0.000000000000000000, 0.000000000000000000, 1.000000000000000000 ) ) ;
#121 = AXIS2_PLACEMENT_3D ( 'NONE', #1268, #1464, #1648 ) ;
#122 = CIRCLE ( 'NONE', #2187, 0.1999999999999999278 ) ;
#123 = ADVANCED_FACE ( 'NONE', ( #1279 ), #1663, .T. ) ;
#124 = ORIENTED_EDGE ( 'NONE', *, *, #2056, .T. ) ;
#125 = ADVANCED_FACE ( 'NONE', ( #391 ), #1453, .T. ) ;
#126 = ORIENTED_EDGE ( 'NONE', *, *, #2103, .F. ) ;
#127 =( NAMED_UNIT ( * ) PLANE_ANGLE_UNIT ( ) SI_UNIT ( $, .RADIAN. ) );
#128 = EDGE_CURVE ( 'NONE', #630, #327, #42, .T. ) ;
#129 = CYLINDRICAL_SURFACE ( 'NONE', #811, 0.1000000000000001027 ) ;
#130 = DIRECTION ( 'NONE',  ( 1.000000000000000000, -0.000000000000000000, -0.000000000000000000 ) ) ;
#131 = CYLINDRICAL_SURFACE ( 'NONE', #1423, 0.09999999999999976963 ) ;
#132 = LINE ( 'NONE', #1239, #498 ) ;
#133 = ORIENTED_EDGE ( 'NONE', *, *, #406, .F. ) ;
#134 = FACE_OUTER_BOUND ( 'NONE', #1922, .T. ) ;
#135 = ORIENTED_EDGE ( 'NONE', *, *, #762, .T. ) ;
#136 = ORIENTED_EDGE ( 'NONE', *, *, #2265, .T. ) ;
#137 = DIRECTION ( 'NONE',  ( -1.000000000000000000, 0.000000000000000000, 0.000000000000000000 ) ) ;
#138 = ADVANCED_FACE ( 'NONE', ( #160 ), #22, .T. ) ;
#139 = AXIS2_PLACEMENT_3D ( 'NONE', #89, #523, #1581 ) ;
#140 = DIRECTION ( 'NONE',  ( 0.000000000000000000, 0.000000000000000000, -1.000000000000000000 ) ) ;
#141 = DIRECTION ( 'NONE',  ( 0.000000000000000000, 0.000000000000000000, -1.000000000000000000 ) ) ;
#142 = DIRECTION ( 'NONE',  ( 0.000000000000000000, 0.000000000000000000, -1.000000000000000000 ) ) ;
#143 = VERTEX_POINT ( 'NONE', #541 ) ;
#144 = VECTOR ( 'NONE', #2240, 1000.000000000000000 ) ;
#145 = EDGE_LOOP ( 'NONE', ( #642, #1875, #1060, #2315 ) ) ;
#146 = EDGE_CURVE ( 'NONE', #1823, #647, #1962, .T. ) ;
#147 = ORIENTED_EDGE ( 'NONE', *, *, #2360, .T. ) ;
#148 = AXIS2_PLACEMENT_3D ( 'NONE', #1176, #835, #669 ) ;
#149 = CARTESIAN_POINT ( 'NONE',  ( -0.3499999999999999778, 0.7999999999999997113, 2.302399781155569425 ) ) ;
#150 = AXIS2_PLACEMENT_3D ( 'NONE', #2374, #942, #1093 ) ;
#151 = CARTESIAN_POINT ( 'NONE',  ( -0.3499999999999998113, 1.358262950232928645, -0.4760343866202290664 ) ) ;
#152 = EDGE_CURVE ( 'NONE', #954, #1506, #357, .T. ) ;
#153 = CARTESIAN_POINT ( 'NONE',  ( 1.750000000000000000, 0.8000000000000000444, -0.7593747037914024833 ) ) ;
#154 = AXIS2_PLACEMENT_3D ( 'NONE', #66, #55, #625 ) ;
#155 = DIRECTION ( 'NONE',  ( -1.000000000000000000, 0.000000000000000000, 0.000000000000000000 ) ) ;
#156 = CARTESIAN_POINT ( 'NONE',  ( -0.3500000000000000333, 0.3075506345307973399, 0.6569064926946006633 ) ) ;
#157 = CIRCLE ( 'NONE', #1080, 2.799999999999999822 ) ;
#158 = EDGE_CURVE ( 'NONE', #925, #1972, #1699, .T. ) ;
#159 = AXIS2_PLACEMENT_3D ( 'NONE', #60, #631, #797 ) ;
#160 = FACE_OUTER_BOUND ( 'NONE', #1417, .T. ) ;
#161 = FACE_BOUND ( 'NONE', #789, .T. ) ;
#162 = VERTEX_POINT ( 'NONE', #825 ) ;
#163 = DIRECTION ( 'NONE',  ( 0.000000000000000000, 0.000000000000000000, 1.000000000000000000 ) ) ;
#164 = FACE_OUTER_BOUND ( 'NONE', #1891, .T. ) ;
#165 = CARTESIAN_POINT ( 'NONE',  ( -1.279999999999999805, 0.7999999999999999334, 0.000000000000000000 ) ) ;
#166 = DIRECTION ( 'NONE',  ( -1.000000000000000000, 0.000000000000000000, 0.000000000000000000 ) ) ;
#167 = CARTESIAN_POINT ( 'NONE',  ( -0.3499999999999998113, 3.102399781155569691, 0.000000000000000000 ) ) ;
#168 = CARTESIAN_POINT ( 'NONE',  ( -0.7500000000000000000, 0.3403805922287442831, 0.4596194077712559278 ) ) ;
#169 = EDGE_CURVE ( 'NONE', #1004, #2101, #931, .T. ) ;
#170 = VERTEX_POINT ( 'NONE', #2281 ) ;
#171 = DIRECTION ( 'NONE',  ( 1.000000000000000000, -0.000000000000000000, -0.000000000000000000 ) ) ;
#172 = DIRECTION ( 'NONE',  ( 1.000000000000000000, -0.000000000000000000, -0.000000000000000000 ) ) ;
#173 = ORIENTED_EDGE ( 'NONE', *, *, #1355, .T. ) ;
#174 = DIRECTION ( 'NONE',  ( 0.000000000000000000, -1.548860246407863583E-16, 1.000000000000000000 ) ) ;
#175 = EDGE_CURVE ( 'NONE', #947, #1781, #1236, .T. ) ;
#176 = CARTESIAN_POINT ( 'NONE',  ( -0.7500000000000000000, 0.8000000000000002665, -2.302399781155569425 ) ) ;
#177 = CARTESIAN_POINT ( 'NONE',  ( 1.515000000000000124, 0.8000000000000001554, 0.000000000000000000 ) ) ;
#178 = ORIENTED_EDGE ( 'NONE', *, *, #2255, .F. ) ;
#179 = ADVANCED_FACE ( 'NONE', ( #991, #1538 ), #1897, .T. ) ;
#180 = DIRECTION ( 'NONE',  ( 1.000000000000000000, -0.000000000000000000, -0.000000000000000000 ) ) ;
#181 = CIRCLE ( 'NONE', #1984, 0.1000000000000001027 ) ;
#182 = DIRECTION ( 'NONE',  ( 0.000000000000000000, 0.000000000000000000, -1.000000000000000000 ) ) ;
#183 = ORIENTED_EDGE ( 'NONE', *, *, #2354, .F. ) ;
#184 = CIRCLE ( 'NONE', #269, 2.799999999999999822 ) ;
#185 = ORIENTED_EDGE ( 'NONE', *, *, #651, .F. ) ;
#186 = FACE_OUTER_BOUND ( 'NONE', #13, .T. ) ;
#187 = CARTESIAN_POINT ( 'NONE',  ( -3.253111381208465325, 0.3403805922287445052, -0.4596194077712558168 ) ) ;
#188 = AXIS2_PLACEMENT_3D ( 'NONE', #2352, #118, #1439 ) ;
#189 = DIRECTION ( 'NONE',  ( 0.000000000000000000, 0.000000000000000000, 1.000000000000000000 ) ) ;
#190 = VECTOR ( 'NONE', #712, 1000.000000000000000 ) ;
#191 = CARTESIAN_POINT ( 'NONE',  ( 1.623111381208463877, 0.3403805922287445052, -0.4596194077712558168 ) ) ;
#192 = SPHERICAL_SURFACE ( 'NONE', #583, 0.2000000000000000111 ) ;
#193 = ORIENTED_EDGE ( 'NONE', *, *, #1952, .F. ) ;
#194 = DIRECTION ( 'NONE',  ( -1.000000000000000000, -0.000000000000000000, -0.000000000000000000 ) ) ;
#195 = CIRCLE ( 'NONE', #392, 3.000000000000000000 ) ;
#196 = CARTESIAN_POINT ( 'NONE',  ( -0.3499999999999998113, 0.2417370497670720819, 0.4760343866202301211 ) ) ;
#197 = ORIENTED_EDGE ( 'NONE', *, *, #146, .F. ) ;
#198 = AXIS2_PLACEMENT_3D ( 'NONE', #2244, #1721, #787 ) ;
#199 = EDGE_CURVE ( 'NONE', #390, #1408, #1770, .T. ) ;
#200 = CIRCLE ( 'NONE', #437, 2.999999999999999556 ) ;
#201 = ORIENTED_EDGE ( 'NONE', *, *, #1842, .F. ) ;
#202 = CARTESIAN_POINT ( 'NONE',  ( -0.3499999999999999778, 0.3239656133797708115, 0.5582629502329280458 ) ) ;
#203 = EDGE_CURVE ( 'NONE', #992, #656, #1133, .T. ) ;
#204 = DIRECTION ( 'NONE',  ( -1.000000000000000000, 0.000000000000000000, 0.000000000000000000 ) ) ;
#205 = LINE ( 'NONE', #1672, #1198 ) ;
#206 = ORIENTED_EDGE ( 'NONE', *, *, #1871, .T. ) ;
#207 = LINE ( 'NONE', #2021, #1275 ) ;
#208 = DIRECTION ( 'NONE',  ( -1.000000000000000000, 0.000000000000000000, 0.000000000000000000 ) ) ;
#209 = ORIENTED_EDGE ( 'NONE', *, *, #904, .T. ) ;
#210 = ORIENTED_EDGE ( 'NONE', *, *, #1401, .F. ) ;
#211 = CIRCLE ( 'NONE', #1553, 0.3976002188444305308 ) ;
#212 = ADVANCED_FACE ( 'NONE', ( #1514 ), #1909, .T. ) ;
#213 = DIRECTION ( 'NONE',  ( -3.698741117027982733E-15, -0.9864354246167235107, 0.1641497884897338833 ) ) ;
#214 = CARTESIAN_POINT ( 'NONE',  ( 1.079999999999999405, 0.3075506345307984502, -0.6569064926946008853 ) ) ;
#215 = EDGE_CURVE ( 'NONE', #1516, #1908, #772, .T. ) ;
#216 = FACE_OUTER_BOUND ( 'NONE', #683, .T. ) ;
#217 = CARTESIAN_POINT ( 'NONE',  ( -1.750000000000000000, 0.8000000000000001554, 0.7593747037914024833 ) ) ;
#218 = VERTEX_POINT ( 'NONE', #1336 ) ;
#219 = DIRECTION ( 'NONE',  ( -1.000000000000000000, -0.000000000000000000, -0.000000000000000000 ) ) ;
#220 = DIRECTION ( 'NONE',  ( 0.000000000000000000, 0.000000000000000000, 1.000000000000000000 ) ) ;
#221 = ORIENTED_EDGE ( 'NONE', *, *, #2109, .F. ) ;
#222 = CIRCLE ( 'NONE', #2209, 0.09999999999999976963 ) ;
#223 = ORIENTED_EDGE ( 'NONE', *, *, #1519, .F. ) ;
#224 = AXIS2_PLACEMENT_3D ( 'NONE', #525, #1438, #1293 ) ;
#225 = DIRECTION ( 'NONE',  ( 0.000000000000000000, -2.168404344971009657E-15, 1.000000000000000000 ) ) ;
#226 = CARTESIAN_POINT ( 'NONE',  ( 1.079999999999999405, -1.502399781155568714, 7.499184645402688704E-16 ) ) ;
#227 = AXIS2_PLACEMENT_3D ( 'NONE', #731, #370, #1476 ) ;
#228 = EDGE_CURVE ( 'NONE', #2225, #2208, #738, .T. ) ;
#229 = CARTESIAN_POINT ( 'NONE',  ( -0.3499999999999998113, 1.456906492694601152, -0.4924493654692025935 ) ) ;
#230 = LINE ( 'NONE', #244, #1410 ) ;
#231 = MECHANICAL_DESIGN_GEOMETRIC_PRESENTATION_REPRESENTATION (  '', ( #428 ), #1838 ) ;
#232 = DIRECTION ( 'NONE',  ( 0.000000000000000000, 0.000000000000000000, -1.000000000000000000 ) ) ;
#233 = CIRCLE ( 'NONE', #349, 2.799999999999999822 ) ;
#234 = ORIENTED_EDGE ( 'NONE', *, *, #1657, .T. ) ;
#235 = DIRECTION ( 'NONE',  ( -1.000000000000000000, -0.000000000000000000, -0.000000000000000000 ) ) ;
#236 = ADVANCED_FACE ( 'NONE', ( #1890 ), #1618, .T. ) ;
#237 = ORIENTED_EDGE ( 'NONE', *, *, #681, .F. ) ;
#238 = AXIS2_PLACEMENT_3D ( 'NONE', #277, #474, #2277 ) ;
#239 = VERTEX_POINT ( 'NONE', #955 ) ;
#240 = AXIS2_PLACEMENT_3D ( 'NONE', #2167, #1805, #1675 ) ;
#241 = CARTESIAN_POINT ( 'NONE',  ( 1.079999999999999405, 1.259619407771255917, -0.4596194077712559833 ) ) ;
#242 = CIRCLE ( 'NONE', #359, 0.7593747037914024833 ) ;
#243 = LINE ( 'NONE', #1706, #2375 ) ;
#244 = CARTESIAN_POINT ( 'NONE',  ( -3.253111381208465325, 0.3075506345307973399, 0.6569064926946006633 ) ) ;
#245 = ORIENTED_EDGE ( 'NONE', *, *, #2032, .F. ) ;
#246 = CARTESIAN_POINT ( 'NONE',  ( 1.079999999999999405, 0.8000000000000002665, -2.302399781155569425 ) ) ;
#247 = ADVANCED_FACE ( 'NONE', ( #2233 ), #1732, .T. ) ;
#248 = EDGE_LOOP ( 'NONE', ( #1598, #2185, #25, #1404 ) ) ;
#249 = ORIENTED_EDGE ( 'NONE', *, *, #1355, .F. ) ;
#250 = DIRECTION ( 'NONE',  ( 0.000000000000000000, 0.000000000000000000, -1.000000000000000000 ) ) ;
#251 = DIRECTION ( 'NONE',  ( -1.000000000000000000, 0.000000000000000000, 0.000000000000000000 ) ) ;
#252 = CIRCLE ( 'NONE', #139, 2.899999999999999467 ) ;
#253 = EDGE_CURVE ( 'NONE', #531, #1396, #2258, .T. ) ;
#254 = CARTESIAN_POINT ( 'NONE',  ( -3.253111381208465325, 1.292449365469203082, -0.6569064926946006633 ) ) ;
#255 = DIRECTION ( 'NONE',  ( 1.000000000000000000, -0.000000000000000000, -0.000000000000000000 ) ) ;
#256 = ORIENTED_EDGE ( 'NONE', *, *, #169, .T. ) ;
#257 = DIRECTION ( 'NONE',  ( 1.000000000000000000, -0.000000000000000000, -0.000000000000000000 ) ) ;
#258 = AXIS2_PLACEMENT_3D ( 'NONE', #1859, #1376, #1518 ) ;
#259 = EDGE_CURVE ( 'NONE', #480, #261, #279, .T. ) ;
#260 = VERTEX_POINT ( 'NONE', #594 ) ;
#261 = VERTEX_POINT ( 'NONE', #2055 ) ;
#262 = CARTESIAN_POINT ( 'NONE',  ( -0.7500000000000000000, 0.8000000000000002665, -2.302399781155569425 ) ) ;
#263 = DIRECTION ( 'NONE',  ( 0.000000000000000000, 0.000000000000000000, 1.000000000000000000 ) ) ;
#264 = DIRECTION ( 'NONE',  ( 1.000000000000000000, -0.000000000000000000, -0.000000000000000000 ) ) ;
#265 = DIRECTION ( 'NONE',  ( -1.000000000000000000, 0.000000000000000000, 0.000000000000000000 ) ) ;
#266 = AXIS2_PLACEMENT_3D ( 'NONE', #1847, #1329, #422 ) ;
#267 = DIRECTION ( 'NONE',  ( 1.000000000000000000, 0.000000000000000000, -0.000000000000000000 ) ) ;
#268 = ORIENTED_EDGE ( 'NONE', *, *, #1677, .F. ) ;
#269 = AXIS2_PLACEMENT_3D ( 'NONE', #530, #1536, #1572 ) ;
#270 = CARTESIAN_POINT ( 'NONE',  ( -1.279999999999999805, 0.7999999999999999334, 0.000000000000000000 ) ) ;
#271 = AXIS2_PLACEMENT_3D ( 'NONE', #2060, #1747, #1884 ) ;
#272 = ORIENTED_EDGE ( 'NONE', *, *, #788, .F. ) ;
#273 = ORIENTED_EDGE ( 'NONE', *, *, #158, .F. ) ;
#274 = CARTESIAN_POINT ( 'NONE',  ( -1.750000000000000000, 0.8000000000000001554, 0.000000000000000000 ) ) ;
#275 = SPHERICAL_SURFACE ( 'NONE', #2220, 0.2000000000000000111 ) ;
#276 = LINE ( 'NONE', #843, #1947 ) ;
#277 = CARTESIAN_POINT ( 'NONE',  ( 1.750000000000000000, 0.8000000000000001554, 0.000000000000000000 ) ) ;
#278 = ADVANCED_FACE ( 'NONE', ( #981 ), #71, .T. ) ;
#279 = CIRCLE ( 'NONE', #586, 2.999999999999999556 ) ;
#280 = ORIENTED_EDGE ( 'NONE', *, *, #52, .F. ) ;
#281 = CARTESIAN_POINT ( 'NONE',  ( 1.079999999999999405, 0.7999999999999997113, -0.6976002188444304641 ) ) ;
#282 = ORIENTED_EDGE ( 'NONE', *, *, #1209, .F. ) ;
#283 = ORIENTED_EDGE ( 'NONE', *, *, #1316, .T. ) ;
#284 = DIRECTION ( 'NONE',  ( 0.000000000000000000, 0.000000000000000000, -1.000000000000000000 ) ) ;
#285 = CARTESIAN_POINT ( 'NONE',  ( -0.3499999999999999778, 1.456906492694600930, 0.4924493654692028155 ) ) ;
#286 = EDGE_CURVE ( 'NONE', #2010, #1678, #3, .T. ) ;
#287 = CYLINDRICAL_SURFACE ( 'NONE', #1258, 2.899999999999999467 ) ;
#288 = DIRECTION ( 'NONE',  ( 0.000000000000000000, 0.000000000000000000, 1.000000000000000000 ) ) ;
#289 = DIRECTION ( 'NONE',  ( -1.000000000000000000, 0.000000000000000000, 0.000000000000000000 ) ) ;
#290 = ORIENTED_EDGE ( 'NONE', *, *, #564, .F. ) ;
#291 = DIRECTION ( 'NONE',  ( -1.000000000000000000, 0.000000000000000000, 0.000000000000000000 ) ) ;
#292 = CIRCLE ( 'NONE', #831, 0.7593747037914024833 ) ;
#293 = EDGE_LOOP ( 'NONE', ( #1705, #443, #1982, #1830 ) ) ;
#294 = EDGE_CURVE ( 'NONE', #992, #1769, #1772, .T. ) ;
#295 = VERTEX_POINT ( 'NONE', #328 ) ;
#296 = DIRECTION ( 'NONE',  ( 0.000000000000000000, 0.1641497884897346882, 0.9864354246167235107 ) ) ;
#297 = DIRECTION ( 'NONE',  ( 1.000000000000000000, 0.000000000000000000, 0.000000000000000000 ) ) ;
#298 = CARTESIAN_POINT ( 'NONE',  ( -3.253111381208465325, 0.7999999999999997113, 2.302399781155569425 ) ) ;
#299 = CARTESIAN_POINT ( 'NONE',  ( 1.279999999999999805, 1.259619407771256139, 0.4596194077712559278 ) ) ;
#300 = EDGE_CURVE ( 'NONE', #2257, #790, #122, .T. ) ;
#301 = CIRCLE ( 'NONE', #1601, 0.2000000000000000111 ) ;
#302 = DIRECTION ( 'NONE',  ( 0.000000000000000000, 0.000000000000000000, -1.000000000000000000 ) ) ;
#303 = VERTEX_POINT ( 'NONE', #880 ) ;
#304 = FACE_OUTER_BOUND ( 'NONE', #678, .T. ) ;
#305 = ADVANCED_FACE ( 'NONE', ( #862 ), #1790, .T. ) ;
#306 = CIRCLE ( 'NONE', #1687, 2.899999999999999467 ) ;
#307 = VERTEX_POINT ( 'NONE', #463 ) ;
#308 = VECTOR ( 'NONE', #725, 1000.000000000000000 ) ;
#309 = ADVANCED_FACE ( 'NONE', ( #304 ), #658, .T. ) ;
#310 = VECTOR ( 'NONE', #251, 1000.000000000000000 ) ;
#311 = EDGE_LOOP ( 'NONE', ( #1383, #558, #1637, #283 ) ) ;
#312 = CARTESIAN_POINT ( 'NONE',  ( -0.7500000000000000000, 3.102399781155569691, 0.000000000000000000 ) ) ;
#313 = DIRECTION ( 'NONE',  ( 0.000000000000000000, 0.000000000000000000, 1.000000000000000000 ) ) ;
#314 = CYLINDRICAL_SURFACE ( 'NONE', #1754, 3.000000000000000000 ) ;
#315 =( LENGTH_UNIT ( ) NAMED_UNIT ( * ) SI_UNIT ( .MILLI., .METRE. ) );
#316 = ORIENTED_EDGE ( 'NONE', *, *, #1415, .T. ) ;
#317 = DIRECTION ( 'NONE',  ( 0.000000000000000000, 0.000000000000000000, 1.000000000000000000 ) ) ;
#318 = CLOSED_SHELL ( 'NONE', ( #495, #1200, #383, #805 ) ) ;
#319 = CIRCLE ( 'NONE', #1851, 2.999999999999999112 ) ;
#320 = ORIENTED_EDGE ( 'NONE', *, *, #1668, .T. ) ;
#321 = ORIENTED_EDGE ( 'NONE', *, *, #1822, .F. ) ;
#322 = DIRECTION ( 'NONE',  ( -1.000000000000000000, 0.000000000000000000, 0.000000000000000000 ) ) ;
#323 = CARTESIAN_POINT ( 'NONE',  ( -3.253111381208465325, 1.456906492694600486, -0.4924493654692024824 ) ) ;
#324 = FACE_OUTER_BOUND ( 'NONE', #1102, .T. ) ;
#325 = FILL_AREA_STYLE_COLOUR ( '', #700 ) ;
#326 = ADVANCED_FACE ( 'NONE', ( #95 ), #837, .T. ) ;
#327 = VERTEX_POINT ( 'NONE', #671 ) ;
#328 = CARTESIAN_POINT ( 'NONE',  ( -0.7500000000000000000, 0.1430935073053996309, -0.4924493654692028155 ) ) ;
#329 = AXIS2_PLACEMENT_3D ( 'NONE', #78, #841, #2107 ) ;
#330 = ORIENTED_EDGE ( 'NONE', *, *, #1430, .F. ) ;
#331 = EDGE_CURVE ( 'NONE', #2116, #260, #703, .T. ) ;
#332 = ORIENTED_EDGE ( 'NONE', *, *, #1591, .F. ) ;
#333 = TOROIDAL_SURFACE ( 'NONE', #2286, 0.09999999999999982514, 0.6999999999999999556 ) ;
#334 = DIRECTION ( 'NONE',  ( -1.000000000000000000, 0.000000000000000000, 0.000000000000000000 ) ) ;
#335 = CIRCLE ( 'NONE', #447, 2.999999999999999112 ) ;
#336 = LINE ( 'NONE', #1246, #1840 ) ;
#337 = CARTESIAN_POINT ( 'NONE',  ( -0.9799999999999999822, 0.7999999999999997113, 2.302399781155569425 ) ) ;
#338 = ADVANCED_FACE ( 'NONE', ( #134 ), #1462, .T. ) ;
#339 = FILL_AREA_STYLE ('',( #2165 ) ) ;
#340 = FILL_AREA_STYLE_COLOUR ( '', #2115 ) ;
#341 = AXIS2_PLACEMENT_3D ( 'NONE', #1310, #400, #1332 ) ;
#342 = EDGE_LOOP ( 'NONE', ( #2123, #870 ) ) ;
#343 = ORIENTED_EDGE ( 'NONE', *, *, #628, .F. ) ;
#344 = AXIS2_PLACEMENT_3D ( 'NONE', #2034, #1818, #709 ) ;
#345 = DIRECTION ( 'NONE',  ( 0.000000000000000000, -0.1641497884897352433, -0.9864354246167232887 ) ) ;
#346 = ORIENTED_EDGE ( 'NONE', *, *, #2329, .F. ) ;
#347 = AXIS2_PLACEMENT_3D ( 'NONE', #1728, #977, #1904 ) ;
#348 = DIRECTION ( 'NONE',  ( 0.000000000000000000, 0.000000000000000000, 1.000000000000000000 ) ) ;
#349 = AXIS2_PLACEMENT_3D ( 'NONE', #1046, #2350, #874 ) ;
#350 = ADVANCED_FACE ( 'NONE', ( #1015 ), #1241, .T. ) ;
#351 = CYLINDRICAL_SURFACE ( 'NONE', #2297, 2.899999999999999911 ) ;
#352 = CARTESIAN_POINT ( 'NONE',  ( 1.623111381208463877, 0.1430935073053996309, -0.4924493654692028155 ) ) ;
#353 = DIRECTION ( 'NONE',  ( 0.000000000000000000, 0.000000000000000000, 1.000000000000000000 ) ) ;
#354 = EDGE_CURVE ( 'NONE', #1704, #170, #319, .T. ) ;
#355 = DIRECTION ( 'NONE',  ( 0.000000000000000000, 0.000000000000000000, -1.000000000000000000 ) ) ;
#356 = VECTOR ( 'NONE', #1035, 1000.000000000000000 ) ;
#357 = CIRCLE ( 'NONE', #1118, 2.899999999999999467 ) ;
#358 = LINE ( 'NONE', #2195, #855 ) ;
#359 = AXIS2_PLACEMENT_3D ( 'NONE', #1219, #1923, #1971 ) ;
#360 = CARTESIAN_POINT ( 'NONE',  ( 1.079999999999999405, 0.1430935073054003248, 0.4924493654692035927 ) ) ;
#361 = EDGE_CURVE ( 'NONE', #2093, #992, #200, .T. ) ;
#362 = EDGE_LOOP ( 'NONE', ( #553, #2054, #1197, #1220 ) ) ;
#363 = CARTESIAN_POINT ( 'NONE',  ( -0.7500000000000000000, 0.8000000000000002665, -2.302399781155569425 ) ) ;
#364 = DIRECTION ( 'NONE',  ( -1.000000000000000000, -0.000000000000000000, -0.000000000000000000 ) ) ;
#365 = EDGE_CURVE ( 'NONE', #1804, #1716, #242, .T. ) ;
#366 = DIRECTION ( 'NONE',  ( 0.000000000000000000, 0.000000000000000000, 1.000000000000000000 ) ) ;
#367 = CARTESIAN_POINT ( 'NONE',  ( 1.079999999999999405, 1.292449365469203082, -0.6569064926946006633 ) ) ;
#368 = ORIENTED_EDGE ( 'NONE', *, *, #1999, .T. ) ;
#369 = CARTESIAN_POINT ( 'NONE',  ( -3.253111381208465325, 0.7999999999999997113, 2.302399781155569425 ) ) ;
#370 = DIRECTION ( 'NONE',  ( 1.000000000000000000, -0.000000000000000000, -0.000000000000000000 ) ) ;
#371 = VERTEX_POINT ( 'NONE', #281 ) ;
#372 = SHAPE_DEFINITION_REPRESENTATION ( #1377, #4 ) ;
#373 = AXIS2_PLACEMENT_3D ( 'NONE', #54, #1497, #2040 ) ;
#374 = EDGE_LOOP ( 'NONE', ( #135, #2310, #1959, #836 ) ) ;
#375 = CARTESIAN_POINT ( 'NONE',  ( -3.253111381208465325, 0.3403805922287442831, 0.4596194077712559278 ) ) ;
#376 = AXIS2_PLACEMENT_3D ( 'NONE', #997, #296, #1009 ) ;
#377 = CYLINDRICAL_SURFACE ( 'NONE', #465, 0.3976002188444305308 ) ;
#378 = DIRECTION ( 'NONE',  ( 0.000000000000000000, -0.9864354246167233997, 0.1641497884897347159 ) ) ;
#379 = ADVANCED_FACE ( 'NONE', ( #1040 ), #2296, .T. ) ;
#380 = CYLINDRICAL_SURFACE ( 'NONE', #2226, 3.000000000000000000 ) ;
#381 = DIRECTION ( 'NONE',  ( -1.000000000000000000, 0.000000000000000000, 0.000000000000000000 ) ) ;
#382 = VERTEX_POINT ( 'NONE', #1026 ) ;
#383 = ADVANCED_FACE ( 'NONE', ( #1753 ), #668, .T. ) ;
#384 = CARTESIAN_POINT ( 'NONE',  ( -0.9799999999999999822, 0.3403805922287442831, 0.4596194077712559278 ) ) ;
#385 = DIRECTION ( 'NONE',  ( 0.000000000000000000, 0.000000000000000000, 1.000000000000000000 ) ) ;
#386 = CIRCLE ( 'NONE', #1914, 2.899999999999999911 ) ;
#387 = CARTESIAN_POINT ( 'NONE',  ( -0.7500000000000000000, 0.3075506345307973399, 0.6569064926946003302 ) ) ;
#388 = LINE ( 'NONE', #1815, #741 ) ;
#389 = DIRECTION ( 'NONE',  ( -1.000000000000000000, 0.000000000000000000, 0.000000000000000000 ) ) ;
#390 = VERTEX_POINT ( 'NONE', #849 ) ;
#391 = FACE_OUTER_BOUND ( 'NONE', #98, .T. ) ;
#392 = AXIS2_PLACEMENT_3D ( 'NONE', #1425, #2152, #1990 ) ;
#393 = FACE_OUTER_BOUND ( 'NONE', #2157, .T. ) ;
#394 = ORIENTED_EDGE ( 'NONE', *, *, #2075, .T. ) ;
#395 = AXIS2_PLACEMENT_3D ( 'NONE', #740, #2356, #718 ) ;
#396 = ORIENTED_EDGE ( 'NONE', *, *, #970, .F. ) ;
#397 = DIRECTION ( 'NONE',  ( -1.000000000000000000, -0.000000000000000000, -0.000000000000000000 ) ) ;
#398 = FACE_OUTER_BOUND ( 'NONE', #1050, .T. ) ;
#399 = CARTESIAN_POINT ( 'NONE',  ( 1.079999999999999405, 0.3075506345307973399, 0.6569064926946006633 ) ) ;
#400 = DIRECTION ( 'NONE',  ( 0.000000000000000000, -1.000000000000000000, 0.000000000000000000 ) ) ;
#401 = EDGE_CURVE ( 'NONE', #1315, #1375, #1121, .T. ) ;
#402 = VERTEX_POINT ( 'NONE', #526 ) ;
#403 = DIRECTION ( 'NONE',  ( 0.000000000000000000, 0.000000000000000000, -1.000000000000000000 ) ) ;
#404 = FACE_OUTER_BOUND ( 'NONE', #1466, .T. ) ;
#405 = ORIENTED_EDGE ( 'NONE', *, *, #1650, .T. ) ;
#406 = EDGE_CURVE ( 'NONE', #1781, #1823, #2365, .T. ) ;
#407 = AXIS2_PLACEMENT_3D ( 'NONE', #312, #137, #711 ) ;
#408 = DIRECTION ( 'NONE',  ( 0.000000000000000000, -0.9864354246167236218, 0.1641497884897338000 ) ) ;
#409 = CYLINDRICAL_SURFACE ( 'NONE', #258, 2.899999999999999911 ) ;
#410 = APPLICATION_CONTEXT ( 'automotive_design' ) ;
#411 = DIRECTION ( 'NONE',  ( 1.000000000000000000, -0.000000000000000000, -0.000000000000000000 ) ) ;
#412 = DIRECTION ( 'NONE',  ( -1.000000000000000000, 0.000000000000000000, 0.000000000000000000 ) ) ;
#413 = CARTESIAN_POINT ( 'NONE',  ( -1.179999999999999938, 0.7999999999999999334, 0.3976002188444305308 ) ) ;
#414 = EDGE_CURVE ( 'NONE', #479, #84, #388, .T. ) ;
#415 = ORIENTED_EDGE ( 'NONE', *, *, #1776, .F. ) ;
#416 = DIRECTION ( 'NONE',  ( -1.000000000000000000, 0.000000000000000000, 0.000000000000000000 ) ) ;
#417 = UNCERTAINTY_MEASURE_WITH_UNIT (LENGTH_MEASURE( 1.000000000000000082E-05 ), #1829, 'distance_accuracy_value', 'NONE');
#418 = ORIENTED_EDGE ( 'NONE', *, *, #1086, .T. ) ;
#419 = AXIS2_PLACEMENT_3D ( 'NONE', #1967, #91, #103 ) ;
#420 = ORIENTED_EDGE ( 'NONE', *, *, #2109, .T. ) ;
#421 = TOROIDAL_SURFACE ( 'NONE', #918, 2.799999999999999822, 0.2000000000000000111 ) ;
#422 = DIRECTION ( 'NONE',  ( 0.000000000000000000, 0.000000000000000000, 1.000000000000000000 ) ) ;
#423 = CARTESIAN_POINT ( 'NONE',  ( 1.079999999999999405, 1.259619407771256139, 0.4596194077712559278 ) ) ;
#424 = DIRECTION ( 'NONE',  ( -1.000000000000000000, -0.000000000000000000, -0.000000000000000000 ) ) ;
#425 = EDGE_CURVE ( 'NONE', #1283, #74, #83, .T. ) ;
#426 = MANIFOLD_SOLID_BREP ( 'Mirror2', #318 ) ;
#427 = CARTESIAN_POINT ( 'NONE',  ( -0.7500000000000000000, 0.3075506345307973399, 0.6569064926946003302 ) ) ;
#428 = STYLED_ITEM ( 'NONE', ( #902 ), #1210 ) ;
#429 = CARTESIAN_POINT ( 'NONE',  ( -0.9799999999999999822, 1.259619407771256361, 0.4596194077712559833 ) ) ;
#430 = EDGE_LOOP ( 'NONE', ( #923, #1312, #1662, #1292 ) ) ;
#431 = DIRECTION ( 'NONE',  ( 0.000000000000000000, 0.000000000000000000, 1.000000000000000000 ) ) ;
#432 = ORIENTED_EDGE ( 'NONE', *, *, #735, .T. ) ;
#433 = AXIS2_PLACEMENT_3D ( 'NONE', #1224, #1954, #1333 ) ;
#434 = EDGE_CURVE ( 'NONE', #1004, #1912, #1622, .T. ) ;
#435 = ORIENTED_EDGE ( 'NONE', *, *, #2203, .F. ) ;
#436 = DIRECTION ( 'NONE',  ( 0.000000000000000000, 0.000000000000000000, -1.000000000000000000 ) ) ;
#437 = AXIS2_PLACEMENT_3D ( 'NONE', #691, #1419, #488 ) ;
#438 = DIRECTION ( 'NONE',  ( -1.000000000000000000, -0.000000000000000000, -0.000000000000000000 ) ) ;
#439 = DIRECTION ( 'NONE',  ( -1.000000000000000000, 0.000000000000000000, 0.000000000000000000 ) ) ;
#440 = DIRECTION ( 'NONE',  ( 1.000000000000000000, 0.000000000000000000, 0.000000000000000000 ) ) ;
#441 = EDGE_LOOP ( 'NONE', ( #622, #1587, #1087, #963 ) ) ;
#442 = CARTESIAN_POINT ( 'NONE',  ( -0.3499999999999998113, 0.8000000000000002665, -2.302399781155569425 ) ) ;
#443 = ORIENTED_EDGE ( 'NONE', *, *, #1776, .T. ) ;
#444 = EDGE_LOOP ( 'NONE', ( #420, #1017, #450, #268 ) ) ;
#445 = CARTESIAN_POINT ( 'NONE',  ( -0.7500000000000000000, 1.456906492694600486, -0.4924493654692024824 ) ) ;
#446 = CARTESIAN_POINT ( 'NONE',  ( 1.279999999999999805, -1.502399781155568714, 7.499184645402688704E-16 ) ) ;
#447 = AXIS2_PLACEMENT_3D ( 'NONE', #1363, #2261, #284 ) ;
#448 = DIRECTION ( 'NONE',  ( 1.000000000000000000, -0.000000000000000000, -0.000000000000000000 ) ) ;
#449 = CYLINDRICAL_SURFACE ( 'NONE', #1528, 2.899999999999999911 ) ;
#450 = ORIENTED_EDGE ( 'NONE', *, *, #1273, .F. ) ;
#451 = DIRECTION ( 'NONE',  ( -1.000000000000000000, 0.000000000000000000, 0.000000000000000000 ) ) ;
#452 = CIRCLE ( 'NONE', #1901, 2.799999999999998934 ) ;
#453 = VERTEX_POINT ( 'NONE', #759 ) ;
#454 = EDGE_CURVE ( 'NONE', #1006, #303, #1888, .T. ) ;
#455 = VERTEX_POINT ( 'NONE', #367 ) ;
#456 = DIRECTION ( 'NONE',  ( 0.000000000000000000, 0.000000000000000000, 1.000000000000000000 ) ) ;
#457 = DIRECTION ( 'NONE',  ( 0.000000000000000000, 1.000000000000000000, 0.000000000000000000 ) ) ;
#458 = FACE_OUTER_BOUND ( 'NONE', #1328, .T. ) ;
#459 = DIRECTION ( 'NONE',  ( -1.000000000000000000, -0.000000000000000000, -0.000000000000000000 ) ) ;
#460 = CARTESIAN_POINT ( 'NONE',  ( -0.7500000000000000000, 3.102399781155569691, 0.000000000000000000 ) ) ;
#461 = EDGE_LOOP ( 'NONE', ( #51, #2155, #1579, #1323 ) ) ;
#462 = CIRCLE ( 'NONE', #960, 0.1000000000000001027 ) ;
#463 = CARTESIAN_POINT ( 'NONE',  ( -0.3499999999999998113, 1.456906492694600930, 0.4924493654692028155 ) ) ;
#464 = PRODUCT_DEFINITION_CONTEXT ( 'detailed design', #935, 'design' ) ;
#465 = AXIS2_PLACEMENT_3D ( 'NONE', #1309, #8, #189 ) ;
#466 = VERTEX_POINT ( 'NONE', #1094 ) ;
#467 = EDGE_CURVE ( 'NONE', #1788, #1948, #205, .T. ) ;
#468 = ORIENTED_EDGE ( 'NONE', *, *, #361, .F. ) ;
#469 = CIRCLE ( 'NONE', #1806, 3.000000000000000444 ) ;
#470 = CARTESIAN_POINT ( 'NONE',  ( 1.079999999999999405, 0.7999999999999997113, 2.302399781155569425 ) ) ;
#471 = CIRCLE ( 'NONE', #1733, 0.7593747037914024833 ) ;
#472 = DIRECTION ( 'NONE',  ( 1.000000000000000000, -0.000000000000000000, -0.000000000000000000 ) ) ;
#473 = CARTESIAN_POINT ( 'NONE',  ( -0.7500000000000000000, 0.3239656133797708115, 0.5582629502329280458 ) ) ;
#474 = DIRECTION ( 'NONE',  ( -1.000000000000000000, 0.000000000000000000, 0.000000000000000000 ) ) ;
#475 = AXIS2_PLACEMENT_3D ( 'NONE', #1702, #50, #1429 ) ;
#476 = DIRECTION ( 'NONE',  ( 0.000000000000000000, -0.1641497884897342441, 0.9864354246167235107 ) ) ;
#477 = EDGE_LOOP ( 'NONE', ( #1409, #1211, #99, #2259 ) ) ;
#478 = DIRECTION ( 'NONE',  ( 0.000000000000000000, 0.000000000000000000, -1.000000000000000000 ) ) ;
#479 = VERTEX_POINT ( 'NONE', #2019 ) ;
#480 = VERTEX_POINT ( 'NONE', #156 ) ;
#481 = EDGE_CURVE ( 'NONE', #1494, #557, #858, .T. ) ;
#482 = DIRECTION ( 'NONE',  ( 0.000000000000000000, 0.000000000000000000, -1.000000000000000000 ) ) ;
#483 = CYLINDRICAL_SURFACE ( 'NONE', #1768, 2.999999999999999112 ) ;
#484 = DIRECTION ( 'NONE',  ( 1.000000000000000000, -0.000000000000000000, -0.000000000000000000 ) ) ;
#485 = CARTESIAN_POINT ( 'NONE',  ( -0.7500000000000000000, 1.259619407771256139, 0.4596194077712559278 ) ) ;
#486 = ORIENTED_EDGE ( 'NONE', *, *, #1327, .T. ) ;
#487 = ADVANCED_FACE ( 'NONE', ( #2154 ), #893, .F. ) ;
#488 = DIRECTION ( 'NONE',  ( 0.000000000000000000, -1.420304845956010966E-14, 1.000000000000000000 ) ) ;
#489 = AXIS2_PLACEMENT_3D ( 'NONE', #1680, #27, #385 ) ;
#490 = ORIENTED_EDGE ( 'NONE', *, *, #834, .F. ) ;
#491 = ORIENTED_EDGE ( 'NONE', *, *, #52, .T. ) ;
#492 = DIRECTION ( 'NONE',  ( -1.000000000000000000, 0.000000000000000000, 0.000000000000000000 ) ) ;
#493 = DIRECTION ( 'NONE',  ( -0.000000000000000000, -1.000000000000000000, -0.000000000000000000 ) ) ;
#494 = CARTESIAN_POINT ( 'NONE',  ( -0.3499999999999999778, 1.259619407771256139, 0.4596194077712559278 ) ) ;
#495 = ADVANCED_FACE ( 'NONE', ( #1264 ), #1085, .T. ) ;
#496 = VERTEX_POINT ( 'NONE', #1996 ) ;
#497 = ORIENTED_EDGE ( 'NONE', *, *, #2079, .T. ) ;
#498 = VECTOR ( 'NONE', #701, 1000.000000000000000 ) ;
#499 = CIRCLE ( 'NONE', #1917, 3.000000000000000000 ) ;
#500 = ORIENTED_EDGE ( 'NONE', *, *, #77, .T. ) ;
#501 = DIRECTION ( 'NONE',  ( -1.000000000000000000, 0.000000000000000000, 0.000000000000000000 ) ) ;
#502 = DIRECTION ( 'NONE',  ( 0.000000000000000000, 0.000000000000000000, 1.000000000000000000 ) ) ;
#503 = CARTESIAN_POINT ( 'NONE',  ( -0.7500000000000000000, 0.3239656133797745308, -0.5582629502329287119 ) ) ;
#504 = CARTESIAN_POINT ( 'NONE',  ( -0.7500000000000000000, 1.358262950232928645, 0.4760343866202296770 ) ) ;
#505 = AXIS2_PLACEMENT_3D ( 'NONE', #1764, #2098, #833 ) ;
#506 = FACE_OUTER_BOUND ( 'NONE', #1251, .T. ) ;
#507 = ORIENTED_EDGE ( 'NONE', *, *, #259, .F. ) ;
#508 = EDGE_CURVE ( 'NONE', #1902, #706, #222, .T. ) ;
#509 = ORIENTED_EDGE ( 'NONE', *, *, #596, .T. ) ;
#510 = ORIENTED_EDGE ( 'NONE', *, *, #63, .T. ) ;
#511 = ADVANCED_FACE ( 'NONE', ( #1905 ), #1895, .F. ) ;
#512 = CARTESIAN_POINT ( 'NONE',  ( 1.750000000000000000, 0.8000000000000001554, 0.000000000000000000 ) ) ;
#513 = DIRECTION ( 'NONE',  ( -1.000000000000000000, -0.000000000000000000, -0.000000000000000000 ) ) ;
#514 = FACE_BOUND ( 'NONE', #1, .T. ) ;
#515 = SURFACE_STYLE_FILL_AREA ( #339 ) ;
#516 = DIRECTION ( 'NONE',  ( -1.000000000000000000, -0.000000000000000000, -0.000000000000000000 ) ) ;
#517 = ORIENTED_EDGE ( 'NONE', *, *, #1334, .F. ) ;
#518 = CIRCLE ( 'NONE', #2053, 2.899999999999999911 ) ;
#519 = VERTEX_POINT ( 'NONE', #57 ) ;
#520 = CARTESIAN_POINT ( 'NONE',  ( -0.3499999999999998113, 0.8000000000000002665, 0.6976002188444300200 ) ) ;
#521 = ADVANCED_FACE ( 'NONE', ( #988 ), #1683, .T. ) ;
#522 = ORIENTED_EDGE ( 'NONE', *, *, #1107, .T. ) ;
#523 = DIRECTION ( 'NONE',  ( -1.000000000000000000, 0.000000000000000000, 0.000000000000000000 ) ) ;
#524 = CARTESIAN_POINT ( 'NONE',  ( -0.7500000000000000000, 1.029809703885628203, -0.9213901866921568873 ) ) ;
#525 = CARTESIAN_POINT ( 'NONE',  ( 1.279999999999999805, 0.04062529620859760271, 0.000000000000000000 ) ) ;
#526 = CARTESIAN_POINT ( 'NONE',  ( -0.3499999999999999778, 1.292449365469203082, -0.6569064926946004412 ) ) ;
#527 = EDGE_CURVE ( 'NONE', #402, #455, #1698, .T. ) ;
#528 = AXIS2_PLACEMENT_3D ( 'NONE', #913, #1642, #141 ) ;
#529 = DIRECTION ( 'NONE',  ( -1.000000000000000000, -0.000000000000000000, -0.000000000000000000 ) ) ;
#530 = CARTESIAN_POINT ( 'NONE',  ( -1.179999999999999938, 0.7999999999999997113, 2.302399781155569425 ) ) ;
#531 = VERTEX_POINT ( 'NONE', #808 ) ;
#532 = VECTOR ( 'NONE', #1800, 1000.000000000000000 ) ;
#533 = FACE_OUTER_BOUND ( 'NONE', #690, .T. ) ;
#534 = EDGE_CURVE ( 'NONE', #1028, #402, #1722, .T. ) ;
#535 = DIRECTION ( 'NONE',  ( 0.000000000000000000, 0.000000000000000000, -1.000000000000000000 ) ) ;
#536 =( NAMED_UNIT ( * ) PLANE_ANGLE_UNIT ( ) SI_UNIT ( $, .RADIAN. ) );
#537 = EDGE_CURVE ( 'NONE', #143, #1804, #1831, .T. ) ;
#538 = SPHERICAL_SURFACE ( 'NONE', #577, 0.2000000000000000111 ) ;
#539 = VECTOR ( 'NONE', #1189, 1000.000000000000000 ) ;
#540 = EDGE_LOOP ( 'NONE', ( #796, #593, #2288, #2378 ) ) ;
#541 = CARTESIAN_POINT ( 'NONE',  ( -1.279999999999999805, 0.8000000000000001554, 0.7593747037914024833 ) ) ;
#542 = AXIS2_PLACEMENT_3D ( 'NONE', #1407, #2330, #679 ) ;
#543 = DIRECTION ( 'NONE',  ( -1.000000000000000000, 0.000000000000000000, -0.000000000000000000 ) ) ;
#544 = ORIENTED_EDGE ( 'NONE', *, *, #757, .F. ) ;
#545 = DIRECTION ( 'NONE',  ( 0.000000000000000000, 0.000000000000000000, 1.000000000000000000 ) ) ;
#546 = ADVANCED_FACE ( 'NONE', ( #47 ), #793, .T. ) ;
#547 = CARTESIAN_POINT ( 'NONE',  ( -1.179999999999999938, 0.7999999999999997113, 2.302399781155569425 ) ) ;
#548 = DIRECTION ( 'NONE',  ( -1.000000000000000000, 0.000000000000000000, 0.000000000000000000 ) ) ;
#549 = CARTESIAN_POINT ( 'NONE',  ( -0.7500000000000000000, 0.7999999999999997113, 2.302399781155569425 ) ) ;
#550 = EDGE_CURVE ( 'NONE', #1912, #295, #2252, .T. ) ;
#551 = DIRECTION ( 'NONE',  ( 1.000000000000000000, -0.000000000000000000, -0.000000000000000000 ) ) ;
#552 = EDGE_CURVE ( 'NONE', #1769, #1408, #1534, .T. ) ;
#553 = ORIENTED_EDGE ( 'NONE', *, *, #2265, .F. ) ;
#554 = FACE_OUTER_BOUND ( 'NONE', #764, .T. ) ;
#555 = AXIS2_PLACEMENT_3D ( 'NONE', #1809, #334, #163 ) ;
#556 = DIRECTION ( 'NONE',  ( 1.000000000000000000, -0.000000000000000000, -0.000000000000000000 ) ) ;
#557 = VERTEX_POINT ( 'NONE', #81 ) ;
#558 = ORIENTED_EDGE ( 'NONE', *, *, #705, .T. ) ;
#559 = DIRECTION ( 'NONE',  ( 0.000000000000000000, 0.000000000000000000, 1.000000000000000000 ) ) ;
#560 = CARTESIAN_POINT ( 'NONE',  ( 1.623111381208463877, 1.276034386620229499, -0.5582629502329282678 ) ) ;
#561 = LINE ( 'NONE', #2192, #1112 ) ;
#562 = DIRECTION ( 'NONE',  ( 1.000000000000000000, -0.000000000000000000, -0.000000000000000000 ) ) ;
#563 = CARTESIAN_POINT ( 'NONE',  ( -1.279999999999999805, 0.04062529620859760271, 0.000000000000000000 ) ) ;
#564 = EDGE_CURVE ( 'NONE', #1527, #1474, #2061, .T. ) ;
#565 = EDGE_LOOP ( 'NONE', ( #1062, #2159, #2035 ) ) ;
#566 = CARTESIAN_POINT ( 'NONE',  ( -0.3499999999999999778, 3.102399781155569691, 0.000000000000000000 ) ) ;
#567 = AXIS2_PLACEMENT_3D ( 'NONE', #1558, #1225, #1365 ) ;
#568 = FACE_OUTER_BOUND ( 'NONE', #38, .T. ) ;
#569 = ORIENTED_EDGE ( 'NONE', *, *, #1055, .F. ) ;
#570 = AXIS2_PLACEMENT_3D ( 'NONE', #1149, #213, #43 ) ;
#571 =( NAMED_UNIT ( * ) PLANE_ANGLE_UNIT ( ) SI_UNIT ( $, .RADIAN. ) );
#572 = AXIS2_PLACEMENT_3D ( 'NONE', #2380, #1985, #752 ) ;
#573 = ORIENTED_EDGE ( 'NONE', *, *, #1231, .T. ) ;
#574 = CARTESIAN_POINT ( 'NONE',  ( -1.179999999999999938, 0.7999999999999999334, 0.000000000000000000 ) ) ;
#575 = EDGE_CURVE ( 'NONE', #1291, #2232, #2215, .T. ) ;
#576 = DIRECTION ( 'NONE',  ( 0.000000000000000000, 0.000000000000000000, -1.000000000000000000 ) ) ;
#577 = AXIS2_PLACEMENT_3D ( 'NONE', #1276, #1416, #302 ) ;
#578 = CARTESIAN_POINT ( 'NONE',  ( 1.079999999999999405, 1.259619407771255917, -0.4596194077712558168 ) ) ;
#579 = CARTESIAN_POINT ( 'NONE',  ( -0.9799999999999999822, 1.259619407771256139, -0.4596194077712559833 ) ) ;
#580 = VERTEX_POINT ( 'NONE', #615 ) ;
#581 = ADVANCED_FACE ( 'NONE', ( #216 ), #626, .T. ) ;
#582 = CARTESIAN_POINT ( 'NONE',  ( 1.279999999999999805, 0.8000000000000001554, 0.000000000000000000 ) ) ;
#583 = AXIS2_PLACEMENT_3D ( 'NONE', #1886, #794, #232 ) ;
#584 = DIRECTION ( 'NONE',  ( 0.000000000000000000, 0.000000000000000000, 1.000000000000000000 ) ) ;
#585 = VERTEX_POINT ( 'NONE', #427 ) ;
#586 = AXIS2_PLACEMENT_3D ( 'NONE', #1505, #1166, #1003 ) ;
#587 = EDGE_CURVE ( 'NONE', #1291, #1771, #301, .T. ) ;
#588 = EDGE_LOOP ( 'NONE', ( #1063, #1119, #1549, #1255 ) ) ;
#589 = CARTESIAN_POINT ( 'NONE',  ( -0.7500000000000000000, 1.276034386620229499, -0.5582629502329282678 ) ) ;
#590 = FACE_OUTER_BOUND ( 'NONE', #710, .T. ) ;
#591 = CARTESIAN_POINT ( 'NONE',  ( -0.3499999999999998113, -1.502399781155568714, 7.499184645402688704E-16 ) ) ;
#592 = DIRECTION ( 'NONE',  ( 0.000000000000000000, 1.000000000000000000, 0.000000000000000000 ) ) ;
#593 = ORIENTED_EDGE ( 'NONE', *, *, #77, .F. ) ;
#594 = CARTESIAN_POINT ( 'NONE',  ( -0.7500000000000000000, 0.2417370497670719709, -0.4760343866202293439 ) ) ;
#595 = EDGE_LOOP ( 'NONE', ( #2068, #1270, #824, #1362, #1111 ) ) ;
#596 = EDGE_CURVE ( 'NONE', #303, #1457, #1372, .T. ) ;
#597 = ORIENTED_EDGE ( 'NONE', *, *, #1157, .T. ) ;
#598 = AXIS2_PLACEMENT_3D ( 'NONE', #149, #1223, #2362 ) ;
#599 = CARTESIAN_POINT ( 'NONE',  ( -0.3499999999999998113, 1.259619407771255917, -0.4596194077712558168 ) ) ;
#600 = DIRECTION ( 'NONE',  ( -1.000000000000000000, 0.000000000000000000, 0.000000000000000000 ) ) ;
#601 = AXIS2_PLACEMENT_3D ( 'NONE', #927, #1695, #2191 ) ;
#602 = CARTESIAN_POINT ( 'NONE',  ( 1.623111381208463877, 0.3403805922287442831, 0.4596194077712559278 ) ) ;
#603 = DIRECTION ( 'NONE',  ( 0.000000000000000000, 0.1641497884897347159, -0.9864354246167232887 ) ) ;
#604 = ORIENTED_EDGE ( 'NONE', *, *, #685, .F. ) ;
#605 = DIRECTION ( 'NONE',  ( 0.000000000000000000, 0.1641497884897300530, 0.9864354246167240658 ) ) ;
#606 = EDGE_CURVE ( 'NONE', #1206, #585, #230, .T. ) ;
#607 = ORIENTED_EDGE ( 'NONE', *, *, #2354, .T. ) ;
#608 = AXIS2_PLACEMENT_3D ( 'NONE', #298, #130, #2120 ) ;
#609 = ORIENTED_EDGE ( 'NONE', *, *, #1924, .F. ) ;
#610 = VECTOR ( 'NONE', #1103, 1000.000000000000000 ) ;
#611 = EDGE_CURVE ( 'NONE', #1600, #1467, #1641, .T. ) ;
#612 = CARTESIAN_POINT ( 'NONE',  ( 1.079999999999999405, 0.3403805922287442831, -0.4596194077712558723 ) ) ;
#613 = AXIS2_PLACEMENT_3D ( 'NONE', #1433, #2184, #910 ) ;
#614 = FACE_OUTER_BOUND ( 'NONE', #2106, .T. ) ;
#615 = CARTESIAN_POINT ( 'NONE',  ( -0.9799999999999999822, 0.1430935073053996309, -0.4924493654692027045 ) ) ;
#616 = DIRECTION ( 'NONE',  ( 0.000000000000000000, -0.9864354246167236218, -0.1641497884897340775 ) ) ;
#617 = AXIS2_PLACEMENT_3D ( 'NONE', #2316, #297, #140 ) ;
#618 = ORIENTED_EDGE ( 'NONE', *, *, #1976, .T. ) ;
#619 = DIRECTION ( 'NONE',  ( 0.000000000000000000, 0.000000000000000000, 1.000000000000000000 ) ) ;
#620 = ORIENTED_EDGE ( 'NONE', *, *, #980, .T. ) ;
#621 = VECTOR ( 'NONE', #699, 1000.000000000000000 ) ;
#622 = ORIENTED_EDGE ( 'NONE', *, *, #708, .F. ) ;
#623 = CARTESIAN_POINT ( 'NONE',  ( 1.623111381208463877, 1.259619407771256139, 0.4596194077712559278 ) ) ;
#624 = VECTOR ( 'NONE', #1051, 1000.000000000000000 ) ;
#625 = DIRECTION ( 'NONE',  ( 0.000000000000000000, 0.000000000000000000, -1.000000000000000000 ) ) ;
#626 = SPHERICAL_SURFACE ( 'NONE', #105, 0.2000000000000000111 ) ;
#627 = CARTESIAN_POINT ( 'NONE',  ( -0.7500000000000000000, 3.102399781155569691, 0.000000000000000000 ) ) ;
#628 = EDGE_CURVE ( 'NONE', #84, #1926, #2169, .T. ) ;
#629 = PRESENTATION_STYLE_ASSIGNMENT (( #1204 ) ) ;
#630 = VERTEX_POINT ( 'NONE', #2072 ) ;
#631 = DIRECTION ( 'NONE',  ( 0.000000000000000000, 1.000000000000000000, 0.000000000000000000 ) ) ;
#632 = ADVANCED_FACE ( 'NONE', ( #1402 ), #1774, .T. ) ;
#633 = ORIENTED_EDGE ( 'NONE', *, *, #745, .F. ) ;
#634 = STYLED_ITEM ( 'NONE', ( #2186 ), #4 ) ;
#635 = EDGE_LOOP ( 'NONE', ( #692, #1843, #1679, #1925 ) ) ;
#636 = DIRECTION ( 'NONE',  ( -1.000000000000000000, 0.000000000000000000, 0.000000000000000000 ) ) ;
#637 = FACE_OUTER_BOUND ( 'NONE', #461, .T. ) ;
#638 = CIRCLE ( 'NONE', #2200, 0.1999999999999997058 ) ;
#639 = CARTESIAN_POINT ( 'NONE',  ( -0.3499999999999998113, 1.276034386620229499, -0.5582629502329282678 ) ) ;
#640 = CARTESIAN_POINT ( 'NONE',  ( -0.3499999999999999778, 0.2417370497670720819, 0.4760343866202301211 ) ) ;
#641 = PLANE ( 'NONE',  #110 ) ;
#642 = ORIENTED_EDGE ( 'NONE', *, *, #1531, .F. ) ;
#643 = CARTESIAN_POINT ( 'NONE',  ( -0.7500000000000000000, 1.029809703885628203, -0.9213901866921568873 ) ) ;
#644 = ADVANCED_FACE ( 'NONE', ( #1748 ), #287, .T. ) ;
#645 = AXIS2_PLACEMENT_3D ( 'NONE', #1183, #1903, #663 ) ;
#646 = ORIENTED_EDGE ( 'NONE', *, *, #128, .T. ) ;
#647 = VERTEX_POINT ( 'NONE', #503 ) ;
#648 = DIRECTION ( 'NONE',  ( 0.000000000000000000, 0.000000000000000000, 1.000000000000000000 ) ) ;
#649 = CARTESIAN_POINT ( 'NONE',  ( 1.079999999999999405, 0.3403805922287442831, 0.4596194077712559278 ) ) ;
#650 = AXIS2_PLACEMENT_3D ( 'NONE', #165, #364, #559 ) ;
#651 = EDGE_CURVE ( 'NONE', #883, #496, #276, .T. ) ;
#652 = CARTESIAN_POINT ( 'NONE',  ( 1.279999999999999805, 0.8000000000000002665, -2.302399781155569425 ) ) ;
#653 = CARTESIAN_POINT ( 'NONE',  ( -3.253111381208465325, 0.7999999999999997113, -0.6976002188444304641 ) ) ;
#654 = CIRCLE ( 'NONE', #1340, 0.1000000000000002137 ) ;
#655 = DIRECTION ( 'NONE',  ( -1.000000000000000000, 0.000000000000000000, 0.000000000000000000 ) ) ;
#656 = VERTEX_POINT ( 'NONE', #1584 ) ;
#657 = AXIS2_PLACEMENT_3D ( 'NONE', #591, #1860, #2051 ) ;
#658 = CYLINDRICAL_SURFACE ( 'NONE', #2312, 2.999999999999999556 ) ;
#659 = EDGE_CURVE ( 'NONE', #647, #260, #1445, .T. ) ;
#660 = ORIENTED_EDGE ( 'NONE', *, *, #1703, .T. ) ;
#661 = ORIENTED_EDGE ( 'NONE', *, *, #1576, .T. ) ;
#662 = CIRCLE ( 'NONE', #238, 0.7593747037914024833 ) ;
#663 = DIRECTION ( 'NONE',  ( 0.000000000000000000, 0.000000000000000000, 1.000000000000000000 ) ) ;
#664 = ADVANCED_FACE ( 'NONE', ( #324 ), #1763, .T. ) ;
#665 = AXIS2_PLACEMENT_3D ( 'NONE', #643, #1324, #36 ) ;
#666 = DIRECTION ( 'NONE',  ( -1.000000000000000000, 0.000000000000000000, 0.000000000000000000 ) ) ;
#667 = DIRECTION ( 'NONE',  ( 0.000000000000000000, 0.000000000000000000, 1.000000000000000000 ) ) ;
#668 = TOROIDAL_SURFACE ( 'NONE', #2150, 0.09999999999999982514, 0.6999999999999999556 ) ;
#669 = DIRECTION ( 'NONE',  ( 0.000000000000000000, 0.000000000000000000, -1.000000000000000000 ) ) ;
#670 = ORIENTED_EDGE ( 'NONE', *, *, #158, .T. ) ;
#671 = CARTESIAN_POINT ( 'NONE',  ( -0.7500000000000000000, 1.358262950232928645, 0.4760343866202296770 ) ) ;
#672 = ORIENTED_EDGE ( 'NONE', *, *, #1822, .T. ) ;
#673 = VERTEX_POINT ( 'NONE', #1215 ) ;
#674 = ADVANCED_FACE ( 'NONE', ( #458 ), #314, .T. ) ;
#675 = DIRECTION ( 'NONE',  ( 0.000000000000000000, 0.000000000000000000, -1.000000000000000000 ) ) ;
#676 = DIRECTION ( 'NONE',  ( 1.000000000000000000, -0.000000000000000000, -0.000000000000000000 ) ) ;
#677 = CARTESIAN_POINT ( 'NONE',  ( -0.3499999999999999778, 0.8000000000000002665, -2.302399781155569425 ) ) ;
#678 = EDGE_LOOP ( 'NONE', ( #273, #1244, #1159, #1899 ) ) ;
#679 = DIRECTION ( 'NONE',  ( 0.000000000000000000, 0.000000000000000000, 1.000000000000000000 ) ) ;
#680 = ORIENTED_EDGE ( 'NONE', *, *, #1756, .F. ) ;
#681 = EDGE_CURVE ( 'NONE', #1933, #1674, #1057, .T. ) ;
#682 = CIRCLE ( 'NONE', #329, 0.3976002188444305308 ) ;
#683 = EDGE_LOOP ( 'NONE', ( #396, #1126, #1735 ) ) ;
#684 = SPHERICAL_SURFACE ( 'NONE', #1575, 0.2000000000000000111 ) ;
#685 = EDGE_CURVE ( 'NONE', #1375, #382, #181, .T. ) ;
#686 = DIRECTION ( 'NONE',  ( 0.000000000000000000, 0.000000000000000000, 1.000000000000000000 ) ) ;
#687 = DIRECTION ( 'NONE',  ( -1.000000000000000000, 0.000000000000000000, 0.000000000000000000 ) ) ;
#688 = CIRCLE ( 'NONE', #2331, 0.2000000000000002054 ) ;
#689 = CARTESIAN_POINT ( 'NONE',  ( -3.253111381208465325, 0.7999999999999997113, 2.302399781155569425 ) ) ;
#690 = EDGE_LOOP ( 'NONE', ( #197, #133, #2134, #985 ) ) ;
#691 = CARTESIAN_POINT ( 'NONE',  ( -0.3499999999999998113, 0.8000000000000002665, -2.302399781155569425 ) ) ;
#692 = ORIENTED_EDGE ( 'NONE', *, *, #1027, .T. ) ;
#693 = CIRCLE ( 'NONE', #1493, 0.09999999999999976963 ) ;
#694 = CIRCLE ( 'NONE', #75, 0.1000000000000001027 ) ;
#695 = VERTEX_POINT ( 'NONE', #2317 ) ;
#696 = FILL_AREA_STYLE ('',( #2335 ) ) ;
#697 = DIRECTION ( 'NONE',  ( 1.000000000000000000, -0.000000000000000000, -0.000000000000000000 ) ) ;
#698 = CARTESIAN_POINT ( 'NONE',  ( -0.7500000000000000000, 1.292449365469203082, -0.6569064926946004412 ) ) ;
#699 = DIRECTION ( 'NONE',  ( -1.000000000000000000, 0.000000000000000000, 0.000000000000000000 ) ) ;
#700 = COLOUR_RGB ( '',0.5372549019607842924, 0.3490196078431372362, 0.3372549019607843368 ) ;
#701 = DIRECTION ( 'NONE',  ( 1.000000000000000000, -0.000000000000000000, -0.000000000000000000 ) ) ;
#702 = ORIENTED_EDGE ( 'NONE', *, *, #564, .T. ) ;
#703 = LINE ( 'NONE', #1588, #624 ) ;
#704 = AXIS2_PLACEMENT_3D ( 'NONE', #2011, #1098, #1824 ) ;
#705 = EDGE_CURVE ( 'NONE', #2208, #1933, #727, .T. ) ;
#706 = VERTEX_POINT ( 'NONE', #473 ) ;
#707 = VERTEX_POINT ( 'NONE', #639 ) ;
#708 = EDGE_CURVE ( 'NONE', #170, #925, #688, .T. ) ;
#709 = DIRECTION ( 'NONE',  ( 0.000000000000000000, 0.000000000000000000, 1.000000000000000000 ) ) ;
#710 = EDGE_LOOP ( 'NONE', ( #908, #1282, #1596, #1013 ) ) ;
#711 = DIRECTION ( 'NONE',  ( 0.000000000000000000, 0.000000000000000000, 1.000000000000000000 ) ) ;
#712 = DIRECTION ( 'NONE',  ( -1.000000000000000000, -0.000000000000000000, -0.000000000000000000 ) ) ;
#713 = DIRECTION ( 'NONE',  ( -1.000000000000000000, 0.000000000000000000, 0.000000000000000000 ) ) ;
#714 = DIRECTION ( 'NONE',  ( 0.000000000000000000, 0.000000000000000000, -1.000000000000000000 ) ) ;
#715 = DIRECTION ( 'NONE',  ( -1.000000000000000000, 0.000000000000000000, 0.000000000000000000 ) ) ;
#716 = ORIENTED_EDGE ( 'NONE', *, *, #1398, .T. ) ;
#717 = TOROIDAL_SURFACE ( 'NONE', #1021, 2.799999999999998934, 0.2000000000000000111 ) ;
#718 = DIRECTION ( 'NONE',  ( 0.000000000000000000, 0.000000000000000000, -1.000000000000000000 ) ) ;
#719 = CARTESIAN_POINT ( 'NONE',  ( -3.253111381208465325, -1.502399781155568714, 7.499184645402688704E-16 ) ) ;
#720 = ORIENTED_EDGE ( 'NONE', *, *, #203, .T. ) ;
#721 = CYLINDRICAL_SURFACE ( 'NONE', #1632, 0.1999999999999999278 ) ;
#722 = FACE_OUTER_BOUND ( 'NONE', #1148, .T. ) ;
#723 = PRESENTATION_STYLE_ASSIGNMENT (( #1786 ) ) ;
#724 = ADVANCED_FACE ( 'NONE', ( #1187 ), #1047, .F. ) ;
#725 = DIRECTION ( 'NONE',  ( 1.000000000000000000, -0.000000000000000000, -0.000000000000000000 ) ) ;
#726 =( NAMED_UNIT ( * ) PLANE_ANGLE_UNIT ( ) SI_UNIT ( $, .RADIAN. ) );
#727 = CIRCLE ( 'NONE', #1524, 2.899999999999999911 ) ;
#728 = AXIS2_PLACEMENT_3D ( 'NONE', #15, #2049, #1495 ) ;
#729 = AXIS2_PLACEMENT_3D ( 'NONE', #1626, #1465, #2357 ) ;
#730 = EDGE_CURVE ( 'NONE', #143, #2322, #993, .T. ) ;
#731 = CARTESIAN_POINT ( 'NONE',  ( -3.253111381208465325, 1.259619407771255917, -0.4596194077712558168 ) ) ;
#732 = VERTEX_POINT ( 'NONE', #867 ) ;
#733 = AXIS2_PLACEMENT_3D ( 'NONE', #1049, #155, #353 ) ;
#734 = DIRECTION ( 'NONE',  ( -1.000000000000000000, 0.000000000000000000, 0.000000000000000000 ) ) ;
#735 = EDGE_CURVE ( 'NONE', #1915, #303, #876, .T. ) ;
#736 = DIRECTION ( 'NONE',  ( -1.000000000000000000, 0.000000000000000000, 0.000000000000000000 ) ) ;
#737 = SURFACE_SIDE_STYLE ('',( #1450 ) ) ;
#738 = CIRCLE ( 'NONE', #818, 2.899999999999999911 ) ;
#739 = ORIENTED_EDGE ( 'NONE', *, *, #1316, .F. ) ;
#740 = CARTESIAN_POINT ( 'NONE',  ( -0.9799999999999999822, 0.3403805922287442831, 0.4596194077712559278 ) ) ;
#741 = VECTOR ( 'NONE', #715, 1000.000000000000000 ) ;
#742 = CARTESIAN_POINT ( 'NONE',  ( -1.750000000000000000, 0.8000000000000001554, 0.000000000000000000 ) ) ;
#743 = ORIENTED_EDGE ( 'NONE', *, *, #1125, .T. ) ;
#744 = ORIENTED_EDGE ( 'NONE', *, *, #1712, .T. ) ;
#745 = EDGE_CURVE ( 'NONE', #2113, #1567, #1181, .T. ) ;
#746 = PLANE ( 'NONE',  #2256 ) ;
#747 = CARTESIAN_POINT ( 'NONE',  ( 1.623111381208463877, 1.358262950232928645, 0.4760343866202296770 ) ) ;
#748 = DIRECTION ( 'NONE',  ( 1.000000000000000000, -0.000000000000000000, -0.000000000000000000 ) ) ;
#749 = CARTESIAN_POINT ( 'NONE',  ( -0.7500000000000000000, 0.3403805922287445052, -0.4596194077712558168 ) ) ;
#750 = FACE_OUTER_BOUND ( 'NONE', #2081, .T. ) ;
#751 = DIRECTION ( 'NONE',  ( 0.000000000000000000, 0.000000000000000000, 1.000000000000000000 ) ) ;
#752 = DIRECTION ( 'NONE',  ( 0.000000000000000000, 0.000000000000000000, 1.000000000000000000 ) ) ;
#753 = ORIENTED_EDGE ( 'NONE', *, *, #1960, .T. ) ;
#754 = ORIENTED_EDGE ( 'NONE', *, *, #1842, .T. ) ;
#755 = DIRECTION ( 'NONE',  ( 0.000000000000000000, 0.000000000000000000, 1.000000000000000000 ) ) ;
#756 = CIRCLE ( 'NONE', #1367, 0.2000000000000000111 ) ;
#757 = EDGE_CURVE ( 'NONE', #162, #2010, #108, .T. ) ;
#758 = CARTESIAN_POINT ( 'NONE',  ( -0.3499999999999999778, 1.276034386620231054, 0.5582629502329282678 ) ) ;
#759 = CARTESIAN_POINT ( 'NONE',  ( -0.9799999999999999822, 0.1430935073054003248, 0.4924493654692035927 ) ) ;
#760 = ORIENTED_EDGE ( 'NONE', *, *, #810, .F. ) ;
#761 = FACE_OUTER_BOUND ( 'NONE', #1229, .T. ) ;
#762 = EDGE_CURVE ( 'NONE', #1182, #1771, #957, .T. ) ;
#763 = PLANE ( 'NONE',  #1796 ) ;
#764 = EDGE_LOOP ( 'NONE', ( #1709, #2355, #1168, #1161 ) ) ;
#765 = CIRCLE ( 'NONE', #924, 0.1999999999999997058 ) ;
#766 = EDGE_LOOP ( 'NONE', ( #1589, #1752, #1221, #573 ) ) ;
#767 = CARTESIAN_POINT ( 'NONE',  ( -0.7500000000000000000, 0.7999999999999997113, -0.6976002188444300200 ) ) ;
#768 = CIRCLE ( 'NONE', #657, 2.999999999999999112 ) ;
#769 = DIRECTION ( 'NONE',  ( 0.000000000000000000, -1.000000000000000000, 0.000000000000000000 ) ) ;
#770 = PLANE ( 'NONE',  #2182 ) ;
#771 = ORIENTED_EDGE ( 'NONE', *, *, #361, .T. ) ;
#772 = LINE ( 'NONE', #1358, #1849 ) ;
#773 = AXIS2_PLACEMENT_3D ( 'NONE', #485, #1023, #1216 ) ;
#774 = AXIS2_PLACEMENT_3D ( 'NONE', #1666, #545, #1136 ) ;
#775 = EDGE_CURVE ( 'NONE', #1396, #1948, #1412, .T. ) ;
#776 = CIRCLE ( 'NONE', #395, 0.2000000000000000944 ) ;
#777 = ORIENTED_EDGE ( 'NONE', *, *, #2247, .T. ) ;
#778 = AXIS2_PLACEMENT_3D ( 'NONE', #749, #1645, #1471 ) ;
#779 = ORIENTED_EDGE ( 'NONE', *, *, #286, .T. ) ;
#780 = CYLINDRICAL_SURFACE ( 'NONE', #2298, 2.999999999999999112 ) ;
#781 = CARTESIAN_POINT ( 'NONE',  ( -1.179999999999999938, 0.3403805922287445052, -0.4596194077712558168 ) ) ;
#782 = DIRECTION ( 'NONE',  ( -1.000000000000000000, 0.000000000000000000, 0.000000000000000000 ) ) ;
#783 = ADVANCED_FACE ( 'NONE', ( #1655 ), #2016, .T. ) ;
#784 = DIRECTION ( 'NONE',  ( 0.000000000000000000, 0.000000000000000000, 1.000000000000000000 ) ) ;
#785 = CARTESIAN_POINT ( 'NONE',  ( 1.623111381208463877, -1.502399781155568714, 7.499184645402688704E-16 ) ) ;
#786 = EDGE_LOOP ( 'NONE', ( #1463, #2144, #1997, #1564 ) ) ;
#787 = DIRECTION ( 'NONE',  ( 0.000000000000000000, 0.000000000000000000, 1.000000000000000000 ) ) ;
#788 = EDGE_CURVE ( 'NONE', #1600, #2101, #1987, .T. ) ;
#789 = EDGE_LOOP ( 'NONE', ( #1143, #1347, #435, #1042, #1025, #802, #1440, #1961, #1434 ) ) ;
#790 = VERTEX_POINT ( 'NONE', #698 ) ;
#791 = CARTESIAN_POINT ( 'NONE',  ( -0.3499999999999998113, 1.292449365469203304, 0.6569064926946006633 ) ) ;
#792 = DIRECTION ( 'NONE',  ( 1.000000000000000000, -0.000000000000000000, -0.000000000000000000 ) ) ;
#793 = CYLINDRICAL_SURFACE ( 'NONE', #2135, 2.999999999999999556 ) ;
#794 = DIRECTION ( 'NONE',  ( -0.000000000000000000, 1.000000000000000000, 0.000000000000000000 ) ) ;
#795 = AXIS2_PLACEMENT_3D ( 'NONE', #623, #830, #1893 ) ;
#796 = ORIENTED_EDGE ( 'NONE', *, *, #128, .F. ) ;
#797 = DIRECTION ( 'NONE',  ( 0.000000000000000000, 0.000000000000000000, -1.000000000000000000 ) ) ;
#798 = UNCERTAINTY_MEASURE_WITH_UNIT (LENGTH_MEASURE( 1.000000000000000082E-05 ), #2376, 'distance_accuracy_value', 'NONE');
#799 = EDGE_LOOP ( 'NONE', ( #1758, #609, #1361, #1665 ) ) ;
#800 = ADVANCED_FACE ( 'NONE', ( #2162 ), #351, .T. ) ;
#801 = AXIS2_PLACEMENT_3D ( 'NONE', #191, #929, #9 ) ;
#802 = ORIENTED_EDGE ( 'NONE', *, *, #1780, .F. ) ;
#803 = CIRCLE ( 'NONE', #1262, 2.999999999999999556 ) ;
#804 = CARTESIAN_POINT ( 'NONE',  ( -1.179999999999999938, 0.04062529620859760271, 0.000000000000000000 ) ) ;
#805 = ADVANCED_FACE ( 'NONE', ( #186 ), #1247, .T. ) ;
#806 = COLOUR_RGB ( '',0.7960784313725489669, 0.8235294117647058432, 0.9372549019607843146 ) ;
#807 = CARTESIAN_POINT ( 'NONE',  ( 1.623111381208463877, 1.276034386620231054, 0.5582629502329282678 ) ) ;
#808 = CARTESIAN_POINT ( 'NONE',  ( -1.179999999999999938, 0.7999999999999999334, -0.3976002188444305308 ) ) ;
#809 = AXIS2_PLACEMENT_3D ( 'NONE', #549, #204, #1682 ) ;
#810 = EDGE_CURVE ( 'NONE', #1028, #1513, #888, .T. ) ;
#811 = AXIS2_PLACEMENT_3D ( 'NONE', #2130, #513, #1437 ) ;
#812 = DIRECTION ( 'NONE',  ( 1.000000000000000000, -0.000000000000000000, -0.000000000000000000 ) ) ;
#813 = EDGE_LOOP ( 'NONE', ( #2031, #1135, #1029 ) ) ;
#814 = DIRECTION ( 'NONE',  ( 1.000000000000000000, -0.000000000000000000, -0.000000000000000000 ) ) ;
#815 = ORIENTED_EDGE ( 'NONE', *, *, #552, .F. ) ;
#816 = AXIS2_PLACEMENT_3D ( 'NONE', #1968, #687, #1260 ) ;
#817 = ORIENTED_EDGE ( 'NONE', *, *, #2283, .T. ) ;
#818 = AXIS2_PLACEMENT_3D ( 'NONE', #442, #2102, #431 ) ;
#819 = FACE_OUTER_BOUND ( 'NONE', #2166, .T. ) ;
#820 = LINE ( 'NONE', #842, #1609 ) ;
#821 = ADVANCED_FACE ( 'NONE', ( #1446 ), #1081, .T. ) ;
#822 = DIRECTION ( 'NONE',  ( 0.000000000000000000, 0.1641497884897338277, 0.9864354246167236218 ) ) ;
#823 = CARTESIAN_POINT ( 'NONE',  ( -3.253111381208465325, 0.3075506345307973399, 0.6569064926946006633 ) ) ;
#824 = ORIENTED_EDGE ( 'NONE', *, *, #1129, .T. ) ;
#825 = CARTESIAN_POINT ( 'NONE',  ( -0.7500000000000000000, 1.276034386620231054, 0.5582629502329282678 ) ) ;
#826 = UNCERTAINTY_MEASURE_WITH_UNIT (LENGTH_MEASURE( 1.000000000000000082E-05 ), #2086, 'distance_accuracy_value', 'NONE');
#827 = EDGE_LOOP ( 'NONE', ( #1944, #280, #1590, #932 ) ) ;
#828 = ADVANCED_FACE ( 'NONE', ( #1811 ), #2005, .T. ) ;
#829 = EDGE_LOOP ( 'NONE', ( #1855, #777 ) ) ;
#830 = DIRECTION ( 'NONE',  ( -1.000000000000000000, 0.000000000000000000, 0.000000000000000000 ) ) ;
#831 = AXIS2_PLACEMENT_3D ( 'NONE', #512, #1054, #348 ) ;
#832 = CARTESIAN_POINT ( 'NONE',  ( -3.253111381208465325, 0.7999999999999997113, 2.302399781155569425 ) ) ;
#833 = DIRECTION ( 'NONE',  ( 0.000000000000000000, 0.000000000000000000, -1.000000000000000000 ) ) ;
#834 = EDGE_CURVE ( 'NONE', #585, #496, #803, .T. ) ;
#835 = DIRECTION ( 'NONE',  ( 1.000000000000000000, 0.000000000000000000, 0.000000000000000000 ) ) ;
#836 = ORIENTED_EDGE ( 'NONE', *, *, #1918, .F. ) ;
#837 = CYLINDRICAL_SURFACE ( 'NONE', #542, 0.1000000000000001027 ) ;
#838 = ORIENTED_EDGE ( 'NONE', *, *, #1209, .T. ) ;
#839 = ADVANCED_FACE ( 'NONE', ( #722 ), #1566, .T. ) ;
#840 = ORIENTED_EDGE ( 'NONE', *, *, #708, .T. ) ;
#841 = DIRECTION ( 'NONE',  ( -1.000000000000000000, -0.000000000000000000, -0.000000000000000000 ) ) ;
#842 = CARTESIAN_POINT ( 'NONE',  ( -0.3499999999999999778, 0.8000000000000002665, 0.5976002188444301533 ) ) ;
#843 = CARTESIAN_POINT ( 'NONE',  ( -3.253111381208465325, 1.292449365469203304, 0.6569064926946004412 ) ) ;
#844 = CIRCLE ( 'NONE', #344, 0.1000000000000002137 ) ;
#845 = FACE_OUTER_BOUND ( 'NONE', #1243, .T. ) ;
#846 = VERTEX_POINT ( 'NONE', #153 ) ;
#847 = TOROIDAL_SURFACE ( 'NONE', #1147, 2.799999999999998934, 0.2000000000000000111 ) ;
#848 = PRODUCT ( 'LS4148(LS4448)', 'LS4148(LS4448)', '', ( #39 ) ) ;
#849 = CARTESIAN_POINT ( 'NONE',  ( -0.7500000000000000000, 0.1430935073054003248, 0.4924493654692035927 ) ) ;
#850 = ADVANCED_FACE ( 'NONE', ( #514, #1274 ), #746, .T. ) ;
#851 = ORIENTED_EDGE ( 'NONE', *, *, #2126, .F. ) ;
#852 = ORIENTED_EDGE ( 'NONE', *, *, #1167, .T. ) ;
#853 = VECTOR ( 'NONE', #1629, 1000.000000000000000 ) ;
#854 =( NAMED_UNIT ( * ) SI_UNIT ( $, .STERADIAN. ) SOLID_ANGLE_UNIT ( ) );
#855 = VECTOR ( 'NONE', #194, 1000.000000000000000 ) ;
#856 = FACE_OUTER_BOUND ( 'NONE', #1892, .T. ) ;
#857 = DIRECTION ( 'NONE',  ( 1.000000000000000000, -0.000000000000000000, -0.000000000000000000 ) ) ;
#858 = CIRCLE ( 'NONE', #975, 2.799999999999999822 ) ;
#859 = EDGE_CURVE ( 'NONE', #2322, #1716, #1793, .T. ) ;
#860 = DIRECTION ( 'NONE',  ( 1.000000000000000000, -0.000000000000000000, -0.000000000000000000 ) ) ;
#861 = ORIENTED_EDGE ( 'NONE', *, *, #2036, .F. ) ;
#862 = FACE_OUTER_BOUND ( 'NONE', #293, .T. ) ;
#863 = VERTEX_POINT ( 'NONE', #1113 ) ;
#864 = EDGE_CURVE ( 'NONE', #303, #69, #1643, .T. ) ;
#865 = ORIENTED_EDGE ( 'NONE', *, *, #294, .T. ) ;
#866 = DIRECTION ( 'NONE',  ( -1.000000000000000000, 0.000000000000000000, 0.000000000000000000 ) ) ;
#867 = CARTESIAN_POINT ( 'NONE',  ( -0.3499999999999998113, 1.358262950232928645, 0.4760343866202296770 ) ) ;
#868 = VERTEX_POINT ( 'NONE', #1978 ) ;
#869 = DIRECTION ( 'NONE',  ( 1.000000000000000000, 0.000000000000000000, 0.000000000000000000 ) ) ;
#870 = ORIENTED_EDGE ( 'NONE', *, *, #891, .F. ) ;
#871 = AXIS2_PLACEMENT_3D ( 'NONE', #1162, #1199, #2249 ) ;
#872 = ORIENTED_EDGE ( 'NONE', *, *, #331, .F. ) ;
#873 = APPLICATION_PROTOCOL_DEFINITION ( 'draft international standard', 'automotive_design', 1998, #410 ) ;
#874 = DIRECTION ( 'NONE',  ( 0.000000000000000000, 4.452973208422607610E-15, -1.000000000000000000 ) ) ;
#875 = CARTESIAN_POINT ( 'NONE',  ( -0.3499999999999999778, 1.029809703885628203, -0.9213901866921568873 ) ) ;
#876 = CIRCLE ( 'NONE', #2211, 2.799999999999999822 ) ;
#877 = CARTESIAN_POINT ( 'NONE',  ( 1.079999999999999405, 0.7999999999999997113, 2.302399781155569425 ) ) ;
#878 = ORIENTED_EDGE ( 'NONE', *, *, #1435, .F. ) ;
#879 = ADVANCED_FACE ( 'NONE', ( #1605 ), #2372, .T. ) ;
#880 = CARTESIAN_POINT ( 'NONE',  ( 1.279999999999999805, 0.3403805922287442831, 0.4596194077712559278 ) ) ;
#881 = AXIS2_PLACEMENT_3D ( 'NONE', #599, #1139, #225 ) ;
#882 = VECTOR ( 'NONE', #1442, 1000.000000000000000 ) ;
#883 = VERTEX_POINT ( 'NONE', #948 ) ;
#884 = CIRCLE ( 'NONE', #809, 2.999999999999999556 ) ;
#885 = AXIS2_PLACEMENT_3D ( 'NONE', #446, #1592, #1411 ) ;
#886 = ORIENTED_EDGE ( 'NONE', *, *, #1612, .F. ) ;
#887 = CARTESIAN_POINT ( 'NONE',  ( -1.179999999999999938, 1.259619407771255917, -0.4596194077712562609 ) ) ;
#888 = LINE ( 'NONE', #1630, #610 ) ;
#889 = LINE ( 'NONE', #2163, #621 ) ;
#890 = AXIS2_PLACEMENT_3D ( 'NONE', #1120, #945, #403 ) ;
#891 = EDGE_CURVE ( 'NONE', #531, #1788, #1374, .T. ) ;
#892 = SURFACE_STYLE_USAGE ( .BOTH. , #1071 ) ;
#893 = CYLINDRICAL_SURFACE ( 'NONE', #801, 0.1000000000000002137 ) ;
#894 = VERTEX_POINT ( 'NONE', #1510 ) ;
#895 = DIRECTION ( 'NONE',  ( 0.000000000000000000, 0.000000000000000000, -1.000000000000000000 ) ) ;
#896 = CARTESIAN_POINT ( 'NONE',  ( -3.253111381208465325, 3.102399781155569691, 0.000000000000000000 ) ) ;
#897 = ORIENTED_EDGE ( 'NONE', *, *, #527, .F. ) ;
#898 = CARTESIAN_POINT ( 'NONE',  ( 1.623111381208463877, 1.259619407771255917, -0.4596194077712558168 ) ) ;
#899 = LINE ( 'NONE', #115, #853 ) ;
#900 = CARTESIAN_POINT ( 'NONE',  ( -0.3499999999999999778, 0.8000000000000002665, -2.302399781155569425 ) ) ;
#901 = CARTESIAN_POINT ( 'NONE',  ( 1.623111381208463877, 0.3403805922287442831, 0.4596194077712559278 ) ) ;
#902 = PRESENTATION_STYLE_ASSIGNMENT (( #892 ) ) ;
#903 = DIRECTION ( 'NONE',  ( 3.787726895674784801E-15, 0.1641497884897346604, 0.9864354246167233997 ) ) ;
#904 = EDGE_CURVE ( 'NONE', #1889, #846, #996, .T. ) ;
#905 = ORIENTED_EDGE ( 'NONE', *, *, #19, .F. ) ;
#906 = AXIS2_PLACEMENT_3D ( 'NONE', #1064, #501, #1794 ) ;
#907 = AXIS2_PLACEMENT_3D ( 'NONE', #241, #7, #1104 ) ;
#908 = ORIENTED_EDGE ( 'NONE', *, *, #730, .T. ) ;
#909 = CIRCLE ( 'NONE', #1974, 0.2000000000000001499 ) ;
#910 = DIRECTION ( 'NONE',  ( 0.000000000000000000, 0.000000000000000000, 1.000000000000000000 ) ) ;
#911 = ORIENTED_EDGE ( 'NONE', *, *, #2219, .T. ) ;
#912 = EDGE_CURVE ( 'NONE', #2199, #1506, #964, .T. ) ;
#913 = CARTESIAN_POINT ( 'NONE',  ( 1.279999999999999805, 3.102399781155569691, 0.000000000000000000 ) ) ;
#914 = DIRECTION ( 'NONE',  ( -1.000000000000000000, 0.000000000000000000, 0.000000000000000000 ) ) ;
#915 = DIRECTION ( 'NONE',  ( 0.000000000000000000, 0.000000000000000000, 1.000000000000000000 ) ) ;
#916 = AXIS2_PLACEMENT_3D ( 'NONE', #1152, #1485, #952 ) ;
#917 = ORIENTED_EDGE ( 'NONE', *, *, #2255, .T. ) ;
#918 = AXIS2_PLACEMENT_3D ( 'NONE', #2237, #2059, #1307 ) ;
#919 = CARTESIAN_POINT ( 'NONE',  ( -0.7500000000000000000, 0.7999999999999997113, 2.302399781155569425 ) ) ;
#920 = AXIS2_PLACEMENT_3D ( 'NONE', #1368, #82, #2100 ) ;
#921 = CYLINDRICAL_SURFACE ( 'NONE', #613, 2.999999999999999112 ) ;
#922 = ADVANCED_FACE ( 'NONE', ( #1127 ), #421, .T. ) ;
#923 = ORIENTED_EDGE ( 'NONE', *, *, #414, .F. ) ;
#924 = AXIS2_PLACEMENT_3D ( 'NONE', #1461, #2204, #1499 ) ;
#925 = VERTEX_POINT ( 'NONE', #1693 ) ;
#926 = DIRECTION ( 'NONE',  ( 0.000000000000000000, 0.000000000000000000, 1.000000000000000000 ) ) ;
#927 = CARTESIAN_POINT ( 'NONE',  ( -0.3499999999999999778, 0.7999999999999997113, 2.302399781155569425 ) ) ;
#928 = LINE ( 'NONE', #1115, #1801 ) ;
#929 = DIRECTION ( 'NONE',  ( -1.000000000000000000, 0.000000000000000000, 0.000000000000000000 ) ) ;
#930 = CIRCLE ( 'NONE', #505, 2.999999999999999112 ) ;
#931 = CIRCLE ( 'NONE', #2268, 0.2000000000000000666 ) ;
#932 = ORIENTED_EDGE ( 'NONE', *, *, #1952, .T. ) ;
#933 = DIRECTION ( 'NONE',  ( 1.000000000000000000, -0.000000000000000000, -0.000000000000000000 ) ) ;
#934 = VECTOR ( 'NONE', #551, 1000.000000000000000 ) ;
#935 = APPLICATION_CONTEXT ( 'automotive_design' ) ;
#936 = DIRECTION ( 'NONE',  ( 0.000000000000000000, 0.000000000000000000, -1.000000000000000000 ) ) ;
#937 = ORIENTED_EDGE ( 'NONE', *, *, #1531, .T. ) ;
#938 = EDGE_CURVE ( 'NONE', #1180, #1527, #1299, .T. ) ;
#939 = ORIENTED_EDGE ( 'NONE', *, *, #659, .F. ) ;
#940 = DIRECTION ( 'NONE',  ( 0.000000000000000000, 0.000000000000000000, 1.000000000000000000 ) ) ;
#941 = FACE_OUTER_BOUND ( 'NONE', #311, .T. ) ;
#942 = DIRECTION ( 'NONE',  ( -1.000000000000000000, 0.000000000000000000, 0.000000000000000000 ) ) ;
#943 = DIRECTION ( 'NONE',  ( -1.000000000000000000, 0.000000000000000000, 0.000000000000000000 ) ) ;
#944 = VERTEX_POINT ( 'NONE', #767 ) ;
#945 = DIRECTION ( 'NONE',  ( 1.000000000000000000, -0.000000000000000000, -0.000000000000000000 ) ) ;
#946 = EDGE_LOOP ( 'NONE', ( #237, #1018, #2136, #320 ) ) ;
#947 = VERTEX_POINT ( 'NONE', #2039 ) ;
#948 = CARTESIAN_POINT ( 'NONE',  ( -0.9799999999999999822, 1.292449365469203304, 0.6569064926946004412 ) ) ;
#949 = LINE ( 'NONE', #560, #1636 ) ;
#950 = FACE_OUTER_BOUND ( 'NONE', #2243, .T. ) ;
#951 = EDGE_CURVE ( 'NONE', #1474, #69, #1603, .T. ) ;
#952 = DIRECTION ( 'NONE',  ( 0.000000000000000000, 0.000000000000000000, 1.000000000000000000 ) ) ;
#953 = DIRECTION ( 'NONE',  ( 0.000000000000000000, 0.000000000000000000, 1.000000000000000000 ) ) ;
#954 = VERTEX_POINT ( 'NONE', #589 ) ;
#955 = CARTESIAN_POINT ( 'NONE',  ( -0.7500000000000000000, 1.292449365469203304, 0.6569064926946005523 ) ) ;
#956 = AXIS2_PLACEMENT_3D ( 'NONE', #1250, #1084, #1981 ) ;
#957 = CIRCLE ( 'NONE', #1685, 0.2000000000000000944 ) ;
#958 = DIRECTION ( 'NONE',  ( 0.000000000000000000, -0.9864354246167235107, -0.1641497884897344384 ) ) ;
#959 = ORIENTED_EDGE ( 'NONE', *, *, #19, .T. ) ;
#960 = AXIS2_PLACEMENT_3D ( 'NONE', #2294, #812, #220 ) ;
#961 = EDGE_CURVE ( 'NONE', #580, #1004, #1757, .T. ) ;
#962 = AXIS2_PLACEMENT_3D ( 'NONE', #167, #1449, #1595 ) ;
#963 = ORIENTED_EDGE ( 'NONE', *, *, #1604, .F. ) ;
#964 = LINE ( 'NONE', #1868, #2172 ) ;
#965 = DIRECTION ( 'NONE',  ( 1.000000000000000000, -0.000000000000000000, -0.000000000000000000 ) ) ;
#966 = VECTOR ( 'NONE', #1533, 1000.000000000000000 ) ;
#967 = DIRECTION ( 'NONE',  ( -1.000000000000000000, 0.000000000000000000, 0.000000000000000000 ) ) ;
#968 = DIRECTION ( 'NONE',  ( 0.000000000000000000, 0.000000000000000000, -1.000000000000000000 ) ) ;
#969 = DIRECTION ( 'NONE',  ( 0.000000000000000000, 0.000000000000000000, -1.000000000000000000 ) ) ;
#970 = EDGE_CURVE ( 'NONE', #557, #1513, #1033, .T. ) ;
#971 = ORIENTED_EDGE ( 'NONE', *, *, #2234, .T. ) ;
#972 = DIRECTION ( 'NONE',  ( 0.000000000000000000, 0.000000000000000000, 1.000000000000000000 ) ) ;
#973 = AXIS2_PLACEMENT_3D ( 'NONE', #1472, #1322, #1486 ) ;
#974 = ORIENTED_EDGE ( 'NONE', *, *, #834, .T. ) ;
#975 = AXIS2_PLACEMENT_3D ( 'NONE', #1106, #1836, #355 ) ;
#976 = ORIENTED_EDGE ( 'NONE', *, *, #961, .F. ) ;
#977 = DIRECTION ( 'NONE',  ( -1.000000000000000000, 0.000000000000000000, 0.000000000000000000 ) ) ;
#978 = CARTESIAN_POINT ( 'NONE',  ( 1.079999999999999405, 1.259619407771255917, -0.4596194077712558168 ) ) ;
#979 = ORIENTED_EDGE ( 'NONE', *, *, #300, .F. ) ;
#980 = EDGE_CURVE ( 'NONE', #1972, #1503, #1911, .T. ) ;
#981 = FACE_OUTER_BOUND ( 'NONE', #145, .T. ) ;
#982 = ADVANCED_FACE ( 'NONE', ( #1882 ), #780, .T. ) ;
#983 = ORIENTED_EDGE ( 'NONE', *, *, #1976, .F. ) ;
#984 = ADVANCED_FACE ( 'NONE', ( #568 ), #2012, .T. ) ;
#985 = ORIENTED_EDGE ( 'NONE', *, *, #1927, .T. ) ;
#986 = CARTESIAN_POINT ( 'NONE',  ( -0.3499999999999998113, 0.8000000000000002665, 0.5976002188444301533 ) ) ;
#987 = LINE ( 'NONE', #807, #966 ) ;
#988 = FACE_OUTER_BOUND ( 'NONE', #588, .T. ) ;
#989 = CARTESIAN_POINT ( 'NONE',  ( 1.079999999999999405, 1.456906492694601152, 0.4924493654692028155 ) ) ;
#990 = ORIENTED_EDGE ( 'NONE', *, *, #2250, .T. ) ;
#991 = FACE_BOUND ( 'NONE', #1625, .T. ) ;
#992 = VERTEX_POINT ( 'NONE', #520 ) ;
#993 = CIRCLE ( 'NONE', #1910, 0.7593747037914024833 ) ;
#994 = ADVANCED_FACE ( 'NONE', ( #393 ), #921, .T. ) ;
#995 = ORIENTED_EDGE ( 'NONE', *, *, #228, .T. ) ;
#996 = CIRCLE ( 'NONE', #2333, 0.6999999999999999556 ) ;
#997 = CARTESIAN_POINT ( 'NONE',  ( -0.9799999999999997602, 0.3403805922287446162, 0.4596194077712567605 ) ) ;
#998 = CIRCLE ( 'NONE', #1606, 2.899999999999999467 ) ;
#999 = CARTESIAN_POINT ( 'NONE',  ( 1.750000000000000000, 0.8000000000000001554, 0.7593747037914024833 ) ) ;
#1000 = DIRECTION ( 'NONE',  ( 0.000000000000000000, 0.000000000000000000, 1.000000000000000000 ) ) ;
#1001 = CIRCLE ( 'NONE', #1647, 0.2000000000000001499 ) ;
#1002 = ORIENTED_EDGE ( 'NONE', *, *, #1154, .T. ) ;
#1003 = DIRECTION ( 'NONE',  ( 0.000000000000000000, 0.000000000000000000, 1.000000000000000000 ) ) ;
#1004 = VERTEX_POINT ( 'NONE', #1651 ) ;
#1005 = PRESENTATION_LAYER_ASSIGNMENT (  '', '', ( #2038 ) ) ;
#1006 = VERTEX_POINT ( 'NONE', #360 ) ;
#1007 = CLOSED_SHELL ( 'NONE', ( #632, #839, #800, #49, #1261, #821, #982, #125, #2, #984, #1008, #85, #379, #1178, #581, #2189, #1487, #212, #1707, #1565, #236, #1582, #850, #1750, #1689, #2070, #1551, #123, #350, #2302, #326, #644, #2156, #828, #338, #1813, #1631, #1285, #2308, #1946, #922, #138, #664, #1730, #521, #674, #2096, #1301, #1203 ) ) ;
#1008 = ADVANCED_FACE ( 'NONE', ( #1639 ), #1122, .T. ) ;
#1009 = DIRECTION ( 'NONE',  ( 0.000000000000000000, -0.9864354246167233997, 0.1641497884897346882 ) ) ;
#1010 = CARTESIAN_POINT ( 'NONE',  ( -1.179999999999999938, -1.502399781155568714, 7.499184645402688704E-16 ) ) ;
#1011 = DIRECTION ( 'NONE',  ( -1.000000000000000000, 0.000000000000000000, 0.000000000000000000 ) ) ;
#1012 = LINE ( 'NONE', #2292, #539 ) ;
#1013 = ORIENTED_EDGE ( 'NONE', *, *, #537, .F. ) ;
#1014 = EDGE_CURVE ( 'NONE', #1516, #1028, #1876, .T. ) ;
#1015 = FACE_OUTER_BOUND ( 'NONE', #1615, .T. ) ;
#1016 = UNCERTAINTY_MEASURE_WITH_UNIT (LENGTH_MEASURE( 1.000000000000000082E-05 ), #1447, 'distance_accuracy_value', 'NONE');
#1017 = ORIENTED_EDGE ( 'NONE', *, *, #1871, .F. ) ;
#1018 = ORIENTED_EDGE ( 'NONE', *, *, #1780, .T. ) ;
#1019 = CARTESIAN_POINT ( 'NONE',  ( -0.3499999999999998113, 0.3239656133797745308, -0.5582629502329287119 ) ) ;
#1020 = DIRECTION ( 'NONE',  ( -1.000000000000000000, 0.000000000000000000, 0.000000000000000000 ) ) ;
#1021 = AXIS2_PLACEMENT_3D ( 'NONE', #1436, #1965, #1951 ) ;
#1022 = DIRECTION ( 'NONE',  ( -1.000000000000000000, -0.000000000000000000, -0.000000000000000000 ) ) ;
#1023 = DIRECTION ( 'NONE',  ( -1.000000000000000000, 0.000000000000000000, 0.000000000000000000 ) ) ;
#1024 = DIRECTION ( 'NONE',  ( 0.000000000000000000, 0.000000000000000000, 1.000000000000000000 ) ) ;
#1025 = ORIENTED_EDGE ( 'NONE', *, *, #1281, .F. ) ;
#1026 = CARTESIAN_POINT ( 'NONE',  ( -0.3499999999999999778, 1.358262950232928645, 0.4760343866202296770 ) ) ;
#1027 = EDGE_CURVE ( 'NONE', #1915, #868, #1226, .T. ) ;
#1028 = VERTEX_POINT ( 'NONE', #1454 ) ;
#1029 = ORIENTED_EDGE ( 'NONE', *, *, #2197, .F. ) ;
#1030 = CARTESIAN_POINT ( 'NONE',  ( -0.7500000000000000000, 1.259619407771255917, -0.4596194077712558168 ) ) ;
#1031 = ADVANCED_FACE ( 'NONE', ( #1854 ), #2158, .T. ) ;
#1032 = DIRECTION ( 'NONE',  ( 0.000000000000000000, 0.000000000000000000, -1.000000000000000000 ) ) ;
#1033 = CIRCLE ( 'NONE', #1338, 0.2000000000000000944 ) ;
#1034 = DIRECTION ( 'NONE',  ( -1.000000000000000000, -0.000000000000000000, -0.000000000000000000 ) ) ;
#1035 = DIRECTION ( 'NONE',  ( 1.000000000000000000, -0.000000000000000000, -0.000000000000000000 ) ) ;
#1036 = CIRCLE ( 'NONE', #1759, 0.2000000000000001499 ) ;
#1037 = CARTESIAN_POINT ( 'NONE',  ( -0.9799999999999999822, 1.292449365469203082, -0.6569064926946006633 ) ) ;
#1038 = ORIENTED_EDGE ( 'NONE', *, *, #2091, .T. ) ;
#1039 = COLOUR_RGB ( '',0.2509803921568627416, 0.2509803921568627416, 0.2509803921568627416 ) ;
#1040 = FACE_OUTER_BOUND ( 'NONE', #1726, .T. ) ;
#1041 = EDGE_CURVE ( 'NONE', #1291, #1182, #1036, .T. ) ;
#1042 = ORIENTED_EDGE ( 'NONE', *, *, #2349, .F. ) ;
#1043 = ORIENTED_EDGE ( 'NONE', *, *, #1623, .F. ) ;
#1044 = CIRCLE ( 'NONE', #2379, 2.999999999999999112 ) ;
#1045 = DIRECTION ( 'NONE',  ( -1.000000000000000000, -0.000000000000000000, -0.000000000000000000 ) ) ;
#1046 = CARTESIAN_POINT ( 'NONE',  ( -1.179999999999999938, 0.8000000000000002665, -2.302399781155569425 ) ) ;
#1047 = CYLINDRICAL_SURFACE ( 'NONE', #567, 2.899999999999999467 ) ;
#1048 = STYLED_ITEM ( 'NONE', ( #1660 ), #426 ) ;
#1049 = CARTESIAN_POINT ( 'NONE',  ( -0.7500000000000000000, -1.502399781155568714, 7.499184645402688704E-16 ) ) ;
#1050 = EDGE_LOOP ( 'NONE', ( #223, #88, #500, #64 ) ) ;
#1051 = DIRECTION ( 'NONE',  ( -1.000000000000000000, -0.000000000000000000, -0.000000000000000000 ) ) ;
#1052 = ORIENTED_EDGE ( 'NONE', *, *, #1668, .F. ) ;
#1053 = ORIENTED_EDGE ( 'NONE', *, *, #2036, .T. ) ;
#1054 = DIRECTION ( 'NONE',  ( -1.000000000000000000, 0.000000000000000000, 0.000000000000000000 ) ) ;
#1055 = EDGE_CURVE ( 'NONE', #1506, #84, #844, .T. ) ;
#1056 = FACE_BOUND ( 'NONE', #2280, .T. ) ;
#1057 = LINE ( 'NONE', #1379, #1297 ) ;
#1058 = SURFACE_SIDE_STYLE ('',( #2340 ) ) ;
#1059 = CARTESIAN_POINT ( 'NONE',  ( -0.7500000000000000000, 0.3075506345307985057, -0.6569064926946004412 ) ) ;
#1060 = ORIENTED_EDGE ( 'NONE', *, *, #1900, .F. ) ;
#1061 = DIRECTION ( 'NONE',  ( 0.000000000000000000, 0.000000000000000000, -1.000000000000000000 ) ) ;
#1062 = ORIENTED_EDGE ( 'NONE', *, *, #1041, .F. ) ;
#1063 = ORIENTED_EDGE ( 'NONE', *, *, #1738, .T. ) ;
#1064 = CARTESIAN_POINT ( 'NONE',  ( 1.079999999999999405, 0.3403805922287445052, -0.4596194077712558168 ) ) ;
#1065 = ADVANCED_FACE ( 'NONE', ( #2346 ), #2000, .F. ) ;
#1066 = DIRECTION ( 'NONE',  ( 0.000000000000000000, 0.000000000000000000, -1.000000000000000000 ) ) ;
#1067 = AXIS2_PLACEMENT_3D ( 'NONE', #1321, #769, #1131 ) ;
#1068 = DIRECTION ( 'NONE',  ( -1.000000000000000000, -0.000000000000000000, -0.000000000000000000 ) ) ;
#1069 = DIRECTION ( 'NONE',  ( -1.000000000000000000, 0.000000000000000000, 0.000000000000000000 ) ) ;
#1070 = AXIS2_PLACEMENT_3D ( 'NONE', #1593, #2326, #686 ) ;
#1071 = SURFACE_SIDE_STYLE ('',( #515 ) ) ;
#1072 = FILL_AREA_STYLE ('',( #340 ) ) ;
#1073 = AXIS2_PLACEMENT_3D ( 'NONE', #1100, #543, #1280 ) ;
#1074 = CIRCLE ( 'NONE', #188, 0.1999999999999999833 ) ;
#1075 = ORIENTED_EDGE ( 'NONE', *, *, #1989, .T. ) ;
#1076 = FACE_OUTER_BOUND ( 'NONE', #1455, .T. ) ;
#1077 = CIRCLE ( 'NONE', #885, 2.799999999999998934 ) ;
#1078 = VERTEX_POINT ( 'NONE', #196 ) ;
#1079 = CARTESIAN_POINT ( 'NONE',  ( -0.3499999999999998113, 0.3075506345307973399, 0.6569064926946003302 ) ) ;
#1080 = AXIS2_PLACEMENT_3D ( 'NONE', #2216, #1153, #2062 ) ;
#1081 = CYLINDRICAL_SURFACE ( 'NONE', #26, 0.2000000000000000944 ) ;
#1082 = TOROIDAL_SURFACE ( 'NONE', #121, 2.799999999999999822, 0.2000000000000000111 ) ;
#1083 = CARTESIAN_POINT ( 'NONE',  ( 1.079999999999999405, 3.102399781155569691, 0.000000000000000000 ) ) ;
#1084 = DIRECTION ( 'NONE',  ( 1.000000000000000000, -0.000000000000000000, -0.000000000000000000 ) ) ;
#1085 = TOROIDAL_SURFACE ( 'NONE', #956, 0.09999999999999982514, 0.6999999999999999556 ) ;
#1086 = EDGE_CURVE ( 'NONE', #2208, #673, #1826, .T. ) ;
#1087 = ORIENTED_EDGE ( 'NONE', *, *, #425, .F. ) ;
#1088 = CARTESIAN_POINT ( 'NONE',  ( -3.253111381208465325, 0.8000000000000002665, -2.302399781155569425 ) ) ;
#1089 = DIRECTION ( 'NONE',  ( 0.000000000000000000, -0.9864354246167232887, 0.1641497884897351600 ) ) ;
#1090 = ORIENTED_EDGE ( 'NONE', *, *, #1756, .T. ) ;
#1091 = CARTESIAN_POINT ( 'NONE',  ( 1.623111381208463877, 0.3403805922287445052, -0.4596194077712558168 ) ) ;
#1092 = COLOUR_RGB ( '',0.7960784313725489669, 0.8235294117647058432, 0.9372549019607843146 ) ;
#1093 = DIRECTION ( 'NONE',  ( 0.000000000000000000, 0.000000000000000000, 1.000000000000000000 ) ) ;
#1094 = CARTESIAN_POINT ( 'NONE',  ( -0.7500000000000000000, 1.456906492694600930, 0.4924493654692028155 ) ) ;
#1095 = ADVANCED_FACE ( 'NONE', ( #1076, #161 ), #1614, .F. ) ;
#1096 = AXIS2_PLACEMENT_3D ( 'NONE', #226, #2026, #1469 ) ;
#1097 = ORIENTED_EDGE ( 'NONE', *, *, #1880, .F. ) ;
#1098 = DIRECTION ( 'NONE',  ( -1.000000000000000000, 0.000000000000000000, 0.000000000000000000 ) ) ;
#1099 = EDGE_CURVE ( 'NONE', #2093, #239, #2022, .T. ) ;
#1100 = CARTESIAN_POINT ( 'NONE',  ( -1.179999999999999938, 0.7999999999999999334, 0.000000000000000000 ) ) ;
#1101 = EDGE_LOOP ( 'NONE', ( #1132, #468, #76, #878 ) ) ;
#1102 = EDGE_LOOP ( 'NONE', ( #2236, #394, #330, #911 ) ) ;
#1103 = DIRECTION ( 'NONE',  ( 1.000000000000000000, -0.000000000000000000, -0.000000000000000000 ) ) ;
#1104 = DIRECTION ( 'NONE',  ( 0.000000000000000000, 0.1641497884897351878, -0.9864354246167231777 ) ) ;
#1105 = CARTESIAN_POINT ( 'NONE',  ( -0.3499999999999999778, 0.8000000000000002665, 0.5976002188444301533 ) ) ;
#1106 = CARTESIAN_POINT ( 'NONE',  ( 1.279999999999999805, 0.7999999999999997113, 2.302399781155569425 ) ) ;
#1107 = EDGE_CURVE ( 'NONE', #2116, #695, #306, .T. ) ;
#1108 = DIRECTION ( 'NONE',  ( -1.000000000000000000, 0.000000000000000000, 0.000000000000000000 ) ) ;
#1109 = PRESENTATION_LAYER_ASSIGNMENT (  '', '', ( #2139 ) ) ;
#1110 = DIRECTION ( 'NONE',  ( 0.000000000000000000, 0.000000000000000000, 1.000000000000000000 ) ) ;
#1111 = ORIENTED_EDGE ( 'NONE', *, *, #2168, .T. ) ;
#1112 = VECTOR ( 'NONE', #748, 1000.000000000000000 ) ;
#1113 = CARTESIAN_POINT ( 'NONE',  ( -0.7500000000000000000, 0.8000000000000002665, 0.5976002188444301533 ) ) ;
#1114 = DIRECTION ( 'NONE',  ( -1.000000000000000000, 0.000000000000000000, 0.000000000000000000 ) ) ;
#1115 = CARTESIAN_POINT ( 'NONE',  ( -3.253111381208465325, 0.1430935073053996309, -0.4924493654692027045 ) ) ;
#1116 = CYLINDRICAL_SURFACE ( 'NONE', #1539, 2.899999999999999467 ) ;
#1117 = AXIS2_PLACEMENT_3D ( 'NONE', #1798, #1957, #1775 ) ;
#1118 = AXIS2_PLACEMENT_3D ( 'NONE', #919, #451, #619 ) ;
#1119 = ORIENTED_EDGE ( 'NONE', *, *, #2223, .T. ) ;
#1120 = CARTESIAN_POINT ( 'NONE',  ( -3.253111381208465325, 0.3403805922287445052, -0.4596194077712558168 ) ) ;
#1121 = CIRCLE ( 'NONE', #1277, 2.899999999999999911 ) ;
#1122 = CYLINDRICAL_SURFACE ( 'NONE', #1451, 2.999999999999999112 ) ;
#1123 = EDGE_LOOP ( 'NONE', ( #1303, #2077, #2001, #1667 ) ) ;
#1124 = SURFACE_STYLE_USAGE ( .BOTH. , #1844 ) ;
#1125 = EDGE_CURVE ( 'NONE', #1527, #1816, #1184, .T. ) ;
#1126 = ORIENTED_EDGE ( 'NONE', *, *, #2056, .F. ) ;
#1127 = FACE_OUTER_BOUND ( 'NONE', #444, .T. ) ;
#1128 = DIRECTION ( 'NONE',  ( -1.000000000000000000, -0.000000000000000000, -0.000000000000000000 ) ) ;
#1129 = EDGE_CURVE ( 'NONE', #1771, #1600, #184, .T. ) ;
#1130 = CARTESIAN_POINT ( 'NONE',  ( -0.9799999999999999822, 0.7999999999999997113, -0.6976002188444304641 ) ) ;
#1131 = DIRECTION ( 'NONE',  ( 0.000000000000000000, 0.000000000000000000, -1.000000000000000000 ) ) ;
#1132 = ORIENTED_EDGE ( 'NONE', *, *, #203, .F. ) ;
#1133 = LINE ( 'NONE', #2271, #1540 ) ;
#1134 = FACE_OUTER_BOUND ( 'NONE', #1431, .T. ) ;
#1135 = ORIENTED_EDGE ( 'NONE', *, *, #951, .T. ) ;
#1136 = DIRECTION ( 'NONE',  ( 1.000000000000000000, 0.000000000000000000, 0.000000000000000000 ) ) ;
#1137 = ORIENTED_EDGE ( 'NONE', *, *, #1657, .F. ) ;
#1138 = EDGE_CURVE ( 'NONE', #1467, #1291, #1146, .T. ) ;
#1139 = DIRECTION ( 'NONE',  ( 1.000000000000000000, -0.000000000000000000, -0.000000000000000000 ) ) ;
#1140 = CARTESIAN_POINT ( 'NONE',  ( -3.253111381208465325, 0.1430935073053996309, -0.4924493654692027045 ) ) ;
#1141 = DIRECTION ( 'NONE',  ( 0.000000000000000000, 0.000000000000000000, -1.000000000000000000 ) ) ;
#1142 = DIRECTION ( 'NONE',  ( 0.000000000000000000, -0.1641497884897341608, 0.9864354246167235107 ) ) ;
#1143 = ORIENTED_EDGE ( 'NONE', *, *, #1508, .F. ) ;
#1144 = DIRECTION ( 'NONE',  ( 0.000000000000000000, 0.000000000000000000, -1.000000000000000000 ) ) ;
#1145 = ORIENTED_EDGE ( 'NONE', *, *, #481, .F. ) ;
#1146 = CIRCLE ( 'NONE', #148, 3.000000000000000000 ) ;
#1147 = AXIS2_PLACEMENT_3D ( 'NONE', #2230, #411, #1141 ) ;
#1148 = EDGE_LOOP ( 'NONE', ( #272, #1373, #2272, #256 ) ) ;
#1149 = CARTESIAN_POINT ( 'NONE',  ( 1.079999999999999405, 0.3403805922287452268, -0.4596194077712562054 ) ) ;
#1150 = EDGE_CURVE ( 'NONE', #2232, #944, #2371, .T. ) ;
#1151 = LINE ( 'NONE', #102, #1232 ) ;
#1152 = CARTESIAN_POINT ( 'NONE',  ( 1.623111381208463877, 3.102399781155569691, 0.000000000000000000 ) ) ;
#1153 = DIRECTION ( 'NONE',  ( 1.000000000000000000, -0.000000000000000000, -0.000000000000000000 ) ) ;
#1154 = EDGE_CURVE ( 'NONE', #707, #1766, #462, .T. ) ;
#1155 = ORIENTED_EDGE ( 'NONE', *, *, #951, .F. ) ;
#1156 = DIRECTION ( 'NONE',  ( 0.000000000000000000, 3.541727096785981677E-15, 1.000000000000000000 ) ) ;
#1157 = EDGE_CURVE ( 'NONE', #1543, #2116, #654, .T. ) ;
#1158 = AXIS2_PLACEMENT_3D ( 'NONE', #1088, #171, #1638 ) ;
#1159 = ORIENTED_EDGE ( 'NONE', *, *, #1398, .F. ) ;
#1160 = AXIS2_PLACEMENT_3D ( 'NONE', #1877, #86, #972 ) ;
#1161 = ORIENTED_EDGE ( 'NONE', *, *, #215, .F. ) ;
#1162 = CARTESIAN_POINT ( 'NONE',  ( -0.3499999999999998113, 0.7999999999999997113, 2.302399781155569425 ) ) ;
#1163 = DIRECTION ( 'NONE',  ( 0.000000000000000000, 0.000000000000000000, -1.000000000000000000 ) ) ;
#1164 = DIRECTION ( 'NONE',  ( 1.000000000000000000, -0.000000000000000000, -0.000000000000000000 ) ) ;
#1165 = ORIENTED_EDGE ( 'NONE', *, *, #1738, .F. ) ;
#1166 = DIRECTION ( 'NONE',  ( -1.000000000000000000, 0.000000000000000000, 0.000000000000000000 ) ) ;
#1167 = EDGE_CURVE ( 'NONE', #2101, #580, #1991, .T. ) ;
#1168 = ORIENTED_EDGE ( 'NONE', *, *, #2126, .T. ) ;
#1169 = EDGE_LOOP ( 'NONE', ( #517, #1653, #1608, #2284 ) ) ;
#1170 = DIRECTION ( 'NONE',  ( 0.000000000000000000, 0.000000000000000000, 1.000000000000000000 ) ) ;
#1171 = AXIS2_PLACEMENT_3D ( 'NONE', #2202, #600, #1883 ) ;
#1172 = CARTESIAN_POINT ( 'NONE',  ( -0.3499999999999999778, 0.3403805922287442831, 0.4596194077712559278 ) ) ;
#1173 = ADVANCED_FACE ( 'NONE', ( #1676 ), #449, .F. ) ;
#1174 = DIRECTION ( 'NONE',  ( 0.000000000000000000, 0.000000000000000000, 1.000000000000000000 ) ) ;
#1175 = AXIS2_PLACEMENT_3D ( 'NONE', #470, #2069, #436 ) ;
#1176 = CARTESIAN_POINT ( 'NONE',  ( -0.9799999999999999822, 0.7999999999999997113, 2.302399781155569425 ) ) ;
#1177 = ORIENTED_EDGE ( 'NONE', *, *, #2007, .F. ) ;
#1178 = ADVANCED_FACE ( 'NONE', ( #845 ), #641, .T. ) ;
#1179 = AXIS2_PLACEMENT_3D ( 'NONE', #1729, #1872, #784 ) ;
#1180 = VERTEX_POINT ( 'NONE', #1314 ) ;
#1181 = CIRCLE ( 'NONE', #1526, 0.6999999999999999556 ) ;
#1182 = VERTEX_POINT ( 'NONE', #23 ) ;
#1183 = CARTESIAN_POINT ( 'NONE',  ( 1.279999999999999805, 0.8000000000000001554, 0.000000000000000000 ) ) ;
#1184 = CIRCLE ( 'NONE', #1799, 0.2000000000000002054 ) ;
#1185 = EDGE_CURVE ( 'NONE', #382, #947, #1265, .T. ) ;
#1186 = CARTESIAN_POINT ( 'NONE',  ( -0.3499999999999999778, 0.3239656133797745308, -0.5582629502329287119 ) ) ;
#1187 = FACE_OUTER_BOUND ( 'NONE', #2024, .T. ) ;
#1188 = CIRCLE ( 'NONE', #1688, 2.999999999999999112 ) ;
#1189 = DIRECTION ( 'NONE',  ( -1.000000000000000000, -0.000000000000000000, -0.000000000000000000 ) ) ;
#1190 = CIRCLE ( 'NONE', #1803, 2.799999999999998934 ) ;
#1191 = VERTEX_POINT ( 'NONE', #1382 ) ;
#1192 = CARTESIAN_POINT ( 'NONE',  ( -3.253111381208465325, 0.8000000000000002665, -2.302399781155569425 ) ) ;
#1193 = CIRCLE ( 'NONE', #2344, 2.999999999999999112 ) ;
#1194 = AXIS2_PLACEMENT_3D ( 'NONE', #524, #1583, #1784 ) ;
#1195 = EDGE_LOOP ( 'NONE', ( #1731, #2332, #1053, #760 ) ) ;
#1196 = AXIS2_PLACEMENT_3D ( 'NONE', #566, #2033, #1853 ) ;
#1197 = ORIENTED_EDGE ( 'NONE', *, *, #175, .T. ) ;
#1198 = VECTOR ( 'NONE', #516, 1000.000000000000000 ) ;
#1199 = DIRECTION ( 'NONE',  ( 1.000000000000000000, -0.000000000000000000, -0.000000000000000000 ) ) ;
#1200 = ADVANCED_FACE ( 'NONE', ( #404 ), #763, .T. ) ;
#1201 = DIRECTION ( 'NONE',  ( 0.000000000000000000, 0.000000000000000000, 1.000000000000000000 ) ) ;
#1202 = DIRECTION ( 'NONE',  ( 0.000000000000000000, 0.000000000000000000, 1.000000000000000000 ) ) ;
#1203 = ADVANCED_FACE ( 'NONE', ( #1134 ), #2309, .T. ) ;
#1204 = SURFACE_STYLE_USAGE ( .BOTH. , #2269 ) ;
#1205 = MANIFOLD_SOLID_BREP ( 'Revolve2', #1578 ) ;
#1206 = VERTEX_POINT ( 'NONE', #1740 ) ;
#1207 = DIRECTION ( 'NONE',  ( -1.000000000000000000, 0.000000000000000000, 0.000000000000000000 ) ) ;
#1208 = EDGE_LOOP ( 'NONE', ( #1970, #209, #1724, #633 ) ) ;
#1209 = EDGE_CURVE ( 'NONE', #260, #1902, #998, .T. ) ;
#1210 = MANIFOLD_SOLID_BREP ( 'Boss-Extrude2', #2148 ) ;
#1211 = ORIENTED_EDGE ( 'NONE', *, *, #1562, .T. ) ;
#1212 = DIRECTION ( 'NONE',  ( 0.000000000000000000, 0.000000000000000000, -1.000000000000000000 ) ) ;
#1213 = CARTESIAN_POINT ( 'NONE',  ( -0.7500000000000000000, 0.3403805922287442831, 0.4596194077712559278 ) ) ;
#1214 = EDGE_CURVE ( 'NONE', #466, #2257, #1761, .T. ) ;
#1215 = CARTESIAN_POINT ( 'NONE',  ( -0.7500000000000000000, 0.8000000000000002665, 0.5976002188444301533 ) ) ;
#1216 = DIRECTION ( 'NONE',  ( 0.000000000000000000, 0.000000000000000000, 1.000000000000000000 ) ) ;
#1217 =( NAMED_UNIT ( * ) SI_UNIT ( $, .STERADIAN. ) SOLID_ANGLE_UNIT ( ) );
#1218 = ORIENTED_EDGE ( 'NONE', *, *, #2219, .F. ) ;
#1219 = CARTESIAN_POINT ( 'NONE',  ( -1.750000000000000000, 0.8000000000000001554, 0.000000000000000000 ) ) ;
#1220 = ORIENTED_EDGE ( 'NONE', *, *, #406, .T. ) ;
#1221 = ORIENTED_EDGE ( 'NONE', *, *, #527, .T. ) ;
#1222 = AXIS2_PLACEMENT_3D ( 'NONE', #2043, #439, #1000 ) ;
#1223 = DIRECTION ( 'NONE',  ( -1.000000000000000000, -0.000000000000000000, -0.000000000000000000 ) ) ;
#1224 = CARTESIAN_POINT ( 'NONE',  ( -0.3499999999999998113, 0.3403805922287442831, 0.4596194077712559278 ) ) ;
#1225 = DIRECTION ( 'NONE',  ( -1.000000000000000000, 0.000000000000000000, 0.000000000000000000 ) ) ;
#1226 = CIRCLE ( 'NONE', #1837, 0.1999999999999999833 ) ;
#1227 = EDGE_CURVE ( 'NONE', #1734, #1006, #132, .T. ) ;
#1228 = DIRECTION ( 'NONE',  ( -1.000000000000000000, 0.000000000000000000, 0.000000000000000000 ) ) ;
#1229 = EDGE_LOOP ( 'NONE', ( #1278, #510, #1341, #1613 ) ) ;
#1230 = DIRECTION ( 'NONE',  ( 0.000000000000000000, 0.000000000000000000, 1.000000000000000000 ) ) ;
#1231 = EDGE_CURVE ( 'NONE', #455, #371, #112, .T. ) ;
#1232 = VECTOR ( 'NONE', #1569, 1000.000000000000000 ) ;
#1233 = EDGE_LOOP ( 'NONE', ( #10, #94, #2023, #87 ) ) ;
#1234 = EDGE_CURVE ( 'NONE', #1180, #371, #1969, .T. ) ;
#1235 = ORIENTED_EDGE ( 'NONE', *, *, #2079, .F. ) ;
#1236 = CIRCLE ( 'NONE', #198, 0.1000000000000001027 ) ;
#1237 = CARTESIAN_POINT ( 'NONE',  ( -0.3499999999999998113, 0.1430935073053994644, 0.4924493654692036482 ) ) ;
#1238 = CARTESIAN_POINT ( 'NONE',  ( -0.3499999999999999778, -1.502399781155568714, 7.499184645402688704E-16 ) ) ;
#1239 = CARTESIAN_POINT ( 'NONE',  ( -3.253111381208465325, 0.1430935073054003248, 0.4924493654692035927 ) ) ;
#1240 = ORIENTED_EDGE ( 'NONE', *, *, #331, .T. ) ;
#1241 = CYLINDRICAL_SURFACE ( 'NONE', #1502, 0.1000000000000002137 ) ;
#1242 = EDGE_CURVE ( 'NONE', #218, #1006, #1188, .T. ) ;
#1243 = EDGE_LOOP ( 'NONE', ( #432, #1652, #754, #41, #405 ) ) ;
#1244 = ORIENTED_EDGE ( 'NONE', *, *, #1604, .T. ) ;
#1245 = CARTESIAN_POINT ( 'NONE',  ( -1.179999999999999938, 0.7999999999999999334, 0.000000000000000000 ) ) ;
#1246 = CARTESIAN_POINT ( 'NONE',  ( 1.623111381208463877, 0.1430935073054003248, 0.4924493654692035927 ) ) ;
#1247 = PLANE ( 'NONE',  #224 ) ;
#1248 = AXIS2_PLACEMENT_3D ( 'NONE', #2348, #492, #2151 ) ;
#1249 = DIRECTION ( 'NONE',  ( -1.000000000000000000, 0.000000000000000000, 0.000000000000000000 ) ) ;
#1250 = CARTESIAN_POINT ( 'NONE',  ( 1.515000000000000124, 0.8000000000000001554, 0.000000000000000000 ) ) ;
#1251 = EDGE_LOOP ( 'NONE', ( #316, #753, #1627, #971 ) ) ;
#1252 = CIRCLE ( 'NONE', #2020, 2.899999999999999911 ) ;
#1253 = EDGE_CURVE ( 'NONE', #307, #466, #1403, .T. ) ;
#1254 = DIRECTION ( 'NONE',  ( -0.000000000000000000, 0.000000000000000000, 1.000000000000000000 ) ) ;
#1255 = ORIENTED_EDGE ( 'NONE', *, *, #1041, .T. ) ;
#1256 = FACE_OUTER_BOUND ( 'NONE', #1881, .T. ) ;
#1257 = CARTESIAN_POINT ( 'NONE',  ( -3.253111381208465325, -1.502399781155568714, 7.499184645402688704E-16 ) ) ;
#1258 = AXIS2_PLACEMENT_3D ( 'NONE', #1238, #1034, #667 ) ;
#1259 = DIRECTION ( 'NONE',  ( 0.000000000000000000, 0.000000000000000000, 1.000000000000000000 ) ) ;
#1260 = DIRECTION ( 'NONE',  ( 0.000000000000000000, 0.000000000000000000, 1.000000000000000000 ) ) ;
#1261 = ADVANCED_FACE ( 'NONE', ( #2178 ), #1621, .T. ) ;
#1262 = AXIS2_PLACEMENT_3D ( 'NONE', #1992, #2153, #926 ) ;
#1263 =( NAMED_UNIT ( * ) SI_UNIT ( $, .STERADIAN. ) SOLID_ANGLE_UNIT ( ) );
#1264 = FACE_OUTER_BOUND ( 'NONE', #1208, .T. ) ;
#1265 = CIRCLE ( 'NONE', #920, 2.899999999999999467 ) ;
#1266 = AXIS2_PLACEMENT_3D ( 'NONE', #689, #860, #714 ) ;
#1267 = ORIENTED_EDGE ( 'NONE', *, *, #2004, .T. ) ;
#1268 = CARTESIAN_POINT ( 'NONE',  ( 1.079999999999999405, 0.7999999999999997113, 2.302399781155569425 ) ) ;
#1269 = DIRECTION ( 'NONE',  ( -1.000000000000000000, 0.000000000000000000, -0.000000000000000000 ) ) ;
#1270 = ORIENTED_EDGE ( 'NONE', *, *, #1547, .T. ) ;
#1271 = DIRECTION ( 'NONE',  ( 0.000000000000000000, 0.000000000000000000, 1.000000000000000000 ) ) ;
#1272 = CIRCLE ( 'NONE', #773, 0.2000000000000000389 ) ;
#1273 = EDGE_CURVE ( 'NONE', #2171, #883, #1074, .T. ) ;
#1274 = FACE_OUTER_BOUND ( 'NONE', #2015, .T. ) ;
#1275 = VECTOR ( 'NONE', #1817, 1000.000000000000000 ) ;
#1276 = CARTESIAN_POINT ( 'NONE',  ( -0.9799999999999999822, 1.259619407771255917, -0.4596194077712558168 ) ) ;
#1277 = AXIS2_PLACEMENT_3D ( 'NONE', #2028, #2193, #915 ) ;
#1278 = ORIENTED_EDGE ( 'NONE', *, *, #859, .F. ) ;
#1279 = FACE_OUTER_BOUND ( 'NONE', #1537, .T. ) ;
#1280 = DIRECTION ( 'NONE',  ( -0.000000000000000000, 0.000000000000000000, 1.000000000000000000 ) ) ;
#1281 = EDGE_CURVE ( 'NONE', #1078, #479, #2176, .T. ) ;
#1282 = ORIENTED_EDGE ( 'NONE', *, *, #859, .T. ) ;
#1283 = VERTEX_POINT ( 'NONE', #1059 ) ;
#1284 = LINE ( 'NONE', #747, #1789 ) ;
#1285 = ADVANCED_FACE ( 'NONE', ( #2319 ), #538, .T. ) ;
#1286 = DIRECTION ( 'NONE',  ( -1.000000000000000000, 0.000000000000000000, 0.000000000000000000 ) ) ;
#1287 = CARTESIAN_POINT ( 'NONE',  ( 1.079999999999999405, 0.3403805922287447827, 0.4596194077712566495 ) ) ;
#1288 = ORIENTED_EDGE ( 'NONE', *, *, #2250, .F. ) ;
#1289 = CARTESIAN_POINT ( 'NONE',  ( -3.253111381208465325, 1.259619407771256139, 0.4596194077712559278 ) ) ;
#1290 = CARTESIAN_POINT ( 'NONE',  ( 1.623111381208463877, 0.8000000000000002665, 0.5976002188444301533 ) ) ;
#1291 = VERTEX_POINT ( 'NONE', #1037 ) ;
#1292 = ORIENTED_EDGE ( 'NONE', *, *, #1055, .T. ) ;
#1293 = DIRECTION ( 'NONE',  ( 0.000000000000000000, 0.000000000000000000, -1.000000000000000000 ) ) ;
#1294 = CARTESIAN_POINT ( 'NONE',  ( 1.279999999999999805, 0.8000000000000001554, 0.7593747037914024833 ) ) ;
#1295 = DIRECTION ( 'NONE',  ( 0.000000000000000000, 0.000000000000000000, 1.000000000000000000 ) ) ;
#1296 = DIRECTION ( 'NONE',  ( -1.000000000000000000, -0.000000000000000000, -0.000000000000000000 ) ) ;
#1297 = VECTOR ( 'NONE', #1942, 1000.000000000000000 ) ;
#1298 = ORIENTED_EDGE ( 'NONE', *, *, #2299, .T. ) ;
#1299 = CIRCLE ( 'NONE', #266, 2.999999999999999556 ) ;
#1300 = DIRECTION ( 'NONE',  ( 0.000000000000000000, 0.000000000000000000, 1.000000000000000000 ) ) ;
#1301 = ADVANCED_FACE ( 'NONE', ( #506 ), #1787, .T. ) ;
#1302 = DIRECTION ( 'NONE',  ( 0.000000000000000000, 0.000000000000000000, 1.000000000000000000 ) ) ;
#1303 = ORIENTED_EDGE ( 'NONE', *, *, #2091, .F. ) ;
#1304 = AXIS2_PLACEMENT_3D ( 'NONE', #602, #2006, #366 ) ;
#1305 = EDGE_CURVE ( 'NONE', #2138, #1315, #386, .T. ) ;
#1306 = ORIENTED_EDGE ( 'NONE', *, *, #1185, .F. ) ;
#1307 = DIRECTION ( 'NONE',  ( 0.000000000000000000, 0.000000000000000000, -1.000000000000000000 ) ) ;
#1308 = CARTESIAN_POINT ( 'NONE',  ( -0.9799999999999997602, 0.3403805922287442831, 0.4596194077712559278 ) ) ;
#1309 = CARTESIAN_POINT ( 'NONE',  ( -1.279999999999999805, 0.7999999999999999334, 0.000000000000000000 ) ) ;
#1310 = CARTESIAN_POINT ( 'NONE',  ( -0.9799999999999999822, 0.7999999999999997113, -0.4976002188444303975 ) ) ;
#1311 = AXIS2_PLACEMENT_3D ( 'NONE', #270, #219, #2078 ) ;
#1312 = ORIENTED_EDGE ( 'NONE', *, *, #2349, .T. ) ;
#1313 = CARTESIAN_POINT ( 'NONE',  ( -0.7500000000000000000, 0.2417370497670719709, -0.4760343866202293439 ) ) ;
#1314 = CARTESIAN_POINT ( 'NONE',  ( -0.3499999999999999778, 0.7999999999999997113, -0.6976002188444300200 ) ) ;
#1315 = VERTEX_POINT ( 'NONE', #1105 ) ;
#1316 = EDGE_CURVE ( 'NONE', #1674, #673, #1725, .T. ) ;
#1317 = ORIENTED_EDGE ( 'NONE', *, *, #730, .F. ) ;
#1318 = CARTESIAN_POINT ( 'NONE',  ( 1.079999999999999627, 1.259619407771255917, -0.4596194077712558168 ) ) ;
#1319 = DIRECTION ( 'NONE',  ( 0.000000000000000000, -0.1641497884897347159, 0.9864354246167232887 ) ) ;
#1320 = DIRECTION ( 'NONE',  ( 1.000000000000000000, -0.000000000000000000, -0.000000000000000000 ) ) ;
#1321 = CARTESIAN_POINT ( 'NONE',  ( -1.515000000000000124, 0.8000000000000001554, 0.09999999999999982514 ) ) ;
#1322 = DIRECTION ( 'NONE',  ( -1.000000000000000000, 0.000000000000000000, 0.000000000000000000 ) ) ;
#1323 = ORIENTED_EDGE ( 'NONE', *, *, #1242, .F. ) ;
#1324 = DIRECTION ( 'NONE',  ( -1.000000000000000000, 0.000000000000000000, 0.000000000000000000 ) ) ;
#1325 =( GEOMETRIC_REPRESENTATION_CONTEXT ( 3 ) GLOBAL_UNCERTAINTY_ASSIGNED_CONTEXT ( ( #1371 ) ) GLOBAL_UNIT_ASSIGNED_CONTEXT ( ( #1783, #127, #854 ) ) REPRESENTATION_CONTEXT ( 'NONE', 'WORKASPACE' ) );
#1326 = ORIENTED_EDGE ( 'NONE', *, *, #1138, .T. ) ;
#1327 = EDGE_CURVE ( 'NONE', #863, #630, #1418, .T. ) ;
#1328 = EDGE_LOOP ( 'NONE', ( #1097, #1326, #1386, #1509 ) ) ;
#1329 = DIRECTION ( 'NONE',  ( -1.000000000000000000, 0.000000000000000000, 0.000000000000000000 ) ) ;
#1330 = CARTESIAN_POINT ( 'NONE',  ( -0.3499999999999999778, 0.2417370497670719709, -0.4760343866202293439 ) ) ;
#1331 = CYLINDRICAL_SURFACE ( 'NONE', #2339, 0.09999999999999976963 ) ;
#1332 = DIRECTION ( 'NONE',  ( 0.000000000000000000, 0.000000000000000000, -1.000000000000000000 ) ) ;
#1333 = DIRECTION ( 'NONE',  ( 0.000000000000000000, 0.000000000000000000, 1.000000000000000000 ) ) ;
#1334 = EDGE_CURVE ( 'NONE', #1769, #1704, #765, .T. ) ;
#1335 = ORIENTED_EDGE ( 'NONE', *, *, #1591, .T. ) ;
#1336 = CARTESIAN_POINT ( 'NONE',  ( 1.079999999999999405, 0.1430935073053996309, -0.4924493654692027045 ) ) ;
#1337 = VECTOR ( 'NONE', #264, 1000.000000000000000 ) ;
#1338 = AXIS2_PLACEMENT_3D ( 'NONE', #1318, #1669, #408 ) ;
#1339 = ORIENTED_EDGE ( 'NONE', *, *, #891, .T. ) ;
#1340 = AXIS2_PLACEMENT_3D ( 'NONE', #1559, #2221, #584 ) ;
#1341 = ORIENTED_EDGE ( 'NONE', *, *, #537, .T. ) ;
#1342 = DIRECTION ( 'NONE',  ( -8.940230030292218160E-17, -0.1641497884897341608, 0.9864354246167235107 ) ) ;
#1343 = DIRECTION ( 'NONE',  ( -1.000000000000000000, 0.000000000000000000, 0.000000000000000000 ) ) ;
#1344 = EDGE_CURVE ( 'NONE', #1078, #1926, #16, .T. ) ;
#1345 = DIRECTION ( 'NONE',  ( 0.000000000000000000, 0.000000000000000000, 1.000000000000000000 ) ) ;
#1346 = CARTESIAN_POINT ( 'NONE',  ( -0.9799999999999999822, 0.8000000000000002665, -2.302399781155569425 ) ) ;
#1347 = ORIENTED_EDGE ( 'NONE', *, *, #1154, .F. ) ;
#1348 = CARTESIAN_POINT ( 'NONE',  ( -1.279999999999999805, 0.7999999999999999334, -0.3976002188444305308 ) ) ;
#1349 = CIRCLE ( 'NONE', #1654, 0.2000000000000000944 ) ;
#1350 = TOROIDAL_SURFACE ( 'NONE', #1658, 0.09999999999999982514, 0.6999999999999999556 ) ;
#1351 = ORIENTED_EDGE ( 'NONE', *, *, #1273, .T. ) ;
#1352 = EDGE_LOOP ( 'NONE', ( #1845, #1808 ) ) ;
#1353 = CARTESIAN_POINT ( 'NONE',  ( 1.079999999999999849, 0.3403805922287442831, 0.4596194077712559278 ) ) ;
#1354 = LINE ( 'NONE', #823, #356 ) ;
#1355 = EDGE_CURVE ( 'NONE', #944, #1912, #884, .T. ) ;
#1356 = CARTESIAN_POINT ( 'NONE',  ( 1.279999999999999805, 0.5701902961143723303, -0.9213901866921568873 ) ) ;
#1357 = ORIENTED_EDGE ( 'NONE', *, *, #2223, .F. ) ;
#1358 = CARTESIAN_POINT ( 'NONE',  ( -3.253111381208465325, 1.456906492694601152, 0.4924493654692028155 ) ) ;
#1359 = MECHANICAL_DESIGN_GEOMETRIC_PRESENTATION_REPRESENTATION (  '', ( #634 ), #2183 ) ;
#1360 = MECHANICAL_DESIGN_GEOMETRIC_PRESENTATION_REPRESENTATION (  '', ( #2038 ), #1711 ) ;
#1361 = ORIENTED_EDGE ( 'NONE', *, *, #1401, .T. ) ;
#1362 = ORIENTED_EDGE ( 'NONE', *, *, #788, .T. ) ;
#1363 = CARTESIAN_POINT ( 'NONE',  ( -0.9799999999999999822, 3.102399781155569691, 0.000000000000000000 ) ) ;
#1364 = FACE_OUTER_BOUND ( 'NONE', #2295, .T. ) ;
#1365 = DIRECTION ( 'NONE',  ( 0.000000000000000000, 0.000000000000000000, 1.000000000000000000 ) ) ;
#1366 = CARTESIAN_POINT ( 'NONE',  ( -0.7500000000000000000, 0.3075506345307985057, -0.6569064926946004412 ) ) ;
#1367 = AXIS2_PLACEMENT_3D ( 'NONE', #612, #1342, #2118 ) ;
#1368 = CARTESIAN_POINT ( 'NONE',  ( -0.3499999999999999778, -1.502399781155568714, 7.499184645402688704E-16 ) ) ;
#1369 = ORIENTED_EDGE ( 'NONE', *, *, #146, .T. ) ;
#1370 = CARTESIAN_POINT ( 'NONE',  ( -0.7500000000000000000, 0.3403805922287442831, 0.4596194077712559278 ) ) ;
#1371 = UNCERTAINTY_MEASURE_WITH_UNIT (LENGTH_MEASURE( 1.000000000000000082E-05 ), #1783, 'distance_accuracy_value', 'NONE');
#1372 = CIRCLE ( 'NONE', #1870, 0.1999999999999999833 ) ;
#1373 = ORIENTED_EDGE ( 'NONE', *, *, #611, .T. ) ;
#1374 = CIRCLE ( 'NONE', #1874, 0.3976002188444305308 ) ;
#1375 = VERTEX_POINT ( 'NONE', #758 ) ;
#1376 = DIRECTION ( 'NONE',  ( -1.000000000000000000, 0.000000000000000000, 0.000000000000000000 ) ) ;
#1377 = PRODUCT_DEFINITION_SHAPE ( 'NONE', 'NONE',  #101 ) ;
#1378 = CYLINDRICAL_SURFACE ( 'NONE', #347, 0.1000000000000001027 ) ;
#1379 = CARTESIAN_POINT ( 'NONE',  ( 1.623111381208463877, 0.3239656133797708115, 0.5582629502329280458 ) ) ;
#1380 = CIRCLE ( 'NONE', #1420, 0.09999999999999976963 ) ;
#1381 = DIRECTION ( 'NONE',  ( -0.000000000000000000, 1.000000000000000000, 0.000000000000000000 ) ) ;
#1382 = CARTESIAN_POINT ( 'NONE',  ( -0.9799999999999999822, 1.456906492694601152, 0.4924493654692028155 ) ) ;
#1383 = ORIENTED_EDGE ( 'NONE', *, *, #1086, .F. ) ;
#1384 = DIRECTION ( 'NONE',  ( 1.000000000000000000, -0.000000000000000000, -0.000000000000000000 ) ) ;
#1385 = VECTOR ( 'NONE', #459, 1000.000000000000000 ) ;
#1386 = ORIENTED_EDGE ( 'NONE', *, *, #575, .T. ) ;
#1387 = EDGE_CURVE ( 'NONE', #453, #519, #561, .T. ) ;
#1388 = ORIENTED_EDGE ( 'NONE', *, *, #1107, .F. ) ;
#1389 = AXIS2_PLACEMENT_3D ( 'NONE', #1287, #903, #378 ) ;
#1390 = DIRECTION ( 'NONE',  ( 1.000000000000000000, -0.000000000000000000, -0.000000000000000000 ) ) ;
#1391 = FACE_OUTER_BOUND ( 'NONE', #540, .T. ) ;
#1392 = DIRECTION ( 'NONE',  ( 1.000000000000000000, -0.000000000000000000, -0.000000000000000000 ) ) ;
#1393 = SURFACE_STYLE_FILL_AREA ( #37 ) ;
#1394 = ORIENTED_EDGE ( 'NONE', *, *, #63, .F. ) ;
#1395 = DIRECTION ( 'NONE',  ( 0.000000000000000000, 0.000000000000000000, 1.000000000000000000 ) ) ;
#1396 = VERTEX_POINT ( 'NONE', #29 ) ;
#1397 = EDGE_LOOP ( 'NONE', ( #995, #418, #1777, #1043 ) ) ;
#1398 = EDGE_CURVE ( 'NONE', #790, #1283, #73, .T. ) ;
#1399 = CARTESIAN_POINT ( 'NONE',  ( -1.279999999999999805, 0.8000000000000002665, -0.7593747037914024833 ) ) ;
#1400 = CARTESIAN_POINT ( 'NONE',  ( -0.3499999999999999778, 1.358262950232928645, 0.4760343866202296770 ) ) ;
#1401 = EDGE_CURVE ( 'NONE', #695, #2138, #693, .T. ) ;
#1402 = FACE_OUTER_BOUND ( 'NONE', #1713, .T. ) ;
#1403 = LINE ( 'NONE', #1607, #532 ) ;
#1404 = ORIENTED_EDGE ( 'NONE', *, *, #33, .T. ) ;
#1405 = ADVANCED_FACE ( 'NONE', ( #2018 ), #377, .T. ) ;
#1406 = AXIS2_PLACEMENT_3D ( 'NONE', #2274, #65, #648 ) ;
#1407 = CARTESIAN_POINT ( 'NONE',  ( -0.3499999999999999778, 1.259619407771255917, -0.4596194077712558168 ) ) ;
#1408 = VERTEX_POINT ( 'NONE', #387 ) ;
#1409 = ORIENTED_EDGE ( 'NONE', *, *, #2131, .F. ) ;
#1410 = VECTOR ( 'NONE', #448, 1000.000000000000000 ) ;
#1411 = DIRECTION ( 'NONE',  ( 0.000000000000000000, 0.000000000000000000, -1.000000000000000000 ) ) ;
#1412 = CIRCLE ( 'NONE', #650, 0.3976002188444305308 ) ;
#1413 = CARTESIAN_POINT ( 'NONE',  ( -1.279999999999999805, 0.8000000000000001554, 0.000000000000000000 ) ) ;
#1414 = MECHANICAL_DESIGN_GEOMETRIC_PRESENTATION_REPRESENTATION (  '', ( #2139 ), #2029 ) ;
#1415 = EDGE_CURVE ( 'NONE', #580, #295, #928, .T. ) ;
#1416 = DIRECTION ( 'NONE',  ( -0.000000000000000000, 1.000000000000000000, 0.000000000000000000 ) ) ;
#1417 = EDGE_LOOP ( 'NONE', ( #2370, #974, #185, #206 ) ) ;
#1418 = CIRCLE ( 'NONE', #2140, 2.899999999999999911 ) ;
#1419 = DIRECTION ( 'NONE',  ( 1.000000000000000000, -0.000000000000000000, -0.000000000000000000 ) ) ;
#1420 = AXIS2_PLACEMENT_3D ( 'NONE', #1213, #1941, #313 ) ;
#1421 = ORIENTED_EDGE ( 'NONE', *, *, #534, .F. ) ;
#1422 = ORIENTED_EDGE ( 'NONE', *, *, #2234, .F. ) ;
#1423 = AXIS2_PLACEMENT_3D ( 'NONE', #901, #1594, #2327 ) ;
#1424 = DIRECTION ( 'NONE',  ( -1.000000000000000000, -0.000000000000000000, -0.000000000000000000 ) ) ;
#1425 = CARTESIAN_POINT ( 'NONE',  ( 1.079999999999999405, 0.7999999999999997113, 2.302399781155569425 ) ) ;
#1426 = DIRECTION ( 'NONE',  ( 0.000000000000000000, 0.000000000000000000, -1.000000000000000000 ) ) ;
#1427 = AXIS2_PLACEMENT_3D ( 'NONE', #1610, #1935, #1395 ) ;
#1428 = CARTESIAN_POINT ( 'NONE',  ( -3.253111381208465325, 0.7999999999999997113, -0.6976002188444304641 ) ) ;
#1429 = DIRECTION ( 'NONE',  ( 0.000000000000000000, 0.000000000000000000, 1.000000000000000000 ) ) ;
#1430 = EDGE_CURVE ( 'NONE', #1191, #2057, #1697, .T. ) ;
#1431 = EDGE_LOOP ( 'NONE', ( #2014, #672, #2066, #959 ) ) ;
#1432 = ORIENTED_EDGE ( 'NONE', *, *, #980, .F. ) ;
#1433 = CARTESIAN_POINT ( 'NONE',  ( 1.623111381208463877, 3.102399781155569691, 0.000000000000000000 ) ) ;
#1434 = ORIENTED_EDGE ( 'NONE', *, *, #1562, .F. ) ;
#1435 = EDGE_CURVE ( 'NONE', #656, #239, #2373, .T. ) ;
#1436 = CARTESIAN_POINT ( 'NONE',  ( -0.9799999999999999822, -1.502399781155568714, 7.499184645402688704E-16 ) ) ;
#1437 = DIRECTION ( 'NONE',  ( 0.000000000000000000, 0.000000000000000000, 1.000000000000000000 ) ) ;
#1438 = DIRECTION ( 'NONE',  ( -1.000000000000000000, 0.000000000000000000, 0.000000000000000000 ) ) ;
#1439 = DIRECTION ( 'NONE',  ( 0.000000000000000000, 0.1641497884897352433, 0.9864354246167232887 ) ) ;
#1440 = ORIENTED_EDGE ( 'NONE', *, *, #705, .F. ) ;
#1441 = CARTESIAN_POINT ( 'NONE',  ( -1.279999999999999805, 0.8000000000000001554, 0.000000000000000000 ) ) ;
#1442 = DIRECTION ( 'NONE',  ( -1.000000000000000000, 0.000000000000000000, 0.000000000000000000 ) ) ;
#1443 = EDGE_LOOP ( 'NONE', ( #618, #851, #1938 ) ) ;
#1444 = FACE_OUTER_BOUND ( 'NONE', #374, .T. ) ;
#1445 = CIRCLE ( 'NONE', #419, 0.1000000000000002137 ) ;
#1446 = FACE_OUTER_BOUND ( 'NONE', #1552, .T. ) ;
#1447 =( LENGTH_UNIT ( ) NAMED_UNIT ( * ) SI_UNIT ( .MILLI., .METRE. ) );
#1448 = AXIS2_PLACEMENT_3D ( 'NONE', #337, #2175, #535 ) ;
#1449 = DIRECTION ( 'NONE',  ( 1.000000000000000000, -0.000000000000000000, -0.000000000000000000 ) ) ;
#1450 = SURFACE_STYLE_FILL_AREA ( #1072 ) ;
#1451 = AXIS2_PLACEMENT_3D ( 'NONE', #719, #2368, #936 ) ;
#1452 = EDGE_CURVE ( 'NONE', #1513, #455, #1001, .T. ) ;
#1453 = CYLINDRICAL_SURFACE ( 'NONE', #890, 0.2000000000000001499 ) ;
#1454 = CARTESIAN_POINT ( 'NONE',  ( -0.3499999999999999778, 1.456906492694600486, -0.4924493654692024824 ) ) ;
#1455 = EDGE_LOOP ( 'NONE', ( #771, #865, #2270, #21, #840, #670, #620, #1560, #937 ) ) ;
#1456 = SURFACE_STYLE_FILL_AREA ( #696 ) ;
#1457 = VERTEX_POINT ( 'NONE', #399 ) ;
#1458 = DIRECTION ( 'NONE',  ( -1.000000000000000000, 0.000000000000000000, 0.000000000000000000 ) ) ;
#1459 = FILL_AREA_STYLE ('',( #325 ) ) ;
#1460 = AXIS2_PLACEMENT_3D ( 'NONE', #2088, #814, #1156 ) ;
#1461 = CARTESIAN_POINT ( 'NONE',  ( -0.3499999999999998113, 0.3403805922287442831, 0.4596194077712559278 ) ) ;
#1462 = TOROIDAL_SURFACE ( 'NONE', #1700, 2.799999999999998934, 0.2000000000000000111 ) ;
#1463 = ORIENTED_EDGE ( 'NONE', *, *, #611, .F. ) ;
#1464 = DIRECTION ( 'NONE',  ( 1.000000000000000000, -0.000000000000000000, -0.000000000000000000 ) ) ;
#1465 = DIRECTION ( 'NONE',  ( -1.000000000000000000, 0.000000000000000000, 0.000000000000000000 ) ) ;
#1466 = EDGE_LOOP ( 'NONE', ( #193, #1857 ) ) ;
#1467 = VERTEX_POINT ( 'NONE', #1130 ) ;
#1468 = CARTESIAN_POINT ( 'NONE',  ( -1.515000000000000124, 0.8000000000000001554, -0.09999999999999982514 ) ) ;
#1469 = DIRECTION ( 'NONE',  ( 0.000000000000000000, 0.000000000000000000, -1.000000000000000000 ) ) ;
#1470 = CARTESIAN_POINT ( 'NONE',  ( -0.3499999999999999778, 0.3403805922287442831, 0.4596194077712559278 ) ) ;
#1471 = DIRECTION ( 'NONE',  ( 0.000000000000000000, 0.000000000000000000, 1.000000000000000000 ) ) ;
#1472 = CARTESIAN_POINT ( 'NONE',  ( 1.079999999999999405, 0.8000000000000002665, -2.302399781155569425 ) ) ;
#1473 = EDGE_CURVE ( 'NONE', #1503, #307, #768, .T. ) ;
#1474 = VERTEX_POINT ( 'NONE', #214 ) ;
#1475 = CARTESIAN_POINT ( 'NONE',  ( -0.7500000000000000000, 0.1430935073053996309, -0.4924493654692028155 ) ) ;
#1476 = DIRECTION ( 'NONE',  ( 0.000000000000000000, 0.000000000000000000, -1.000000000000000000 ) ) ;
#1477 = ORIENTED_EDGE ( 'NONE', *, *, #2075, .F. ) ;
#1478 = CIRCLE ( 'NONE', #555, 0.2000000000000000389 ) ;
#1479 = APPLICATION_PROTOCOL_DEFINITION ( 'draft international standard', 'automotive_design', 1998, #935 ) ;
#1480 = ORIENTED_EDGE ( 'NONE', *, *, #152, .F. ) ;
#1481 = CARTESIAN_POINT ( 'NONE',  ( 1.515000000000000124, 0.8000000000000001554, -0.09999999999999982514 ) ) ;
#1482 = CYLINDRICAL_SURFACE ( 'NONE', #489, 2.899999999999999911 ) ;
#1483 = DIRECTION ( 'NONE',  ( -1.000000000000000000, 0.000000000000000000, 0.000000000000000000 ) ) ;
#1484 = AXIS2_PLACEMENT_3D ( 'NONE', #1708, #412, #1345 ) ;
#1485 = DIRECTION ( 'NONE',  ( -1.000000000000000000, 0.000000000000000000, 0.000000000000000000 ) ) ;
#1486 = DIRECTION ( 'NONE',  ( 0.000000000000000000, 4.445228907190567391E-15, -1.000000000000000000 ) ) ;
#1487 = ADVANCED_FACE ( 'NONE', ( #950 ), #847, .T. ) ;
#1488 = ORIENTED_EDGE ( 'NONE', *, *, #1599, .F. ) ;
#1489 = AXIS2_PLACEMENT_3D ( 'NONE', #384, #1620, #2363 ) ;
#1490 = CARTESIAN_POINT ( 'NONE',  ( -1.515000000000000124, 0.8000000000000001554, 0.000000000000000000 ) ) ;
#1491 = DIRECTION ( 'NONE',  ( 0.000000000000000000, 0.000000000000000000, 1.000000000000000000 ) ) ;
#1492 = ORIENTED_EDGE ( 'NONE', *, *, #1430, .T. ) ;
#1493 = AXIS2_PLACEMENT_3D ( 'NONE', #1470, #736, #1295 ) ;
#1494 = VERTEX_POINT ( 'NONE', #1869 ) ;
#1495 = DIRECTION ( 'NONE',  ( 0.000000000000000000, 0.000000000000000000, -1.000000000000000000 ) ) ;
#1496 = PRODUCT_RELATED_PRODUCT_CATEGORY ( 'part', '', ( #848 ) ) ;
#1497 = DIRECTION ( 'NONE',  ( -1.000000000000000000, 0.000000000000000000, 0.000000000000000000 ) ) ;
#1498 = AXIS2_PLACEMENT_3D ( 'NONE', #2241, #389, #953 ) ;
#1499 = DIRECTION ( 'NONE',  ( 0.000000000000000000, 0.000000000000000000, 1.000000000000000000 ) ) ;
#1500 = DIRECTION ( 'NONE',  ( 1.000000000000000000, 0.000000000000000000, 0.000000000000000000 ) ) ;
#1501 = AXIS2_PLACEMENT_3D ( 'NONE', #1441, #1839, #1300 ) ;
#1502 = AXIS2_PLACEMENT_3D ( 'NONE', #1767, #1597, #120 ) ;
#1503 = VERTEX_POINT ( 'NONE', #229 ) ;
#1504 = ADVANCED_FACE ( 'NONE', ( #1511 ), #2239, .T. ) ;
#1505 = CARTESIAN_POINT ( 'NONE',  ( -0.3499999999999999778, 0.8000000000000002665, -2.302399781155569425 ) ) ;
#1506 = VERTEX_POINT ( 'NONE', #1821 ) ;
#1507 =( NAMED_UNIT ( * ) SI_UNIT ( $, .STERADIAN. ) SOLID_ANGLE_UNIT ( ) );
#1508 = EDGE_CURVE ( 'NONE', #1766, #732, #2336, .T. ) ;
#1509 = ORIENTED_EDGE ( 'NONE', *, *, #1150, .T. ) ;
#1510 = CARTESIAN_POINT ( 'NONE',  ( -0.7500000000000000000, 1.456906492694600486, -0.4924493654692024824 ) ) ;
#1511 = FACE_OUTER_BOUND ( 'NONE', #1169, .T. ) ;
#1512 = DIRECTION ( 'NONE',  ( 0.000000000000000000, 0.000000000000000000, -1.000000000000000000 ) ) ;
#1513 = VERTEX_POINT ( 'NONE', #2110 ) ;
#1514 = FACE_OUTER_BOUND ( 'NONE', #813, .T. ) ;
#1515 = CIRCLE ( 'NONE', #373, 0.2000000000000000389 ) ;
#1516 = VERTEX_POINT ( 'NONE', #285 ) ;
#1517 = EDGE_LOOP ( 'NONE', ( #62, #2117, #1090, #290 ) ) ;
#1518 = DIRECTION ( 'NONE',  ( 0.000000000000000000, 0.000000000000000000, 1.000000000000000000 ) ) ;
#1519 = EDGE_CURVE ( 'NONE', #1315, #863, #820, .T. ) ;
#1520 = CARTESIAN_POINT ( 'NONE',  ( -1.179999999999999938, 0.3403805922287442831, 0.4596194077712559278 ) ) ;
#1521 = CARTESIAN_POINT ( 'NONE',  ( -3.253111381208465325, 1.292449365469203082, -0.6569064926946006633 ) ) ;
#1522 = EDGE_LOOP ( 'NONE', ( #1624, #1720, #1950, #346 ) ) ;
#1523 = DIRECTION ( 'NONE',  ( -1.000000000000000000, 0.000000000000000000, 0.000000000000000000 ) ) ;
#1524 = AXIS2_PLACEMENT_3D ( 'NONE', #116, #857, #1930 ) ;
#1525 = ADVANCED_FACE ( 'NONE', ( #1364 ), #1378, .F. ) ;
#1526 = AXIS2_PLACEMENT_3D ( 'NONE', #2097, #2111, #1202 ) ;
#1527 = VERTEX_POINT ( 'NONE', #80 ) ;
#1528 = AXIS2_PLACEMENT_3D ( 'NONE', #1690, #655, #1024 ) ;
#1529 = VECTOR ( 'NONE', #967, 1000.000000000000000 ) ;
#1530 = ORIENTED_EDGE ( 'NONE', *, *, #1934, .T. ) ;
#1531 = EDGE_CURVE ( 'NONE', #307, #2093, #31, .T. ) ;
#1532 = CARTESIAN_POINT ( 'NONE',  ( -0.7500000000000000000, 1.292449365469203082, -0.6569064926946004412 ) ) ;
#1533 = DIRECTION ( 'NONE',  ( -1.000000000000000000, 0.000000000000000000, 0.000000000000000000 ) ) ;
#1534 = LINE ( 'NONE', #2266, #67 ) ;
#1535 = DIRECTION ( 'NONE',  ( 0.000000000000000000, 0.000000000000000000, -1.000000000000000000 ) ) ;
#1536 = DIRECTION ( 'NONE',  ( -1.000000000000000000, -0.000000000000000000, -0.000000000000000000 ) ) ;
#1537 = EDGE_LOOP ( 'NONE', ( #282, #872, #522, #1983 ) ) ;
#1538 = FACE_OUTER_BOUND ( 'NONE', #1779, .T. ) ;
#1539 = AXIS2_PLACEMENT_3D ( 'NONE', #785, #943, #18 ) ;
#1540 = VECTOR ( 'NONE', #1523, 1000.000000000000000 ) ;
#1541 = ORIENTED_EDGE ( 'NONE', *, *, #1828, .T. ) ;
#1542 = AXIS2_PLACEMENT_3D ( 'NONE', #1192, #1384, #478 ) ;
#1543 = VERTEX_POINT ( 'NONE', #1186 ) ;
#1544 = DIRECTION ( 'NONE',  ( -1.000000000000000000, -0.000000000000000000, -0.000000000000000000 ) ) ;
#1545 = DIRECTION ( 'NONE',  ( -1.000000000000000000, -0.000000000000000000, -0.000000000000000000 ) ) ;
#1546 = DIRECTION ( 'NONE',  ( 0.000000000000000000, 0.000000000000000000, -1.000000000000000000 ) ) ;
#1547 = EDGE_CURVE ( 'NONE', #2171, #1771, #1190, .T. ) ;
#1548 = CARTESIAN_POINT ( 'NONE',  ( 1.750000000000000000, 0.8000000000000001554, 0.000000000000000000 ) ) ;
#1549 = ORIENTED_EDGE ( 'NONE', *, *, #575, .F. ) ;
#1550 = CARTESIAN_POINT ( 'NONE',  ( -0.9799999999999999822, 0.3403805922287444496, -0.4596194077712560944 ) ) ;
#1551 = ADVANCED_FACE ( 'NONE', ( #2095 ), #1331, .T. ) ;
#1552 = EDGE_LOOP ( 'NONE', ( #1288, #107, #1075, #1986 ) ) ;
#1553 = AXIS2_PLACEMENT_3D ( 'NONE', #1245, #1045, #1975 ) ;
#1554 = ORIENTED_EDGE ( 'NONE', *, *, #1612, .T. ) ;
#1555 = CYLINDRICAL_SURFACE ( 'NONE', #795, 0.1000000000000001027 ) ;
#1556 = CIRCLE ( 'NONE', #1171, 2.999999999999999112 ) ;
#1557 = CARTESIAN_POINT ( 'NONE',  ( -0.7500000000000000000, 0.8000000000000002665, -2.302399781155569425 ) ) ;
#1558 = CARTESIAN_POINT ( 'NONE',  ( 1.623111381208463877, 0.7999999999999997113, 2.302399781155569425 ) ) ;
#1559 = CARTESIAN_POINT ( 'NONE',  ( -0.3499999999999999778, 0.3403805922287445052, -0.4596194077712558168 ) ) ;
#1560 = ORIENTED_EDGE ( 'NONE', *, *, #1473, .T. ) ;
#1561 = DIRECTION ( 'NONE',  ( 1.000000000000000000, -0.000000000000000000, -0.000000000000000000 ) ) ;
#1562 = EDGE_CURVE ( 'NONE', #732, #2225, #694, .T. ) ;
#1563 = AXIS2_PLACEMENT_3D ( 'NONE', #68, #1164, #1512 ) ;
#1564 = ORIENTED_EDGE ( 'NONE', *, *, #1138, .F. ) ;
#1565 = ADVANCED_FACE ( 'NONE', ( #637 ), #1611, .T. ) ;
#1566 = TOROIDAL_SURFACE ( 'NONE', #1448, 2.799999999999999822, 0.2000000000000000111 ) ;
#1567 = VERTEX_POINT ( 'NONE', #999 ) ;
#1568 = CARTESIAN_POINT ( 'NONE',  ( -0.7500000000000000000, 1.358262950232928645, -0.4760343866202290664 ) ) ;
#1569 = DIRECTION ( 'NONE',  ( 1.000000000000000000, -0.000000000000000000, -0.000000000000000000 ) ) ;
#1570 = CARTESIAN_POINT ( 'NONE',  ( -3.253111381208465325, 1.259619407771256139, 0.4596194077712559278 ) ) ;
#1571 = DIRECTION ( 'NONE',  ( 0.000000000000000000, 0.000000000000000000, -1.000000000000000000 ) ) ;
#1572 = DIRECTION ( 'NONE',  ( 0.000000000000000000, -1.332019811910762726E-14, -1.000000000000000000 ) ) ;
#1573 = VERTEX_POINT ( 'NONE', #1520 ) ;
#1574 = CARTESIAN_POINT ( 'NONE',  ( -0.3499999999999998113, 3.102399781155569691, 0.000000000000000000 ) ) ;
#1575 = AXIS2_PLACEMENT_3D ( 'NONE', #2337, #1773, #1066 ) ;
#1576 = EDGE_CURVE ( 'NONE', #1004, #1467, #499, .T. ) ;
#1577 = ORIENTED_EDGE ( 'NONE', *, *, #1712, .F. ) ;
#1578 = CLOSED_SHELL ( 'NONE', ( #247, #2089, #1031, #109, #1856, #1405, #1065 ) ) ;
#1579 = ORIENTED_EDGE ( 'NONE', *, *, #454, .F. ) ;
#1580 = MECHANICAL_DESIGN_GEOMETRIC_PRESENTATION_REPRESENTATION (  '', ( #1048 ), #1964 ) ;
#1581 = DIRECTION ( 'NONE',  ( 0.000000000000000000, 0.000000000000000000, 1.000000000000000000 ) ) ;
#1582 = ADVANCED_FACE ( 'NONE', ( #614 ), #275, .T. ) ;
#1583 = DIRECTION ( 'NONE',  ( -1.000000000000000000, 0.000000000000000000, 0.000000000000000000 ) ) ;
#1584 = CARTESIAN_POINT ( 'NONE',  ( -0.7500000000000000000, 0.8000000000000002665, 0.6976002188444300200 ) ) ;
#1585 = LINE ( 'NONE', #653, #2307 ) ;
#1586 = CARTESIAN_POINT ( 'NONE',  ( -3.253111381208465325, 3.102399781155569691, 0.000000000000000000 ) ) ;
#1587 = ORIENTED_EDGE ( 'NONE', *, *, #2007, .T. ) ;
#1588 = CARTESIAN_POINT ( 'NONE',  ( -0.3499999999999999778, 0.2417370497670719709, -0.4760343866202293439 ) ) ;
#1589 = ORIENTED_EDGE ( 'NONE', *, *, #1234, .F. ) ;
#1590 = ORIENTED_EDGE ( 'NONE', *, *, #745, .T. ) ;
#1591 = EDGE_CURVE ( 'NONE', #1408, #656, #2108, .T. ) ;
#1592 = DIRECTION ( 'NONE',  ( 1.000000000000000000, -0.000000000000000000, -0.000000000000000000 ) ) ;
#1593 = CARTESIAN_POINT ( 'NONE',  ( -0.7500000000000000000, 1.259619407771256139, 0.4596194077712559278 ) ) ;
#1594 = DIRECTION ( 'NONE',  ( -1.000000000000000000, 0.000000000000000000, 0.000000000000000000 ) ) ;
#1595 = DIRECTION ( 'NONE',  ( 0.000000000000000000, 0.000000000000000000, 1.000000000000000000 ) ) ;
#1596 = ORIENTED_EDGE ( 'NONE', *, *, #365, .F. ) ;
#1597 = DIRECTION ( 'NONE',  ( -1.000000000000000000, -0.000000000000000000, -0.000000000000000000 ) ) ;
#1598 = ORIENTED_EDGE ( 'NONE', *, *, #2283, .F. ) ;
#1599 = EDGE_CURVE ( 'NONE', #261, #868, #1151, .T. ) ;
#1600 = VERTEX_POINT ( 'NONE', #1919 ) ;
#1601 = AXIS2_PLACEMENT_3D ( 'NONE', #579, #2231, #1142 ) ;
#1602 = CARTESIAN_POINT ( 'NONE',  ( -0.7500000000000000000, 1.358262950232928645, -0.4760343866202290664 ) ) ;
#1603 = CIRCLE ( 'NONE', #570, 0.2000000000000000111 ) ;
#1604 = EDGE_CURVE ( 'NONE', #925, #1283, #243, .T. ) ;
#1605 = FACE_OUTER_BOUND ( 'NONE', #1101, .T. ) ;
#1606 = AXIS2_PLACEMENT_3D ( 'NONE', #460, #93, #1979 ) ;
#1607 = CARTESIAN_POINT ( 'NONE',  ( 1.623111381208463877, 1.456906492694600930, 0.4924493654692028155 ) ) ;
#1608 = ORIENTED_EDGE ( 'NONE', *, *, #199, .F. ) ;
#1609 = VECTOR ( 'NONE', #438, 1000.000000000000000 ) ;
#1610 = CARTESIAN_POINT ( 'NONE',  ( -0.3499999999999998113, 0.8000000000000002665, -2.302399781155569425 ) ) ;
#1611 = TOROIDAL_SURFACE ( 'NONE', #154, 2.799999999999998934, 0.2000000000000000111 ) ;
#1612 = EDGE_CURVE ( 'NONE', #1766, #1678, #2071, .T. ) ;
#1613 = ORIENTED_EDGE ( 'NONE', *, *, #2247, .F. ) ;
#1614 = PLANE ( 'NONE',  #729 ) ;
#1615 = EDGE_LOOP ( 'NONE', ( #939, #48, #597, #1240 ) ) ;
#1616 = CIRCLE ( 'NONE', #2224, 0.2000000000000000944 ) ;
#1617 = DIRECTION ( 'NONE',  ( 0.000000000000000000, 0.000000000000000000, 1.000000000000000000 ) ) ;
#1618 = TOROIDAL_SURFACE ( 'NONE', #2074, 2.799999999999999822, 0.2000000000000000111 ) ;
#1619 = CARTESIAN_POINT ( 'NONE',  ( -0.7500000000000000000, 0.3239656133797708115, 0.5582629502329280458 ) ) ;
#1620 = DIRECTION ( 'NONE',  ( -0.000000000000000000, 1.000000000000000000, 0.000000000000000000 ) ) ;
#1621 = CYLINDRICAL_SURFACE ( 'NONE', #1266, 3.000000000000000000 ) ;
#1622 = LINE ( 'NONE', #2008, #934 ) ;
#1623 = EDGE_CURVE ( 'NONE', #2225, #162, #987, .T. ) ;
#1624 = ORIENTED_EDGE ( 'NONE', *, *, #1305, .T. ) ;
#1625 = EDGE_LOOP ( 'NONE', ( #544, #53, #739, #1052, #343, #569, #1480, #183, #1879 ) ) ;
#1626 = CARTESIAN_POINT ( 'NONE',  ( -0.3499999999999999778, 1.029809703885628203, -0.9213901866921568873 ) ) ;
#1627 = ORIENTED_EDGE ( 'NONE', *, *, #1387, .F. ) ;
#1628 = CARTESIAN_POINT ( 'NONE',  ( -0.3499999999999999778, 0.3239656133797708115, 0.5582629502329280458 ) ) ;
#1629 = DIRECTION ( 'NONE',  ( -1.000000000000000000, 0.000000000000000000, 0.000000000000000000 ) ) ;
#1630 = CARTESIAN_POINT ( 'NONE',  ( -3.253111381208465325, 1.456906492694600486, -0.4924493654692024824 ) ) ;
#1631 = ADVANCED_FACE ( 'NONE', ( #2264 ), #1649, .T. ) ;
#1632 = AXIS2_PLACEMENT_3D ( 'NONE', #898, #2128, #2160 ) ;
#1633 = DIRECTION ( 'NONE',  ( -1.000000000000000000, 0.000000000000000000, 0.000000000000000000 ) ) ;
#1634 = DIRECTION ( 'NONE',  ( -1.000000000000000000, 0.000000000000000000, 0.000000000000000000 ) ) ;
#1635 = CIRCLE ( 'NONE', #601, 2.899999999999999467 ) ;
#1636 = VECTOR ( 'NONE', #2228, 1000.000000000000000 ) ;
#1637 = ORIENTED_EDGE ( 'NONE', *, *, #681, .T. ) ;
#1638 = DIRECTION ( 'NONE',  ( 0.000000000000000000, 0.000000000000000000, -1.000000000000000000 ) ) ;
#1639 = FACE_OUTER_BOUND ( 'NONE', #1195, .T. ) ;
#1640 = EDGE_LOOP ( 'NONE', ( #2188, #2347, #2090, #2058 ) ) ;
#1641 = CIRCLE ( 'NONE', #341, 0.1999999999999999833 ) ;
#1642 = DIRECTION ( 'NONE',  ( 1.000000000000000000, -0.000000000000000000, -0.000000000000000000 ) ) ;
#1643 = CIRCLE ( 'NONE', #528, 2.799999999999998934 ) ;
#1644 = DIRECTION ( 'NONE',  ( 0.000000000000000000, 0.000000000000000000, 1.000000000000000000 ) ) ;
#1645 = DIRECTION ( 'NONE',  ( -1.000000000000000000, 0.000000000000000000, 0.000000000000000000 ) ) ;
#1646 = AXIS2_PLACEMENT_3D ( 'NONE', #1907, #476, #958 ) ;
#1647 = AXIS2_PLACEMENT_3D ( 'NONE', #578, #782, #2042 ) ;
#1648 = DIRECTION ( 'NONE',  ( 0.000000000000000000, 0.000000000000000000, -1.000000000000000000 ) ) ;
#1649 = TOROIDAL_SURFACE ( 'NONE', #617, 2.799999999999999822, 0.2000000000000000111 ) ;
#1650 = EDGE_CURVE ( 'NONE', #557, #1915, #1077, .T. ) ;
#1651 = CARTESIAN_POINT ( 'NONE',  ( -0.9799999999999999822, 0.3075506345307984502, -0.6569064926946008853 ) ) ;
#1652 = ORIENTED_EDGE ( 'NONE', *, *, #864, .T. ) ;
#1653 = ORIENTED_EDGE ( 'NONE', *, *, #552, .T. ) ;
#1654 = AXIS2_PLACEMENT_3D ( 'NONE', #2351, #1069, #2143 ) ;
#1655 = FACE_OUTER_BOUND ( 'NONE', #441, .T. ) ;
#1656 = DIRECTION ( 'NONE',  ( 0.000000000000000000, 0.9864354246167233997, 0.1641497884897346327 ) ) ;
#1657 = EDGE_CURVE ( 'NONE', #371, #1494, #34, .T. ) ;
#1658 = AXIS2_PLACEMENT_3D ( 'NONE', #1490, #529, #751 ) ;
#1659 = DIRECTION ( 'NONE',  ( 0.000000000000000000, 0.000000000000000000, 1.000000000000000000 ) ) ;
#1660 = PRESENTATION_STYLE_ASSIGNMENT (( #1802 ) ) ;
#1661 = VECTOR ( 'NONE', #1296, 1000.000000000000000 ) ;
#1662 = ORIENTED_EDGE ( 'NONE', *, *, #912, .T. ) ;
#1663 = CYLINDRICAL_SURFACE ( 'NONE', #1196, 2.899999999999999467 ) ;
#1664 = DIRECTION ( 'NONE',  ( 0.000000000000000000, 0.000000000000000000, -1.000000000000000000 ) ) ;
#1665 = ORIENTED_EDGE ( 'NONE', *, *, #2329, .T. ) ;
#1666 = CARTESIAN_POINT ( 'NONE',  ( 0.000000000000000000, 0.000000000000000000, 0.000000000000000000 ) ) ;
#1667 = ORIENTED_EDGE ( 'NONE', *, *, #1227, .F. ) ;
#1668 = EDGE_CURVE ( 'NONE', #1926, #1674, #1380, .T. ) ;
#1669 = DIRECTION ( 'NONE',  ( -0.000000000000000000, 0.1641497884897338000, 0.9864354246167235107 ) ) ;
#1670 = FACE_OUTER_BOUND ( 'NONE', #1640, .T. ) ;
#1671 = DIRECTION ( 'NONE',  ( 1.000000000000000000, -0.000000000000000000, -0.000000000000000000 ) ) ;
#1672 = CARTESIAN_POINT ( 'NONE',  ( -1.279999999999999805, 0.7999999999999999334, 0.3976002188444305308 ) ) ;
#1673 = AXIS2_PLACEMENT_3D ( 'NONE', #274, #2082, #456 ) ;
#1674 = VERTEX_POINT ( 'NONE', #1619 ) ;
#1675 = DIRECTION ( 'NONE',  ( 0.000000000000000000, 0.000000000000000000, 1.000000000000000000 ) ) ;
#1676 = FACE_OUTER_BOUND ( 'NONE', #1397, .T. ) ;
#1677 = EDGE_CURVE ( 'NONE', #1573, #2171, #233, .T. ) ;
#1678 = VERTEX_POINT ( 'NONE', #1602 ) ;
#1679 = ORIENTED_EDGE ( 'NONE', *, *, #596, .F. ) ;
#1680 = CARTESIAN_POINT ( 'NONE',  ( -0.3499999999999999778, 0.8000000000000002665, -2.302399781155569425 ) ) ;
#1681 = EDGE_CURVE ( 'NONE', #382, #327, #1810, .T. ) ;
#1682 = DIRECTION ( 'NONE',  ( 0.000000000000000000, 0.000000000000000000, 1.000000000000000000 ) ) ;
#1683 = CYLINDRICAL_SURFACE ( 'NONE', #1563, 0.2000000000000001499 ) ;
#1684 = FACE_OUTER_BOUND ( 'NONE', #1743, .T. ) ;
#1685 = AXIS2_PLACEMENT_3D ( 'NONE', #2142, #822, #2190 ) ;
#1686 = ORIENTED_EDGE ( 'NONE', *, *, #1305, .F. ) ;
#1687 = AXIS2_PLACEMENT_3D ( 'NONE', #2170, #381, #1110 ) ;
#1688 = AXIS2_PLACEMENT_3D ( 'NONE', #1083, #1249, #1814 ) ;
#1689 = ADVANCED_FACE ( 'NONE', ( #1391 ), #129, .T. ) ;
#1690 = CARTESIAN_POINT ( 'NONE',  ( 1.623111381208463877, 0.8000000000000002665, -2.302399781155569425 ) ) ;
#1691 = ORIENTED_EDGE ( 'NONE', *, *, #1014, .T. ) ;
#1692 = ORIENTED_EDGE ( 'NONE', *, *, #454, .T. ) ;
#1693 = CARTESIAN_POINT ( 'NONE',  ( -0.3499999999999998113, 0.3075506345307985057, -0.6569064926946004412 ) ) ;
#1694 = VECTOR ( 'NONE', #2161, 1000.000000000000000 ) ;
#1695 = DIRECTION ( 'NONE',  ( -1.000000000000000000, 0.000000000000000000, 0.000000000000000000 ) ) ;
#1696 = AXIS2_PLACEMENT_3D ( 'NONE', #2133, #1381, #1535 ) ;
#1697 = LINE ( 'NONE', #1850, #2301 ) ;
#1698 = LINE ( 'NONE', #1521, #1337 ) ;
#1699 = CIRCLE ( 'NONE', #1460, 2.999999999999999556 ) ;
#1700 = AXIS2_PLACEMENT_3D ( 'NONE', #1945, #869, #1061 ) ;
#1701 = ORIENTED_EDGE ( 'NONE', *, *, #1167, .F. ) ;
#1702 = CARTESIAN_POINT ( 'NONE',  ( -0.7500000000000000000, -1.502399781155568714, 7.499184645402688704E-16 ) ) ;
#1703 = EDGE_CURVE ( 'NONE', #1704, #390, #336, .T. ) ;
#1704 = VERTEX_POINT ( 'NONE', #1237 ) ;
#1705 = ORIENTED_EDGE ( 'NONE', *, *, #1473, .F. ) ;
#1706 = CARTESIAN_POINT ( 'NONE',  ( 1.623111381208463877, 0.3075506345307985057, -0.6569064926946004412 ) ) ;
#1707 = ADVANCED_FACE ( 'NONE', ( #2325 ), #684, .T. ) ;
#1708 = CARTESIAN_POINT ( 'NONE',  ( -0.7500000000000000000, 3.102399781155569691, 0.000000000000000000 ) ) ;
#1709 = ORIENTED_EDGE ( 'NONE', *, *, #2285, .F. ) ;
#1710 = DIRECTION ( 'NONE',  ( 4.490941097952658358E-17, 0.9864354246167242879, -0.1641497884897301085 ) ) ;
#1711 =( GEOMETRIC_REPRESENTATION_CONTEXT ( 3 ) GLOBAL_UNCERTAINTY_ASSIGNED_CONTEXT ( ( #1016 ) ) GLOBAL_UNIT_ASSIGNED_CONTEXT ( ( #1447, #536, #44 ) ) REPRESENTATION_CONTEXT ( 'NONE', 'WORKASPACE' ) );
#1712 = EDGE_CURVE ( 'NONE', #2057, #894, #1193, .T. ) ;
#1713 = EDGE_LOOP ( 'NONE', ( #661, #35, #173, #2194 ) ) ;
#1714 = AXIS2_PLACEMENT_3D ( 'NONE', #1308, #1656, #1319 ) ;
#1715 = CIRCLE ( 'NONE', #2287, 0.1000000000000001027 ) ;
#1716 = VERTEX_POINT ( 'NONE', #2141 ) ;
#1717 = CARTESIAN_POINT ( 'NONE',  ( -0.9799999999999999822, 1.259619407771256139, 0.4596194077712559278 ) ) ;
#1718 = CARTESIAN_POINT ( 'NONE',  ( -0.3499999999999998113, 1.259619407771256139, 0.4596194077712559278 ) ) ;
#1719 = DIRECTION ( 'NONE',  ( 1.000000000000000000, -0.000000000000000000, -0.000000000000000000 ) ) ;
#1720 = ORIENTED_EDGE ( 'NONE', *, *, #1519, .T. ) ;
#1721 = DIRECTION ( 'NONE',  ( -1.000000000000000000, 0.000000000000000000, 0.000000000000000000 ) ) ;
#1722 = CIRCLE ( 'NONE', #1222, 0.1999999999999999278 ) ;
#1723 = AXIS2_PLACEMENT_3D ( 'NONE', #547, #1068, #2025 ) ;
#1724 = ORIENTED_EDGE ( 'NONE', *, *, #2369, .T. ) ;
#1725 = CIRCLE ( 'NONE', #1994, 2.899999999999999911 ) ;
#1726 = EDGE_LOOP ( 'NONE', ( #507, #1530, #1541, #1488 ) ) ;
#1727 = CARTESIAN_POINT ( 'NONE',  ( -1.179999999999999938, 3.102399781155569691, 0.000000000000000000 ) ) ;
#1728 = CARTESIAN_POINT ( 'NONE',  ( 1.623111381208463877, 1.259619407771255917, -0.4596194077712558168 ) ) ;
#1729 = CARTESIAN_POINT ( 'NONE',  ( -0.7500000000000000000, 0.3403805922287445052, -0.4596194077712558168 ) ) ;
#1730 = ADVANCED_FACE ( 'NONE', ( #856 ), #483, .T. ) ;
#1731 = ORIENTED_EDGE ( 'NONE', *, *, #1014, .F. ) ;
#1732 = CYLINDRICAL_SURFACE ( 'NONE', #1311, 0.3976002188444305308 ) ;
#1733 = AXIS2_PLACEMENT_3D ( 'NONE', #582, #1108, #2367 ) ;
#1734 = VERTEX_POINT ( 'NONE', #1762 ) ;
#1735 = ORIENTED_EDGE ( 'NONE', *, *, #1452, .F. ) ;
#1736 = DIRECTION ( 'NONE',  ( 0.000000000000000000, 0.000000000000000000, 1.000000000000000000 ) ) ;
#1737 = CARTESIAN_POINT ( 'NONE',  ( -0.3499999999999998113, 1.259619407771256139, 0.4596194077712559278 ) ) ;
#1738 = EDGE_CURVE ( 'NONE', #1182, #894, #1966, .T. ) ;
#1739 = DIRECTION ( 'NONE',  ( 0.000000000000000000, 0.000000000000000000, 1.000000000000000000 ) ) ;
#1740 = CARTESIAN_POINT ( 'NONE',  ( -0.9799999999999999822, 0.3075506345307973399, 0.6569064926946006633 ) ) ;
#1741 = EDGE_LOOP ( 'NONE', ( #1701, #2149, #976 ) ) ;
#1742 = CARTESIAN_POINT ( 'NONE',  ( 1.623111381208463877, 0.7999999999999997113, 2.302399781155569425 ) ) ;
#1743 = EDGE_LOOP ( 'NONE', ( #886, #5, #1863, #779 ) ) ;
#1744 = ORIENTED_EDGE ( 'NONE', *, *, #1125, .F. ) ;
#1745 = DIRECTION ( 'NONE',  ( -1.000000000000000000, 0.000000000000000000, 0.000000000000000000 ) ) ;
#1746 = AXIS2_PLACEMENT_3D ( 'NONE', #187, #965, #576 ) ;
#1747 = DIRECTION ( 'NONE',  ( 1.000000000000000000, -0.000000000000000000, -0.000000000000000000 ) ) ;
#1748 = FACE_OUTER_BOUND ( 'NONE', #248, .T. ) ;
#1749 = SPHERICAL_SURFACE ( 'NONE', #1696, 0.2000000000000000111 ) ;
#1750 = ADVANCED_FACE ( 'NONE', ( #1056, #164 ), #2119, .F. ) ;
#1751 = DIRECTION ( 'NONE',  ( 1.000000000000000000, 0.000000000000000000, -0.000000000000000000 ) ) ;
#1752 = ORIENTED_EDGE ( 'NONE', *, *, #2004, .F. ) ;
#1753 = FACE_OUTER_BOUND ( 'NONE', #827, .T. ) ;
#1754 = AXIS2_PLACEMENT_3D ( 'NONE', #832, #1392, #1546 ) ;
#1755 = EDGE_LOOP ( 'NONE', ( #680, #234, #201, #1155 ) ) ;
#1756 = EDGE_CURVE ( 'NONE', #371, #1474, #195, .T. ) ;
#1757 = CIRCLE ( 'NONE', #728, 0.2000000000000001499 ) ;
#1758 = ORIENTED_EDGE ( 'NONE', *, *, #508, .F. ) ;
#1759 = AXIS2_PLACEMENT_3D ( 'NONE', #1807, #556, #1664 ) ;
#1760 = DIRECTION ( 'NONE',  ( -1.000000000000000000, 0.000000000000000000, 0.000000000000000000 ) ) ;
#1761 = CIRCLE ( 'NONE', #733, 2.999999999999999112 ) ;
#1762 = CARTESIAN_POINT ( 'NONE',  ( -0.3499999999999999778, 0.1430935073054003248, 0.4924493654692035927 ) ) ;
#1763 = CYLINDRICAL_SURFACE ( 'NONE', #2099, 0.2000000000000001499 ) ;
#1764 = CARTESIAN_POINT ( 'NONE',  ( -0.9799999999999999822, -1.502399781155568714, 7.499184645402688704E-16 ) ) ;
#1765 = DIRECTION ( 'NONE',  ( 1.000000000000000000, -0.000000000000000000, -0.000000000000000000 ) ) ;
#1766 = VERTEX_POINT ( 'NONE', #151 ) ;
#1767 = CARTESIAN_POINT ( 'NONE',  ( -0.3499999999999999778, 0.3403805922287445052, -0.4596194077712558168 ) ) ;
#1768 = AXIS2_PLACEMENT_3D ( 'NONE', #1257, #697, #1032 ) ;
#1769 = VERTEX_POINT ( 'NONE', #1079 ) ;
#1770 = CIRCLE ( 'NONE', #2002, 0.1999999999999997058 ) ;
#1771 = VERTEX_POINT ( 'NONE', #887 ) ;
#1772 = CIRCLE ( 'NONE', #1427, 2.999999999999999556 ) ;
#1773 = DIRECTION ( 'NONE',  ( 0.000000000000000000, 1.000000000000000000, 0.000000000000000000 ) ) ;
#1774 = CYLINDRICAL_SURFACE ( 'NONE', #608, 3.000000000000000000 ) ;
#1775 = DIRECTION ( 'NONE',  ( 0.000000000000000000, -0.9864354246167236218, -0.1641497884897340775 ) ) ;
#1776 = EDGE_CURVE ( 'NONE', #1503, #2257, #899, .T. ) ;
#1777 = ORIENTED_EDGE ( 'NONE', *, *, #2314, .T. ) ;
#1778 = CARTESIAN_POINT ( 'NONE',  ( 1.623111381208463877, -1.502399781155568714, 7.499184645402688704E-16 ) ) ;
#1779 = EDGE_LOOP ( 'NONE', ( #1335, #2222, #1866, #2087, #2235, #716, #2366, #147, #2328 ) ) ;
#1780 = EDGE_CURVE ( 'NONE', #1933, #1078, #1921, .T. ) ;
#1781 = VERTEX_POINT ( 'NONE', #32 ) ;
#1782 = CIRCLE ( 'NONE', #1673, 0.7593747037914024833 ) ;
#1783 =( LENGTH_UNIT ( ) NAMED_UNIT ( * ) SI_UNIT ( .MILLI., .METRE. ) );
#1784 = DIRECTION ( 'NONE',  ( 0.000000000000000000, 0.000000000000000000, 1.000000000000000000 ) ) ;
#1785 = CARTESIAN_POINT ( 'NONE',  ( -0.3499999999999998113, 0.3403805922287445052, -0.4596194077712558168 ) ) ;
#1786 = SURFACE_STYLE_USAGE ( .BOTH. , #1058 ) ;
#1787 = CYLINDRICAL_SURFACE ( 'NONE', #1953, 2.999999999999999112 ) ;
#1788 = VERTEX_POINT ( 'NONE', #413 ) ;
#1789 = VECTOR ( 'NONE', #1114, 1000.000000000000000 ) ;
#1790 = CYLINDRICAL_SURFACE ( 'NONE', #45, 2.999999999999999112 ) ;
#1791 = ORIENTED_EDGE ( 'NONE', *, *, #912, .F. ) ;
#1792 = ORIENTED_EDGE ( 'NONE', *, *, #970, .T. ) ;
#1793 = CIRCLE ( 'NONE', #2137, 0.6999999999999999556 ) ;
#1794 = DIRECTION ( 'NONE',  ( 0.000000000000000000, 0.000000000000000000, -1.000000000000000000 ) ) ;
#1795 = CARTESIAN_POINT ( 'NONE',  ( -0.7500000000000000000, -1.502399781155568714, 7.499184645402688704E-16 ) ) ;
#1796 = AXIS2_PLACEMENT_3D ( 'NONE', #1548, #267, #2047 ) ;
#1797 = DIRECTION ( 'NONE',  ( 1.000000000000000000, -0.000000000000000000, -0.000000000000000000 ) ) ;
#1798 = CARTESIAN_POINT ( 'NONE',  ( 1.079999999999999849, 1.259619407771255917, 0.4596194077712558723 ) ) ;
#1799 = AXIS2_PLACEMENT_3D ( 'NONE', #12, #2207, #1302 ) ;
#1800 = DIRECTION ( 'NONE',  ( -1.000000000000000000, 0.000000000000000000, 0.000000000000000000 ) ) ;
#1801 = VECTOR ( 'NONE', #1320, 1000.000000000000000 ) ;
#1802 = SURFACE_STYLE_USAGE ( .BOTH. , #737 ) ;
#1803 = AXIS2_PLACEMENT_3D ( 'NONE', #1010, #424, #1163 ) ;
#1804 = VERTEX_POINT ( 'NONE', #217 ) ;
#1805 = DIRECTION ( 'NONE',  ( -1.000000000000000000, 0.000000000000000000, 0.000000000000000000 ) ) ;
#1806 = AXIS2_PLACEMENT_3D ( 'NONE', #1346, #440, #1571 ) ;
#1807 = CARTESIAN_POINT ( 'NONE',  ( -0.9799999999999999822, 1.259619407771255917, -0.4596194077712558168 ) ) ;
#1808 = ORIENTED_EDGE ( 'NONE', *, *, #775, .T. ) ;
#1809 = CARTESIAN_POINT ( 'NONE',  ( -0.3499999999999999778, 1.259619407771256139, 0.4596194077712559278 ) ) ;
#1810 = LINE ( 'NONE', #1400, #190 ) ;
#1811 = FACE_OUTER_BOUND ( 'NONE', #2303, .T. ) ;
#1812 = FACE_OUTER_BOUND ( 'NONE', #946, .T. ) ;
#1813 = ADVANCED_FACE ( 'NONE', ( #2073 ), #192, .T. ) ;
#1814 = DIRECTION ( 'NONE',  ( 0.000000000000000000, 0.000000000000000000, -1.000000000000000000 ) ) ;
#1815 = CARTESIAN_POINT ( 'NONE',  ( 1.623111381208463877, 0.2417370497670719709, -0.4760343866202293439 ) ) ;
#1816 = VERTEX_POINT ( 'NONE', #2030 ) ;
#1817 = DIRECTION ( 'NONE',  ( -1.000000000000000000, -0.000000000000000000, -0.000000000000000000 ) ) ;
#1818 = DIRECTION ( 'NONE',  ( -1.000000000000000000, 0.000000000000000000, 0.000000000000000000 ) ) ;
#1819 = ORIENTED_EDGE ( 'NONE', *, *, #152, .T. ) ;
#1820 = DIRECTION ( 'NONE',  ( 0.000000000000000000, 0.000000000000000000, 1.000000000000000000 ) ) ;
#1821 = CARTESIAN_POINT ( 'NONE',  ( -0.7500000000000000000, 0.3239656133797745308, -0.5582629502329287119 ) ) ;
#1822 = EDGE_CURVE ( 'NONE', #519, #585, #1846, .T. ) ;
#1823 = VERTEX_POINT ( 'NONE', #2044 ) ;
#1824 = DIRECTION ( 'NONE',  ( 0.000000000000000000, 0.000000000000000000, 1.000000000000000000 ) ) ;
#1825 = ADVANCED_FACE ( 'NONE', ( #1684 ), #1116, .F. ) ;
#1826 = LINE ( 'NONE', #1290, #28 ) ;
#1827 = EDGE_LOOP ( 'NONE', ( #1218, #2334, #1351 ) ) ;
#1828 = EDGE_CURVE ( 'NONE', #1457, #868, #40, .T. ) ;
#1829 =( LENGTH_UNIT ( ) NAMED_UNIT ( * ) SI_UNIT ( .MILLI., .METRE. ) );
#1830 = ORIENTED_EDGE ( 'NONE', *, *, #1253, .F. ) ;
#1831 = CIRCLE ( 'NONE', #1067, 0.6999999999999999556 ) ;
#1832 = DIRECTION ( 'NONE',  ( 0.000000000000000000, 0.000000000000000000, 1.000000000000000000 ) ) ;
#1833 = CARTESIAN_POINT ( 'NONE',  ( -1.515000000000000124, 0.8000000000000001554, 0.000000000000000000 ) ) ;
#1834 = AXIS2_PLACEMENT_3D ( 'NONE', #1091, #734, #1259 ) ;
#1835 = CARTESIAN_POINT ( 'NONE',  ( -0.7500000000000000000, 0.8000000000000002665, -2.302399781155569425 ) ) ;
#1836 = DIRECTION ( 'NONE',  ( 1.000000000000000000, -0.000000000000000000, -0.000000000000000000 ) ) ;
#1837 = AXIS2_PLACEMENT_3D ( 'NONE', #2196, #1089, #345 ) ;
#1838 =( GEOMETRIC_REPRESENTATION_CONTEXT ( 3 ) GLOBAL_UNCERTAINTY_ASSIGNED_CONTEXT ( ( #72 ) ) GLOBAL_UNIT_ASSIGNED_CONTEXT ( ( #315, #2341, #1263 ) ) REPRESENTATION_CONTEXT ( 'NONE', 'WORKASPACE' ) );
#1839 = DIRECTION ( 'NONE',  ( -1.000000000000000000, -0.000000000000000000, -0.000000000000000000 ) ) ;
#1840 = VECTOR ( 'NONE', #866, 1000.000000000000000 ) ;
#1841 = CARTESIAN_POINT ( 'NONE',  ( 1.623111381208463877, 1.292449365469203304, 0.6569064926946005523 ) ) ;
#1842 = EDGE_CURVE ( 'NONE', #69, #1494, #157, .T. ) ;
#1843 = ORIENTED_EDGE ( 'NONE', *, *, #1828, .F. ) ;
#1844 = SURFACE_SIDE_STYLE ('',( #1456 ) ) ;
#1845 = ORIENTED_EDGE ( 'NONE', *, *, #2164, .T. ) ;
#1846 = CIRCLE ( 'NONE', #1498, 0.1999999999999997058 ) ;
#1847 = CARTESIAN_POINT ( 'NONE',  ( -0.3499999999999999778, 0.7999999999999997113, 2.302399781155569425 ) ) ;
#1848 = CYLINDRICAL_SURFACE ( 'NONE', #1746, 0.2000000000000001499 ) ;
#1849 = VECTOR ( 'NONE', #257, 1000.000000000000000 ) ;
#1850 = CARTESIAN_POINT ( 'NONE',  ( -3.253111381208465325, 1.456906492694601152, 0.4924493654692028155 ) ) ;
#1851 = AXIS2_PLACEMENT_3D ( 'NONE', #1574, #1561, #2124 ) ;
#1852 = ORIENTED_EDGE ( 'NONE', *, *, #508, .T. ) ;
#1853 = DIRECTION ( 'NONE',  ( 0.000000000000000000, 0.000000000000000000, 1.000000000000000000 ) ) ;
#1854 = FACE_OUTER_BOUND ( 'NONE', #829, .T. ) ;
#1855 = ORIENTED_EDGE ( 'NONE', *, *, #365, .T. ) ;
#1856 = ADVANCED_FACE ( 'NONE', ( #1873, #750 ), #770, .T. ) ;
#1857 = ORIENTED_EDGE ( 'NONE', *, *, #2369, .F. ) ;
#1858 = DIRECTION ( 'NONE',  ( -1.000000000000000000, 0.000000000000000000, 0.000000000000000000 ) ) ;
#1859 = CARTESIAN_POINT ( 'NONE',  ( 1.623111381208463877, 0.8000000000000002665, -2.302399781155569425 ) ) ;
#1860 = DIRECTION ( 'NONE',  ( 1.000000000000000000, -0.000000000000000000, -0.000000000000000000 ) ) ;
#1861 = DIRECTION ( 'NONE',  ( -1.000000000000000000, 0.000000000000000000, 0.000000000000000000 ) ) ;
#1862 = EDGE_CURVE ( 'NONE', #1191, #2171, #1616, .T. ) ;
#1863 = ORIENTED_EDGE ( 'NONE', *, *, #2131, .T. ) ;
#1864 = DIRECTION ( 'NONE',  ( 1.000000000000000000, -0.000000000000000000, -0.000000000000000000 ) ) ;
#1865 = DIRECTION ( 'NONE',  ( 1.000000000000000000, -0.000000000000000000, -0.000000000000000000 ) ) ;
#1866 = ORIENTED_EDGE ( 'NONE', *, *, #1900, .T. ) ;
#1867 = ORIENTED_EDGE ( 'NONE', *, *, #2203, .T. ) ;
#1868 = CARTESIAN_POINT ( 'NONE',  ( 1.623111381208463877, 0.3239656133797745308, -0.5582629502329287119 ) ) ;
#1869 = CARTESIAN_POINT ( 'NONE',  ( 1.279999999999999805, 0.7999999999999997113, -0.4976002188444303975 ) ) ;
#1870 = AXIS2_PLACEMENT_3D ( 'NONE', #1353, #2084, #603 ) ;
#1871 = EDGE_CURVE ( 'NONE', #883, #1206, #469, .T. ) ;
#1872 = DIRECTION ( 'NONE',  ( -1.000000000000000000, 0.000000000000000000, 0.000000000000000000 ) ) ;
#1873 = FACE_BOUND ( 'NONE', #1352, .T. ) ;
#1874 = AXIS2_PLACEMENT_3D ( 'NONE', #574, #397, #755 ) ;
#1875 = ORIENTED_EDGE ( 'NONE', *, *, #1253, .T. ) ;
#1876 = CIRCLE ( 'NONE', #572, 2.999999999999999112 ) ;
#1877 = CARTESIAN_POINT ( 'NONE',  ( 1.623111381208463877, 1.259619407771256139, 0.4596194077712559278 ) ) ;
#1878 = AXIS2_PLACEMENT_3D ( 'NONE', #46, #1483, #2214 ) ;
#1879 = ORIENTED_EDGE ( 'NONE', *, *, #286, .F. ) ;
#1880 = EDGE_CURVE ( 'NONE', #1467, #944, #1585, .T. ) ;
#1881 = EDGE_LOOP ( 'NONE', ( #1432, #368, #979, #415 ) ) ;
#1882 = FACE_OUTER_BOUND ( 'NONE', #1123, .T. ) ;
#1883 = DIRECTION ( 'NONE',  ( 0.000000000000000000, 0.000000000000000000, 1.000000000000000000 ) ) ;
#1884 = DIRECTION ( 'NONE',  ( 0.000000000000000000, 0.000000000000000000, 1.000000000000000000 ) ) ;
#1885 = DIRECTION ( 'NONE',  ( -1.000000000000000000, 0.000000000000000000, 0.000000000000000000 ) ) ;
#1886 = CARTESIAN_POINT ( 'NONE',  ( -0.9799999999999999822, 0.3403805922287445052, -0.4596194077712558168 ) ) ;
#1887 = CIRCLE ( 'NONE', #1501, 0.7593747037914024833 ) ;
#1888 = CIRCLE ( 'NONE', #1389, 0.2000000000000000111 ) ;
#1889 = VERTEX_POINT ( 'NONE', #2121 ) ;
#1890 = FACE_OUTER_BOUND ( 'NONE', #635, .T. ) ;
#1891 = EDGE_LOOP ( 'NONE', ( #490, #321, #2198, #2045, #249, #111, #1357, #1577, #1477 ) ) ;
#1892 = EDGE_LOOP ( 'NONE', ( #1492, #744, #1165, #2313 ) ) ;
#1893 = DIRECTION ( 'NONE',  ( 0.000000000000000000, 0.000000000000000000, 1.000000000000000000 ) ) ;
#1894 = CARTESIAN_POINT ( 'NONE',  ( 1.623111381208463877, 1.358262950232928645, -0.4760343866202290664 ) ) ;
#1895 = CYLINDRICAL_SURFACE ( 'NONE', #916, 2.899999999999999467 ) ;
#1896 = ORIENTED_EDGE ( 'NONE', *, *, #354, .F. ) ;
#1897 = PLANE ( 'NONE',  #665 ) ;
#1898 = CIRCLE ( 'NONE', #906, 0.2000000000000001499 ) ;
#1899 = ORIENTED_EDGE ( 'NONE', *, *, #1999, .F. ) ;
#1900 = EDGE_CURVE ( 'NONE', #239, #466, #1272, .T. ) ;
#1901 = AXIS2_PLACEMENT_3D ( 'NONE', #1727, #1544, #250 ) ;
#1902 = VERTEX_POINT ( 'NONE', #92 ) ;
#1903 = DIRECTION ( 'NONE',  ( -1.000000000000000000, 0.000000000000000000, 0.000000000000000000 ) ) ;
#1904 = DIRECTION ( 'NONE',  ( 0.000000000000000000, 0.000000000000000000, 1.000000000000000000 ) ) ;
#1905 = FACE_OUTER_BOUND ( 'NONE', #2063, .T. ) ;
#1906 = CARTESIAN_POINT ( 'NONE',  ( -0.3499999999999998113, 0.3239656133797708115, 0.5582629502329280458 ) ) ;
#1907 = CARTESIAN_POINT ( 'NONE',  ( -0.9799999999999997602, 0.3403805922287445052, -0.4596194077712558168 ) ) ;
#1908 = VERTEX_POINT ( 'NONE', #989 ) ;
#1909 = SPHERICAL_SURFACE ( 'NONE', #159, 0.2000000000000000111 ) ;
#1910 = AXIS2_PLACEMENT_3D ( 'NONE', #1413, #1022, #1955 ) ;
#1911 = CIRCLE ( 'NONE', #881, 0.1999999999999999278 ) ;
#1912 = VERTEX_POINT ( 'NONE', #1366 ) ;
#1913 = AXIS2_PLACEMENT_3D ( 'NONE', #742, #1269, #1254 ) ;
#1914 = AXIS2_PLACEMENT_3D ( 'NONE', #677, #1228, #1958 ) ;
#1915 = VERTEX_POINT ( 'NONE', #299 ) ;
#1916 = CARTESIAN_POINT ( 'NONE',  ( -0.3499999999999998113, 1.276034386620231054, 0.5582629502329278237 ) ) ;
#1917 = AXIS2_PLACEMENT_3D ( 'NONE', #2275, #2251, #90 ) ;
#1918 = EDGE_CURVE ( 'NONE', #1182, #1191, #930, .T. ) ;
#1919 = CARTESIAN_POINT ( 'NONE',  ( -1.179999999999999938, 0.7999999999999997113, -0.4976002188444303975 ) ) ;
#1920 = DIRECTION ( 'NONE',  ( 0.000000000000000000, 0.000000000000000000, -1.000000000000000000 ) ) ;
#1921 = CIRCLE ( 'NONE', #433, 0.09999999999999976963 ) ;
#1922 = EDGE_LOOP ( 'NONE', ( #852, #1422, #178, #2181 ) ) ;
#1923 = DIRECTION ( 'NONE',  ( -1.000000000000000000, -0.000000000000000000, -0.000000000000000000 ) ) ;
#1924 = EDGE_CURVE ( 'NONE', #695, #1902, #2318, .T. ) ;
#1925 = ORIENTED_EDGE ( 'NONE', *, *, #735, .F. ) ;
#1926 = VERTEX_POINT ( 'NONE', #2085 ) ;
#1927 = EDGE_CURVE ( 'NONE', #1543, #647, #1012, .T. ) ;
#1928 = CARTESIAN_POINT ( 'NONE',  ( -0.3499999999999999778, 0.3403805922287442831, 0.4596194077712559278 ) ) ;
#1929 = DIRECTION ( 'NONE',  ( 0.000000000000000000, 0.000000000000000000, -1.000000000000000000 ) ) ;
#1930 = DIRECTION ( 'NONE',  ( 0.000000000000000000, 0.000000000000000000, 1.000000000000000000 ) ) ;
#1931 = FACE_OUTER_BOUND ( 'NONE', #1827, .T. ) ;
#1932 = DIRECTION ( 'NONE',  ( 0.000000000000000000, 0.000000000000000000, -1.000000000000000000 ) ) ;
#1933 = VERTEX_POINT ( 'NONE', #1906 ) ;
#1934 = EDGE_CURVE ( 'NONE', #480, #1457, #1354, .T. ) ;
#1935 = DIRECTION ( 'NONE',  ( 1.000000000000000000, -0.000000000000000000, -0.000000000000000000 ) ) ;
#1936 = ORIENTED_EDGE ( 'NONE', *, *, #659, .T. ) ;
#1937 = CIRCLE ( 'NONE', #2361, 0.1000000000000002137 ) ;
#1938 = ORIENTED_EDGE ( 'NONE', *, *, #1027, .F. ) ;
#1939 = DIRECTION ( 'NONE',  ( 0.000000000000000000, 0.000000000000000000, 1.000000000000000000 ) ) ;
#1940 = CIRCLE ( 'NONE', #376, 0.2000000000000000389 ) ;
#1941 = DIRECTION ( 'NONE',  ( -1.000000000000000000, 0.000000000000000000, 0.000000000000000000 ) ) ;
#1942 = DIRECTION ( 'NONE',  ( -1.000000000000000000, 0.000000000000000000, 0.000000000000000000 ) ) ;
#1943 = DIRECTION ( 'NONE',  ( -0.000000000000000000, 0.000000000000000000, -1.000000000000000000 ) ) ;
#1944 = ORIENTED_EDGE ( 'NONE', *, *, #904, .F. ) ;
#1945 = CARTESIAN_POINT ( 'NONE',  ( -0.9799999999999999822, 3.102399781155569691, 0.000000000000000000 ) ) ;
#1946 = ADVANCED_FACE ( 'NONE', ( #1931 ), #1749, .T. ) ;
#1947 = VECTOR ( 'NONE', #484, 1000.000000000000000 ) ;
#1948 = VERTEX_POINT ( 'NONE', #2267 ) ;
#1949 = AXIS2_PLACEMENT_3D ( 'NONE', #2338, #1458, #940 ) ;
#1950 = ORIENTED_EDGE ( 'NONE', *, *, #2278, .F. ) ;
#1951 = DIRECTION ( 'NONE',  ( 0.000000000000000000, 0.000000000000000000, -1.000000000000000000 ) ) ;
#1952 = EDGE_CURVE ( 'NONE', #1567, #846, #662, .T. ) ;
#1953 = AXIS2_PLACEMENT_3D ( 'NONE', #1586, #1765, #142 ) ;
#1954 = DIRECTION ( 'NONE',  ( 1.000000000000000000, -0.000000000000000000, -0.000000000000000000 ) ) ;
#1955 = DIRECTION ( 'NONE',  ( 0.000000000000000000, 0.000000000000000000, 1.000000000000000000 ) ) ;
#1956 = AXIS2_PLACEMENT_3D ( 'NONE', #1977, #493, #675 ) ;
#1957 = DIRECTION ( 'NONE',  ( 0.000000000000000000, -0.1641497884897342163, 0.9864354246167235107 ) ) ;
#1958 = DIRECTION ( 'NONE',  ( 0.000000000000000000, 0.000000000000000000, 1.000000000000000000 ) ) ;
#1959 = ORIENTED_EDGE ( 'NONE', *, *, #1862, .F. ) ;
#1960 = EDGE_CURVE ( 'NONE', #295, #519, #1044, .T. ) ;
#1961 = ORIENTED_EDGE ( 'NONE', *, *, #228, .F. ) ;
#1962 = CIRCLE ( 'NONE', #704, 2.899999999999999467 ) ;
#1963 = ORIENTED_EDGE ( 'NONE', *, *, #414, .T. ) ;
#1964 =( GEOMETRIC_REPRESENTATION_CONTEXT ( 3 ) GLOBAL_UNCERTAINTY_ASSIGNED_CONTEXT ( ( #798 ) ) GLOBAL_UNIT_ASSIGNED_CONTEXT ( ( #2376, #726, #17 ) ) REPRESENTATION_CONTEXT ( 'NONE', 'WORKASPACE' ) );
#1965 = DIRECTION ( 'NONE',  ( 1.000000000000000000, 0.000000000000000000, 0.000000000000000000 ) ) ;
#1966 = LINE ( 'NONE', #323, #1694 ) ;
#1967 = CARTESIAN_POINT ( 'NONE',  ( -0.7500000000000000000, 0.3403805922287445052, -0.4596194077712558168 ) ) ;
#1968 = CARTESIAN_POINT ( 'NONE',  ( -0.3499999999999999778, 0.7999999999999997113, 2.302399781155569425 ) ) ;
#1969 = LINE ( 'NONE', #1428, #308 ) ;
#1970 = ORIENTED_EDGE ( 'NONE', *, *, #2177, .F. ) ;
#1971 = DIRECTION ( 'NONE',  ( 0.000000000000000000, 0.000000000000000000, 1.000000000000000000 ) ) ;
#1972 = VERTEX_POINT ( 'NONE', #104 ) ;
#1973 = ORIENTED_EDGE ( 'NONE', *, *, #1231, .F. ) ;
#1974 = AXIS2_PLACEMENT_3D ( 'NONE', #423, #548, #2050 ) ;
#1975 = DIRECTION ( 'NONE',  ( 0.000000000000000000, 0.000000000000000000, 1.000000000000000000 ) ) ;
#1976 = EDGE_CURVE ( 'NONE', #1915, #1908, #117, .T. ) ;
#1977 = CARTESIAN_POINT ( 'NONE',  ( 1.079999999999999405, 0.7999999999999997113, -0.4976002188444303975 ) ) ;
#1978 = CARTESIAN_POINT ( 'NONE',  ( 1.079999999999999405, 1.292449365469203304, 0.6569064926946004412 ) ) ;
#1979 = DIRECTION ( 'NONE',  ( 0.000000000000000000, 0.000000000000000000, 1.000000000000000000 ) ) ;
#1980 = AXIS2_PLACEMENT_3D ( 'NONE', #1717, #1390, #482 ) ;
#1981 = DIRECTION ( 'NONE',  ( 0.000000000000000000, 0.000000000000000000, 1.000000000000000000 ) ) ;
#1982 = ORIENTED_EDGE ( 'NONE', *, *, #1214, .F. ) ;
#1983 = ORIENTED_EDGE ( 'NONE', *, *, #1924, .T. ) ;
#1984 = AXIS2_PLACEMENT_3D ( 'NONE', #494, #1011, #1739 ) ;
#1985 = DIRECTION ( 'NONE',  ( -1.000000000000000000, 0.000000000000000000, 0.000000000000000000 ) ) ;
#1986 = ORIENTED_EDGE ( 'NONE', *, *, #1934, .F. ) ;
#1987 = CIRCLE ( 'NONE', #1723, 2.799999999999999822 ) ;
#1988 = LINE ( 'NONE', #1628, #2242 ) ;
#1989 = EDGE_CURVE ( 'NONE', #1006, #1457, #1349, .T. ) ;
#1990 = DIRECTION ( 'NONE',  ( 0.000000000000000000, 0.000000000000000000, -1.000000000000000000 ) ) ;
#1991 = CIRCLE ( 'NONE', #1646, 0.2000000000000000111 ) ;
#1992 = CARTESIAN_POINT ( 'NONE',  ( -0.7500000000000000000, 0.8000000000000002665, -2.302399781155569425 ) ) ;
#1993 = LINE ( 'NONE', #352, #79 ) ;
#1994 = AXIS2_PLACEMENT_3D ( 'NONE', #1835, #1286, #1644 ) ;
#1995 = DIRECTION ( 'NONE',  ( 0.000000000000000000, -1.066132136277412641E-14, -1.000000000000000000 ) ) ;
#1996 = CARTESIAN_POINT ( 'NONE',  ( -0.7499999999999997780, 1.292449365469203304, 0.6569064926946004412 ) ) ;
#1997 = ORIENTED_EDGE ( 'NONE', *, *, #587, .F. ) ;
#1998 = CARTESIAN_POINT ( 'NONE',  ( 1.279999999999999805, 0.3403805922287444496, -0.4596194077712562609 ) ) ;
#1999 = EDGE_CURVE ( 'NONE', #1972, #790, #889, .T. ) ;
#2000 = PLANE ( 'NONE',  #1073 ) ;
#2001 = ORIENTED_EDGE ( 'NONE', *, *, #1242, .T. ) ;
#2002 = AXIS2_PLACEMENT_3D ( 'NONE', #1370, #416, #2064 ) ;
#2003 = DIRECTION ( 'NONE',  ( 1.000000000000000000, -0.000000000000000000, -0.000000000000000000 ) ) ;
#2004 = EDGE_CURVE ( 'NONE', #402, #1180, #2262, .T. ) ;
#2005 = SPHERICAL_SURFACE ( 'NONE', #1489, 0.2000000000000000111 ) ;
#2006 = DIRECTION ( 'NONE',  ( -1.000000000000000000, 0.000000000000000000, 0.000000000000000000 ) ) ;
#2007 = EDGE_CURVE ( 'NONE', #170, #74, #1993, .T. ) ;
#2008 = CARTESIAN_POINT ( 'NONE',  ( -3.253111381208465325, 0.3075506345307984502, -0.6569064926946008853 ) ) ;
#2009 = ADVANCED_FACE ( 'NONE', ( #1812 ), #131, .F. ) ;
#2010 = VERTEX_POINT ( 'NONE', #504 ) ;
#2011 = CARTESIAN_POINT ( 'NONE',  ( -0.7500000000000000000, 0.7999999999999997113, 2.302399781155569425 ) ) ;
#2012 = CYLINDRICAL_SURFACE ( 'NONE', #227, 0.2000000000000001499 ) ;
#2013 = MANIFOLD_SOLID_BREP ( 'Cut-Extrude2', #1007 ) ;
#2014 = ORIENTED_EDGE ( 'NONE', *, *, #1387, .T. ) ;
#2015 = EDGE_LOOP ( 'NONE', ( #2048, #2080, #1691, #2273, #1267, #2037, #743, #1038, #990 ) ) ;
#2016 = CYLINDRICAL_SURFACE ( 'NONE', #1834, 0.2000000000000002054 ) ;
#2017 = CARTESIAN_POINT ( 'NONE',  ( -0.7500000000000000000, 1.456906492694600930, 0.4924493654692028155 ) ) ;
#2018 = FACE_OUTER_BOUND ( 'NONE', #2125, .T. ) ;
#2019 = CARTESIAN_POINT ( 'NONE',  ( -0.3499999999999998113, 0.2417370497670719709, -0.4760343866202293439 ) ) ;
#2020 = AXIS2_PLACEMENT_3D ( 'NONE', #262, #636, #1736 ) ;
#2021 = CARTESIAN_POINT ( 'NONE',  ( -0.3499999999999999778, 1.358262950232928645, -0.4760343866202290664 ) ) ;
#2022 = LINE ( 'NONE', #1841, #882 ) ;
#2023 = ORIENTED_EDGE ( 'NONE', *, *, #2164, .F. ) ;
#2024 = EDGE_LOOP ( 'NONE', ( #1791, #1867, #497, #1819 ) ) ;
#2025 = DIRECTION ( 'NONE',  ( 0.000000000000000000, 0.000000000000000000, -1.000000000000000000 ) ) ;
#2026 = DIRECTION ( 'NONE',  ( -1.000000000000000000, 0.000000000000000000, 0.000000000000000000 ) ) ;
#2027 = CARTESIAN_POINT ( 'NONE',  ( 1.623111381208463877, 0.2417370497670720819, 0.4760343866202301211 ) ) ;
#2028 = CARTESIAN_POINT ( 'NONE',  ( -0.3499999999999999778, 0.8000000000000002665, -2.302399781155569425 ) ) ;
#2029 =( GEOMETRIC_REPRESENTATION_CONTEXT ( 3 ) GLOBAL_UNCERTAINTY_ASSIGNED_CONTEXT ( ( #826 ) ) GLOBAL_UNIT_ASSIGNED_CONTEXT ( ( #2086, #2112, #1217 ) ) REPRESENTATION_CONTEXT ( 'NONE', 'WORKASPACE' ) );
#2030 = CARTESIAN_POINT ( 'NONE',  ( -0.3499999999999999778, 0.1430935073053996309, -0.4924493654692028155 ) ) ;
#2031 = ORIENTED_EDGE ( 'NONE', *, *, #2299, .F. ) ;
#2032 = EDGE_CURVE ( 'NONE', #1816, #218, #2364, .T. ) ;
#2033 = DIRECTION ( 'NONE',  ( -1.000000000000000000, -0.000000000000000000, -0.000000000000000000 ) ) ;
#2034 = CARTESIAN_POINT ( 'NONE',  ( -0.7500000000000000000, 0.3403805922287445052, -0.4596194077712558168 ) ) ;
#2035 = ORIENTED_EDGE ( 'NONE', *, *, #762, .F. ) ;
#2036 = EDGE_CURVE ( 'NONE', #1908, #1513, #2358, .T. ) ;
#2037 = ORIENTED_EDGE ( 'NONE', *, *, #938, .T. ) ;
#2038 = STYLED_ITEM ( 'NONE', ( #723 ), #2013 ) ;
#2039 = CARTESIAN_POINT ( 'NONE',  ( -0.3499999999999999778, 1.358262950232928645, -0.4760343866202290664 ) ) ;
#2040 = DIRECTION ( 'NONE',  ( 0.000000000000000000, 0.000000000000000000, 1.000000000000000000 ) ) ;
#2041 = VECTOR ( 'NONE', #235, 1000.000000000000000 ) ;
#2042 = DIRECTION ( 'NONE',  ( 0.000000000000000000, 0.000000000000000000, -1.000000000000000000 ) ) ;
#2043 = CARTESIAN_POINT ( 'NONE',  ( -0.3499999999999999778, 1.259619407771255917, -0.4596194077712558168 ) ) ;
#2044 = CARTESIAN_POINT ( 'NONE',  ( -0.7500000000000000000, 1.276034386620229499, -0.5582629502329282678 ) ) ;
#2045 = ORIENTED_EDGE ( 'NONE', *, *, #550, .F. ) ;
#2046 = CYLINDRICAL_SURFACE ( 'NONE', #2229, 0.2000000000000001499 ) ;
#2047 = DIRECTION ( 'NONE',  ( 0.000000000000000000, 0.000000000000000000, 1.000000000000000000 ) ) ;
#2048 = ORIENTED_EDGE ( 'NONE', *, *, #259, .T. ) ;
#2049 = DIRECTION ( 'NONE',  ( 1.000000000000000000, -0.000000000000000000, -0.000000000000000000 ) ) ;
#2050 = DIRECTION ( 'NONE',  ( 0.000000000000000000, 2.168404344971007290E-15, -1.000000000000000000 ) ) ;
#2051 = DIRECTION ( 'NONE',  ( 0.000000000000000000, 0.000000000000000000, 1.000000000000000000 ) ) ;
#2052 = CARTESIAN_POINT ( 'NONE',  ( 1.623111381208463877, 0.8000000000000002665, -2.302399781155569425 ) ) ;
#2053 = AXIS2_PLACEMENT_3D ( 'NONE', #363, #322, #1271 ) ;
#2054 = ORIENTED_EDGE ( 'NONE', *, *, #33, .F. ) ;
#2055 = CARTESIAN_POINT ( 'NONE',  ( -0.3499999999999999778, 1.292449365469203304, 0.6569064926946005523 ) ) ;
#2056 = EDGE_CURVE ( 'NONE', #455, #557, #56, .T. ) ;
#2057 = VERTEX_POINT ( 'NONE', #2017 ) ;
#2058 = ORIENTED_EDGE ( 'NONE', *, *, #961, .T. ) ;
#2059 = DIRECTION ( 'NONE',  ( 1.000000000000000000, 0.000000000000000000, 0.000000000000000000 ) ) ;
#2060 = CARTESIAN_POINT ( 'NONE',  ( -0.3499999999999998113, -1.502399781155568714, 7.499184645402688704E-16 ) ) ;
#2061 = LINE ( 'NONE', #30, #2293 ) ;
#2062 = DIRECTION ( 'NONE',  ( 0.000000000000000000, 0.000000000000000000, -1.000000000000000000 ) ) ;
#2063 = EDGE_LOOP ( 'NONE', ( #119, #2217, #1963, #2300 ) ) ;
#2064 = DIRECTION ( 'NONE',  ( 0.000000000000000000, 0.000000000000000000, 1.000000000000000000 ) ) ;
#2065 = PRESENTATION_LAYER_ASSIGNMENT (  '', '', ( #428 ) ) ;
#2066 = ORIENTED_EDGE ( 'NONE', *, *, #606, .F. ) ;
#2067 = AXIS2_PLACEMENT_3D ( 'NONE', #1718, #472, #2305 ) ;
#2068 = ORIENTED_EDGE ( 'NONE', *, *, #1677, .T. ) ;
#2069 = DIRECTION ( 'NONE',  ( 1.000000000000000000, -0.000000000000000000, -0.000000000000000000 ) ) ;
#2070 = ADVANCED_FACE ( 'NONE', ( #398 ), #1482, .T. ) ;
#2071 = LINE ( 'NONE', #1894, #310 ) ;
#2072 = CARTESIAN_POINT ( 'NONE',  ( -0.7500000000000000000, 1.276034386620231054, 0.5582629502329282678 ) ) ;
#2073 = FACE_OUTER_BOUND ( 'NONE', #1741, .T. ) ;
#2074 = AXIS2_PLACEMENT_3D ( 'NONE', #246, #1864, #1144 ) ;
#2075 = EDGE_CURVE ( 'NONE', #496, #2057, #1515, .T. ) ;
#2076 = PRESENTATION_LAYER_ASSIGNMENT (  '', '', ( #1048 ) ) ;
#2077 = ORIENTED_EDGE ( 'NONE', *, *, #2032, .T. ) ;
#2078 = DIRECTION ( 'NONE',  ( 0.000000000000000000, 0.000000000000000000, 1.000000000000000000 ) ) ;
#2079 = EDGE_CURVE ( 'NONE', #707, #954, #949, .T. ) ;
#2080 = ORIENTED_EDGE ( 'NONE', *, *, #2285, .T. ) ;
#2081 = EDGE_LOOP ( 'NONE', ( #1317, #1394 ) ) ;
#2082 = DIRECTION ( 'NONE',  ( -1.000000000000000000, -0.000000000000000000, -0.000000000000000000 ) ) ;
#2083 = PRESENTATION_LAYER_ASSIGNMENT (  '', '', ( #634 ) ) ;
#2084 = DIRECTION ( 'NONE',  ( 0.000000000000000000, -0.9864354246167233997, -0.1641497884897346327 ) ) ;
#2085 = CARTESIAN_POINT ( 'NONE',  ( -0.7500000000000000000, 0.2417370497670720819, 0.4760343866202301211 ) ) ;
#2086 =( LENGTH_UNIT ( ) NAMED_UNIT ( * ) SI_UNIT ( .MILLI., .METRE. ) );
#2087 = ORIENTED_EDGE ( 'NONE', *, *, #1214, .T. ) ;
#2088 = CARTESIAN_POINT ( 'NONE',  ( -0.3499999999999998113, 0.7999999999999997113, 2.302399781155569425 ) ) ;
#2089 = ADVANCED_FACE ( 'NONE', ( #590 ), #333, .T. ) ;
#2090 = ORIENTED_EDGE ( 'NONE', *, *, #1415, .F. ) ;
#2091 = EDGE_CURVE ( 'NONE', #1816, #1734, #1556, .T. ) ;
#2092 = CIRCLE ( 'NONE', #1980, 0.2000000000000001499 ) ;
#2093 = VERTEX_POINT ( 'NONE', #791 ) ;
#2094 = PLANE ( 'NONE',  #2205 ) ;
#2095 = FACE_OUTER_BOUND ( 'NONE', #799, .T. ) ;
#2096 = ADVANCED_FACE ( 'NONE', ( #1670 ), #1848, .T. ) ;
#2097 = CARTESIAN_POINT ( 'NONE',  ( 1.515000000000000124, 0.8000000000000001554, 0.09999999999999982514 ) ) ;
#2098 = DIRECTION ( 'NONE',  ( 1.000000000000000000, 0.000000000000000000, 0.000000000000000000 ) ) ;
#2099 = AXIS2_PLACEMENT_3D ( 'NONE', #1570, #2306, #2276 ) ;
#2100 = DIRECTION ( 'NONE',  ( 0.000000000000000000, 0.000000000000000000, 1.000000000000000000 ) ) ;
#2101 = VERTEX_POINT ( 'NONE', #781 ) ;
#2102 = DIRECTION ( 'NONE',  ( 1.000000000000000000, -0.000000000000000000, -0.000000000000000000 ) ) ;
#2103 = EDGE_CURVE ( 'NONE', #1781, #1543, #1635, .T. ) ;
#2104 = ORIENTED_EDGE ( 'NONE', *, *, #2360, .F. ) ;
#2105 = AXIS2_PLACEMENT_3D ( 'NONE', #877, #1633, #1995 ) ;
#2106 = EDGE_LOOP ( 'NONE', ( #2345, #1692, #509 ) ) ;
#2107 = DIRECTION ( 'NONE',  ( 0.000000000000000000, 0.000000000000000000, 1.000000000000000000 ) ) ;
#2108 = CIRCLE ( 'NONE', #2179, 2.999999999999999556 ) ;
#2109 = EDGE_CURVE ( 'NONE', #1573, #1206, #59, .T. ) ;
#2110 = CARTESIAN_POINT ( 'NONE',  ( 1.079999999999999405, 1.456906492694600486, -0.4924493654692024824 ) ) ;
#2111 = DIRECTION ( 'NONE',  ( 0.000000000000000000, 1.000000000000000000, -0.000000000000000000 ) ) ;
#2112 =( NAMED_UNIT ( * ) PLANE_ANGLE_UNIT ( ) SI_UNIT ( $, .RADIAN. ) );
#2113 = VERTEX_POINT ( 'NONE', #1294 ) ;
#2114 = DIRECTION ( 'NONE',  ( 0.000000000000000000, 0.000000000000000000, 1.000000000000000000 ) ) ;
#2115 = COLOUR_RGB ( '',0.7960784313725489669, 0.8235294117647058432, 0.9372549019607843146 ) ;
#2116 = VERTEX_POINT ( 'NONE', #1330 ) ;
#2117 = ORIENTED_EDGE ( 'NONE', *, *, #1234, .T. ) ;
#2118 = DIRECTION ( 'NONE',  ( 0.000000000000000000, -0.9864354246167235107, -0.1641497884897341608 ) ) ;
#2119 = PLANE ( 'NONE',  #1194 ) ;
#2120 = DIRECTION ( 'NONE',  ( 0.000000000000000000, 0.000000000000000000, -1.000000000000000000 ) ) ;
#2121 = CARTESIAN_POINT ( 'NONE',  ( 1.279999999999999805, 0.8000000000000000444, -0.7593747037914024833 ) ) ;
#2122 = CARTESIAN_POINT ( 'NONE',  ( -3.253111381208465325, 0.3403805922287442831, 0.4596194077712559278 ) ) ;
#2123 = ORIENTED_EDGE ( 'NONE', *, *, #2377, .F. ) ;
#2124 = DIRECTION ( 'NONE',  ( 0.000000000000000000, 0.000000000000000000, 1.000000000000000000 ) ) ;
#2125 = EDGE_LOOP ( 'NONE', ( #2127, #1339, #2260, #2321 ) ) ;
#2126 = EDGE_CURVE ( 'NONE', #868, #1908, #909, .T. ) ;
#2127 = ORIENTED_EDGE ( 'NONE', *, *, #253, .F. ) ;
#2128 = DIRECTION ( 'NONE',  ( -1.000000000000000000, 0.000000000000000000, 0.000000000000000000 ) ) ;
#2129 = CIRCLE ( 'NONE', #1406, 0.1999999999999999278 ) ;
#2130 = CARTESIAN_POINT ( 'NONE',  ( -0.3499999999999999778, 1.259619407771256139, 0.4596194077712559278 ) ) ;
#2131 = EDGE_CURVE ( 'NONE', #732, #2010, #1284, .T. ) ;
#2132 = DIRECTION ( 'NONE',  ( 0.000000000000000000, 0.000000000000000000, 1.000000000000000000 ) ) ;
#2133 = CARTESIAN_POINT ( 'NONE',  ( -0.9799999999999999822, 1.259619407771256139, 0.4596194077712559278 ) ) ;
#2134 = ORIENTED_EDGE ( 'NONE', *, *, #2103, .T. ) ;
#2135 = AXIS2_PLACEMENT_3D ( 'NONE', #2052, #1885, #2253 ) ;
#2136 = ORIENTED_EDGE ( 'NONE', *, *, #1344, .T. ) ;
#2137 = AXIS2_PLACEMENT_3D ( 'NONE', #1468, #2201, #174 ) ;
#2138 = VERTEX_POINT ( 'NONE', #202 ) ;
#2139 = STYLED_ITEM ( 'NONE', ( #629 ), #1205 ) ;
#2140 = AXIS2_PLACEMENT_3D ( 'NONE', #176, #914, #1659 ) ;
#2141 = CARTESIAN_POINT ( 'NONE',  ( -1.750000000000000000, 0.8000000000000002665, -0.7593747037914024833 ) ) ;
#2142 = CARTESIAN_POINT ( 'NONE',  ( -0.9799999999999999822, 1.259619407771255917, -0.4596194077712558168 ) ) ;
#2143 = DIRECTION ( 'NONE',  ( 0.000000000000000000, 0.000000000000000000, -1.000000000000000000 ) ) ;
#2144 = ORIENTED_EDGE ( 'NONE', *, *, #1129, .F. ) ;
#2145 = ADVANCED_FACE ( 'NONE', ( #941 ), #409, .F. ) ;
#2146 = ORIENTED_EDGE ( 'NONE', *, *, #401, .F. ) ;
#2147 = ADVANCED_FACE ( 'NONE', ( #100 ), #1555, .F. ) ;
#2148 = CLOSED_SHELL ( 'NONE', ( #1173, #546, #278, #305, #2323, #309, #783, #994, #1504, #879, #179, #1825, #1525, #724, #487, #511, #2009, #2145, #2147, #1095 ) ) ;
#2149 = ORIENTED_EDGE ( 'NONE', *, *, #169, .F. ) ;
#2150 = AXIS2_PLACEMENT_3D ( 'NONE', #177, #562, #2180 ) ;
#2151 = DIRECTION ( 'NONE',  ( 0.000000000000000000, 0.000000000000000000, 1.000000000000000000 ) ) ;
#2152 = DIRECTION ( 'NONE',  ( -1.000000000000000000, 0.000000000000000000, 0.000000000000000000 ) ) ;
#2153 = DIRECTION ( 'NONE',  ( -1.000000000000000000, 0.000000000000000000, 0.000000000000000000 ) ) ;
#2154 = FACE_OUTER_BOUND ( 'NONE', #430, .T. ) ;
#2155 = ORIENTED_EDGE ( 'NONE', *, *, #864, .F. ) ;
#2156 = ADVANCED_FACE ( 'NONE', ( #2289 ), #2094, .F. ) ;
#2157 = EDGE_LOOP ( 'NONE', ( #1896, #660, #2104, #1177 ) ) ;
#2158 = PLANE ( 'NONE',  #1913 ) ;
#2159 = ORIENTED_EDGE ( 'NONE', *, *, #587, .T. ) ;
#2160 = DIRECTION ( 'NONE',  ( 0.000000000000000000, 0.000000000000000000, 1.000000000000000000 ) ) ;
#2161 = DIRECTION ( 'NONE',  ( 1.000000000000000000, -0.000000000000000000, -0.000000000000000000 ) ) ;
#2162 = FACE_OUTER_BOUND ( 'NONE', #1522, .T. ) ;
#2163 = CARTESIAN_POINT ( 'NONE',  ( 1.623111381208463877, 1.292449365469203082, -0.6569064926946004412 ) ) ;
#2164 = EDGE_CURVE ( 'NONE', #1948, #1396, #682, .T. ) ;
#2165 = FILL_AREA_STYLE_COLOUR ( '', #1039 ) ;
#2166 = EDGE_LOOP ( 'NONE', ( #1137, #1973, #124, #1145 ) ) ;
#2167 = CARTESIAN_POINT ( 'NONE',  ( -0.7500000000000000000, 1.259619407771256139, 0.4596194077712559278 ) ) ;
#2168 = EDGE_CURVE ( 'NONE', #2101, #1573, #452, .T. ) ;
#2169 = CIRCLE ( 'NONE', #1484, 2.899999999999999467 ) ;
#2170 = CARTESIAN_POINT ( 'NONE',  ( -0.3499999999999999778, 3.102399781155569691, 0.000000000000000000 ) ) ;
#2171 = VERTEX_POINT ( 'NONE', #114 ) ;
#2172 = VECTOR ( 'NONE', #1858, 1000.000000000000000 ) ;
#2173 = CARTESIAN_POINT ( 'NONE',  ( -0.3499999999999998113, 0.3403805922287445052, -0.4596194077712558168 ) ) ;
#2174 = AXIS2_PLACEMENT_3D ( 'NONE', #2122, #1865, #1932 ) ;
#2175 = DIRECTION ( 'NONE',  ( 1.000000000000000000, 0.000000000000000000, 0.000000000000000000 ) ) ;
#2176 = CIRCLE ( 'NONE', #962, 2.899999999999999467 ) ;
#2177 = EDGE_CURVE ( 'NONE', #1889, #2113, #61, .T. ) ;
#2178 = FACE_OUTER_BOUND ( 'NONE', #1517, .T. ) ;
#2179 = AXIS2_PLACEMENT_3D ( 'NONE', #1557, #1020, #2290 ) ;
#2180 = DIRECTION ( 'NONE',  ( 0.000000000000000000, 0.000000000000000000, 1.000000000000000000 ) ) ;
#2181 = ORIENTED_EDGE ( 'NONE', *, *, #2168, .F. ) ;
#2182 = AXIS2_PLACEMENT_3D ( 'NONE', #563, #1500, #969 ) ;
#2183 =( GEOMETRIC_REPRESENTATION_CONTEXT ( 3 ) GLOBAL_UNCERTAINTY_ASSIGNED_CONTEXT ( ( #417 ) ) GLOBAL_UNIT_ASSIGNED_CONTEXT ( ( #1829, #571, #1507 ) ) REPRESENTATION_CONTEXT ( 'NONE', 'WORKASPACE' ) );
#2184 = DIRECTION ( 'NONE',  ( -1.000000000000000000, 0.000000000000000000, 0.000000000000000000 ) ) ;
#2185 = ORIENTED_EDGE ( 'NONE', *, *, #1681, .F. ) ;
#2186 = PRESENTATION_STYLE_ASSIGNMENT (( #1124 ) ) ;
#2187 = AXIS2_PLACEMENT_3D ( 'NONE', #2311, #1207, #317 ) ;
#2188 = ORIENTED_EDGE ( 'NONE', *, *, #434, .T. ) ;
#2189 = ADVANCED_FACE ( 'NONE', ( #819 ), #2245, .T. ) ;
#2190 = DIRECTION ( 'NONE',  ( 0.000000000000000000, -0.9864354246167236218, 0.1641497884897338000 ) ) ;
#2191 = DIRECTION ( 'NONE',  ( 0.000000000000000000, 0.000000000000000000, 1.000000000000000000 ) ) ;
#2192 = CARTESIAN_POINT ( 'NONE',  ( -3.253111381208465325, 0.1430935073054003248, 0.4924493654692035927 ) ) ;
#2193 = DIRECTION ( 'NONE',  ( -1.000000000000000000, 0.000000000000000000, 0.000000000000000000 ) ) ;
#2194 = ORIENTED_EDGE ( 'NONE', *, *, #434, .F. ) ;
#2195 = CARTESIAN_POINT ( 'NONE',  ( -0.3499999999999999778, 1.276034386620231054, 0.5582629502329282678 ) ) ;
#2196 = CARTESIAN_POINT ( 'NONE',  ( 1.079999999999999627, 1.259619407771256139, 0.4596194077712559278 ) ) ;
#2197 = EDGE_CURVE ( 'NONE', #218, #69, #756, .T. ) ;
#2198 = ORIENTED_EDGE ( 'NONE', *, *, #1960, .F. ) ;
#2199 = VERTEX_POINT ( 'NONE', #1019 ) ;
#2200 = AXIS2_PLACEMENT_3D ( 'NONE', #1928, #1745, #1939 ) ;
#2201 = DIRECTION ( 'NONE',  ( -0.000000000000000000, 1.000000000000000000, 1.224646799147353207E-16 ) ) ;
#2202 = CARTESIAN_POINT ( 'NONE',  ( -0.3499999999999999778, 3.102399781155569691, 0.000000000000000000 ) ) ;
#2203 = EDGE_CURVE ( 'NONE', #2199, #707, #20, .T. ) ;
#2204 = DIRECTION ( 'NONE',  ( 1.000000000000000000, -0.000000000000000000, -0.000000000000000000 ) ) ;
#2205 = AXIS2_PLACEMENT_3D ( 'NONE', #804, #2304, #1212 ) ;
#2206 = DIRECTION ( 'NONE',  ( 0.000000000000000000, 0.000000000000000000, -1.000000000000000000 ) ) ;
#2207 = DIRECTION ( 'NONE',  ( -1.000000000000000000, 0.000000000000000000, 0.000000000000000000 ) ) ;
#2208 = VERTEX_POINT ( 'NONE', #986 ) ;
#2209 = AXIS2_PLACEMENT_3D ( 'NONE', #168, #1634, #1174 ) ;
#2210 = ORIENTED_EDGE ( 'NONE', *, *, #1157, .F. ) ;
#2211 = AXIS2_PLACEMENT_3D ( 'NONE', #652, #2291, #1920 ) ;
#2212 = DIRECTION ( 'NONE',  ( 0.000000000000000000, -1.000000000000000000, 1.224646799147353207E-16 ) ) ;
#2213 = DIRECTION ( 'NONE',  ( 0.000000000000000000, 0.000000000000000000, 1.000000000000000000 ) ) ;
#2214 = DIRECTION ( 'NONE',  ( 0.000000000000000000, 0.000000000000000000, 1.000000000000000000 ) ) ;
#2215 = LINE ( 'NONE', #254, #144 ) ;
#2216 = CARTESIAN_POINT ( 'NONE',  ( 1.279999999999999805, 0.7999999999999997113, 2.302399781155569425 ) ) ;
#2217 = ORIENTED_EDGE ( 'NONE', *, *, #1281, .T. ) ;
#2218 = FACE_OUTER_BOUND ( 'NONE', #766, .T. ) ;
#2219 = EDGE_CURVE ( 'NONE', #1191, #883, #2092, .T. ) ;
#2220 = AXIS2_PLACEMENT_3D ( 'NONE', #649, #457, #1929 ) ;
#2221 = DIRECTION ( 'NONE',  ( -1.000000000000000000, 0.000000000000000000, 0.000000000000000000 ) ) ;
#2222 = ORIENTED_EDGE ( 'NONE', *, *, #1435, .T. ) ;
#2223 = EDGE_CURVE ( 'NONE', #894, #2232, #2129, .T. ) ;
#2224 = AXIS2_PLACEMENT_3D ( 'NONE', #429, #2254, #616 ) ;
#2225 = VERTEX_POINT ( 'NONE', #1916 ) ;
#2226 = AXIS2_PLACEMENT_3D ( 'NONE', #369, #180, #895 ) ;
#2227 = DIRECTION ( 'NONE',  ( 0.000000000000000000, -1.548860246407863583E-16, -1.000000000000000000 ) ) ;
#2228 = DIRECTION ( 'NONE',  ( -1.000000000000000000, 0.000000000000000000, 0.000000000000000000 ) ) ;
#2229 = AXIS2_PLACEMENT_3D ( 'NONE', #1289, #933, #2206 ) ;
#2230 = CARTESIAN_POINT ( 'NONE',  ( 1.079999999999999405, -1.502399781155568714, 7.499184645402688704E-16 ) ) ;
#2231 = DIRECTION ( 'NONE',  ( -1.291959877003120987E-15, 0.9864354246167236218, 0.1641497884897341886 ) ) ;
#2232 = VERTEX_POINT ( 'NONE', #1532 ) ;
#2233 = FACE_OUTER_BOUND ( 'NONE', #1233, .T. ) ;
#2234 = EDGE_CURVE ( 'NONE', #453, #580, #335, .T. ) ;
#2235 = ORIENTED_EDGE ( 'NONE', *, *, #300, .T. ) ;
#2236 = ORIENTED_EDGE ( 'NONE', *, *, #651, .T. ) ;
#2237 = CARTESIAN_POINT ( 'NONE',  ( -0.9799999999999999822, 0.8000000000000002665, -2.302399781155569425 ) ) ;
#2238 = DIRECTION ( 'NONE',  ( 1.000000000000000000, -0.000000000000000000, -0.000000000000000000 ) ) ;
#2239 = CYLINDRICAL_SURFACE ( 'NONE', #1304, 0.1999999999999997058 ) ;
#2240 = DIRECTION ( 'NONE',  ( 1.000000000000000000, -0.000000000000000000, -0.000000000000000000 ) ) ;
#2241 = CARTESIAN_POINT ( 'NONE',  ( -0.7500000000000000000, 0.3403805922287442831, 0.4596194077712559278 ) ) ;
#2242 = VECTOR ( 'NONE', #1424, 1000.000000000000000 ) ;
#2243 = EDGE_LOOP ( 'NONE', ( #1792, #861, #983, #2320 ) ) ;
#2244 = CARTESIAN_POINT ( 'NONE',  ( -0.3499999999999999778, 1.259619407771255917, -0.4596194077712558168 ) ) ;
#2245 = TOROIDAL_SURFACE ( 'NONE', #1175, 2.799999999999999822, 0.2000000000000000111 ) ;
#2246 = ORIENTED_EDGE ( 'NONE', *, *, #2177, .T. ) ;
#2247 = EDGE_CURVE ( 'NONE', #1716, #1804, #1782, .T. ) ;
#2248 = VERTEX_POINT ( 'NONE', #1568 ) ;
#2249 = DIRECTION ( 'NONE',  ( 0.000000000000000000, 5.346238298807833352E-15, 1.000000000000000000 ) ) ;
#2250 = EDGE_CURVE ( 'NONE', #1734, #480, #638, .T. ) ;
#2251 = DIRECTION ( 'NONE',  ( 1.000000000000000000, 0.000000000000000000, 0.000000000000000000 ) ) ;
#2252 = CIRCLE ( 'NONE', #1179, 0.2000000000000002054 ) ;
#2253 = DIRECTION ( 'NONE',  ( 0.000000000000000000, 0.000000000000000000, 1.000000000000000000 ) ) ;
#2254 = DIRECTION ( 'NONE',  ( -8.940230030292230486E-17, -0.1641497884897342718, 0.9864354246167235107 ) ) ;
#2255 = EDGE_CURVE ( 'NONE', #1573, #453, #1940, .T. ) ;
#2256 = AXIS2_PLACEMENT_3D ( 'NONE', #875, #713, #1820 ) ;
#2257 = VERTEX_POINT ( 'NONE', #445 ) ;
#2258 = LINE ( 'NONE', #1348, #2041 ) ;
#2259 = ORIENTED_EDGE ( 'NONE', *, *, #757, .T. ) ;
#2260 = ORIENTED_EDGE ( 'NONE', *, *, #467, .T. ) ;
#2261 = DIRECTION ( 'NONE',  ( 1.000000000000000000, 0.000000000000000000, 0.000000000000000000 ) ) ;
#2262 = CIRCLE ( 'NONE', #816, 2.999999999999999556 ) ;
#2263 = PRODUCT_DEFINITION_FORMATION_WITH_SPECIFIED_SOURCE ( 'ANY', '', #848, .NOT_KNOWN. ) ;
#2264 = FACE_OUTER_BOUND ( 'NONE', #786, .T. ) ;
#2265 = EDGE_CURVE ( 'NONE', #2248, #1823, #1715, .T. ) ;
#2266 = CARTESIAN_POINT ( 'NONE',  ( 1.623111381208463877, 0.3075506345307973399, 0.6569064926946003302 ) ) ;
#2267 = CARTESIAN_POINT ( 'NONE',  ( -1.279999999999999805, 0.7999999999999999334, 0.3976002188444305308 ) ) ;
#2268 = AXIS2_PLACEMENT_3D ( 'NONE', #1550, #1710, #605 ) ;
#2269 = SURFACE_SIDE_STYLE ('',( #1393 ) ) ;
#2270 = ORIENTED_EDGE ( 'NONE', *, *, #1334, .T. ) ;
#2271 = CARTESIAN_POINT ( 'NONE',  ( 1.623111381208463877, 0.8000000000000002665, 0.6976002188444300200 ) ) ;
#2272 = ORIENTED_EDGE ( 'NONE', *, *, #1576, .F. ) ;
#2273 = ORIENTED_EDGE ( 'NONE', *, *, #534, .T. ) ;
#2274 = CARTESIAN_POINT ( 'NONE',  ( -0.7500000000000000000, 1.259619407771255917, -0.4596194077712558168 ) ) ;
#2275 = CARTESIAN_POINT ( 'NONE',  ( -0.9799999999999999822, 0.7999999999999997113, 2.302399781155569425 ) ) ;
#2276 = DIRECTION ( 'NONE',  ( 0.000000000000000000, 0.000000000000000000, -1.000000000000000000 ) ) ;
#2277 = DIRECTION ( 'NONE',  ( 0.000000000000000000, 0.000000000000000000, 1.000000000000000000 ) ) ;
#2278 = EDGE_CURVE ( 'NONE', #706, #863, #1252, .T. ) ;
#2279 = FILL_AREA_STYLE_COLOUR ( '', #806 ) ;
#2280 = EDGE_LOOP ( 'NONE', ( #646, #817, #136, #1369, #1936, #838, #1852, #2342, #486 ) ) ;
#2281 = CARTESIAN_POINT ( 'NONE',  ( -0.3499999999999998113, 0.1430935073053996309, -0.4924493654692028155 ) ) ;
#2282 = CIRCLE ( 'NONE', #1248, 0.1000000000000001027 ) ;
#2283 = EDGE_CURVE ( 'NONE', #327, #2248, #252, .T. ) ;
#2284 = ORIENTED_EDGE ( 'NONE', *, *, #1703, .F. ) ;
#2285 = EDGE_CURVE ( 'NONE', #261, #1516, #1478, .T. ) ;
#2286 = AXIS2_PLACEMENT_3D ( 'NONE', #1833, #1128, #2213 ) ;
#2287 = AXIS2_PLACEMENT_3D ( 'NONE', #1030, #1760, #1170 ) ;
#2288 = ORIENTED_EDGE ( 'NONE', *, *, #685, .T. ) ;
#2289 = FACE_OUTER_BOUND ( 'NONE', #595, .T. ) ;
#2290 = DIRECTION ( 'NONE',  ( 0.000000000000000000, 0.000000000000000000, 1.000000000000000000 ) ) ;
#2291 = DIRECTION ( 'NONE',  ( 1.000000000000000000, -0.000000000000000000, -0.000000000000000000 ) ) ;
#2292 = CARTESIAN_POINT ( 'NONE',  ( -0.3499999999999999778, 0.3239656133797745308, -0.5582629502329287119 ) ) ;
#2293 = VECTOR ( 'NONE', #1719, 1000.000000000000000 ) ;
#2294 = CARTESIAN_POINT ( 'NONE',  ( -0.3499999999999998113, 1.259619407771255917, -0.4596194077712558168 ) ) ;
#2295 = EDGE_LOOP ( 'NONE', ( #1235, #1002, #1554, #607 ) ) ;
#2296 = CYLINDRICAL_SURFACE ( 'NONE', #1542, 3.000000000000000444 ) ;
#2297 = AXIS2_PLACEMENT_3D ( 'NONE', #900, #6, #1832 ) ;
#2298 = AXIS2_PLACEMENT_3D ( 'NONE', #896, #172, #182 ) ;
#2299 = EDGE_CURVE ( 'NONE', #1474, #218, #1898, .T. ) ;
#2300 = ORIENTED_EDGE ( 'NONE', *, *, #628, .T. ) ;
#2301 = VECTOR ( 'NONE', #1671, 1000.000000000000000 ) ;
#2302 = ADVANCED_FACE ( 'NONE', ( #533 ), #2324, .T. ) ;
#2303 = EDGE_LOOP ( 'NONE', ( #917, #905, #221 ) ) ;
#2304 = DIRECTION ( 'NONE',  ( 1.000000000000000000, 0.000000000000000000, 0.000000000000000000 ) ) ;
#2305 = DIRECTION ( 'NONE',  ( 0.000000000000000000, -1.084202172485504237E-15, 1.000000000000000000 ) ) ;
#2306 = DIRECTION ( 'NONE',  ( 1.000000000000000000, -0.000000000000000000, -0.000000000000000000 ) ) ;
#2307 = VECTOR ( 'NONE', #255, 1000.000000000000000 ) ;
#2308 = ADVANCED_FACE ( 'NONE', ( #1444 ), #717, .T. ) ;
#2309 = CYLINDRICAL_SURFACE ( 'NONE', #2174, 0.2000000000000000944 ) ;
#2310 = ORIENTED_EDGE ( 'NONE', *, *, #1547, .F. ) ;
#2311 = CARTESIAN_POINT ( 'NONE',  ( -0.7500000000000000000, 1.259619407771255917, -0.4596194077712558168 ) ) ;
#2312 = AXIS2_PLACEMENT_3D ( 'NONE', #1742, #2343, #1230 ) ;
#2313 = ORIENTED_EDGE ( 'NONE', *, *, #1918, .T. ) ;
#2314 = EDGE_CURVE ( 'NONE', #673, #162, #518, .T. ) ;
#2315 = ORIENTED_EDGE ( 'NONE', *, *, #1099, .F. ) ;
#2316 = CARTESIAN_POINT ( 'NONE',  ( -0.9799999999999999822, 0.7999999999999997113, 2.302399781155569425 ) ) ;
#2317 = CARTESIAN_POINT ( 'NONE',  ( -0.3499999999999999778, 0.2417370497670720819, 0.4760343866202301211 ) ) ;
#2318 = LINE ( 'NONE', #640, #1385 ) ;
#2319 = FACE_OUTER_BOUND ( 'NONE', #565, .T. ) ;
#2320 = ORIENTED_EDGE ( 'NONE', *, *, #1650, .F. ) ;
#2321 = ORIENTED_EDGE ( 'NONE', *, *, #775, .F. ) ;
#2322 = VERTEX_POINT ( 'NONE', #1399 ) ;
#2323 = ADVANCED_FACE ( 'NONE', ( #1256 ), #721, .T. ) ;
#2324 = CYLINDRICAL_SURFACE ( 'NONE', #598, 2.899999999999999467 ) ;
#2325 = FACE_OUTER_BOUND ( 'NONE', #1443, .T. ) ;
#2326 = DIRECTION ( 'NONE',  ( -1.000000000000000000, 0.000000000000000000, 0.000000000000000000 ) ) ;
#2327 = DIRECTION ( 'NONE',  ( 0.000000000000000000, 0.000000000000000000, 1.000000000000000000 ) ) ;
#2328 = ORIENTED_EDGE ( 'NONE', *, *, #199, .T. ) ;
#2329 = EDGE_CURVE ( 'NONE', #2138, #706, #1988, .T. ) ;
#2330 = DIRECTION ( 'NONE',  ( -1.000000000000000000, -0.000000000000000000, -0.000000000000000000 ) ) ;
#2331 = AXIS2_PLACEMENT_3D ( 'NONE', #1785, #676, #2132 ) ;
#2332 = ORIENTED_EDGE ( 'NONE', *, *, #215, .T. ) ;
#2333 = AXIS2_PLACEMENT_3D ( 'NONE', #1481, #2212, #2227 ) ;
#2334 = ORIENTED_EDGE ( 'NONE', *, *, #1862, .T. ) ;
#2335 = FILL_AREA_STYLE_COLOUR ( '', #1092 ) ;
#2336 = CIRCLE ( 'NONE', #271, 2.899999999999999467 ) ;
#2337 = CARTESIAN_POINT ( 'NONE',  ( 1.079999999999999405, 1.259619407771256139, 0.4596194077712559278 ) ) ;
#2338 = CARTESIAN_POINT ( 'NONE',  ( 1.623111381208463877, 0.8000000000000002665, -2.302399781155569425 ) ) ;
#2339 = AXIS2_PLACEMENT_3D ( 'NONE', #1172, #1545, #1201 ) ;
#2340 = SURFACE_STYLE_FILL_AREA ( #1459 ) ;
#2341 =( NAMED_UNIT ( * ) PLANE_ANGLE_UNIT ( ) SI_UNIT ( $, .RADIAN. ) );
#2342 = ORIENTED_EDGE ( 'NONE', *, *, #2278, .T. ) ;
#2343 = DIRECTION ( 'NONE',  ( -1.000000000000000000, 0.000000000000000000, 0.000000000000000000 ) ) ;
#2344 = AXIS2_PLACEMENT_3D ( 'NONE', #1795, #666, #502 ) ;
#2345 = ORIENTED_EDGE ( 'NONE', *, *, #1989, .F. ) ;
#2346 = FACE_OUTER_BOUND ( 'NONE', #342, .T. ) ;
#2347 = ORIENTED_EDGE ( 'NONE', *, *, #550, .T. ) ;
#2348 = CARTESIAN_POINT ( 'NONE',  ( -0.7500000000000000000, 1.259619407771255917, -0.4596194077712558168 ) ) ;
#2349 = EDGE_CURVE ( 'NONE', #479, #2199, #1937, .T. ) ;
#2350 = DIRECTION ( 'NONE',  ( -1.000000000000000000, -0.000000000000000000, -0.000000000000000000 ) ) ;
#2351 = CARTESIAN_POINT ( 'NONE',  ( 1.079999999999999405, 0.3403805922287442831, 0.4596194077712559278 ) ) ;
#2352 = CARTESIAN_POINT ( 'NONE',  ( -0.9799999999999997602, 1.259619407771256139, 0.4596194077712559278 ) ) ;
#2353 = CARTESIAN_POINT ( 'NONE',  ( -0.3499999999999999778, 1.276034386620229499, -0.5582629502329282678 ) ) ;
#2354 = EDGE_CURVE ( 'NONE', #1678, #954, #2282, .T. ) ;
#2355 = ORIENTED_EDGE ( 'NONE', *, *, #1599, .T. ) ;
#2356 = DIRECTION ( 'NONE',  ( 1.000000000000000000, -0.000000000000000000, -0.000000000000000000 ) ) ;
#2357 = DIRECTION ( 'NONE',  ( 0.000000000000000000, 0.000000000000000000, 1.000000000000000000 ) ) ;
#2358 = CIRCLE ( 'NONE', #1096, 2.999999999999999112 ) ;
#2359 = ORIENTED_EDGE ( 'NONE', *, *, #810, .T. ) ;
#2360 = EDGE_CURVE ( 'NONE', #74, #390, #96, .T. ) ;
#2361 = AXIS2_PLACEMENT_3D ( 'NONE', #2173, #2003, #1617 ) ;
#2362 = DIRECTION ( 'NONE',  ( 0.000000000000000000, 0.000000000000000000, 1.000000000000000000 ) ) ;
#2363 = DIRECTION ( 'NONE',  ( 0.000000000000000000, 0.000000000000000000, -1.000000000000000000 ) ) ;
#2364 = LINE ( 'NONE', #1140, #97 ) ;
#2365 = LINE ( 'NONE', #2353, #1661 ) ;
#2366 = ORIENTED_EDGE ( 'NONE', *, *, #425, .T. ) ;
#2367 = DIRECTION ( 'NONE',  ( 0.000000000000000000, 0.000000000000000000, 1.000000000000000000 ) ) ;
#2368 = DIRECTION ( 'NONE',  ( 1.000000000000000000, -0.000000000000000000, -0.000000000000000000 ) ) ;
#2369 = EDGE_CURVE ( 'NONE', #846, #1567, #292, .T. ) ;
#2370 = ORIENTED_EDGE ( 'NONE', *, *, #606, .T. ) ;
#2371 = CIRCLE ( 'NONE', #70, 2.999999999999999556 ) ;
#2372 = CYLINDRICAL_SURFACE ( 'NONE', #1949, 2.999999999999999556 ) ;
#2373 = CIRCLE ( 'NONE', #1878, 2.999999999999999556 ) ;
#2374 = CARTESIAN_POINT ( 'NONE',  ( -0.7500000000000000000, 0.7999999999999997113, 2.302399781155569425 ) ) ;
#2375 = VECTOR ( 'NONE', #1343, 1000.000000000000000 ) ;
#2376 =( LENGTH_UNIT ( ) NAMED_UNIT ( * ) SI_UNIT ( .MILLI., .METRE. ) );
#2377 = EDGE_CURVE ( 'NONE', #1788, #531, #211, .T. ) ;
#2378 = ORIENTED_EDGE ( 'NONE', *, *, #1681, .T. ) ;
#2379 = AXIS2_PLACEMENT_3D ( 'NONE', #627, #265, #288 ) ;
#2380 = CARTESIAN_POINT ( 'NONE',  ( -0.3499999999999999778, -1.502399781155568714, 7.499184645402688704E-16 ) ) ;
ENDSEC;
END-ISO-10303-21;
