ISO-10303-21;
HEADER;
FILE_DESCRIPTION (( 'STEP AP214' ),
    '1' );
FILE_NAME ('EL817S1(A)(TU)-V.STEP',
    '2024-10-23T13:10:48',
    ( '' ),
    ( '' ),
    'SwSTEP 2.0',
    'SolidWorks 2021',
    '' );
FILE_SCHEMA (( 'AUTOMOTIVE_DESIGN' ));
ENDSEC;

DATA;
#1 = CARTESIAN_POINT ( 'NONE',  ( 3.000540018403254017, 0.09999999999999982514, -0.000000000000000000 ) ) ;
#2 = EDGE_CURVE ( 'NONE', #1539, #2291, #1254, .T. ) ;
#3 = DIRECTION ( 'NONE',  ( 0.9902680687415706950, 0.1391731009600625790, -0.000000000000000000 ) ) ;
#4 = CARTESIAN_POINT ( 'NONE',  ( 3.162974886355436333, 1.255784141286458544, -2.202974886355436368 ) ) ;
#5 = EDGE_CURVE ( 'NONE', #2165, #242, #1463, .T. ) ;
#6 = ORIENTED_EDGE ( 'NONE', *, *, #2545, .F. ) ;
#7 = CARTESIAN_POINT ( 'NONE',  ( 4.078420791742797924, 1.457977008037317335, -1.920000000000000151 ) ) ;
#8 = LINE ( 'NONE', #2430, #2489 ) ;
#9 = VERTEX_POINT ( 'NONE', #1019 ) ;
#10 = ADVANCED_FACE ( 'NONE', ( #605 ), #384, .F. ) ;
#11 = DIRECTION ( 'NONE',  ( -1.000000000000000000, 4.886580598633153832E-15, 0.000000000000000000 ) ) ;
#12 = CARTESIAN_POINT ( 'NONE',  ( 5.150000000000000355, 0.2499999999999168443, 1.719999999999999973 ) ) ;
#13 = EDGE_LOOP ( 'NONE', ( #2691, #1814, #1313, #1393 ) ) ;
#14 = CARTESIAN_POINT ( 'NONE',  ( -4.217685782300279129, 0.2401489157332422075, 0.6200000000000001066 ) ) ;
#15 = CYLINDRICAL_SURFACE ( 'NONE', #499, 0.3999999999999999667 ) ;
#17 = DIRECTION ( 'NONE',  ( -1.000000000000000000, -1.807003620809174632E-16, -0.000000000000000000 ) ) ;
#16 = AXIS2_PLACEMENT_3D ( 'NONE', #440, #253, #1132 ) ;
#18 = LINE ( 'NONE', #899, #1796 ) ;
#19 = VECTOR ( 'NONE', #2624, 1000.000000000000114 ) ;
#20 = ORIENTED_EDGE ( 'NONE', *, *, #331, .T. ) ;
#21 = DIRECTION ( 'NONE',  ( -0.1378445374916257293, -0.9808148484639899189, -0.1378445374916257293 ) ) ;
#22 = CIRCLE ( 'NONE', #2802, 0.09999999999999939493 ) ;
#23 = EDGE_CURVE ( 'NONE', #2043, #536, #2062, .T. ) ;
#24 = ORIENTED_EDGE ( 'NONE', *, *, #1561, .T. ) ;
#25 = CARTESIAN_POINT ( 'NONE',  ( 4.078420791742797924, 1.457977008037317335, 1.920000000000000151 ) ) ;
#26 = CARTESIAN_POINT ( 'NONE',  ( -4.078420791742798812, 1.457977008037317779, -1.651000000000000245 ) ) ;
#27 = ORIENTED_EDGE ( 'NONE', *, *, #1447, .T. ) ;
#28 = AXIS2_PLACEMENT_3D ( 'NONE', #2301, #2732, #1635 ) ;
#29 = VECTOR ( 'NONE', #1726, 1000.000000000000000 ) ;
#30 = AXIS2_PLACEMENT_3D ( 'NONE', #209, #2382, #417 ) ;
#31 = CARTESIAN_POINT ( 'NONE',  ( -4.217685782300279129, 0.2401489157332422075, -1.651000000000000245 ) ) ;
#32 = CARTESIAN_POINT ( 'NONE',  ( -3.937311631732356432, 1.884851084266718546, 0.6200000000000001066 ) ) ;
#33 = VECTOR ( 'NONE', #2499, 1000.000000000000000 ) ;
#34 = CIRCLE ( 'NONE', #599, 0.3499999999999172107 ) ;
#35 = ORIENTED_EDGE ( 'NONE', *, *, #2367, .F. ) ;
#36 = FACE_OUTER_BOUND ( 'NONE', #61, .T. ) ;
#37 = UNCERTAINTY_MEASURE_WITH_UNIT (LENGTH_MEASURE( 1.000000000000000082E-05 ), #880, 'distance_accuracy_value', 'NONE');
#38 = LINE ( 'NONE', #1597, #1367 ) ;
#39 = PRESENTATION_STYLE_ASSIGNMENT (( #1145 ) ) ;
#40 = EDGE_CURVE ( 'NONE', #1346, #1139, #1723, .T. ) ;
#41 = EDGE_LOOP ( 'NONE', ( #2471, #1596, #1160, #2466 ) ) ;
#42 = DIRECTION ( 'NONE',  ( 0.000000000000000000, -1.000000000000000000, 0.000000000000000000 ) ) ;
#43 = LINE ( 'NONE', #1248, #2200 ) ;
#44 = ORIENTED_EDGE ( 'NONE', *, *, #948, .T. ) ;
#45 = EDGE_LOOP ( 'NONE', ( #2231, #1702, #980, #961, #2555, #1275 ) ) ;
#46 = CARTESIAN_POINT ( 'NONE',  ( 3.250000000000000000, 2.124999999999960476, -1.651000000000000023 ) ) ;
#47 = ORIENTED_EDGE ( 'NONE', *, *, #227, .T. ) ;
#48 = CARTESIAN_POINT ( 'NONE',  ( -3.250000000000000000, 2.124999999999960032, -0.6200000000000001066 ) ) ;
#49 = DIRECTION ( 'NONE',  ( -0.000000000000000000, -0.000000000000000000, -1.000000000000000000 ) ) ;
#50 = SURFACE_STYLE_USAGE ( .BOTH. , #289 ) ;
#51 = ORIENTED_EDGE ( 'NONE', *, *, #1970, .F. ) ;
#52 = CARTESIAN_POINT ( 'NONE',  ( -4.217685782300279129, 0.2401489157332422075, -0.6200000000000001066 ) ) ;
#53 = CARTESIAN_POINT ( 'NONE',  ( 3.937311631732356432, 1.884851084266718546, 0.6200000000000001066 ) ) ;
#54 = EDGE_CURVE ( 'NONE', #741, #555, #2595, .T. ) ;
#55 = CARTESIAN_POINT ( 'NONE',  ( 4.549999999999999822, 0.3499999999999169886, 1.920000000000000151 ) ) ;
#56 = LINE ( 'NONE', #2538, #895 ) ;
#57 = EDGE_LOOP ( 'NONE', ( #1007, #972, #2637, #1201 ) ) ;
#58 = DIRECTION ( 'NONE',  ( 1.807003620809174878E-16, -1.000000000000000000, 0.000000000000000000 ) ) ;
#59 = FACE_OUTER_BOUND ( 'NONE', #1458, .T. ) ;
#60 = EDGE_CURVE ( 'NONE', #2771, #1074, #1479, .T. ) ;
#61 = EDGE_LOOP ( 'NONE', ( #2012, #1636, #2820, #559 ) ) ;
#62 = CARTESIAN_POINT ( 'NONE',  ( -4.950000000000000178, 1.775000000000043432, -1.920000000000000151 ) ) ;
#63 = AXIS2_PLACEMENT_3D ( 'NONE', #1056, #2392, #2601 ) ;
#64 = VECTOR ( 'NONE', #1443, 1000.000000000000000 ) ;
#65 = ORIENTED_EDGE ( 'NONE', *, *, #1054, .F. ) ;
#66 = CARTESIAN_POINT ( 'NONE',  ( -4.950000000000000178, 0.2499999999999168998, 1.920000000000000151 ) ) ;
#67 = VERTEX_POINT ( 'NONE', #1901 ) ;
#68 = PRESENTATION_STYLE_ASSIGNMENT (( #2352 ) ) ;
#69 = AXIS2_PLACEMENT_3D ( 'NONE', #2826, #1764, #2635 ) ;
#70 = EDGE_LOOP ( 'NONE', ( #762, #1548, #2351, #1025 ) ) ;
#71 = DIRECTION ( 'NONE',  ( 0.000000000000000000, 0.000000000000000000, 1.000000000000000000 ) ) ;
#72 = CIRCLE ( 'NONE', #2072, 0.1999999999999996503 ) ;
#73 = PLANE ( 'NONE',  #671 ) ;
#74 = VERTEX_POINT ( 'NONE', #418 ) ;
#75 = DIRECTION ( 'NONE',  ( 0.000000000000000000, -1.000000000000000000, 0.000000000000000000 ) ) ;
#76 = EDGE_CURVE ( 'NONE', #1391, #1163, #623, .T. ) ;
#77 = AXIS2_PLACEMENT_3D ( 'NONE', #2599, #1703, #1505 ) ;
#78 = VECTOR ( 'NONE', #1640, 999.9999999999998863 ) ;
#79 = ORIENTED_EDGE ( 'NONE', *, *, #185, .F. ) ;
#80 = FACE_OUTER_BOUND ( 'NONE', #2274, .T. ) ;
#81 = EDGE_CURVE ( 'NONE', #2552, #2113, #372, .T. ) ;
#82 = DIRECTION ( 'NONE',  ( 0.000000000000000000, 1.000000000000000000, 0.000000000000000000 ) ) ;
#83 = VECTOR ( 'NONE', #2803, 1000.000000000000000 ) ;
#84 = ORIENTED_EDGE ( 'NONE', *, *, #2367, .T. ) ;
#85 = CARTESIAN_POINT ( 'NONE',  ( -4.549999999999999822, 0.2499999999999173994, -0.6200000000000001066 ) ) ;
#86 = FACE_OUTER_BOUND ( 'NONE', #41, .T. ) ;
#87 = ORIENTED_EDGE ( 'NONE', *, *, #98, .T. ) ;
#88 = DIRECTION ( 'NONE',  ( -0.3138602407620023627, -0.9494691934280006240, 0.000000000000000000 ) ) ;
#89 = VERTEX_POINT ( 'NONE', #2654 ) ;
#90 = CARTESIAN_POINT ( 'NONE',  ( 4.455053080657200404, 0.3186139759237169855, 1.920000000000000151 ) ) ;
#91 = ORIENTED_EDGE ( 'NONE', *, *, #1247, .F. ) ;
#92 = DIRECTION ( 'NONE',  ( 1.000000000000000000, -4.886580598633153832E-15, 0.000000000000000000 ) ) ;
#93 = DIRECTION ( 'NONE',  ( 1.000000000000000000, -2.710505431213766015E-16, 0.000000000000000000 ) ) ;
#94 = EDGE_CURVE ( 'NONE', #2447, #2669, #1136, .T. ) ;
#95 = ORIENTED_EDGE ( 'NONE', *, *, #2736, .F. ) ;
#96 = DIRECTION ( 'NONE',  ( 1.000000000000000000, -6.505213034913066047E-15, 0.000000000000000000 ) ) ;
#97 = CARTESIAN_POINT ( 'NONE',  ( -2.349999999999999645, 3.899999999999999911, -1.389999999999999680 ) ) ;
#98 = EDGE_CURVE ( 'NONE', #2083, #2771, #857, .T. ) ;
#99 = EDGE_LOOP ( 'NONE', ( #2254, #472, #2693, #2708, #1315, #2514 ) ) ;
#100 = FILL_AREA_STYLE ('',( #2276 ) ) ;
#101 = ORIENTED_EDGE ( 'NONE', *, *, #1338, .T. ) ;
#102 = ADVANCED_FACE ( 'NONE', ( #1088 ), #2411, .F. ) ;
#103 = EDGE_LOOP ( 'NONE', ( #785, #1050, #2741, #1748, #2729, #2354, #2534, #1209 ) ) ;
#104 = CARTESIAN_POINT ( 'NONE',  ( -3.604997414032633518, 1.775000000000043432, -0.6200000000000001066 ) ) ;
#105 = ORIENTED_EDGE ( 'NONE', *, *, #207, .F. ) ;
#106 = CARTESIAN_POINT ( 'NONE',  ( 5.150000000000000355, 0.000000000000000000, 0.6200000000000001066 ) ) ;
#107 = VERTEX_POINT ( 'NONE', #1563 ) ;
#108 = LINE ( 'NONE', #1625, #1004 ) ;
#109 = DIRECTION ( 'NONE',  ( 1.000000000000000000, -1.807003620809174878E-16, 0.000000000000000000 ) ) ;
#110 = EDGE_LOOP ( 'NONE', ( #758, #1804, #657, #928 ) ) ;
#111 = DIRECTION ( 'NONE',  ( 0.9902680687415708061, 0.1391731009600625235, -0.000000000000000000 ) ) ;
#112 = VERTEX_POINT ( 'NONE', #2458 ) ;
#113 = AXIS2_PLACEMENT_3D ( 'NONE', #2440, #686, #1777 ) ;
#114 = CARTESIAN_POINT ( 'NONE',  ( 3.250000000000000000, 0.09999999999999982514, -2.290000000000000036 ) ) ;
#115 = EDGE_CURVE ( 'NONE', #1293, #496, #688, .T. ) ;
#116 = AXIS2_PLACEMENT_3D ( 'NONE', #898, #2858, #445 ) ;
#117 = ORIENTED_EDGE ( 'NONE', *, *, #751, .F. ) ;
#118 = CARTESIAN_POINT ( 'NONE',  ( 3.604997414032633518, 1.875000000000043077, -0.6200000000000001066 ) ) ;
#119 = ADVANCED_FACE ( 'NONE', ( #872 ), #2237, .T. ) ;
#120 = CARTESIAN_POINT ( 'NONE',  ( -3.250000000000000000, 1.875000000000043299, 2.290000000000000036 ) ) ;
#121 = ORIENTED_EDGE ( 'NONE', *, *, #2473, .F. ) ;
#122 = ORIENTED_EDGE ( 'NONE', *, *, #787, .T. ) ;
#123 = DIRECTION ( 'NONE',  ( 1.000000000000000000, 0.000000000000000000, 0.000000000000000000 ) ) ;
#124 = CIRCLE ( 'NONE', #1094, 0.1999999999999996503 ) ;
#125 = CARTESIAN_POINT ( 'NONE',  ( -4.950000000000000178, 0.2499999999999168998, 1.719999999999999973 ) ) ;
#126 = COLOUR_RGB ( '',0.7921568627450980005, 0.8196078431372548767, 0.9333333333333333481 ) ;
#127 = VECTOR ( 'NONE', #809, 1000.000000000000000 ) ;
#128 = ORIENTED_EDGE ( 'NONE', *, *, #463, .F. ) ;
#129 = DIRECTION ( 'NONE',  ( -0.000000000000000000, -0.000000000000000000, -1.000000000000000000 ) ) ;
#130 = ORIENTED_EDGE ( 'NONE', *, *, #2457, .F. ) ;
#131 =( GEOMETRIC_REPRESENTATION_CONTEXT ( 3 ) GLOBAL_UNCERTAINTY_ASSIGNED_CONTEXT ( ( #2823 ) ) GLOBAL_UNIT_ASSIGNED_CONTEXT ( ( #1271, #1518, #197 ) ) REPRESENTATION_CONTEXT ( 'NONE', 'WORKASPACE' ) );
#132 = VECTOR ( 'NONE', #803, 1000.000000000000000 ) ;
#133 = ORIENTED_EDGE ( 'NONE', *, *, #1733, .T. ) ;
#134 = EDGE_CURVE ( 'NONE', #1893, #738, #2214, .T. ) ;
#135 = CARTESIAN_POINT ( 'NONE',  ( -3.604997414032633518, 1.875000000000042855, -0.6200000000000001066 ) ) ;
#136 = ADVANCED_FACE ( 'NONE', ( #883 ), #212, .T. ) ;
#137 = LINE ( 'NONE', #1880, #2522 ) ;
#138 = ORIENTED_EDGE ( 'NONE', *, *, #54, .T. ) ;
#139 =( NAMED_UNIT ( * ) SI_UNIT ( $, .STERADIAN. ) SOLID_ANGLE_UNIT ( ) );
#140 = ADVANCED_FACE ( 'NONE', ( #2425 ), #476, .F. ) ;
#141 = DIRECTION ( 'NONE',  ( 0.000000000000000000, 0.000000000000000000, 1.000000000000000000 ) ) ;
#142 = CARTESIAN_POINT ( 'NONE',  ( 4.549999999999999822, 0.2499999999999169553, 1.920000000000000151 ) ) ;
#143 = DIRECTION ( 'NONE',  ( 0.000000000000000000, 0.000000000000000000, -1.000000000000000000 ) ) ;
#144 = ORIENTED_EDGE ( 'NONE', *, *, #2717, .T. ) ;
#145 = LINE ( 'NONE', #2364, #2395 ) ;
#146 = ORIENTED_EDGE ( 'NONE', *, *, #528, .T. ) ;
#147 = ORIENTED_EDGE ( 'NONE', *, *, #408, .F. ) ;
#148 = CARTESIAN_POINT ( 'NONE',  ( -3.604997414032633518, 1.775000000000043432, -0.6200000000000001066 ) ) ;
#149 = DIRECTION ( 'NONE',  ( -0.000000000000000000, -0.000000000000000000, -1.000000000000000000 ) ) ;
#150 = DIRECTION ( 'NONE',  ( -0.000000000000000000, -0.000000000000000000, -1.000000000000000000 ) ) ;
#151 = DIRECTION ( 'NONE',  ( -1.000000000000000000, -6.108225748291434401E-16, 0.000000000000000000 ) ) ;
#152 = EDGE_CURVE ( 'NONE', #2279, #421, #1138, .T. ) ;
#153 = CARTESIAN_POINT ( 'NONE',  ( 3.604997414032633518, 1.775000000000043432, -0.6200000000000001066 ) ) ;
#154 = EDGE_CURVE ( 'NONE', #837, #1205, #1225, .T. ) ;
#155 = ORIENTED_EDGE ( 'NONE', *, *, #1195, .F. ) ;
#156 = DIRECTION ( 'NONE',  ( 0.3138602407620030288, -0.9494691934280004020, 0.000000000000000000 ) ) ;
#157 = VECTOR ( 'NONE', #1080, 1000.000000000000000 ) ;
#158 = EDGE_LOOP ( 'NONE', ( #2790, #1612, #2739, #2277, #2680, #578, #326, #1438, #1852, #1692, #1243, #1169 ) ) ;
#159 = CYLINDRICAL_SURFACE ( 'NONE', #2661, 0.09999999999999939493 ) ;
#160 = PLANE ( 'NONE',  #2244 ) ;
#161 = MECHANICAL_DESIGN_GEOMETRIC_PRESENTATION_REPRESENTATION (  '', ( #447 ), #854 ) ;
#162 = FACE_OUTER_BOUND ( 'NONE', #448, .T. ) ;
#163 = AXIS2_PLACEMENT_3D ( 'NONE', #1457, #755, #543 ) ;
#164 = EDGE_CURVE ( 'NONE', #366, #2552, #1530, .T. ) ;
#165 = CARTESIAN_POINT ( 'NONE',  ( 3.604997414032633074, 2.124999999999961808, 0.6200000000000001066 ) ) ;
#166 = LINE ( 'NONE', #1047, #2309 ) ;
#167 = ORIENTED_EDGE ( 'NONE', *, *, #420, .F. ) ;
#168 = CIRCLE ( 'NONE', #456, 0.2000000000000000944 ) ;
#169 = FACE_OUTER_BOUND ( 'NONE', #2310, .T. ) ;
#170 = VECTOR ( 'NONE', #1939, 1000.000000000000114 ) ;
#171 = ORIENTED_EDGE ( 'NONE', *, *, #2008, .F. ) ;
#172 = LINE ( 'NONE', #2187, #2347 ) ;
#173 = PRESENTATION_LAYER_ASSIGNMENT (  '', '', ( #775 ) ) ;
#174 = VECTOR ( 'NONE', #1724, 1000.000000000000000 ) ;
#175 = FACE_OUTER_BOUND ( 'NONE', #2038, .T. ) ;
#176 = CARTESIAN_POINT ( 'NONE',  ( 3.604997414032633518, 1.775000000000043432, -0.6200000000000001066 ) ) ;
#177 = DIRECTION ( 'NONE',  ( 0.000000000000000000, -1.000000000000000000, 0.000000000000000000 ) ) ;
#178 = VERTEX_POINT ( 'NONE', #1325 ) ;
#179 = PLANE ( 'NONE',  #2217 ) ;
#180 = DIRECTION ( 'NONE',  ( 0.000000000000000000, 0.000000000000000000, 1.000000000000000000 ) ) ;
#181 = ADVANCED_FACE ( 'NONE', ( #2468 ), #244, .T. ) ;
#182 = ORIENTED_EDGE ( 'NONE', *, *, #2122, .T. ) ;
#183 = FACE_OUTER_BOUND ( 'NONE', #2784, .T. ) ;
#184 = FACE_OUTER_BOUND ( 'NONE', #2526, .T. ) ;
#185 = EDGE_CURVE ( 'NONE', #1346, #1600, #1793, .T. ) ;
#186 = ADVANCED_FACE ( 'NONE', ( #1811 ), #2687, .F. ) ;
#187 = PRODUCT_DEFINITION_CONTEXT ( 'detailed design', #2296, 'design' ) ;
#188 = ORIENTED_EDGE ( 'NONE', *, *, #2063, .F. ) ;
#189 = CARTESIAN_POINT ( 'NONE',  ( -3.604997414032633518, 1.875000000000043077, -1.651000000000000245 ) ) ;
#190 = DIRECTION ( 'NONE',  ( -0.000000000000000000, 1.000000000000000000, 0.000000000000000000 ) ) ;
#191 = EDGE_CURVE ( 'NONE', #1403, #2605, #2475, .T. ) ;
#192 = FACE_OUTER_BOUND ( 'NONE', #1010, .T. ) ;
#193 = ORIENTED_EDGE ( 'NONE', *, *, #1014, .F. ) ;
#194 = LINE ( 'NONE', #871, #1045 ) ;
#195 = DIRECTION ( 'NONE',  ( -0.000000000000000000, -0.000000000000000000, 1.000000000000000000 ) ) ;
#196 = CARTESIAN_POINT ( 'NONE',  ( 4.950000000000000178, 0.000000000000000000, 1.920000000000000151 ) ) ;
#197 =( NAMED_UNIT ( * ) SI_UNIT ( $, .STERADIAN. ) SOLID_ANGLE_UNIT ( ) );
#198 = VERTEX_POINT ( 'NONE', #2568 ) ;
#199 = PLANE ( 'NONE',  #356 ) ;
#200 = LINE ( 'NONE', #365, #863 ) ;
#201 = ORIENTED_EDGE ( 'NONE', *, *, #1396, .T. ) ;
#202 = DIRECTION ( 'NONE',  ( -0.000000000000000000, -0.000000000000000000, 1.000000000000000000 ) ) ;
#203 =( NAMED_UNIT ( * ) PLANE_ANGLE_UNIT ( ) SI_UNIT ( $, .RADIAN. ) );
#204 = EDGE_CURVE ( 'NONE', #766, #1078, #282, .T. ) ;
#205 = DIRECTION ( 'NONE',  ( -1.000000000000000000, 0.000000000000000000, 0.000000000000000000 ) ) ;
#206 = DIRECTION ( 'NONE',  ( -0.000000000000000000, 1.000000000000000000, -0.000000000000000000 ) ) ;
#207 = EDGE_CURVE ( 'NONE', #537, #2669, #43, .T. ) ;
#208 = VECTOR ( 'NONE', #1587, 1000.000000000000000 ) ;
#209 = CARTESIAN_POINT ( 'NONE',  ( -4.950000000000000178, 1.775000000000043432, 0.8200000000000000622 ) ) ;
#210 = DIRECTION ( 'NONE',  ( 1.000000000000000000, 0.000000000000000000, -0.000000000000000000 ) ) ;
#211 = AXIS2_PLACEMENT_3D ( 'NONE', #2676, #2253, #1767 ) ;
#212 = CYLINDRICAL_SURFACE ( 'NONE', #1081, 0.2000000000000000944 ) ;
#213 = CYLINDRICAL_SURFACE ( 'NONE', #2806, 0.09999999999999939493 ) ;
#214 = APPLICATION_PROTOCOL_DEFINITION ( 'draft international standard', 'automotive_design', 1998, #2296 ) ;
#215 = VECTOR ( 'NONE', #1776, 1000.000000000000000 ) ;
#216 = ORIENTED_EDGE ( 'NONE', *, *, #247, .F. ) ;
#217 = CARTESIAN_POINT ( 'NONE',  ( -5.150000000000000355, 0.2499999999999168443, 1.719999999999999973 ) ) ;
#218 = DIRECTION ( 'NONE',  ( 0.3138602407620017520, -0.9494691934280007350, 0.000000000000000000 ) ) ;
#219 = ORIENTED_EDGE ( 'NONE', *, *, #2139, .T. ) ;
#220 = VECTOR ( 'NONE', #2831, 1000.000000000000000 ) ;
#221 = VECTOR ( 'NONE', #2465, 1000.000000000000114 ) ;
#222 = FACE_OUTER_BOUND ( 'NONE', #1186, .T. ) ;
#223 = DIRECTION ( 'NONE',  ( 1.000000000000000000, -6.108225748291434401E-16, 0.000000000000000000 ) ) ;
#224 = LINE ( 'NONE', #1102, #542 ) ;
#225 = AXIS2_PLACEMENT_3D ( 'NONE', #656, #433, #1782 ) ;
#226 = STYLED_ITEM ( 'NONE', ( #556 ), #1233 ) ;
#227 = EDGE_CURVE ( 'NONE', #2397, #2724, #2712, .T. ) ;
#228 = DIRECTION ( 'NONE',  ( 0.000000000000000000, 1.000000000000000000, 0.000000000000000000 ) ) ;
#229 = VECTOR ( 'NONE', #1472, 999.9999999999998863 ) ;
#230 = DIRECTION ( 'NONE',  ( 6.108225748291434401E-16, 1.000000000000000000, -0.000000000000000000 ) ) ;
#231 = ORIENTED_EDGE ( 'NONE', *, *, #1195, .T. ) ;
#232 = AXIS2_PLACEMENT_3D ( 'NONE', #2172, #180, #1699 ) ;
#233 = AXIS2_PLACEMENT_3D ( 'NONE', #884, #2215, #234 ) ;
#234 = DIRECTION ( 'NONE',  ( 1.000000000000000000, 2.710505431213766015E-16, 0.000000000000000000 ) ) ;
#235 = DIRECTION ( 'NONE',  ( 1.000000000000000000, -6.108225748291434401E-16, 0.000000000000000000 ) ) ;
#236 = EDGE_CURVE ( 'NONE', #2406, #756, #944, .T. ) ;
#237 = ORIENTED_EDGE ( 'NONE', *, *, #2626, .F. ) ;
#238 = LINE ( 'NONE', #2462, #1713 ) ;
#239 = CARTESIAN_POINT ( 'NONE',  ( -4.950000000000000178, 0.000000000000000000, -0.6200000000000001066 ) ) ;
#240 = CYLINDRICAL_SURFACE ( 'NONE', #1226, 0.3499999999999185429 ) ;
#241 = FACE_OUTER_BOUND ( 'NONE', #706, .T. ) ;
#242 = VERTEX_POINT ( 'NONE', #572 ) ;
#243 = PLANE ( 'NONE',  #1221 ) ;
#244 = PLANE ( 'NONE',  #1742 ) ;
#245 = CARTESIAN_POINT ( 'NONE',  ( -3.250000000000000000, 1.875000000000043299, -0.6200000000000001066 ) ) ;
#246 = DIRECTION ( 'NONE',  ( 0.000000000000000000, 0.000000000000000000, -1.000000000000000000 ) ) ;
#247 = EDGE_CURVE ( 'NONE', #2363, #1126, #2134, .T. ) ;
#248 = VERTEX_POINT ( 'NONE', #939 ) ;
#249 = PLANE ( 'NONE',  #1841 ) ;
#250 = DIRECTION ( 'NONE',  ( -1.000000000000000000, 0.000000000000000000, 0.000000000000000000 ) ) ;
#251 = EDGE_CURVE ( 'NONE', #990, #1465, #2775, .T. ) ;
#252 = CARTESIAN_POINT ( 'NONE',  ( -4.549999999999999822, 0.3499999999999169886, 0.6200000000000001066 ) ) ;
#253 = DIRECTION ( 'NONE',  ( -0.000000000000000000, -0.000000000000000000, 1.000000000000000000 ) ) ;
#254 = SURFACE_STYLE_FILL_AREA ( #1574 ) ;
#255 = ORIENTED_EDGE ( 'NONE', *, *, #1410, .T. ) ;
#256 = DIRECTION ( 'NONE',  ( 0.000000000000000000, -1.000000000000000000, 0.000000000000000000 ) ) ;
#258 = CARTESIAN_POINT ( 'NONE',  ( 5.150000000000000355, 0.2499999999999168443, -0.6200000000000001066 ) ) ;
#257 = CIRCLE ( 'NONE', #16, 0.3499999999999185429 ) ;
#259 = ADVANCED_FACE ( 'NONE', ( #1219 ), #1011, .T. ) ;
#260 = EDGE_LOOP ( 'NONE', ( #387, #1778, #1406, #512 ) ) ;
#261 = CARTESIAN_POINT ( 'NONE',  ( 5.150000000000000355, 0.2499999999999168443, -1.719999999999999973 ) ) ;
#262 = VECTOR ( 'NONE', #879, 1000.000000000000000 ) ;
#263 = ORIENTED_EDGE ( 'NONE', *, *, #1396, .F. ) ;
#264 = CARTESIAN_POINT ( 'NONE',  ( 4.078420791742799700, 1.457977008037318445, -1.651000000000000023 ) ) ;
#265 = SURFACE_STYLE_FILL_AREA ( #2849 ) ;
#266 = AXIS2_PLACEMENT_3D ( 'NONE', #1362, #2046, #2705 ) ;
#267 = ORIENTED_EDGE ( 'NONE', *, *, #1807, .T. ) ;
#268 = LINE ( 'NONE', #1151, #2517 ) ;
#269 = VECTOR ( 'NONE', #1971, 1000.000000000000000 ) ;
#270 =( LENGTH_UNIT ( ) NAMED_UNIT ( * ) SI_UNIT ( .MILLI., .METRE. ) );
#271 = VERTEX_POINT ( 'NONE', #2109 ) ;
#272 = AXIS2_PLACEMENT_3D ( 'NONE', #1166, #747, #96 ) ;
#273 = ORIENTED_EDGE ( 'NONE', *, *, #1642, .F. ) ;
#274 = DIRECTION ( 'NONE',  ( -0.3138602407620023071, -0.9494691934280005130, -0.000000000000000000 ) ) ;
#275 = FACE_OUTER_BOUND ( 'NONE', #362, .T. ) ;
#276 = DIRECTION ( 'NONE',  ( -1.000000000000000000, 0.000000000000000000, 0.000000000000000000 ) ) ;
#277 = VERTEX_POINT ( 'NONE', #2786 ) ;
#278 = EDGE_CURVE ( 'NONE', #1893, #1152, #768, .T. ) ;
#279 = ORIENTED_EDGE ( 'NONE', *, *, #475, .T. ) ;
#280 = DIRECTION ( 'NONE',  ( 0.9494691934280005130, -0.3138602407620023071, 0.000000000000000000 ) ) ;
#281 = EDGE_CURVE ( 'NONE', #337, #766, #810, .T. ) ;
#282 = LINE ( 'NONE', #135, #392 ) ;
#283 = ORIENTED_EDGE ( 'NONE', *, *, #2297, .T. ) ;
#284 = ORIENTED_EDGE ( 'NONE', *, *, #1306, .T. ) ;
#285 = CARTESIAN_POINT ( 'NONE',  ( -4.950000000000000178, 0.2499999999999168998, -1.920000000000000151 ) ) ;
#286 = EDGE_LOOP ( 'NONE', ( #1492, #494, #231, #2314 ) ) ;
#287 = CARTESIAN_POINT ( 'NONE',  ( -3.250000000000000000, 0.09999999999999982514, -2.290000000000000036 ) ) ;
#288 = ORIENTED_EDGE ( 'NONE', *, *, #2667, .T. ) ;
#289 = SURFACE_SIDE_STYLE ('',( #254 ) ) ;
#290 = ORIENTED_EDGE ( 'NONE', *, *, #1733, .F. ) ;
#291 = EDGE_CURVE ( 'NONE', #574, #271, #1027, .T. ) ;
#292 = ADVANCED_FACE ( 'NONE', ( #2341 ), #352, .F. ) ;
#293 = CARTESIAN_POINT ( 'NONE',  ( -3.250000000000000000, 1.875000000000043299, -0.6200000000000001066 ) ) ;
#294 = ORIENTED_EDGE ( 'NONE', *, *, #1672, .T. ) ;
#295 = PLANE ( 'NONE',  #1892 ) ;
#296 = AXIS2_PLACEMENT_3D ( 'NONE', #2236, #256, #1135 ) ;
#297 = EDGE_LOOP ( 'NONE', ( #84, #2229 ) ) ;
#298 = CARTESIAN_POINT ( 'NONE',  ( 5.150000000000000355, 0.000000000000000000, -0.8200000000000000622 ) ) ;
#299 = DIRECTION ( 'NONE',  ( 0.000000000000000000, 0.1391731009600625235, -0.9902680687415708061 ) ) ;
#300 = AXIS2_PLACEMENT_3D ( 'NONE', #2121, #2328, #797 ) ;
#301 = MANIFOLD_SOLID_BREP ( 'Cut-Extrude2', #1978 ) ;
#302 = ORIENTED_EDGE ( 'NONE', *, *, #1682, .T. ) ;
#303 = CARTESIAN_POINT ( 'NONE',  ( 4.217685782300279129, 0.2401489157332422075, 1.920000000000000151 ) ) ;
#304 = CARTESIAN_POINT ( 'NONE',  ( 3.604997414032633518, 1.775000000000043432, -0.6200000000000001066 ) ) ;
#305 = ORIENTED_EDGE ( 'NONE', *, *, #1718, .F. ) ;
#306 = CIRCLE ( 'NONE', #1555, 0.3999999999999999667 ) ;
#307 = ORIENTED_EDGE ( 'NONE', *, *, #2755, .F. ) ;
#308 = CARTESIAN_POINT ( 'NONE',  ( -3.937311631732357320, 1.884851084266718768, -1.651000000000000245 ) ) ;
#309 = EDGE_CURVE ( 'NONE', #2605, #724, #56, .T. ) ;
#310 = PRESENTATION_LAYER_ASSIGNMENT (  '', '', ( #1327 ) ) ;
#311 = AXIS2_PLACEMENT_3D ( 'NONE', #1259, #2131, #823 ) ;
#312 = DIRECTION ( 'NONE',  ( 0.000000000000000000, -1.000000000000000000, 0.000000000000000000 ) ) ;
#313 = ORIENTED_EDGE ( 'NONE', *, *, #1452, .F. ) ;
#314 = DIRECTION ( 'NONE',  ( -4.886580598633153832E-15, -1.000000000000000000, 0.000000000000000000 ) ) ;
#315 = MANIFOLD_SOLID_BREP ( 'Cut-Extrude3', #2800 ) ;
#316 = EDGE_CURVE ( 'NONE', #347, #1346, #2391, .T. ) ;
#317 = CIRCLE ( 'NONE', #594, 0.3999999999999999667 ) ;
#318 = ORIENTED_EDGE ( 'NONE', *, *, #1840, .F. ) ;
#319 = AXIS2_PLACEMENT_3D ( 'NONE', #834, #1497, #205 ) ;
#320 = DIRECTION ( 'NONE',  ( 1.000000000000000000, 0.000000000000000000, -0.000000000000000000 ) ) ;
#321 = CARTESIAN_POINT ( 'NONE',  ( 4.549999999999999822, 0.3499999999999169886, 0.6200000000000001066 ) ) ;
#322 = ADVANCED_FACE ( 'NONE', ( #1996 ), #426, .F. ) ;
#323 = AXIS2_PLACEMENT_3D ( 'NONE', #2114, #1286, #2348 ) ;
#324 = ORIENTED_EDGE ( 'NONE', *, *, #1106, .F. ) ;
#325 = CARTESIAN_POINT ( 'NONE',  ( -4.549999999999999822, 0.3499999999999169886, -0.6200000000000001066 ) ) ;
#326 = ORIENTED_EDGE ( 'NONE', *, *, #1914, .T. ) ;
#327 = ORIENTED_EDGE ( 'NONE', *, *, #2840, .T. ) ;
#328 = CARTESIAN_POINT ( 'NONE',  ( 4.950000000000000178, 1.775000000000043432, 0.6200000000000001066 ) ) ;
#329 = VERTEX_POINT ( 'NONE', #611 ) ;
#330 = VERTEX_POINT ( 'NONE', #2848 ) ;
#331 = EDGE_CURVE ( 'NONE', #738, #780, #1951, .T. ) ;
#332 = CARTESIAN_POINT ( 'NONE',  ( -3.937311631732356432, 1.884851084266718546, 0.6200000000000001066 ) ) ;
#333 = LINE ( 'NONE', #1224, #2168 ) ;
#334 = ORIENTED_EDGE ( 'NONE', *, *, #2283, .T. ) ;
#335 = ADVANCED_FACE ( 'NONE', ( #222 ), #2144, .F. ) ;
#336 = LINE ( 'NONE', #2491, #1889 ) ;
#337 = VERTEX_POINT ( 'NONE', #1962 ) ;
#338 = EDGE_LOOP ( 'NONE', ( #1483, #1309, #1848, #1670 ) ) ;
#339 = FILL_AREA_STYLE ('',( #1693 ) ) ;
#340 = LINE ( 'NONE', #1633, #538 ) ;
#341 = DIRECTION ( 'NONE',  ( 0.000000000000000000, 0.000000000000000000, 1.000000000000000000 ) ) ;
#342 = ORIENTED_EDGE ( 'NONE', *, *, #1147, .F. ) ;
#343 = DIRECTION ( 'NONE',  ( 1.000000000000000000, 0.000000000000000000, -0.000000000000000000 ) ) ;
#344 = DIRECTION ( 'NONE',  ( -1.000000000000000000, 0.000000000000000000, 0.000000000000000000 ) ) ;
#345 = LINE ( 'NONE', #2116, #1618 ) ;
#346 = EDGE_CURVE ( 'NONE', #1205, #837, #353, .T. ) ;
#347 = VERTEX_POINT ( 'NONE', #2632 ) ;
#348 = CARTESIAN_POINT ( 'NONE',  ( 4.549999999999999822, 0.3499999999999169886, 0.6200000000000001066 ) ) ;
#349 = ORIENTED_EDGE ( 'NONE', *, *, #2260, .T. ) ;
#350 = AXIS2_PLACEMENT_3D ( 'NONE', #1071, #1972, #2841 ) ;
#351 = ORIENTED_EDGE ( 'NONE', *, *, #2540, .F. ) ;
#352 = CYLINDRICAL_SURFACE ( 'NONE', #300, 0.09999999999999939493 ) ;
#353 = CIRCLE ( 'NONE', #2610, 0.3999999999999999667 ) ;
#354 = CARTESIAN_POINT ( 'NONE',  ( 5.150000000000000355, 0.000000000000000000, 1.719999999999999973 ) ) ;
#355 = FACE_OUTER_BOUND ( 'NONE', #2652, .T. ) ;
#356 = AXIS2_PLACEMENT_3D ( 'NONE', #2414, #2711, #1740 ) ;
#357 = DIRECTION ( 'NONE',  ( 1.000000000000000000, 0.000000000000000000, 0.000000000000000000 ) ) ;
#358 = CIRCLE ( 'NONE', #1797, 0.09999999999999939493 ) ;
#359 = AXIS2_PLACEMENT_3D ( 'NONE', #2714, #75, #1854 ) ;
#360 = EDGE_LOOP ( 'NONE', ( #1649, #35, #2785, #968 ) ) ;
#361 = LINE ( 'NONE', #2118, #2161 ) ;
#362 = EDGE_LOOP ( 'NONE', ( #1977, #2587, #1556, #1856 ) ) ;
#363 = AXIS2_PLACEMENT_3D ( 'NONE', #125, #1887, #1402 ) ;
#364 = CIRCLE ( 'NONE', #1757, 0.09999999999999939493 ) ;
#365 = CARTESIAN_POINT ( 'NONE',  ( 3.937311631732356432, 1.884851084266718546, 1.920000000000000151 ) ) ;
#366 = VERTEX_POINT ( 'NONE', #1304 ) ;
#367 = DIRECTION ( 'NONE',  ( 0.000000000000000000, -0.000000000000000000, 1.000000000000000000 ) ) ;
#368 = DIRECTION ( 'NONE',  ( -0.000000000000000000, -0.000000000000000000, 1.000000000000000000 ) ) ;
#369 = EDGE_CURVE ( 'NONE', #2684, #277, #172, .T. ) ;
#370 = CARTESIAN_POINT ( 'NONE',  ( 4.217685782300279129, 0.2401489157332422075, -0.6200000000000001066 ) ) ;
#371 = EDGE_CURVE ( 'NONE', #9, #248, #439, .T. ) ;
#372 = LINE ( 'NONE', #2140, #988 ) ;
#373 = DIRECTION ( 'NONE',  ( -0.000000000000000000, -0.000000000000000000, 1.000000000000000000 ) ) ;
#374 = CARTESIAN_POINT ( 'NONE',  ( 3.250000000000000000, 2.124999999999960032, 0.6200000000000001066 ) ) ;
#375 = ORIENTED_EDGE ( 'NONE', *, *, #1338, .F. ) ;
#376 = DIRECTION ( 'NONE',  ( -0.000000000000000000, -0.000000000000000000, 1.000000000000000000 ) ) ;
#377 = VERTEX_POINT ( 'NONE', #1540 ) ;
#378 = ORIENTED_EDGE ( 'NONE', *, *, #2506, .F. ) ;
#379 = FACE_OUTER_BOUND ( 'NONE', #631, .T. ) ;
#380 = PLANE ( 'NONE',  #2163 ) ;
#381 = EDGE_CURVE ( 'NONE', #2326, #178, #2418, .T. ) ;
#382 = CYLINDRICAL_SURFACE ( 'NONE', #1879, 0.3999999999999999667 ) ;
#383 = LINE ( 'NONE', #2098, #2357 ) ;
#384 = PLANE ( 'NONE',  #2518 ) ;
#385 = DIRECTION ( 'NONE',  ( 0.000000000000000000, 0.000000000000000000, 1.000000000000000000 ) ) ;
#386 = CARTESIAN_POINT ( 'NONE',  ( -2.349999999999999645, 3.849999999999999645, -0.9899999999999997691 ) ) ;
#387 = ORIENTED_EDGE ( 'NONE', *, *, #164, .T. ) ;
#388 = DIRECTION ( 'NONE',  ( -1.000000000000000000, 0.000000000000000000, 0.000000000000000000 ) ) ;
#389 = ORIENTED_EDGE ( 'NONE', *, *, #1212, .T. ) ;
#390 = ORIENTED_EDGE ( 'NONE', *, *, #40, .T. ) ;
#391 = DIRECTION ( 'NONE',  ( 0.000000000000000000, 0.000000000000000000, 1.000000000000000000 ) ) ;
#392 = VECTOR ( 'NONE', #1471, 1000.000000000000000 ) ;
#393 = CARTESIAN_POINT ( 'NONE',  ( 4.549999999999999822, 0.3499999999999169886, -0.6200000000000001066 ) ) ;
#394 = CARTESIAN_POINT ( 'NONE',  ( 3.937311631732356432, 1.884851084266718546, -0.6200000000000001066 ) ) ;
#395 = DIRECTION ( 'NONE',  ( -1.000000000000000000, 0.000000000000000000, 0.000000000000000000 ) ) ;
#396 = COLOUR_RGB ( '',0.7921568627450980005, 0.8196078431372548767, 0.9333333333333333481 ) ;
#397 = EDGE_CURVE ( 'NONE', #2079, #779, #1775, .T. ) ;
#398 = DIRECTION ( 'NONE',  ( 0.000000000000000000, 0.000000000000000000, 1.000000000000000000 ) ) ;
#399 = DIRECTION ( 'NONE',  ( -1.000000000000000000, 0.000000000000000000, 0.000000000000000000 ) ) ;
#400 = DIRECTION ( 'NONE',  ( 0.000000000000000000, 0.000000000000000000, 1.000000000000000000 ) ) ;
#401 = ADVANCED_FACE ( 'NONE', ( #379 ), #1263, .F. ) ;
#402 = ADVANCED_FACE ( 'NONE', ( #275 ), #1155, .F. ) ;
#403 = SURFACE_STYLE_FILL_AREA ( #595 ) ;
#404 = ORIENTED_EDGE ( 'NONE', *, *, #1173, .T. ) ;
#405 = VECTOR ( 'NONE', #861, 1000.000000000000114 ) ;
#406 = AXIS2_PLACEMENT_3D ( 'NONE', #793, #2832, #838 ) ;
#407 = CARTESIAN_POINT ( 'NONE',  ( -3.841053493385875317, 1.379511947846842723, -1.651000000000000245 ) ) ;
#408 = EDGE_CURVE ( 'NONE', #2377, #1819, #2464, .T. ) ;
#409 = AXIS2_PLACEMENT_3D ( 'NONE', #1691, #994, #2554 ) ;
#410 = VERTEX_POINT ( 'NONE', #1392 ) ;
#411 = FILL_AREA_STYLE ('',( #2648 ) ) ;
#412 = PRODUCT_DEFINITION_FORMATION_WITH_SPECIFIED_SOURCE ( 'ANY', '', #2788, .NOT_KNOWN. ) ;
#413 = VECTOR ( 'NONE', #1523, 1000.000000000000000 ) ;
#414 = CARTESIAN_POINT ( 'NONE',  ( 5.150000000000000355, 0.2499999999999168443, 0.6200000000000001066 ) ) ;
#415 = CARTESIAN_POINT ( 'NONE',  ( -4.950000000000000178, 0.2499999999999168998, -0.6200000000000001066 ) ) ;
#416 = VERTEX_POINT ( 'NONE', #2726 ) ;
#417 = DIRECTION ( 'NONE',  ( 0.000000000000000000, 0.000000000000000000, -1.000000000000000000 ) ) ;
#418 = CARTESIAN_POINT ( 'NONE',  ( 3.699944333375433381, 1.806386024076243491, -0.6200000000000001066 ) ) ;
#419 = CARTESIAN_POINT ( 'NONE',  ( -3.250000000000000000, 1.875000000000043299, -2.290000000000000036 ) ) ;
#420 = EDGE_CURVE ( 'NONE', #574, #1761, #1553, .T. ) ;
#421 = VERTEX_POINT ( 'NONE', #66 ) ;
#422 = CARTESIAN_POINT ( 'NONE',  ( -4.950000000000000178, 0.000000000000000000, 0.6200000000000001066 ) ) ;
#423 = DIRECTION ( 'NONE',  ( -0.000000000000000000, -0.000000000000000000, 1.000000000000000000 ) ) ;
#424 = ADVANCED_FACE ( 'NONE', ( #1845 ), #906, .T. ) ;
#425 = ORIENTED_EDGE ( 'NONE', *, *, #154, .F. ) ;
#426 = PLANE ( 'NONE',  #1279 ) ;
#427 = LINE ( 'NONE', #2188, #2209 ) ;
#428 = DIRECTION ( 'NONE',  ( -0.3138602407620023071, 0.9494691934280005130, -0.000000000000000000 ) ) ;
#429 = DIRECTION ( 'NONE',  ( 5.578471136547122189E-16, -1.687562106534903001E-15, -1.000000000000000000 ) ) ;
#430 = ORIENTED_EDGE ( 'NONE', *, *, #134, .F. ) ;
#431 = DIRECTION ( 'NONE',  ( 0.000000000000000000, 0.000000000000000000, 1.000000000000000000 ) ) ;
#432 = CARTESIAN_POINT ( 'NONE',  ( 3.250000000000000000, 1.875000000000043299, 0.6200000000000001066 ) ) ;
#433 = DIRECTION ( 'NONE',  ( -0.000000000000000000, -0.000000000000000000, 1.000000000000000000 ) ) ;
#434 = APPLICATION_PROTOCOL_DEFINITION ( 'draft international standard', 'automotive_design', 1998, #1965 ) ;
#435 = ORIENTED_EDGE ( 'NONE', *, *, #2453, .T. ) ;
#436 = LINE ( 'NONE', #2845, #1423 ) ;
#437 = ADVANCED_FACE ( 'NONE', ( #889 ), #1817, .F. ) ;
#438 = ORIENTED_EDGE ( 'NONE', *, *, #1464, .F. ) ;
#439 = LINE ( 'NONE', #1079, #2757 ) ;
#440 = CARTESIAN_POINT ( 'NONE',  ( 3.604997414032633518, 1.775000000000043432, 0.6200000000000001066 ) ) ;
#441 = DIRECTION ( 'NONE',  ( 0.000000000000000000, 0.000000000000000000, 1.000000000000000000 ) ) ;
#442 = ORIENTED_EDGE ( 'NONE', *, *, #1409, .F. ) ;
#443 = ADVANCED_FACE ( 'NONE', ( #1614 ), #707, .T. ) ;
#444 = VECTOR ( 'NONE', #783, 1000.000000000000000 ) ;
#445 = DIRECTION ( 'NONE',  ( 0.000000000000000000, 0.000000000000000000, 1.000000000000000000 ) ) ;
#446 = LINE ( 'NONE', #196, #2080 ) ;
#447 = STYLED_ITEM ( 'NONE', ( #1099 ), #315 ) ;
#448 = EDGE_LOOP ( 'NONE', ( #2699, #2250, #860, #1641, #1594, #1446 ) ) ;
#449 = CARTESIAN_POINT ( 'NONE',  ( -4.455053080657201292, 0.3186139759237169855, -1.920000000000000151 ) ) ;
#450 = ORIENTED_EDGE ( 'NONE', *, *, #1106, .T. ) ;
#451 = VECTOR ( 'NONE', #765, 1000.000000000000114 ) ;
#452 = DIRECTION ( 'NONE',  ( -1.000000000000000000, 0.000000000000000000, 0.000000000000000000 ) ) ;
#453 = CARTESIAN_POINT ( 'NONE',  ( -5.150000000000000355, 0.000000000000000000, -0.6200000000000001066 ) ) ;
#454 = LINE ( 'NONE', #558, #2394 ) ;
#455 = AXIS2_PLACEMENT_3D ( 'NONE', #2584, #1459, #2346 ) ;
#456 = AXIS2_PLACEMENT_3D ( 'NONE', #2325, #1215, #568 ) ;
#457 = ORIENTED_EDGE ( 'NONE', *, *, #23, .T. ) ;
#458 = EDGE_CURVE ( 'NONE', #2431, #2079, #2112, .T. ) ;
#459 = AXIS2_PLACEMENT_3D ( 'NONE', #519, #299, #357 ) ;
#460 = FACE_OUTER_BOUND ( 'NONE', #949, .T. ) ;
#461 = DIRECTION ( 'NONE',  ( 1.807003620809174878E-16, 1.000000000000000000, -0.000000000000000000 ) ) ;
#462 = AXIS2_PLACEMENT_3D ( 'NONE', #1801, #692, #2069 ) ;
#463 = EDGE_CURVE ( 'NONE', #1163, #1179, #2010, .T. ) ;
#464 = CARTESIAN_POINT ( 'NONE',  ( 2.844110840286398822, 1.049958695046715684, -1.651000000000000023 ) ) ;
#465 = CARTESIAN_POINT ( 'NONE',  ( 4.455053080657200404, 0.3186139759237169855, 0.6200000000000001066 ) ) ;
#466 = EDGE_LOOP ( 'NONE', ( #2701, #1536, #920, #1303 ) ) ;
#467 = LINE ( 'NONE', #1111, #1611 ) ;
#468 = CARTESIAN_POINT ( 'NONE',  ( -3.699944333375432937, 1.806386024076243491, 0.6200000000000001066 ) ) ;
#469 = CARTESIAN_POINT ( 'NONE',  ( 3.250000000000000000, 2.124999999999960476, 1.651000000000000023 ) ) ;
#470 = DIRECTION ( 'NONE',  ( -0.000000000000000000, -0.000000000000000000, -1.000000000000000000 ) ) ;
#471 = DIRECTION ( 'NONE',  ( -0.000000000000000000, -0.000000000000000000, 1.000000000000000000 ) ) ;
#472 = ORIENTED_EDGE ( 'NONE', *, *, #2139, .F. ) ;
#473 = CARTESIAN_POINT ( 'NONE',  ( 3.604997414032633518, 1.875000000000043077, -0.6200000000000001066 ) ) ;
#474 = CARTESIAN_POINT ( 'NONE',  ( 4.549999999999999822, 0.3499999999999169886, -1.920000000000000151 ) ) ;
#475 = EDGE_CURVE ( 'NONE', #330, #112, #22, .T. ) ;
#476 = PLANE ( 'NONE',  #582 ) ;
#477 = CARTESIAN_POINT ( 'NONE',  ( -4.078420791742798812, 1.457977008037317779, -1.920000000000000151 ) ) ;
#478 = LINE ( 'NONE', #2656, #2768 ) ;
#479 = ORIENTED_EDGE ( 'NONE', *, *, #1268, .T. ) ;
#480 = DIRECTION ( 'NONE',  ( 0.000000000000000000, 1.000000000000000000, 0.000000000000000000 ) ) ;
#481 = ORIENTED_EDGE ( 'NONE', *, *, #840, .T. ) ;
#482 = CARTESIAN_POINT ( 'NONE',  ( -3.250000000000000000, 0.09999999999999982514, -2.290000000000000036 ) ) ;
#483 = DIRECTION ( 'NONE',  ( -1.000000000000000000, -4.886580598633153832E-15, 0.000000000000000000 ) ) ;
#484 = ORIENTED_EDGE ( 'NONE', *, *, #2662, .F. ) ;
#485 = FACE_OUTER_BOUND ( 'NONE', #286, .T. ) ;
#486 = AXIS2_PLACEMENT_3D ( 'NONE', #414, #1297, #813 ) ;
#487 = CARTESIAN_POINT ( 'NONE',  ( -4.950000000000000178, 0.2499999999999169553, 0.8200000000000000622 ) ) ;
#488 = VECTOR ( 'NONE', #916, 999.9999999999998863 ) ;
#489 = ORIENTED_EDGE ( 'NONE', *, *, #1109, .T. ) ;
#490 = EDGE_CURVE ( 'NONE', #954, #2552, #1571, .T. ) ;
#491 = CARTESIAN_POINT ( 'NONE',  ( -5.150000000000000355, 0.2499999999999168443, -1.719999999999999973 ) ) ;
#492 = EDGE_CURVE ( 'NONE', #1809, #2197, #2704, .T. ) ;
#493 = CARTESIAN_POINT ( 'NONE',  ( 4.078420791742799700, 1.457977008037318445, 1.651000000000000023 ) ) ;
#494 = ORIENTED_EDGE ( 'NONE', *, *, #2157, .T. ) ;
#495 = LINE ( 'NONE', #114, #1754 ) ;
#496 = VERTEX_POINT ( 'NONE', #1586 ) ;
#497 = LINE ( 'NONE', #14, #1738 ) ;
#498 = VECTOR ( 'NONE', #2484, 1000.000000000000000 ) ;
#499 = AXIS2_PLACEMENT_3D ( 'NONE', #711, #1820, #71 ) ;
#500 = ORIENTED_EDGE ( 'NONE', *, *, #2473, .T. ) ;
#501 = AXIS2_PLACEMENT_3D ( 'NONE', #97, #82, #2129 ) ;
#502 = AXIS2_PLACEMENT_3D ( 'NONE', #2386, #373, #1031 ) ;
#503 = ORIENTED_EDGE ( 'NONE', *, *, #2549, .F. ) ;
#504 = CARTESIAN_POINT ( 'NONE',  ( -4.217685782300279129, 0.2401489157332422075, -0.6200000000000001066 ) ) ;
#505 = FACE_OUTER_BOUND ( 'NONE', #2868, .T. ) ;
#506 = ADVANCED_FACE ( 'NONE', ( #723 ), #240, .T. ) ;
#507 = ORIENTED_EDGE ( 'NONE', *, *, #2717, .F. ) ;
#508 = CARTESIAN_POINT ( 'NONE',  ( -2.844110840286397934, 1.049958695046714796, 1.651000000000000245 ) ) ;
#509 = CARTESIAN_POINT ( 'NONE',  ( -4.217685782300279129, 0.2401489157332422075, -1.920000000000000151 ) ) ;
#510 = PRESENTATION_STYLE_ASSIGNMENT (( #50 ) ) ;
#511 = EDGE_CURVE ( 'NONE', #1126, #377, #38, .T. ) ;
#512 = ORIENTED_EDGE ( 'NONE', *, *, #878, .F. ) ;
#513 = DIRECTION ( 'NONE',  ( -0.000000000000000000, -0.000000000000000000, 1.000000000000000000 ) ) ;
#514 = FACE_OUTER_BOUND ( 'NONE', #1096, .T. ) ;
#515 = ORIENTED_EDGE ( 'NONE', *, *, #791, .F. ) ;
#516 = PLANE ( 'NONE',  #1751 ) ;
#517 = ORIENTED_EDGE ( 'NONE', *, *, #825, .T. ) ;
#518 = LINE ( 'NONE', #2044, #730 ) ;
#519 = CARTESIAN_POINT ( 'NONE',  ( 0.000000000000000000, 3.899999999999999911, -2.040540018403254940 ) ) ;
#520 = VERTEX_POINT ( 'NONE', #493 ) ;
#521 = CARTESIAN_POINT ( 'NONE',  ( 5.150000000000000355, 0.2499999999999168443, -0.6200000000000001066 ) ) ;
#522 = EDGE_LOOP ( 'NONE', ( #2379, #1863, #1828, #2025 ) ) ;
#523 = ADVANCED_FACE ( 'NONE', ( #2232 ), #1131, .T. ) ;
#524 = VERTEX_POINT ( 'NONE', #25 ) ;
#525 = EDGE_CURVE ( 'NONE', #2074, #2598, #1144, .T. ) ;
#526 = CARTESIAN_POINT ( 'NONE',  ( 4.950000000000000178, 0.2499999999999168998, 1.920000000000000151 ) ) ;
#527 = ORIENTED_EDGE ( 'NONE', *, *, #2037, .F. ) ;
#528 = EDGE_CURVE ( 'NONE', #2731, #2537, #1184, .T. ) ;
#529 = VECTOR ( 'NONE', #150, 1000.000000000000000 ) ;
#530 = ORIENTED_EDGE ( 'NONE', *, *, #1063, .T. ) ;
#531 = DIRECTION ( 'NONE',  ( 0.3138602407620030288, 0.9494691934280004020, 0.000000000000000000 ) ) ;
#532 = CARTESIAN_POINT ( 'NONE',  ( -4.549999999999999822, 0.3499999999999169886, -0.6200000000000001066 ) ) ;
#533 = VECTOR ( 'NONE', #1683, 999.9999999999998863 ) ;
#534 = PLANE ( 'NONE',  #955 ) ;
#535 = VECTOR ( 'NONE', #2124, 1000.000000000000000 ) ;
#536 = VERTEX_POINT ( 'NONE', #967 ) ;
#537 = VERTEX_POINT ( 'NONE', #85 ) ;
#538 = VECTOR ( 'NONE', #561, 1000.000000000000000 ) ;
#539 = ORIENTED_EDGE ( 'NONE', *, *, #583, .F. ) ;
#540 = DIRECTION ( 'NONE',  ( -0.9494691934280004020, 0.3138602407620030288, 0.000000000000000000 ) ) ;
#541 = EDGE_CURVE ( 'NONE', #2435, #1389, #736, .T. ) ;
#542 = VECTOR ( 'NONE', #2865, 1000.000000000000000 ) ;
#543 = DIRECTION ( 'NONE',  ( 1.000000000000000000, 0.000000000000000000, 0.000000000000000000 ) ) ;
#544 = ORIENTED_EDGE ( 'NONE', *, *, #525, .F. ) ;
#545 = CARTESIAN_POINT ( 'NONE',  ( -4.217685782300279129, 0.2401489157332422075, -0.6200000000000001066 ) ) ;
#546 = CARTESIAN_POINT ( 'NONE',  ( 3.604997414032633518, 1.875000000000043077, 0.6200000000000001066 ) ) ;
#547 = AXIS2_PLACEMENT_3D ( 'NONE', #2743, #2084, #93 ) ;
#548 = EDGE_CURVE ( 'NONE', #1798, #2324, #1404, .T. ) ;
#549 = VERTEX_POINT ( 'NONE', #1954 ) ;
#550 = VECTOR ( 'NONE', #1058, 1000.000000000000000 ) ;
#551 = VECTOR ( 'NONE', #619, 1000.000000000000000 ) ;
#552 = DIRECTION ( 'NONE',  ( 1.000000000000000000, 0.000000000000000000, 0.000000000000000000 ) ) ;
#553 = DIRECTION ( 'NONE',  ( -0.000000000000000000, -0.000000000000000000, -1.000000000000000000 ) ) ;
#554 = CYLINDRICAL_SURFACE ( 'NONE', #2442, 0.3999999999999999667 ) ;
#555 = VERTEX_POINT ( 'NONE', #2189 ) ;
#556 = PRESENTATION_STYLE_ASSIGNMENT (( #2727 ) ) ;
#557 = ORIENTED_EDGE ( 'NONE', *, *, #1371, .F. ) ;
#558 = CARTESIAN_POINT ( 'NONE',  ( 3.250000000000000000, 2.124999999999960920, 2.290000000000000036 ) ) ;
#559 = ORIENTED_EDGE ( 'NONE', *, *, #908, .T. ) ;
#560 = DIRECTION ( 'NONE',  ( 1.000000000000000000, -6.108225748291434401E-16, -0.000000000000000000 ) ) ;
#561 = DIRECTION ( 'NONE',  ( 1.000000000000000000, 0.000000000000000000, 0.000000000000000000 ) ) ;
#562 = LINE ( 'NONE', #106, #2029 ) ;
#563 = ADVANCED_FACE ( 'NONE', ( #1296 ), #1509, .T. ) ;
#564 = ORIENTED_EDGE ( 'NONE', *, *, #1631, .F. ) ;
#565 = DIRECTION ( 'NONE',  ( -1.000000000000000000, 0.000000000000000000, 0.000000000000000000 ) ) ;
#566 = CARTESIAN_POINT ( 'NONE',  ( 4.549999999999999822, 0.2499999999999169553, -0.6200000000000001066 ) ) ;
#567 = ORIENTED_EDGE ( 'NONE', *, *, #1452, .T. ) ;
#568 = DIRECTION ( 'NONE',  ( 0.000000000000000000, 0.000000000000000000, 1.000000000000000000 ) ) ;
#569 = VERTEX_POINT ( 'NONE', #1966 ) ;
#570 = DIRECTION ( 'NONE',  ( -0.000000000000000000, -0.000000000000000000, 1.000000000000000000 ) ) ;
#571 = ORIENTED_EDGE ( 'NONE', *, *, #1825, .T. ) ;
#572 = CARTESIAN_POINT ( 'NONE',  ( 4.549999999999999822, 0.000000000000000000, -0.6200000000000001066 ) ) ;
#573 = DIRECTION ( 'NONE',  ( -1.000000000000000000, 0.000000000000000000, 0.000000000000000000 ) ) ;
#574 = VERTEX_POINT ( 'NONE', #2833 ) ;
#575 = DIRECTION ( 'NONE',  ( -0.000000000000000000, -0.000000000000000000, -1.000000000000000000 ) ) ;
#576 = LINE ( 'NONE', #1006, #867 ) ;
#577 = EDGE_CURVE ( 'NONE', #2326, #2279, #832, .T. ) ;
#578 = ORIENTED_EDGE ( 'NONE', *, *, #281, .T. ) ;
#579 = VERTEX_POINT ( 'NONE', #1721 ) ;
#580 = AXIS2_PLACEMENT_3D ( 'NONE', #2603, #1069, #2177 ) ;
#581 = SURFACE_STYLE_FILL_AREA ( #1690 ) ;
#582 = AXIS2_PLACEMENT_3D ( 'NONE', #258, #2444, #654 ) ;
#583 = EDGE_CURVE ( 'NONE', #1783, #931, #1745, .T. ) ;
#584 = ORIENTED_EDGE ( 'NONE', *, *, #1561, .F. ) ;
#585 = SURFACE_SIDE_STYLE ('',( #1822 ) ) ;
#586 = DIRECTION ( 'NONE',  ( 0.000000000000000000, 0.000000000000000000, -1.000000000000000000 ) ) ;
#587 = DIRECTION ( 'NONE',  ( 0.9494691934280004020, 0.3138602407620030288, -0.000000000000000000 ) ) ;
#588 = ORIENTED_EDGE ( 'NONE', *, *, #227, .F. ) ;
#589 = DIRECTION ( 'NONE',  ( -0.9494691934280004020, 0.3138602407620030288, 0.000000000000000000 ) ) ;
#590 = AXIS2_PLACEMENT_3D ( 'NONE', #1295, #190, #1067 ) ;
#591 = VECTOR ( 'NONE', #696, 1000.000000000000000 ) ;
#592 = CARTESIAN_POINT ( 'NONE',  ( -3.250000000000000000, 2.124999999999960032, 0.6200000000000001066 ) ) ;
#593 = CARTESIAN_POINT ( 'NONE',  ( -3.250000000000000000, 1.875000000000043299, -1.651000000000000245 ) ) ;
#594 = AXIS2_PLACEMENT_3D ( 'NONE', #2433, #1128, #1537 ) ;
#595 = FILL_AREA_STYLE ('',( #1943 ) ) ;
#596 = AXIS2_PLACEMENT_3D ( 'NONE', #348, #1688, #1008 ) ;
#597 = ORIENTED_EDGE ( 'NONE', *, *, #740, .F. ) ;
#598 = EDGE_CURVE ( 'NONE', #1199, #2113, #1527, .T. ) ;
#599 = AXIS2_PLACEMENT_3D ( 'NONE', #2641, #2239, #1753 ) ;
#600 = VERTEX_POINT ( 'NONE', #1082 ) ;
#601 = PLANE ( 'NONE',  #2576 ) ;
#602 = EDGE_CURVE ( 'NONE', #2350, #1382, #761, .T. ) ;
#603 = CARTESIAN_POINT ( 'NONE',  ( 4.549999999999999822, 0.000000000000000000, 0.6200000000000001066 ) ) ;
#604 = CARTESIAN_POINT ( 'NONE',  ( 3.699944333375433381, 1.806386024076243491, 0.6200000000000001066 ) ) ;
#605 = FACE_OUTER_BOUND ( 'NONE', #1386, .T. ) ;
#606 = CARTESIAN_POINT ( 'NONE',  ( -5.150000000000000355, 0.000000000000000000, 0.8200000000000000622 ) ) ;
#607 = EDGE_LOOP ( 'NONE', ( #2053, #1696, #302, #87 ) ) ;
#608 = LINE ( 'NONE', #826, #2486 ) ;
#609 = ORIENTED_EDGE ( 'NONE', *, *, #1700, .T. ) ;
#610 = EDGE_CURVE ( 'NONE', #724, #2627, #1701, .T. ) ;
#611 = CARTESIAN_POINT ( 'NONE',  ( -5.150000000000000355, 0.000000000000000000, 1.719999999999999973 ) ) ;
#612 = LINE ( 'NONE', #1040, #2837 ) ;
#613 = EDGE_CURVE ( 'NONE', #1034, #549, #306, .T. ) ;
#614 = DIRECTION ( 'NONE',  ( -0.000000000000000000, -0.000000000000000000, -1.000000000000000000 ) ) ;
#615 = PRODUCT_DEFINITION_SHAPE ( 'NONE', 'NONE',  #1685 ) ;
#616 = LINE ( 'NONE', #1722, #663 ) ;
#617 = EDGE_CURVE ( 'NONE', #1525, #337, #2866, .T. ) ;
#618 = ORIENTED_EDGE ( 'NONE', *, *, #115, .T. ) ;
#619 = DIRECTION ( 'NONE',  ( -1.000000000000000000, 4.886580598633153832E-15, 0.000000000000000000 ) ) ;
#620 = ORIENTED_EDGE ( 'NONE', *, *, #1125, .F. ) ;
#621 = VECTOR ( 'NONE', #2164, 1000.000000000000114 ) ;
#622 = EDGE_LOOP ( 'NONE', ( #324, #2760, #2321, #1660, #544, #1838 ) ) ;
#623 = CIRCLE ( 'NONE', #1177, 0.09999999999999939493 ) ;
#624 = PLANE ( 'NONE',  #486 ) ;
#625 = AXIS2_PLACEMENT_3D ( 'NONE', #508, #2275, #2263 ) ;
#626 = EDGE_LOOP ( 'NONE', ( #1888, #1420, #2042, #1950 ) ) ;
#627 = ADVANCED_FACE ( 'NONE', ( #2145 ), #159, .F. ) ;
#628 = CARTESIAN_POINT ( 'NONE',  ( 3.937311631732356432, 1.884851084266718546, 0.6200000000000001066 ) ) ;
#629 = LINE ( 'NONE', #1500, #1332 ) ;
#630 = ADVANCED_FACE ( 'NONE', ( #175 ), #1057, .F. ) ;
#631 = EDGE_LOOP ( 'NONE', ( #2546, #2454, #2018, #1298 ) ) ;
#632 = DIRECTION ( 'NONE',  ( 0.3138602407620030288, -0.9494691934280004020, -0.000000000000000000 ) ) ;
#633 = AXIS2_PLACEMENT_3D ( 'NONE', #2591, #1508, #650 ) ;
#634 = CARTESIAN_POINT ( 'NONE',  ( -3.250000000000000000, 1.875000000000043743, 2.290000000000000036 ) ) ;
#635 = ORIENTED_EDGE ( 'NONE', *, *, #1208, .T. ) ;
#636 = VECTOR ( 'NONE', #1373, 1000.000000000000000 ) ;
#637 = CARTESIAN_POINT ( 'NONE',  ( 3.250000000000000000, 1.875000000000043299, 0.6200000000000001066 ) ) ;
#638 = DIRECTION ( 'NONE',  ( 1.000000000000000000, 0.000000000000000000, 0.000000000000000000 ) ) ;
#639 = ORIENTED_EDGE ( 'NONE', *, *, #475, .F. ) ;
#640 = FACE_OUTER_BOUND ( 'NONE', #622, .T. ) ;
#641 = DIRECTION ( 'NONE',  ( 0.000000000000000000, -0.000000000000000000, 1.000000000000000000 ) ) ;
#642 = EDGE_CURVE ( 'NONE', #9, #1465, #2569, .T. ) ;
#643 = DIRECTION ( 'NONE',  ( 0.000000000000000000, 0.000000000000000000, 1.000000000000000000 ) ) ;
#644 = ORIENTED_EDGE ( 'NONE', *, *, #2383, .F. ) ;
#645 = DIRECTION ( 'NONE',  ( 0.9494691934280005130, -0.3138602407620023071, 0.000000000000000000 ) ) ;
#646 =( LENGTH_UNIT ( ) NAMED_UNIT ( * ) SI_UNIT ( .MILLI., .METRE. ) );
#647 = ORIENTED_EDGE ( 'NONE', *, *, #2358, .T. ) ;
#648 = CARTESIAN_POINT ( 'NONE',  ( -3.841053493385875317, 1.379511947846842723, -0.6200000000000001066 ) ) ;
#649 = CARTESIAN_POINT ( 'NONE',  ( 3.250000000000000000, 2.124999999999960032, -1.651000000000000023 ) ) ;
#650 = DIRECTION ( 'NONE',  ( 1.000000000000000000, 0.000000000000000000, -0.000000000000000000 ) ) ;
#651 = CARTESIAN_POINT ( 'NONE',  ( -2.349999999999999645, 3.899999999999999911, -1.389999999999999680 ) ) ;
#652 = DIRECTION ( 'NONE',  ( -0.000000000000000000, -0.000000000000000000, 1.000000000000000000 ) ) ;
#653 = ORIENTED_EDGE ( 'NONE', *, *, #1700, .F. ) ;
#654 = DIRECTION ( 'NONE',  ( 0.000000000000000000, 0.000000000000000000, 1.000000000000000000 ) ) ;
#655 = DIRECTION ( 'NONE',  ( -0.000000000000000000, -0.000000000000000000, -1.000000000000000000 ) ) ;
#656 = CARTESIAN_POINT ( 'NONE',  ( 3.604997414032633518, 1.775000000000043432, 0.6200000000000001066 ) ) ;
#657 = ORIENTED_EDGE ( 'NONE', *, *, #2149, .F. ) ;
#658 = DIRECTION ( 'NONE',  ( 0.000000000000000000, 1.000000000000000000, 0.000000000000000000 ) ) ;
#659 = VERTEX_POINT ( 'NONE', #2343 ) ;
#660 = EDGE_CURVE ( 'NONE', #271, #732, #1898, .T. ) ;
#661 = CARTESIAN_POINT ( 'NONE',  ( 5.150000000000000355, 0.000000000000000000, -1.920000000000000151 ) ) ;
#662 = ADVANCED_FACE ( 'NONE', ( #1681 ), #743, .F. ) ;
#663 = VECTOR ( 'NONE', #2835, 1000.000000000000000 ) ;
#664 = ORIENTED_EDGE ( 'NONE', *, *, #1538, .T. ) ;
#665 = DIRECTION ( 'NONE',  ( 0.000000000000000000, 0.000000000000000000, -1.000000000000000000 ) ) ;
#666 = ORIENTED_EDGE ( 'NONE', *, *, #2725, .F. ) ;
#667 = STYLED_ITEM ( 'NONE', ( #1706 ), #301 ) ;
#668 = CARTESIAN_POINT ( 'NONE',  ( -4.950000000000000178, 0.2499999999999169553, -0.8200000000000000622 ) ) ;
#669 = CARTESIAN_POINT ( 'NONE',  ( 3.604997414032633518, 1.875000000000042855, 1.651000000000000023 ) ) ;
#670 = DIRECTION ( 'NONE',  ( -0.000000000000000000, 1.000000000000000000, -0.000000000000000000 ) ) ;
#671 = AXIS2_PLACEMENT_3D ( 'NONE', #957, #312, #1190 ) ;
#672 = VERTEX_POINT ( 'NONE', #2541 ) ;
#673 = LINE ( 'NONE', #1568, #1513 ) ;
#674 = CARTESIAN_POINT ( 'NONE',  ( 4.217685782300279129, 0.2401489157332422075, 0.6200000000000001066 ) ) ;
#675 = VECTOR ( 'NONE', #658, 1000.000000000000000 ) ;
#676 = AXIS2_PLACEMENT_3D ( 'NONE', #2376, #1035, #1930 ) ;
#677 = ORIENTED_EDGE ( 'NONE', *, *, #617, .F. ) ;
#678 = DIRECTION ( 'NONE',  ( 1.000000000000000000, 0.000000000000000000, 0.000000000000000000 ) ) ;
#679 = LINE ( 'NONE', #1806, #591 ) ;
#680 = EDGE_CURVE ( 'NONE', #89, #796, #1000, .T. ) ;
#681 = CARTESIAN_POINT ( 'NONE',  ( 3.250000000000000000, 1.875000000000043299, -0.6200000000000001066 ) ) ;
#682 = AXIS2_PLACEMENT_3D ( 'NONE', #474, #1620, #2040 ) ;
#683 = ORIENTED_EDGE ( 'NONE', *, *, #1825, .F. ) ;
#684 = AXIS2_PLACEMENT_3D ( 'NONE', #321, #143, #1686 ) ;
#685 = VECTOR ( 'NONE', #2152, 1000.000000000000000 ) ;
#686 = DIRECTION ( 'NONE',  ( 0.000000000000000000, 0.000000000000000000, 1.000000000000000000 ) ) ;
#687 = CIRCLE ( 'NONE', #233, 0.1999999999999996503 ) ;
#688 = LINE ( 'NONE', #1, #717 ) ;
#689 = DIRECTION ( 'NONE',  ( 0.000000000000000000, 0.000000000000000000, 1.000000000000000000 ) ) ;
#690 = CARTESIAN_POINT ( 'NONE',  ( -4.950000000000000178, 0.000000000000000000, 0.8200000000000000622 ) ) ;
#691 = ORIENTED_EDGE ( 'NONE', *, *, #1302, .T. ) ;
#692 = DIRECTION ( 'NONE',  ( -0.000000000000000000, -0.000000000000000000, 1.000000000000000000 ) ) ;
#693 = FACE_OUTER_BOUND ( 'NONE', #1070, .T. ) ;
#694 = ORIENTED_EDGE ( 'NONE', *, *, #1141, .T. ) ;
#695 = DIRECTION ( 'NONE',  ( 1.000000000000000000, 6.108225748291434401E-16, 0.000000000000000000 ) ) ;
#696 = DIRECTION ( 'NONE',  ( 0.000000000000000000, 0.000000000000000000, 1.000000000000000000 ) ) ;
#697 = ADVANCED_FACE ( 'NONE', ( #2507 ), #1444, .F. ) ;
#698 = ORIENTED_EDGE ( 'NONE', *, *, #5, .T. ) ;
#699 = DIRECTION ( 'NONE',  ( 0.000000000000000000, 0.000000000000000000, 1.000000000000000000 ) ) ;
#700 = EDGE_CURVE ( 'NONE', #1382, #2158, #1911, .T. ) ;
#701 = CARTESIAN_POINT ( 'NONE',  ( -3.937311631732356432, 1.884851084266718546, -0.6200000000000001066 ) ) ;
#702 = EDGE_CURVE ( 'NONE', #845, #2406, #340, .T. ) ;
#703 = ORIENTED_EDGE ( 'NONE', *, *, #2779, .F. ) ;
#704 = PLANE ( 'NONE',  #1049 ) ;
#705 = UNCERTAINTY_MEASURE_WITH_UNIT (LENGTH_MEASURE( 1.000000000000000082E-05 ), #646, 'distance_accuracy_value', 'NONE');
#706 = EDGE_LOOP ( 'NONE', ( #6, #1183, #2494, #1039, #201, #2696 ) ) ;
#707 = PLANE ( 'NONE',  #2434 ) ;
#708 = LINE ( 'NONE', #2023, #1646 ) ;
#709 = ORIENTED_EDGE ( 'NONE', *, *, #2574, .F. ) ;
#710 = CARTESIAN_POINT ( 'NONE',  ( -3.000540018403254905, 3.899999999999999911, -2.040540018403254940 ) ) ;
#711 = CARTESIAN_POINT ( 'NONE',  ( -2.349999999999999645, 3.849999999999999645, -1.389999999999999680 ) ) ;
#713 = CARTESIAN_POINT ( 'NONE',  ( -3.000540018403254017, 0.09999999999999982514, -0.000000000000000000 ) ) ;
#712 = VECTOR ( 'NONE', #1012, 1000.000000000000000 ) ;
#714 = VERTEX_POINT ( 'NONE', #526 ) ;
#715 = DIRECTION ( 'NONE',  ( 1.000000000000000000, 2.710505431213766015E-16, 0.000000000000000000 ) ) ;
#716 = EDGE_CURVE ( 'NONE', #112, #2731, #1429, .T. ) ;
#717 = VECTOR ( 'NONE', #431, 1000.000000000000000 ) ;
#718 = ORIENTED_EDGE ( 'NONE', *, *, #541, .T. ) ;
#719 = LINE ( 'NONE', #2304, #2623 ) ;
#720 = AXIS2_PLACEMENT_3D ( 'NONE', #2058, #1115, #921 ) ;
#721 = CARTESIAN_POINT ( 'NONE',  ( -2.349999999999999645, 3.849999999999999645, -1.389999999999999680 ) ) ;
#722 = ORIENTED_EDGE ( 'NONE', *, *, #1273, .F. ) ;
#723 = FACE_OUTER_BOUND ( 'NONE', #110, .T. ) ;
#724 = VERTEX_POINT ( 'NONE', #1851 ) ;
#725 = MECHANICAL_DESIGN_GEOMETRIC_PRESENTATION_REPRESENTATION (  '', ( #1327 ), #1708 ) ;
#726 = AXIS2_PLACEMENT_3D ( 'NONE', #2838, #2423, #856 ) ;
#727 = DIRECTION ( 'NONE',  ( 0.000000000000000000, 0.000000000000000000, -1.000000000000000000 ) ) ;
#728 = ORIENTED_EDGE ( 'NONE', *, *, #1837, .F. ) ;
#729 = LINE ( 'NONE', #1413, #2256 ) ;
#730 = VECTOR ( 'NONE', #946, 1000.000000000000000 ) ;
#731 = EDGE_CURVE ( 'NONE', #1870, #1783, #2789, .T. ) ;
#732 = VERTEX_POINT ( 'NONE', #2281 ) ;
#733 = LINE ( 'NONE', #1154, #1289 ) ;
#734 = DIRECTION ( 'NONE',  ( -0.000000000000000000, -1.000000000000000000, -0.000000000000000000 ) ) ;
#735 = VERTEX_POINT ( 'NONE', #784 ) ;
#736 = LINE ( 'NONE', #521, #2707 ) ;
#737 = DIRECTION ( 'NONE',  ( -1.000000000000000000, 0.000000000000000000, 0.000000000000000000 ) ) ;
#738 = VERTEX_POINT ( 'NONE', #120 ) ;
#739 = LINE ( 'NONE', #2106, #451 ) ;
#740 = EDGE_CURVE ( 'NONE', #1758, #579, #1204, .T. ) ;
#741 = VERTEX_POINT ( 'NONE', #2095 ) ;
#742 = CARTESIAN_POINT ( 'NONE',  ( 4.549999999999999822, 0.2499999999999169553, -1.920000000000000151 ) ) ;
#743 = CYLINDRICAL_SURFACE ( 'NONE', #2521, 0.09999999999999939493 ) ;
#744 = ORIENTED_EDGE ( 'NONE', *, *, #2453, .F. ) ;
#745 = PLANE ( 'NONE',  #953 ) ;
#746 = EDGE_LOOP ( 'NONE', ( #1639, #2795, #193, #691, #2300, #1832 ) ) ;
#747 = DIRECTION ( 'NONE',  ( -0.000000000000000000, -0.000000000000000000, -1.000000000000000000 ) ) ;
#748 = CARTESIAN_POINT ( 'NONE',  ( -5.150000000000000355, 0.2499999999999169553, 0.8200000000000000622 ) ) ;
#749 = ORIENTED_EDGE ( 'NONE', *, *, #2761, .T. ) ;
#750 = ORIENTED_EDGE ( 'NONE', *, *, #716, .F. ) ;
#751 = EDGE_CURVE ( 'NONE', #67, #2410, #2065, .T. ) ;
#752 = EDGE_LOOP ( 'NONE', ( #2130, #2340, #378, #1202 ) ) ;
#753 = PLANE ( 'NONE',  #63 ) ;
#754 = EDGE_CURVE ( 'NONE', #496, #1893, #137, .T. ) ;
#755 = DIRECTION ( 'NONE',  ( 0.000000000000000000, 0.000000000000000000, -1.000000000000000000 ) ) ;
#756 = VERTEX_POINT ( 'NONE', #354 ) ;
#757 = AXIS2_PLACEMENT_3D ( 'NONE', #1983, #2853, #2799 ) ;
#758 = ORIENTED_EDGE ( 'NONE', *, *, #807, .T. ) ;
#759 = CARTESIAN_POINT ( 'NONE',  ( 4.549999999999999822, 0.2499999999999169553, -0.6200000000000001066 ) ) ;
#760 = PLANE ( 'NONE',  #1849 ) ;
#761 = CIRCLE ( 'NONE', #69, 0.1999999999999999833 ) ;
#762 = ORIENTED_EDGE ( 'NONE', *, *, #2755, .T. ) ;
#763 = CARTESIAN_POINT ( 'NONE',  ( -3.000540018403254905, 3.899999999999999911, -0.000000000000000000 ) ) ;
#764 = ORIENTED_EDGE ( 'NONE', *, *, #1650, .T. ) ;
#765 = DIRECTION ( 'NONE',  ( -0.1378445374916257293, 0.9808148484639899189, 0.1378445374916257293 ) ) ;
#766 = VERTEX_POINT ( 'NONE', #2759 ) ;
#767 = ADVANCED_FACE ( 'NONE', ( #1015, #1174 ), #73, .F. ) ;
#768 = LINE ( 'NONE', #713, #444 ) ;
#769 = COLOUR_RGB ( '',0.7921568627450980005, 0.8196078431372548767, 0.9333333333333333481 ) ;
#770 = DIRECTION ( 'NONE',  ( -0.000000000000000000, -1.000000000000000000, 0.000000000000000000 ) ) ;
#771 = ORIENTED_EDGE ( 'NONE', *, *, #2173, .T. ) ;
#772 = FACE_OUTER_BOUND ( 'NONE', #2220, .T. ) ;
#773 = AXIS2_PLACEMENT_3D ( 'NONE', #546, #2639, #2869 ) ;
#774 = ORIENTED_EDGE ( 'NONE', *, *, #1087, .F. ) ;
#775 = STYLED_ITEM ( 'NONE', ( #859 ), #1250 ) ;
#776 = CIRCLE ( 'NONE', #272, 0.09999999999999939493 ) ;
#777 = LINE ( 'NONE', #1499, #1150 ) ;
#778 = LINE ( 'NONE', #1675, #1427 ) ;
#779 = VERTEX_POINT ( 'NONE', #2316 ) ;
#780 = VERTEX_POINT ( 'NONE', #2082 ) ;
#781 = CARTESIAN_POINT ( 'NONE',  ( -2.844110840286397934, 1.049958695046714796, -1.651000000000000245 ) ) ;
#782 = VERTEX_POINT ( 'NONE', #90 ) ;
#783 = DIRECTION ( 'NONE',  ( 0.000000000000000000, 0.000000000000000000, -1.000000000000000000 ) ) ;
#784 = CARTESIAN_POINT ( 'NONE',  ( 3.250000000000000000, 2.124999999999960032, -2.290000000000000036 ) ) ;
#785 = ORIENTED_EDGE ( 'NONE', *, *, #1917, .F. ) ;
#786 = DIRECTION ( 'NONE',  ( -1.807003620809174878E-16, -1.000000000000000000, -0.000000000000000000 ) ) ;
#787 = EDGE_CURVE ( 'NONE', #2809, #1870, #971, .T. ) ;
#788 = DIRECTION ( 'NONE',  ( 0.000000000000000000, 0.000000000000000000, -1.000000000000000000 ) ) ;
#789 = CARTESIAN_POINT ( 'NONE',  ( -3.841053493385875317, 1.379511947846842723, 1.651000000000000245 ) ) ;
#790 = FACE_OUTER_BOUND ( 'NONE', #934, .T. ) ;
#791 = EDGE_CURVE ( 'NONE', #780, #496, #2371, .T. ) ;
#792 = ORIENTED_EDGE ( 'NONE', *, *, #94, .T. ) ;
#793 = CARTESIAN_POINT ( 'NONE',  ( -3.937311631732356432, 1.884851084266718546, 0.6200000000000001066 ) ) ;
#794 = ORIENTED_EDGE ( 'NONE', *, *, #577, .F. ) ;
#795 = FILL_AREA_STYLE_COLOUR ( '', #2160 ) ;
#796 = VERTEX_POINT ( 'NONE', #1746 ) ;
#797 = DIRECTION ( 'NONE',  ( -1.000000000000000000, 0.000000000000000000, 0.000000000000000000 ) ) ;
#798 = CARTESIAN_POINT ( 'NONE',  ( -3.841053493385875317, 1.379511947846842501, 1.920000000000000151 ) ) ;
#799 = DIRECTION ( 'NONE',  ( 1.000000000000000000, 6.108225748291434401E-16, 0.000000000000000000 ) ) ;
#800 = ORIENTED_EDGE ( 'NONE', *, *, #548, .T. ) ;
#801 = VERTEX_POINT ( 'NONE', #394 ) ;
#802 = ADVANCED_FACE ( 'NONE', ( #2582 ), #842, .F. ) ;
#803 = DIRECTION ( 'NONE',  ( 0.000000000000000000, 1.000000000000000000, 0.000000000000000000 ) ) ;
#804 = CARTESIAN_POINT ( 'NONE',  ( 5.150000000000000355, 0.2499999999999168443, -1.719999999999999973 ) ) ;
#805 = DIRECTION ( 'NONE',  ( 1.000000000000000000, 0.000000000000000000, 0.000000000000000000 ) ) ;
#806 = ORIENTED_EDGE ( 'NONE', *, *, #613, .F. ) ;
#807 = EDGE_CURVE ( 'NONE', #1761, #732, #2190, .T. ) ;
#808 = VECTOR ( 'NONE', #1601, 1000.000000000000000 ) ;
#809 = DIRECTION ( 'NONE',  ( -0.000000000000000000, 1.000000000000000000, -0.000000000000000000 ) ) ;
#810 = CIRCLE ( 'NONE', #1175, 0.09999999999999939493 ) ;
#811 = SURFACE_STYLE_USAGE ( .BOTH. , #585 ) ;
#812 = LINE ( 'NONE', #907, #1460 ) ;
#813 = DIRECTION ( 'NONE',  ( 0.000000000000000000, 0.000000000000000000, -1.000000000000000000 ) ) ;
#814 = CARTESIAN_POINT ( 'NONE',  ( -3.162974886355436333, 1.255784141286458544, -2.202974886355436368 ) ) ;
#815 = VECTOR ( 'NONE', #2265, 1000.000000000000000 ) ;
#816 = VECTOR ( 'NONE', #483, 1000.000000000000000 ) ;
#817 = CARTESIAN_POINT ( 'NONE',  ( 4.549999999999999822, 0.3499999999999169886, -0.6200000000000001066 ) ) ;
#818 = PLANE ( 'NONE',  #1714 ) ;
#819 = VECTOR ( 'NONE', #805, 1000.000000000000000 ) ;
#820 = ADVANCED_FACE ( 'NONE', ( #2593 ), #382, .F. ) ;
#821 = CIRCLE ( 'NONE', #1991, 0.2000000000000000944 ) ;
#822 = ORIENTED_EDGE ( 'NONE', *, *, #2388, .T. ) ;
#823 = DIRECTION ( 'NONE',  ( -1.000000000000000000, 0.000000000000000000, 0.000000000000000000 ) ) ;
#824 = AXIS2_PLACEMENT_3D ( 'NONE', #1355, #1973, #2608 ) ;
#825 = EDGE_CURVE ( 'NONE', #1179, #2731, #616, .T. ) ;
#826 = CARTESIAN_POINT ( 'NONE',  ( 3.250000000000000000, 0.09999999999999982514, 2.290000000000000036 ) ) ;
#827 = ORIENTED_EDGE ( 'NONE', *, *, #2506, .T. ) ;
#828 =( LENGTH_UNIT ( ) NAMED_UNIT ( * ) SI_UNIT ( .MILLI., .METRE. ) );
#829 = CARTESIAN_POINT ( 'NONE',  ( 3.250000000000000000, 2.124999999999960032, 0.6200000000000001066 ) ) ;
#830 = CARTESIAN_POINT ( 'NONE',  ( 3.250000000000000000, 1.875000000000043299, -2.290000000000000036 ) ) ;
#831 = EDGE_CURVE ( 'NONE', #1761, #1790, #2147, .T. ) ;
#832 = LINE ( 'NONE', #2851, #215 ) ;
#833 = LINE ( 'NONE', #2137, #2342 ) ;
#834 = CARTESIAN_POINT ( 'NONE',  ( 4.549999999999999822, 0.3499999999999169886, 0.6200000000000001066 ) ) ;
#835 = DIRECTION ( 'NONE',  ( -1.000000000000000000, 0.000000000000000000, 0.000000000000000000 ) ) ;
#836 = DIRECTION ( 'NONE',  ( -0.000000000000000000, -0.000000000000000000, 1.000000000000000000 ) ) ;
#837 = VERTEX_POINT ( 'NONE', #1920 ) ;
#838 = DIRECTION ( 'NONE',  ( 0.3138602407620023071, 0.9494691934280005130, 0.000000000000000000 ) ) ;
#839 = EDGE_LOOP ( 'NONE', ( #1725, #20, #2009, #2179 ) ) ;
#840 = EDGE_CURVE ( 'NONE', #416, #520, #869, .T. ) ;
#841 = PLANE ( 'NONE',  #910 ) ;
#842 = PLANE ( 'NONE',  #1417 ) ;
#843 = ORIENTED_EDGE ( 'NONE', *, *, #2545, .T. ) ;
#844 = FACE_OUTER_BOUND ( 'NONE', #1422, .T. ) ;
#845 = VERTEX_POINT ( 'NONE', #1028 ) ;
#846 = CARTESIAN_POINT ( 'NONE',  ( -2.349999999999999645, 3.849999999999999645, -1.389999999999999680 ) ) ;
#847 = VECTOR ( 'NONE', #280, 1000.000000000000114 ) ;
#848 = DIRECTION ( 'NONE',  ( 1.807003620809174878E-16, -1.000000000000000000, 0.000000000000000000 ) ) ;
#849 = AXIS2_PLACEMENT_3D ( 'NONE', #701, #1591, #1368 ) ;
#850 = ADVANCED_FACE ( 'NONE', ( #2827 ), #1496, .F. ) ;
#851 = DIRECTION ( 'NONE',  ( -1.000000000000000000, 1.807003620809174632E-16, -0.000000000000000000 ) ) ;
#852 = DIRECTION ( 'NONE',  ( -0.1378445374916258404, -0.9808148484639899189, -0.1378445374916258404 ) ) ;
#853 = CARTESIAN_POINT ( 'NONE',  ( -4.549999999999999822, 0.2499999999999169553, -1.920000000000000151 ) ) ;
#854 =( GEOMETRIC_REPRESENTATION_CONTEXT ( 3 ) GLOBAL_UNCERTAINTY_ASSIGNED_CONTEXT ( ( #1375 ) ) GLOBAL_UNIT_ASSIGNED_CONTEXT ( ( #828, #1933, #2810 ) ) REPRESENTATION_CONTEXT ( 'NONE', 'WORKASPACE' ) );
#855 = ORIENTED_EDGE ( 'NONE', *, *, #1532, .F. ) ;
#856 = DIRECTION ( 'NONE',  ( 0.000000000000000000, 0.000000000000000000, 1.000000000000000000 ) ) ;
#857 = LINE ( 'NONE', #1342, #1833 ) ;
#858 = CARTESIAN_POINT ( 'NONE',  ( -4.549999999999999822, 0.000000000000000000, -1.920000000000000151 ) ) ;
#859 = PRESENTATION_STYLE_ASSIGNMENT (( #1957 ) ) ;
#860 = ORIENTED_EDGE ( 'NONE', *, *, #98, .F. ) ;
#861 = DIRECTION ( 'NONE',  ( -0.9494691934280005130, 0.3138602407620023071, 0.000000000000000000 ) ) ;
#862 = VECTOR ( 'NONE', #1123, 1000.000000000000114 ) ;
#863 = VECTOR ( 'NONE', #1949, 1000.000000000000114 ) ;
#864 = CARTESIAN_POINT ( 'NONE',  ( -3.604997414032633518, 1.775000000000043432, -1.651000000000000245 ) ) ;
#865 = ORIENTED_EDGE ( 'NONE', *, *, #152, .T. ) ;
#866 = DIRECTION ( 'NONE',  ( -1.000000000000000000, 0.000000000000000000, 0.000000000000000000 ) ) ;
#867 = VECTOR ( 'NONE', #2548, 1000.000000000000000 ) ;
#868 = VECTOR ( 'NONE', #2498, 1000.000000000000000 ) ;
#869 = LINE ( 'NONE', #1476, #621 ) ;
#870 = EDGE_LOOP ( 'NONE', ( #1061, #500, #1615, #918 ) ) ;
#871 = CARTESIAN_POINT ( 'NONE',  ( -4.549999999999999822, 0.000000000000000000, -0.6200000000000001066 ) ) ;
#872 = FACE_OUTER_BOUND ( 'NONE', #1773, .T. ) ;
#873 = CARTESIAN_POINT ( 'NONE',  ( 4.549999999999999822, 0.3499999999999169886, -0.6200000000000001066 ) ) ;
#874 = LINE ( 'NONE', #1813, #1989 ) ;
#875 = ADVANCED_FACE ( 'NONE', ( #1528 ), #2813, .F. ) ;
#876 = VERTEX_POINT ( 'NONE', #2409 ) ;
#877 = ORIENTED_EDGE ( 'NONE', *, *, #2457, .T. ) ;
#878 = EDGE_CURVE ( 'NONE', #366, #940, #833, .T. ) ;
#879 = DIRECTION ( 'NONE',  ( -1.000000000000000000, -1.807003620809174632E-16, -0.000000000000000000 ) ) ;
#880 =( LENGTH_UNIT ( ) NAMED_UNIT ( * ) SI_UNIT ( .MILLI., .METRE. ) );
#881 = CARTESIAN_POINT ( 'NONE',  ( -3.000540018403254905, 3.899999999999999911, 2.040540018403254940 ) ) ;
#882 = ORIENTED_EDGE ( 'NONE', *, *, #2647, .T. ) ;
#883 = FACE_OUTER_BOUND ( 'NONE', #1454, .T. ) ;
#884 = CARTESIAN_POINT ( 'NONE',  ( -4.950000000000000178, 0.2499999999999168998, -1.719999999999999973 ) ) ;
#885 = CARTESIAN_POINT ( 'NONE',  ( -5.150000000000000355, 0.000000000000000000, -1.719999999999999973 ) ) ;
#886 = EDGE_CURVE ( 'NONE', #600, #2684, #892, .T. ) ;
#887 = ORIENTED_EDGE ( 'NONE', *, *, #1409, .T. ) ;
#888 = ADVANCED_FACE ( 'NONE', ( #1251 ), #160, .F. ) ;
#889 = FACE_OUTER_BOUND ( 'NONE', #2428, .T. ) ;
#890 = CARTESIAN_POINT ( 'NONE',  ( -3.000540018403254017, 0.09999999999999982514, -2.040540018403254052 ) ) ;
#891 = CARTESIAN_POINT ( 'NONE',  ( 4.950000000000000178, 0.2499999999999168998, 0.6200000000000001066 ) ) ;
#892 = CIRCLE ( 'NONE', #1133, 0.09999999999999939493 ) ;
#893 = ORIENTED_EDGE ( 'NONE', *, *, #1750, .T. ) ;
#894 = DIRECTION ( 'NONE',  ( -1.000000000000000000, 6.108225748291434401E-16, 0.000000000000000000 ) ) ;
#895 = VECTOR ( 'NONE', #1744, 1000.000000000000000 ) ;
#896 = CARTESIAN_POINT ( 'NONE',  ( -3.604997414032633518, 1.775000000000043432, -1.920000000000000151 ) ) ;
#897 = VECTOR ( 'NONE', #981, 1000.000000000000000 ) ;
#898 = CARTESIAN_POINT ( 'NONE',  ( -2.349999999999999645, 3.899999999999999911, -1.389999999999999680 ) ) ;
#899 = CARTESIAN_POINT ( 'NONE',  ( -4.078420791742798812, 1.457977008037317779, -1.651000000000000245 ) ) ;
#900 = CARTESIAN_POINT ( 'NONE',  ( -3.250000000000004441, 2.124999999999962252, 1.651000000000000245 ) ) ;
#901 = VECTOR ( 'NONE', #1397, 1000.000000000000000 ) ;
#902 = ORIENTED_EDGE ( 'NONE', *, *, #1718, .T. ) ;
#903 = ADVANCED_FACE ( 'NONE', ( #192 ), #624, .F. ) ;
#904 = AXIS2_PLACEMENT_3D ( 'NONE', #55, #727, #1994 ) ;
#905 = EDGE_LOOP ( 'NONE', ( #992, #1634, #774, #1339 ) ) ;
#906 = CYLINDRICAL_SURFACE ( 'NONE', #720, 0.3499999999999185429 ) ;
#907 = CARTESIAN_POINT ( 'NONE',  ( 4.217685782300279129, 0.2401489157332422075, 1.651000000000000023 ) ) ;
#908 = EDGE_CURVE ( 'NONE', #1157, #845, #1967, .T. ) ;
#909 = ADVANCED_FACE ( 'NONE', ( #1265 ), #2146, .F. ) ;
#910 = AXIS2_PLACEMENT_3D ( 'NONE', #2176, #1808, #922 ) ;
#911 = ORIENTED_EDGE ( 'NONE', *, *, #2241, .T. ) ;
#912 = VECTOR ( 'NONE', #1903, 1000.000000000000000 ) ;
#913 = CIRCLE ( 'NONE', #462, 0.3499999999999185429 ) ;
#914 = CYLINDRICAL_SURFACE ( 'NONE', #1921, 0.2000000000000000944 ) ;
#915 = ADVANCED_FACE ( 'NONE', ( #460 ), #1161, .F. ) ;
#916 = DIRECTION ( 'NONE',  ( 0.3138602407620030288, 0.9494691934280004020, 0.000000000000000000 ) ) ;
#917 = CARTESIAN_POINT ( 'NONE',  ( 3.250000000000000000, 0.09999999999999982514, 2.290000000000000036 ) ) ;
#918 = ORIENTED_EDGE ( 'NONE', *, *, #2626, .T. ) ;
#919 = CARTESIAN_POINT ( 'NONE',  ( 4.549999999999999822, 0.3499999999999169886, 0.6200000000000001066 ) ) ;
#920 = ORIENTED_EDGE ( 'NONE', *, *, #2485, .T. ) ;
#921 = DIRECTION ( 'NONE',  ( -1.000000000000000000, 0.000000000000000000, 0.000000000000000000 ) ) ;
#922 = DIRECTION ( 'NONE',  ( -1.000000000000000000, -6.108225748291434401E-16, -0.000000000000000000 ) ) ;
#923 = ORIENTED_EDGE ( 'NONE', *, *, #369, .T. ) ;
#924 = EDGE_CURVE ( 'NONE', #954, #198, #2474, .T. ) ;
#925 = CARTESIAN_POINT ( 'NONE',  ( 4.455053080657200404, 0.3186139759237169855, 0.6200000000000001066 ) ) ;
#926 = ADVANCED_FACE ( 'NONE', ( #1577 ), #1119, .T. ) ;
#927 =( NAMED_UNIT ( * ) SI_UNIT ( $, .STERADIAN. ) SOLID_ANGLE_UNIT ( ) );
#928 = ORIENTED_EDGE ( 'NONE', *, *, #831, .F. ) ;
#929 = EDGE_LOOP ( 'NONE', ( #2646, #2861, #1451, #167 ) ) ;
#930 = CARTESIAN_POINT ( 'NONE',  ( 3.604997414032633074, 2.124999999999961808, 1.651000000000000023 ) ) ;
#931 = VERTEX_POINT ( 'NONE', #2013 ) ;
#932 = DIRECTION ( 'NONE',  ( -0.000000000000000000, 0.000000000000000000, -1.000000000000000000 ) ) ;
#933 = FACE_OUTER_BOUND ( 'NONE', #1442, .T. ) ;
#934 = EDGE_LOOP ( 'NONE', ( #1092, #744, #1167, #349 ) ) ;
#935 = ORIENTED_EDGE ( 'NONE', *, *, #1682, .F. ) ;
#936 = EDGE_CURVE ( 'NONE', #2083, #1391, #497, .T. ) ;
#937 = FACE_OUTER_BOUND ( 'NONE', #1055, .T. ) ;
#939 = CARTESIAN_POINT ( 'NONE',  ( -3.250000000000000000, 2.124999999999960032, 2.290000000000000036 ) ) ;
#938 = VECTOR ( 'NONE', #2467, 1000.000000000000000 ) ;
#940 = VERTEX_POINT ( 'NONE', #1385 ) ;
#941 = LINE ( 'NONE', #2469, #1142 ) ;
#942 = PLANE ( 'NONE',  #359 ) ;
#943 =( NAMED_UNIT ( * ) PLANE_ANGLE_UNIT ( ) SI_UNIT ( $, .RADIAN. ) );
#944 = CIRCLE ( 'NONE', #2570, 0.2000000000000000944 ) ;
#945 = VERTEX_POINT ( 'NONE', #2636 ) ;
#946 = DIRECTION ( 'NONE',  ( -1.000000000000000000, 0.000000000000000000, 0.000000000000000000 ) ) ;
#947 = VECTOR ( 'NONE', #1861, 1000.000000000000000 ) ;
#948 = EDGE_CURVE ( 'NONE', #2621, #377, #1501, .T. ) ;
#949 = EDGE_LOOP ( 'NONE', ( #1369, #2389, #2257, #855, #1931, #2681, #2716, #1104 ) ) ;
#950 = DIRECTION ( 'NONE',  ( 0.000000000000000000, 0.000000000000000000, -1.000000000000000000 ) ) ;
#951 =( LENGTH_UNIT ( ) NAMED_UNIT ( * ) SI_UNIT ( .MILLI., .METRE. ) );
#952 = ORIENTED_EDGE ( 'NONE', *, *, #1083, .F. ) ;
#953 = AXIS2_PLACEMENT_3D ( 'NONE', #2509, #314, #92 ) ;
#954 = VERTEX_POINT ( 'NONE', #2670 ) ;
#955 = AXIS2_PLACEMENT_3D ( 'NONE', #1419, #2721, #2308 ) ;
#956 = VECTOR ( 'NONE', #734, 1000.000000000000000 ) ;
#957 = CARTESIAN_POINT ( 'NONE',  ( 0.000000000000000000, 3.899999999999999911, 0.000000000000000000 ) ) ;
#958 = VERTEX_POINT ( 'NONE', #710 ) ;
#959 = CARTESIAN_POINT ( 'NONE',  ( 3.250000000000000000, 2.124999999999960032, -0.6200000000000001066 ) ) ;
#960 = CIRCLE ( 'NONE', #1520, 0.09999999999999939493 ) ;
#961 = ORIENTED_EDGE ( 'NONE', *, *, #1672, .F. ) ;
#962 = EDGE_CURVE ( 'NONE', #2363, #1074, #2421, .T. ) ;
#963 = CARTESIAN_POINT ( 'NONE',  ( -4.549999999999999822, 0.3499999999999169886, -0.6200000000000001066 ) ) ;
#964 = LINE ( 'NONE', #2071, #956 ) ;
#965 = ORIENTED_EDGE ( 'NONE', *, *, #2157, .F. ) ;
#966 = ADVANCED_FACE ( 'NONE', ( #2026 ), #914, .T. ) ;
#967 = CARTESIAN_POINT ( 'NONE',  ( -4.549999999999999822, 0.2499999999999173994, -1.920000000000000151 ) ) ;
#968 = ORIENTED_EDGE ( 'NONE', *, *, #154, .T. ) ;
#969 = CARTESIAN_POINT ( 'NONE',  ( -3.699944333375432937, 1.806386024076243491, 0.6200000000000001066 ) ) ;
#970 = ORIENTED_EDGE ( 'NONE', *, *, #247, .T. ) ;
#971 = LINE ( 'NONE', #1867, #2298 ) ;
#972 = ORIENTED_EDGE ( 'NONE', *, *, #191, .T. ) ;
#973 = LINE ( 'NONE', #2742, #2765 ) ;
#974 = EDGE_LOOP ( 'NONE', ( #503, #284, #647, #771 ) ) ;
#975 = FACE_OUTER_BOUND ( 'NONE', #752, .T. ) ;
#976 = DIRECTION ( 'NONE',  ( -0.000000000000000000, -0.000000000000000000, 1.000000000000000000 ) ) ;
#977 = EDGE_CURVE ( 'NONE', #2158, #876, #1810, .T. ) ;
#978 = ORIENTED_EDGE ( 'NONE', *, *, #962, .F. ) ;
#979 = EDGE_LOOP ( 'NONE', ( #2191, #1826, #1765, #294 ) ) ;
#980 = ORIENTED_EDGE ( 'NONE', *, *, #2073, .T. ) ;
#981 = DIRECTION ( 'NONE',  ( 1.000000000000000000, 0.000000000000000000, 0.000000000000000000 ) ) ;
#982 = EDGE_LOOP ( 'NONE', ( #1506, #1246, #51, #677, #435, #1134 ) ) ;
#983 = DIRECTION ( 'NONE',  ( 1.000000000000000000, 0.000000000000000000, 0.000000000000000000 ) ) ;
#984 = VECTOR ( 'NONE', #1486, 1000.000000000000000 ) ;
#985 = ORIENTED_EDGE ( 'NONE', *, *, #1037, .F. ) ;
#986 = CARTESIAN_POINT ( 'NONE',  ( -3.699944333375433381, 1.806386024076243491, -1.651000000000000245 ) ) ;
#987 = CARTESIAN_POINT ( 'NONE',  ( -3.250000000000000000, 1.875000000000043299, 1.651000000000000245 ) ) ;
#988 = VECTOR ( 'NONE', #2193, 1000.000000000000000 ) ;
#989 = VECTOR ( 'NONE', #695, 1000.000000000000000 ) ;
#990 = VERTEX_POINT ( 'NONE', #881 ) ;
#991 = CARTESIAN_POINT ( 'NONE',  ( 4.078420791742800589, 1.457977008037318223, 1.920000000000000151 ) ) ;
#992 = ORIENTED_EDGE ( 'NONE', *, *, #1953, .T. ) ;
#993 =( NAMED_UNIT ( * ) SI_UNIT ( $, .STERADIAN. ) SOLID_ANGLE_UNIT ( ) );
#994 = DIRECTION ( 'NONE',  ( 0.000000000000000000, 1.000000000000000000, 0.000000000000000000 ) ) ;
#995 = ORIENTED_EDGE ( 'NONE', *, *, #492, .F. ) ;
#996 = CARTESIAN_POINT ( 'NONE',  ( 4.950000000000000178, 0.000000000000000000, 1.719999999999999973 ) ) ;
#997 = ADVANCED_FACE ( 'NONE', ( #485 ), #1544, .F. ) ;
#998 = AXIS2_PLACEMENT_3D ( 'NONE', #781, #88, #1679 ) ;
#999 = AXIS2_PLACEMENT_3D ( 'NONE', #2533, #111, #2770 ) ;
#1000 = LINE ( 'NONE', #1669, #897 ) ;
#1001 = EDGE_CURVE ( 'NONE', #2435, #1521, #2268, .T. ) ;
#1002 = DIRECTION ( 'NONE',  ( -0.3138602407620023071, -0.9494691934280005130, -0.000000000000000000 ) ) ;
#1003 = ORIENTED_EDGE ( 'NONE', *, *, #1464, .T. ) ;
#1004 = VECTOR ( 'NONE', #2056, 1000.000000000000000 ) ;
#1005 = CARTESIAN_POINT ( 'NONE',  ( -4.950000000000000178, 0.000000000000000000, -0.6200000000000001066 ) ) ;
#1006 = CARTESIAN_POINT ( 'NONE',  ( -5.150000000000000355, 0.2499999999999169553, -0.8200000000000000622 ) ) ;
#1007 = ORIENTED_EDGE ( 'NONE', *, *, #2086, .F. ) ;
#1008 = DIRECTION ( 'NONE',  ( -1.000000000000000000, 0.000000000000000000, 0.000000000000000000 ) ) ;
#1009 = ORIENTED_EDGE ( 'NONE', *, *, #2662, .T. ) ;
#1010 = EDGE_LOOP ( 'NONE', ( #887, #313, #952, #2125 ) ) ;
#1011 = PLANE ( 'NONE',  #2432 ) ;
#1012 = DIRECTION ( 'NONE',  ( 1.000000000000000000, 6.108225748291434401E-16, 0.000000000000000000 ) ) ;
#1013 = DIRECTION ( 'NONE',  ( 0.000000000000000000, 1.000000000000000000, 0.000000000000000000 ) ) ;
#1014 = EDGE_CURVE ( 'NONE', #242, #2202, #268, .T. ) ;
#1015 = FACE_BOUND ( 'NONE', #1349, .T. ) ;
#1016 = DIRECTION ( 'NONE',  ( -6.108225748291434401E-16, 1.000000000000000000, 0.000000000000000000 ) ) ;
#1017 = FACE_OUTER_BOUND ( 'NONE', #2285, .T. ) ;
#1018 = EDGE_CURVE ( 'NONE', #1844, #782, #1340, .T. ) ;
#1019 = CARTESIAN_POINT ( 'NONE',  ( 3.250000000000000000, 2.124999999999960032, 2.290000000000000036 ) ) ;
#1020 = LINE ( 'NONE', #165, #1992 ) ;
#1021 = DIRECTION ( 'NONE',  ( 0.000000000000000000, 0.000000000000000000, 1.000000000000000000 ) ) ;
#1022 = CARTESIAN_POINT ( 'NONE',  ( 3.250000000000000000, 2.124999999999960920, -2.290000000000000036 ) ) ;
#1023 = ORIENTED_EDGE ( 'NONE', *, *, #1130, .T. ) ;
#1024 = DIRECTION ( 'NONE',  ( 1.000000000000000000, -1.807003620809174878E-16, 0.000000000000000000 ) ) ;
#1025 = ORIENTED_EDGE ( 'NONE', *, *, #2544, .T. ) ;
#1026 = ORIENTED_EDGE ( 'NONE', *, *, #2067, .F. ) ;
#1027 = LINE ( 'NONE', #2798, #2293 ) ;
#1028 = CARTESIAN_POINT ( 'NONE',  ( 4.549999999999999822, 0.000000000000000000, 1.920000000000000151 ) ) ;
#1029 = CARTESIAN_POINT ( 'NONE',  ( 5.150000000000000355, 0.2499999999999168443, -0.8200000000000000622 ) ) ;
#1030 = ADVANCED_FACE ( 'NONE', ( #2480 ), #243, .F. ) ;
#1031 = DIRECTION ( 'NONE',  ( 1.000000000000000000, 0.000000000000000000, 0.000000000000000000 ) ) ;
#1032 = ADVANCED_FACE ( 'NONE', ( #2280 ), #753, .F. ) ;
#1033 = VECTOR ( 'NONE', #1694, 1000.000000000000000 ) ;
#1034 = VERTEX_POINT ( 'NONE', #1066 ) ;
#1035 = DIRECTION ( 'NONE',  ( 0.000000000000000000, 0.000000000000000000, -1.000000000000000000 ) ) ;
#1036 = PRESENTATION_LAYER_ASSIGNMENT (  '', '', ( #667 ) ) ;
#1037 = EDGE_CURVE ( 'NONE', #1676, #1924, #612, .T. ) ;
#1038 = VECTOR ( 'NONE', #2730, 1000.000000000000114 ) ;
#1039 = ORIENTED_EDGE ( 'NONE', *, *, #2320, .T. ) ;
#1040 = CARTESIAN_POINT ( 'NONE',  ( -5.150000000000000355, 0.000000000000000000, -0.6200000000000001066 ) ) ;
#1041 = VECTOR ( 'NONE', #852, 1000.000000000000114 ) ;
#1042 = DIRECTION ( 'NONE',  ( -1.000000000000000000, -4.886580598633153832E-15, 0.000000000000000000 ) ) ;
#1043 = PRESENTATION_LAYER_ASSIGNMENT (  '', '', ( #1934 ) ) ;
#1044 = LINE ( 'NONE', #2792, #132 ) ;
#1045 = VECTOR ( 'NONE', #1779, 1000.000000000000000 ) ;
#1046 = PLANE ( 'NONE',  #2622 ) ;
#1047 = CARTESIAN_POINT ( 'NONE',  ( 3.250000000000000000, 2.124999999999960032, 1.651000000000000023 ) ) ;
#1048 = EDGE_CURVE ( 'NONE', #1870, #2567, #2787, .T. ) ;
#1049 = AXIS2_PLACEMENT_3D ( 'NONE', #1194, #2272, #2527 ) ;
#1050 = ORIENTED_EDGE ( 'NONE', *, *, #598, .F. ) ;
#1051 = PLANE ( 'NONE',  #406 ) ;
#1052 = EDGE_LOOP ( 'NONE', ( #1680, #564, #65, #2844, #79, #390, #219, #351 ) ) ;
#1053 = VECTOR ( 'NONE', #632, 999.9999999999998863 ) ;
#1054 = EDGE_CURVE ( 'NONE', #1078, #2410, #1952, .T. ) ;
#1055 = EDGE_LOOP ( 'NONE', ( #430, #2830, #515, #1098 ) ) ;
#1056 = CARTESIAN_POINT ( 'NONE',  ( 5.150000000000000355, 0.000000000000000000, -0.6200000000000001066 ) ) ;
#1057 = CYLINDRICAL_SURFACE ( 'NONE', #1414, 0.09999999999999939493 ) ;
#1058 = DIRECTION ( 'NONE',  ( -1.000000000000000000, 4.886580598633153832E-15, 0.000000000000000000 ) ) ;
#1059 = LINE ( 'NONE', #2192, #269 ) ;
#1060 = LINE ( 'NONE', #1343, #2169 ) ;
#1061 = ORIENTED_EDGE ( 'NONE', *, *, #2358, .F. ) ;
#1062 = CARTESIAN_POINT ( 'NONE',  ( -2.844110840286397934, 1.049958695046714796, 1.651000000000000245 ) ) ;
#1063 = EDGE_CURVE ( 'NONE', #1673, #569, #2825, .T. ) ;
#1064 = ORIENTED_EDGE ( 'NONE', *, *, #1914, .F. ) ;
#1065 = DIRECTION ( 'NONE',  ( 1.000000000000000000, 0.000000000000000000, 0.000000000000000000 ) ) ;
#1066 = CARTESIAN_POINT ( 'NONE',  ( -2.349999999999999645, 3.849999999999999645, -1.789999999999999813 ) ) ;
#1067 = DIRECTION ( 'NONE',  ( 0.000000000000000000, 0.000000000000000000, 1.000000000000000000 ) ) ;
#1068 = DIRECTION ( 'NONE',  ( 0.000000000000000000, 0.000000000000000000, 1.000000000000000000 ) ) ;
#1069 = DIRECTION ( 'NONE',  ( 0.000000000000000000, 1.000000000000000000, 0.000000000000000000 ) ) ;
#1070 = EDGE_LOOP ( 'NONE', ( #709, #2583 ) ) ;
#1071 = CARTESIAN_POINT ( 'NONE',  ( -2.349999999999999645, 3.849999999999999645, -1.389999999999999680 ) ) ;
#1072 = DIRECTION ( 'NONE',  ( 0.000000000000000000, -1.000000000000000000, 0.000000000000000000 ) ) ;
#1073 = FACE_OUTER_BOUND ( 'NONE', #1118, .T. ) ;
#1074 = VERTEX_POINT ( 'NONE', #798 ) ;
#1075 = LINE ( 'NONE', #422, #1662 ) ;
#1076 = DIRECTION ( 'NONE',  ( -0.000000000000000000, -0.000000000000000000, 1.000000000000000000 ) ) ;
#1077 = UNCERTAINTY_MEASURE_WITH_UNIT (LENGTH_MEASURE( 1.000000000000000082E-05 ), #1170, 'distance_accuracy_value', 'NONE');
#1078 = VERTEX_POINT ( 'NONE', #2356 ) ;
#1079 = CARTESIAN_POINT ( 'NONE',  ( -3.250000000000000000, 2.124999999999960920, 2.290000000000000036 ) ) ;
#1080 = DIRECTION ( 'NONE',  ( -0.000000000000000000, -0.000000000000000000, -1.000000000000000000 ) ) ;
#1081 = AXIS2_PLACEMENT_3D ( 'NONE', #1780, #1579, #1987 ) ;
#1082 = CARTESIAN_POINT ( 'NONE',  ( 3.604997414032633518, 1.875000000000043077, 0.6200000000000001066 ) ) ;
#1083 = EDGE_CURVE ( 'NONE', #2350, #756, #1526, .T. ) ;
#1084 = DIRECTION ( 'NONE',  ( 0.000000000000000000, 0.000000000000000000, 1.000000000000000000 ) ) ;
#1085 = LINE ( 'NONE', #853, #1480 ) ;
#1086 = VECTOR ( 'NONE', #1065, 1000.000000000000000 ) ;
#1087 = EDGE_CURVE ( 'NONE', #672, #198, #1249, .T. ) ;
#1088 = FACE_OUTER_BOUND ( 'NONE', #1052, .T. ) ;
#1089 = CARTESIAN_POINT ( 'NONE',  ( -3.604997414032633518, 1.775000000000043432, 0.6200000000000001066 ) ) ;
#1090 = FACE_OUTER_BOUND ( 'NONE', #2733, .T. ) ;
#1091 = FACE_OUTER_BOUND ( 'NONE', #1729, .T. ) ;
#1092 = ORIENTED_EDGE ( 'NONE', *, *, #1837, .T. ) ;
#1093 = DIRECTION ( 'NONE',  ( -0.000000000000000000, -1.000000000000000000, 0.000000000000000000 ) ) ;
#1094 = AXIS2_PLACEMENT_3D ( 'NONE', #487, #58, #715 ) ;
#1095 = AXIS2_PLACEMENT_3D ( 'NONE', #304, #49, #276 ) ;
#1096 = EDGE_LOOP ( 'NONE', ( #2327, #389, #1470, #216 ) ) ;
#1097 = CIRCLE ( 'NONE', #547, 0.1999999999999996503 ) ;
#1098 = ORIENTED_EDGE ( 'NONE', *, *, #331, .F. ) ;
#1099 = PRESENTATION_STYLE_ASSIGNMENT (( #1731 ) ) ;
#1100 = DIRECTION ( 'NONE',  ( -0.000000000000000000, -0.000000000000000000, -1.000000000000000000 ) ) ;
#1101 = VECTOR ( 'NONE', #1223, 1000.000000000000000 ) ;
#1102 = CARTESIAN_POINT ( 'NONE',  ( -3.937311631732356432, 1.884851084266718546, -0.6200000000000001066 ) ) ;
#1103 = DIRECTION ( 'NONE',  ( 1.000000000000000000, 0.000000000000000000, -0.000000000000000000 ) ) ;
#1104 = ORIENTED_EDGE ( 'NONE', *, *, #924, .F. ) ;
#1105 = DIRECTION ( 'NONE',  ( -0.3138602407620030288, 0.9494691934280004020, 0.000000000000000000 ) ) ;
#1106 = EDGE_CURVE ( 'NONE', #277, #416, #812, .T. ) ;
#1107 = CARTESIAN_POINT ( 'NONE',  ( -2.349999999999999645, 3.849999999999999645, -1.389999999999999680 ) ) ;
#1108 = CARTESIAN_POINT ( 'NONE',  ( -3.250000000000000000, 1.875000000000043743, 2.290000000000000036 ) ) ;
#1109 = EDGE_CURVE ( 'NONE', #410, #2043, #1318, .T. ) ;
#1110 = ORIENTED_EDGE ( 'NONE', *, *, #490, .F. ) ;
#1111 = CARTESIAN_POINT ( 'NONE',  ( 3.699944333375433381, 1.806386024076243491, -0.6200000000000001066 ) ) ;
#1112 = CARTESIAN_POINT ( 'NONE',  ( -2.349999999999999645, 3.849999999999999645, -1.789999999999999813 ) ) ;
#1113 = DIRECTION ( 'NONE',  ( 0.000000000000000000, -1.000000000000000000, 0.000000000000000000 ) ) ;
#1114 = VERTEX_POINT ( 'NONE', #12 ) ;
#1115 = DIRECTION ( 'NONE',  ( -0.000000000000000000, -0.000000000000000000, 1.000000000000000000 ) ) ;
#1116 = CARTESIAN_POINT ( 'NONE',  ( -3.604997414032633518, 1.875000000000042855, 0.6200000000000001066 ) ) ;
#1117 = DIRECTION ( 'NONE',  ( 1.000000000000000000, 0.000000000000000000, 0.000000000000000000 ) ) ;
#1118 = EDGE_LOOP ( 'NONE', ( #2754, #122, #2611, #1961 ) ) ;
#1119 = CYLINDRICAL_SURFACE ( 'NONE', #296, 0.2000000000000000944 ) ;
#1120 = PLANE ( 'NONE',  #2675 ) ;
#1121 = DIRECTION ( 'NONE',  ( 0.000000000000000000, 1.000000000000000000, 0.000000000000000000 ) ) ;
#1122 = EDGE_CURVE ( 'NONE', #2142, #2508, #2666, .T. ) ;
#1123 = DIRECTION ( 'NONE',  ( -0.3138602407620023071, 0.9494691934280005130, 0.000000000000000000 ) ) ;
#1124 = DIRECTION ( 'NONE',  ( -1.000000000000000000, 0.000000000000000000, 0.000000000000000000 ) ) ;
#1125 = EDGE_CURVE ( 'NONE', #1717, #2809, #257, .T. ) ;
#1126 = VERTEX_POINT ( 'NONE', #2204 ) ;
#1127 = FACE_OUTER_BOUND ( 'NONE', #360, .T. ) ;
#1128 = DIRECTION ( 'NONE',  ( 0.000000000000000000, 1.000000000000000000, 0.000000000000000000 ) ) ;
#1129 = ORIENTED_EDGE ( 'NONE', *, *, #511, .T. ) ;
#1130 = EDGE_CURVE ( 'NONE', #2461, #1199, #708, .T. ) ;
#1131 = CYLINDRICAL_SURFACE ( 'NONE', #2295, 0.3499999999999172107 ) ;
#1132 = DIRECTION ( 'NONE',  ( -1.000000000000000000, 0.000000000000000000, 0.000000000000000000 ) ) ;
#1133 = AXIS2_PLACEMENT_3D ( 'NONE', #2381, #2396, #2360 ) ;
#1134 = ORIENTED_EDGE ( 'NONE', *, *, #2339, .T. ) ;
#1135 = DIRECTION ( 'NONE',  ( 0.000000000000000000, 0.000000000000000000, -1.000000000000000000 ) ) ;
#1136 = CIRCLE ( 'NONE', #1648, 0.1999999999999996503 ) ;
#1137 = VECTOR ( 'NONE', #2368, 1000.000000000000000 ) ;
#1138 = LINE ( 'NONE', #2028, #2753 ) ;
#1139 = VERTEX_POINT ( 'NONE', #26 ) ;
#1140 = CYLINDRICAL_SURFACE ( 'NONE', #2811, 0.09999999999999939493 ) ;
#1141 = EDGE_CURVE ( 'NONE', #1758, #2435, #72, .T. ) ;
#1142 = VECTOR ( 'NONE', #1387, 1000.000000000000000 ) ;
#1143 = CIRCLE ( 'NONE', #596, 0.3499999999999172107 ) ;
#1144 = LINE ( 'NONE', #303, #2843 ) ;
#1145 = SURFACE_STYLE_USAGE ( .BOTH. , #2035 ) ;
#1146 = VECTOR ( 'NONE', #2016, 1000.000000000000114 ) ;
#1147 = EDGE_CURVE ( 'NONE', #931, #1882, #1351, .T. ) ;
#1148 = ORIENTED_EDGE ( 'NONE', *, *, #2224, .T. ) ;
#1149 = AXIS2_PLACEMENT_3D ( 'NONE', #2746, #1462, #2735 ) ;
#1150 = VECTOR ( 'NONE', #2401, 1000.000000000000000 ) ;
#1151 = CARTESIAN_POINT ( 'NONE',  ( 5.150000000000000355, 0.000000000000000000, -0.6200000000000001066 ) ) ;
#1152 = VERTEX_POINT ( 'NONE', #890 ) ;
#1153 = EDGE_LOOP ( 'NONE', ( #2061, #1909, #1575, #2500, #2403, #1227, #1491, #843 ) ) ;
#1154 = CARTESIAN_POINT ( 'NONE',  ( 3.604997414032633518, 1.875000000000043077, 0.6200000000000001066 ) ) ;
#1155 = PLANE ( 'NONE',  #1743 ) ;
#1156 = DIRECTION ( 'NONE',  ( 3.224393078023805769E-15, -8.060982695059514423E-16, 1.000000000000000000 ) ) ;
#1157 = VERTEX_POINT ( 'NONE', #2437 ) ;
#1158 = EDGE_CURVE ( 'NONE', #2461, #801, #1335, .T. ) ;
#1159 = CARTESIAN_POINT ( 'NONE',  ( 4.217685782300279129, 0.2401489157332422075, -0.6200000000000001066 ) ) ;
#1160 = ORIENTED_EDGE ( 'NONE', *, *, #642, .F. ) ;
#1161 = PLANE ( 'NONE',  #2292 ) ;
#1162 = DIRECTION ( 'NONE',  ( -1.000000000000000000, 0.000000000000000000, 0.000000000000000000 ) ) ;
#1163 = VERTEX_POINT ( 'NONE', #1116 ) ;
#1164 = CARTESIAN_POINT ( 'NONE',  ( -3.250000000000000000, 0.09999999999999982514, 2.290000000000000036 ) ) ;
#1165 = ORIENTED_EDGE ( 'NONE', *, *, #754, .T. ) ;
#1166 = CARTESIAN_POINT ( 'NONE',  ( 3.604997414032633518, 1.775000000000043432, -1.651000000000000023 ) ) ;
#1167 = ORIENTED_EDGE ( 'NONE', *, *, #1550, .F. ) ;
#1168 = DIRECTION ( 'NONE',  ( 0.000000000000000000, 0.000000000000000000, -1.000000000000000000 ) ) ;
#1169 = ORIENTED_EDGE ( 'NONE', *, *, #1213, .T. ) ;
#1170 =( LENGTH_UNIT ( ) NAMED_UNIT ( * ) SI_UNIT ( .MILLI., .METRE. ) );
#1171 = EDGE_LOOP ( 'NONE', ( #2479, #2749, #1110, #2085, #2413, #1023 ) ) ;
#1172 = AXIS2_PLACEMENT_3D ( 'NONE', #2651, #2251, #665 ) ;
#1173 = EDGE_CURVE ( 'NONE', #958, #990, #679, .T. ) ;
#1174 = FACE_OUTER_BOUND ( 'NONE', #1228, .T. ) ;
#1175 = AXIS2_PLACEMENT_3D ( 'NONE', #148, #2052, #1604 ) ;
#1176 = EDGE_LOOP ( 'NONE', ( #2099, #237, #1408, #438 ) ) ;
#1177 = AXIS2_PLACEMENT_3D ( 'NONE', #2180, #788, #2361 ) ;
#1178 = EDGE_CURVE ( 'NONE', #198, #1539, #1598, .T. ) ;
#1179 = VERTEX_POINT ( 'NONE', #1788 ) ;
#1180 = CARTESIAN_POINT ( 'NONE',  ( 3.604997414032633518, 1.875000000000042855, -1.651000000000000023 ) ) ;
#1181 = AXIS2_PLACEMENT_3D ( 'NONE', #1493, #2863, #2824 ) ;
#1182 = FACE_OUTER_BOUND ( 'NONE', #2579, .T. ) ;
#1183 = ORIENTED_EDGE ( 'NONE', *, *, #1018, .F. ) ;
#1184 = LINE ( 'NONE', #2289, #947 ) ;
#1185 = LINE ( 'NONE', #1890, #2212 ) ;
#1186 = EDGE_LOOP ( 'NONE', ( #827, #2769, #2728, #121 ) ) ;
#1187 = ORIENTED_EDGE ( 'NONE', *, *, #1929, .T. ) ;
#1188 = AXIS2_PLACEMENT_3D ( 'NONE', #2402, #786, #1671 ) ;
#1189 = AXIS2_PLACEMENT_3D ( 'NONE', #2178, #2620, #2330 ) ;
#1190 = DIRECTION ( 'NONE',  ( 0.000000000000000000, -0.000000000000000000, -1.000000000000000000 ) ) ;
#1191 = ORIENTED_EDGE ( 'NONE', *, *, #1232, .F. ) ;
#1192 = ADVANCED_FACE ( 'NONE', ( #241 ), #2695, .F. ) ;
#1193 = ORIENTED_EDGE ( 'NONE', *, *, #1807, .F. ) ;
#1194 = CARTESIAN_POINT ( 'NONE',  ( 3.937311631732356432, 1.884851084266718546, -0.6200000000000001066 ) ) ;
#1195 = EDGE_CURVE ( 'NONE', #1377, #2537, #2452, .T. ) ;
#1196 = DIRECTION ( 'NONE',  ( -0.3138602407620023071, -0.9494691934280005130, 0.000000000000000000 ) ) ;
#1197 = ORIENTED_EDGE ( 'NONE', *, *, #2485, .F. ) ;
#1198 =( NAMED_UNIT ( * ) PLANE_ANGLE_UNIT ( ) SI_UNIT ( $, .RADIAN. ) );
#1199 = VERTEX_POINT ( 'NONE', #2233 ) ;
#1200 = LINE ( 'NONE', #1643, #2070 ) ;
#1201 = ORIENTED_EDGE ( 'NONE', *, *, #1732, .F. ) ;
#1202 = ORIENTED_EDGE ( 'NONE', *, *, #1306, .F. ) ;
#1203 = MANIFOLD_SOLID_BREP ( 'Mirror1[1]', #1923 ) ;
#1204 = LINE ( 'NONE', #1647, #2663 ) ;
#1205 = VERTEX_POINT ( 'NONE', #2290 ) ;
#1206 = PLANE ( 'NONE',  #1473 ) ;
#1207 = PLANE ( 'NONE',  #455 ) ;
#1208 = EDGE_CURVE ( 'NONE', #796, #2771, #2668, .T. ) ;
#1209 = ORIENTED_EDGE ( 'NONE', *, *, #2073, .F. ) ;
#1210 = DIRECTION ( 'NONE',  ( 1.000000000000000000, -6.108225748291434401E-16, 0.000000000000000000 ) ) ;
#1211 = CARTESIAN_POINT ( 'NONE',  ( -4.950000000000000178, 0.000000000000000000, 1.719999999999999973 ) ) ;
#1212 = EDGE_CURVE ( 'NONE', #1074, #1739, #336, .T. ) ;
#1213 = EDGE_CURVE ( 'NONE', #410, #537, #358, .T. ) ;
#1214 = ORIENTED_EDGE ( 'NONE', *, *, #1894, .T. ) ;
#1215 = DIRECTION ( 'NONE',  ( -0.000000000000000000, -1.000000000000000000, -0.000000000000000000 ) ) ;
#1216 = ORIENTED_EDGE ( 'NONE', *, *, #316, .F. ) ;
#1217 = ADVANCED_FACE ( 'NONE', ( #86 ), #2059, .T. ) ;
#1218 = ORIENTED_EDGE ( 'NONE', *, *, #787, .F. ) ;
#1219 = FACE_OUTER_BOUND ( 'NONE', #1153, .T. ) ;
#1220 = CARTESIAN_POINT ( 'NONE',  ( 3.250000000000000000, 1.875000000000043299, 0.6200000000000001066 ) ) ;
#1221 = AXIS2_PLACEMENT_3D ( 'NONE', #52, #540, #2557 ) ;
#1222 = ORIENTED_EDGE ( 'NONE', *, *, #700, .T. ) ;
#1223 = DIRECTION ( 'NONE',  ( -0.000000000000000000, -0.000000000000000000, -1.000000000000000000 ) ) ;
#1224 = CARTESIAN_POINT ( 'NONE',  ( 3.604997414032633518, 1.875000000000043077, 0.6200000000000001066 ) ) ;
#1225 = CIRCLE ( 'NONE', #116, 0.3999999999999999667 ) ;
#1226 = AXIS2_PLACEMENT_3D ( 'NONE', #1361, #470, #2247 ) ;
#1227 = ORIENTED_EDGE ( 'NONE', *, *, #2779, .T. ) ;
#1228 = EDGE_LOOP ( 'NONE', ( #404, #2066, #1148, #1003 ) ) ;
#1229 = ADVANCED_FACE ( 'NONE', ( #1862 ), #2748, .T. ) ;
#1230 = VERTEX_POINT ( 'NONE', #509 ) ;
#1231 = DIRECTION ( 'NONE',  ( -1.000000000000000000, -1.807003620809174632E-16, 0.000000000000000000 ) ) ;
#1232 = EDGE_CURVE ( 'NONE', #1912, #347, #1185, .T. ) ;
#1233 = MANIFOLD_SOLID_BREP ( 'Mirror1[2]', #1366 ) ;
#1234 = CIRCLE ( 'NONE', #904, 0.09999999999999939493 ) ;
#1235 = CARTESIAN_POINT ( 'NONE',  ( -3.250000000000000000, 2.124999999999960032, -1.651000000000000245 ) ) ;
#1236 = PLANE ( 'NONE',  #2618 ) ;
#1237 = AXIS2_PLACEMENT_3D ( 'NONE', #2638, #1324, #1105 ) ;
#1238 = ORIENTED_EDGE ( 'NONE', *, *, #2339, .F. ) ;
#1239 = COLOUR_RGB ( '',0.7921568627450980005, 0.8196078431372548767, 0.9333333333333333481 ) ;
#1240 = VECTOR ( 'NONE', #2702, 1000.000000000000000 ) ;
#1241 = CARTESIAN_POINT ( 'NONE',  ( -5.150000000000000355, 0.2499999999999168443, 0.6200000000000001066 ) ) ;
#1242 = DIRECTION ( 'NONE',  ( -0.000000000000000000, 1.000000000000000000, -0.000000000000000000 ) ) ;
#1243 = ORIENTED_EDGE ( 'NONE', *, *, #1608, .T. ) ;
#1244 = LINE ( 'NONE', #1291, #2767 ) ;
#1245 = ORIENTED_EDGE ( 'NONE', *, *, #236, .F. ) ;
#1246 = ORIENTED_EDGE ( 'NONE', *, *, #185, .T. ) ;
#1247 = EDGE_CURVE ( 'NONE', #2684, #1434, #1874, .T. ) ;
#1248 = CARTESIAN_POINT ( 'NONE',  ( -4.549999999999999822, 0.2499999999999169553, -0.6200000000000001066 ) ) ;
#1249 = LINE ( 'NONE', #2135, #2653 ) ;
#1250 = ADVANCED_BREP_SHAPE_REPRESENTATION ( 'EL817S1(A)(TU)-V', ( #2167, #2225, #301, #315, #1203, #1233, #1570 ), #131 ) ;
#1251 = FACE_OUTER_BOUND ( 'NONE', #1440, .T. ) ;
#1252 = FACE_OUTER_BOUND ( 'NONE', #2524, .T. ) ;
#1253 = ADVANCED_FACE ( 'NONE', ( #2311 ), #2104, .T. ) ;
#1254 = LINE ( 'NONE', #1489, #2384 ) ;
#1255 = CARTESIAN_POINT ( 'NONE',  ( -5.150000000000000355, 0.2499999999999168443, -0.6200000000000001066 ) ) ;
#1256 = DIRECTION ( 'NONE',  ( 0.000000000000000000, 1.000000000000000000, 0.000000000000000000 ) ) ;
#1257 = CARTESIAN_POINT ( 'NONE',  ( -2.349999999999999645, 3.899999999999999911, -1.789999999999999813 ) ) ;
#1258 = EDGE_LOOP ( 'NONE', ( #1875, #1899, #1904, #2000 ) ) ;
#1259 = CARTESIAN_POINT ( 'NONE',  ( -3.604997414032633518, 1.775000000000043432, 0.6200000000000001066 ) ) ;
#1260 = EDGE_LOOP ( 'NONE', ( #530, #2450, #1533, #2658, #2797, #1197 ) ) ;
#1261 = UNCERTAINTY_MEASURE_WITH_UNIT (LENGTH_MEASURE( 1.000000000000000082E-05 ), #951, 'distance_accuracy_value', 'NONE');
#1262 = VERTEX_POINT ( 'NONE', #1439 ) ;
#1263 = CYLINDRICAL_SURFACE ( 'NONE', #1884, 0.09999999999999939493 ) ;
#1264 = DIRECTION ( 'NONE',  ( 0.3138602407620030288, 0.9494691934280004020, 0.000000000000000000 ) ) ;
#1265 = FACE_OUTER_BOUND ( 'NONE', #2738, .T. ) ;
#1266 = ORIENTED_EDGE ( 'NONE', *, *, #1970, .T. ) ;
#1267 = CARTESIAN_POINT ( 'NONE',  ( 4.950000000000000178, 0.000000000000000000, 1.920000000000000151 ) ) ;
#1268 = EDGE_CURVE ( 'NONE', #2508, #2377, #168, .T. ) ;
#1269 = DIRECTION ( 'NONE',  ( -4.886580598633153832E-15, -1.000000000000000000, 0.000000000000000000 ) ) ;
#1270 = LINE ( 'NONE', #1942, #174 ) ;
#1271 =( LENGTH_UNIT ( ) NAMED_UNIT ( * ) SI_UNIT ( .MILLI., .METRE. ) );
#1272 = CARTESIAN_POINT ( 'NONE',  ( -3.604997414032633074, 2.124999999999961808, 1.651000000000000245 ) ) ;
#1273 = EDGE_CURVE ( 'NONE', #520, #524, #1405, .T. ) ;
#1274 = VECTOR ( 'NONE', #368, 1000.000000000000000 ) ;
#1275 = ORIENTED_EDGE ( 'NONE', *, *, #2102, .T. ) ;
#1276 = ORIENTED_EDGE ( 'NONE', *, *, #1650, .F. ) ;
#1277 = AXIS2_PLACEMENT_3D ( 'NONE', #1354, #1310, #1752 ) ;
#1278 = CARTESIAN_POINT ( 'NONE',  ( 4.078420791742799700, 1.457977008037318445, -1.651000000000000023 ) ) ;
#1279 = AXIS2_PLACEMENT_3D ( 'NONE', #2600, #848, #1720 ) ;
#1280 = EDGE_LOOP ( 'NONE', ( #806, #2077, #1873, #2021 ) ) ;
#1281 = DIRECTION ( 'NONE',  ( -0.3138602407620030288, 0.9494691934280004020, 0.000000000000000000 ) ) ;
#1282 = AXIS2_PLACEMENT_3D ( 'NONE', #1997, #2864, #1572 ) ;
#1283 = VECTOR ( 'NONE', #2219, 999.9999999999998863 ) ;
#1284 = EDGE_LOOP ( 'NONE', ( #138, #307, #1975, #794, #1415, #2133 ) ) ;
#1285 = ADVANCED_FACE ( 'NONE', ( #933 ), #1830, .T. ) ;
#1286 = DIRECTION ( 'NONE',  ( 0.000000000000000000, 0.1391731009600625235, 0.9902680687415708061 ) ) ;
#1287 = DIRECTION ( 'NONE',  ( 0.000000000000000000, 0.000000000000000000, -1.000000000000000000 ) ) ;
#1288 = AXIS2_PLACEMENT_3D ( 'NONE', #2720, #1021, #344 ) ;
#1289 = VECTOR ( 'NONE', #1210, 1000.000000000000000 ) ;
#1290 = VERTEX_POINT ( 'NONE', #1946 ) ;
#1291 = CARTESIAN_POINT ( 'NONE',  ( 3.250000000000000000, 2.124999999999960032, -0.6200000000000001066 ) ) ;
#1292 = EDGE_LOOP ( 'NONE', ( #1958, #2805, #1906, #273 ) ) ;
#1293 = VERTEX_POINT ( 'NONE', #1905 ) ;
#1294 = DIRECTION ( 'NONE',  ( 1.000000000000000000, 0.000000000000000000, 0.000000000000000000 ) ) ;
#1295 = CARTESIAN_POINT ( 'NONE',  ( -4.950000000000000178, 1.775000000000043432, -0.8200000000000000622 ) ) ;
#1296 = FACE_OUTER_BOUND ( 'NONE', #2199, .T. ) ;
#1297 = DIRECTION ( 'NONE',  ( -1.000000000000000000, 0.000000000000000000, 0.000000000000000000 ) ) ;
#1298 = ORIENTED_EDGE ( 'NONE', *, *, #577, .T. ) ;
#1299 = DIRECTION ( 'NONE',  ( -0.000000000000000000, -1.000000000000000000, -0.000000000000000000 ) ) ;
#1300 = ORIENTED_EDGE ( 'NONE', *, *, #2574, .T. ) ;
#1301 = DIRECTION ( 'NONE',  ( 0.000000000000000000, 0.000000000000000000, 1.000000000000000000 ) ) ;
#1302 = EDGE_CURVE ( 'NONE', #242, #2079, #1466, .T. ) ;
#1303 = ORIENTED_EDGE ( 'NONE', *, *, #2736, .T. ) ;
#1304 = CARTESIAN_POINT ( 'NONE',  ( 3.841053493385875317, 1.379511947846842945, -1.651000000000000023 ) ) ;
#1305 = CARTESIAN_POINT ( 'NONE',  ( 5.150000000000000355, 0.000000000000000000, 0.6200000000000001066 ) ) ;
#1306 = EDGE_CURVE ( 'NONE', #780, #2132, #361, .T. ) ;
#1307 = CARTESIAN_POINT ( 'NONE',  ( -3.604997414032633074, 2.124999999999961808, -0.6200000000000001066 ) ) ;
#1308 = DIRECTION ( 'NONE',  ( 0.000000000000000000, 0.000000000000000000, -1.000000000000000000 ) ) ;
#1309 = ORIENTED_EDGE ( 'NONE', *, *, #2017, .F. ) ;
#1310 = DIRECTION ( 'NONE',  ( 0.000000000000000000, 1.000000000000000000, 0.000000000000000000 ) ) ;
#1311 = DIRECTION ( 'NONE',  ( 1.000000000000000000, 0.000000000000000000, 0.000000000000000000 ) ) ;
#1312 = DIRECTION ( 'NONE',  ( 4.886580598633153832E-15, -1.000000000000000000, 0.000000000000000000 ) ) ;
#1313 = ORIENTED_EDGE ( 'NONE', *, *, #1645, .T. ) ;
#1314 = LINE ( 'NONE', #2198, #675 ) ;
#1315 = ORIENTED_EDGE ( 'NONE', *, *, #1109, .F. ) ;
#1316 = ORIENTED_EDGE ( 'NONE', *, *, #2698, .F. ) ;
#1317 = DIRECTION ( 'NONE',  ( 0.000000000000000000, 0.000000000000000000, 1.000000000000000000 ) ) ;
#1318 = LINE ( 'NONE', #2419, #157 ) ;
#1319 = EDGE_CURVE ( 'NONE', #569, #796, #145, .T. ) ;
#1320 = VECTOR ( 'NONE', #1910, 1000.000000000000000 ) ;
#1321 = VECTOR ( 'NONE', #428, 1000.000000000000114 ) ;
#1322 = EDGE_LOOP ( 'NONE', ( #1300, #2441, #2068, #2294 ) ) ;
#1323 = EDGE_CURVE ( 'NONE', #2117, #366, #2588, .T. ) ;
#1324 = DIRECTION ( 'NONE',  ( 0.9494691934280004020, 0.3138602407620030288, 0.000000000000000000 ) ) ;
#1325 = CARTESIAN_POINT ( 'NONE',  ( -4.950000000000000178, 0.2499999999999168998, 0.6200000000000001066 ) ) ;
#1326 = DIRECTION ( 'NONE',  ( -0.000000000000000000, -1.000000000000000000, -0.000000000000000000 ) ) ;
#1327 = STYLED_ITEM ( 'NONE', ( #510 ), #2167 ) ;
#1328 = ORIENTED_EDGE ( 'NONE', *, *, #236, .T. ) ;
#1329 = LINE ( 'NONE', #1549, #1283 ) ;
#1330 = CIRCLE ( 'NONE', #1188, 0.1999999999999996503 ) ;
#1331 =( GEOMETRIC_REPRESENTATION_CONTEXT ( 3 ) GLOBAL_UNCERTAINTY_ASSIGNED_CONTEXT ( ( #1261 ) ) GLOBAL_UNIT_ASSIGNED_CONTEXT ( ( #951, #1198, #2502 ) ) REPRESENTATION_CONTEXT ( 'NONE', 'WORKASPACE' ) );
#1332 = VECTOR ( 'NONE', #2387, 1000.000000000000000 ) ;
#1333 = CARTESIAN_POINT ( 'NONE',  ( -2.349999999999999645, 3.849999999999999645, -1.389999999999999680 ) ) ;
#1334 = DIRECTION ( 'NONE',  ( 0.3138602407620017520, -0.9494691934280007350, -0.000000000000000000 ) ) ;
#1335 = LINE ( 'NONE', #1763, #221 ) ;
#1336 = AXIS2_PLACEMENT_3D ( 'NONE', #2487, #1656, #320 ) ;
#1337 = FILL_AREA_STYLE_COLOUR ( '', #1565 ) ;
#1338 = EDGE_CURVE ( 'NONE', #1882, #277, #1935, .T. ) ;
#1339 = ORIENTED_EDGE ( 'NONE', *, *, #2761, .F. ) ;
#1340 = LINE ( 'NONE', #925, #2703 ) ;
#1341 = EDGE_CURVE ( 'NONE', #2598, #845, #2307, .T. ) ;
#1342 = CARTESIAN_POINT ( 'NONE',  ( -4.217685782300279129, 0.2401489157332422075, 0.6200000000000001066 ) ) ;
#1343 = CARTESIAN_POINT ( 'NONE',  ( -5.150000000000000355, 0.2499999999999168443, -1.719999999999999973 ) ) ;
#1344 = CYLINDRICAL_SURFACE ( 'NONE', #225, 0.09999999999999939493 ) ;
#1345 = ADVANCED_FACE ( 'NONE', ( #169 ), #1051, .F. ) ;
#1346 = VERTEX_POINT ( 'NONE', #407 ) ;
#1347 = DIRECTION ( 'NONE',  ( -0.000000000000000000, -0.000000000000000000, -1.000000000000000000 ) ) ;
#1348 = CARTESIAN_POINT ( 'NONE',  ( 5.150000000000000355, 0.2499999999999168443, 0.6200000000000001066 ) ) ;
#1349 = EDGE_LOOP ( 'NONE', ( #425, #1372 ) ) ;
#1350 = DIRECTION ( 'NONE',  ( 0.3138602407620026402, 0.9494691934280004020, 0.000000000000000000 ) ) ;
#1351 = LINE ( 'NONE', #2222, #2252 ) ;
#1352 = ORIENTED_EDGE ( 'NONE', *, *, #2804, .F. ) ;
#1353 = CARTESIAN_POINT ( 'NONE',  ( 2.844110840286398822, 1.049958695046715684, -1.651000000000000023 ) ) ;
#1354 = CARTESIAN_POINT ( 'NONE',  ( 4.950000000000000178, 1.775000000000043432, 0.8200000000000000622 ) ) ;
#1355 = CARTESIAN_POINT ( 'NONE',  ( -4.549999999999999822, 0.3499999999999169886, 0.6200000000000001066 ) ) ;
#1356 = EDGE_CURVE ( 'NONE', #945, #1539, #1244, .T. ) ;
#1357 = ORIENTED_EDGE ( 'NONE', *, *, #2004, .F. ) ;
#1358 = ADVANCED_FACE ( 'NONE', ( #184 ), #1741, .F. ) ;
#1359 = DIRECTION ( 'NONE',  ( 0.000000000000000000, -0.000000000000000000, 1.000000000000000000 ) ) ;
#1360 = VERTEX_POINT ( 'NONE', #2336 ) ;
#1361 = CARTESIAN_POINT ( 'NONE',  ( -3.604997414032633518, 1.775000000000043432, -0.6200000000000001066 ) ) ;
#1362 = CARTESIAN_POINT ( 'NONE',  ( -4.549999999999999822, 0.3499999999999169886, 1.920000000000000151 ) ) ;
#1363 = DIRECTION ( 'NONE',  ( 0.000000000000000000, 0.000000000000000000, -1.000000000000000000 ) ) ;
#1364 = ORIENTED_EDGE ( 'NONE', *, *, #740, .T. ) ;
#1365 = CARTESIAN_POINT ( 'NONE',  ( -4.950000000000000178, 0.2499999999999168443, 1.719999999999999973 ) ) ;
#1366 = CLOSED_SHELL ( 'NONE', ( #424, #2855, #2036, #2238, #2493, #2278, #2685, #2400, #903, #1358, #1394, #1192, #1730, #259, #119, #136, #697, #1981 ) ) ;
#1367 = VECTOR ( 'NONE', #1350, 1000.000000000000114 ) ;
#1368 = DIRECTION ( 'NONE',  ( 0.3138602407620023071, 0.9494691934280005130, 0.000000000000000000 ) ) ;
#1369 = ORIENTED_EDGE ( 'NONE', *, *, #490, .T. ) ;
#1370 = LINE ( 'NONE', #2255, #498 ) ;
#1371 = EDGE_CURVE ( 'NONE', #1434, #1157, #1143, .T. ) ;
#1372 = ORIENTED_EDGE ( 'NONE', *, *, #346, .F. ) ;
#1373 = DIRECTION ( 'NONE',  ( 0.000000000000000000, 1.000000000000000000, 0.000000000000000000 ) ) ;
#1374 = MECHANICAL_DESIGN_GEOMETRIC_PRESENTATION_REPRESENTATION (  '', ( #2027 ), #2846 ) ;
#1375 = UNCERTAINTY_MEASURE_WITH_UNIT (LENGTH_MEASURE( 1.000000000000000082E-05 ), #828, 'distance_accuracy_value', 'NONE');
#1376 = VECTOR ( 'NONE', #570, 1000.000000000000000 ) ;
#1377 = VERTEX_POINT ( 'NONE', #2565 ) ;
#1378 = DIRECTION ( 'NONE',  ( -0.000000000000000000, -0.000000000000000000, -1.000000000000000000 ) ) ;
#1379 = EDGE_LOOP ( 'NONE', ( #1398, #527, #2223, #2783 ) ) ;
#1380 = LINE ( 'NONE', #2234, #815 ) ;
#1381 = VECTOR ( 'NONE', #1488, 1000.000000000000000 ) ;
#1382 = VERTEX_POINT ( 'NONE', #1919 ) ;
#1383 = CIRCLE ( 'NONE', #2033, 0.09999999999999939493 ) ;
#1384 = VECTOR ( 'NONE', #2332, 1000.000000000000114 ) ;
#1385 = CARTESIAN_POINT ( 'NONE',  ( 3.841053493385875317, 1.379511947846842279, -1.920000000000000151 ) ) ;
#1386 = EDGE_LOOP ( 'NONE', ( #155, #1009, #1567, #1891 ) ) ;
#1387 = DIRECTION ( 'NONE',  ( 1.000000000000000000, 6.108225748291434401E-16, 0.000000000000000000 ) ) ;
#1388 = LINE ( 'NONE', #1164, #2578 ) ;
#1389 = VERTEX_POINT ( 'NONE', #261 ) ;
#1390 = FACE_OUTER_BOUND ( 'NONE', #1171, .T. ) ;
#1391 = VERTEX_POINT ( 'NONE', #468 ) ;
#1392 = CARTESIAN_POINT ( 'NONE',  ( -4.455053080657201292, 0.3186139759237169855, -0.6200000000000001066 ) ) ;
#1393 = ORIENTED_EDGE ( 'NONE', *, *, #1447, .F. ) ;
#1394 = ADVANCED_FACE ( 'NONE', ( #1785 ), #1140, .F. ) ;
#1395 = ORIENTED_EDGE ( 'NONE', *, *, #94, .F. ) ;
#1396 = EDGE_CURVE ( 'NONE', #659, #520, #238, .T. ) ;
#1397 = DIRECTION ( 'NONE',  ( 0.000000000000000000, 1.000000000000000000, 0.000000000000000000 ) ) ;
#1398 = ORIENTED_EDGE ( 'NONE', *, *, #1433, .T. ) ;
#1399 = CARTESIAN_POINT ( 'NONE',  ( -3.604997414032633518, 1.775000000000043432, 0.6200000000000001066 ) ) ;
#1400 = EDGE_LOOP ( 'NONE', ( #683, #2271, #2818, #1617 ) ) ;
#1401 = LINE ( 'NONE', #332, #2773 ) ;
#1402 = DIRECTION ( 'NONE',  ( 1.000000000000000000, 2.710505431213766015E-16, 0.000000000000000000 ) ) ;
#1403 = VERTEX_POINT ( 'NONE', #1112 ) ;
#1404 = LINE ( 'NONE', #1629, #1603 ) ;
#1405 = LINE ( 'NONE', #991, #2443 ) ;
#1406 = ORIENTED_EDGE ( 'NONE', *, *, #1917, .T. ) ;
#1407 = FACE_OUTER_BOUND ( 'NONE', #2763, .T. ) ;
#1408 = ORIENTED_EDGE ( 'NONE', *, *, #1433, .F. ) ;
#1409 = EDGE_CURVE ( 'NONE', #1290, #1114, #2645, .T. ) ;
#1410 = EDGE_CURVE ( 'NONE', #1809, #738, #2415, .T. ) ;
#1411 = DIRECTION ( 'NONE',  ( -1.000000000000000000, 0.000000000000000000, 0.000000000000000000 ) ) ;
#1412 = ORIENTED_EDGE ( 'NONE', *, *, #2630, .T. ) ;
#1413 = CARTESIAN_POINT ( 'NONE',  ( 3.746106574043075899, 1.348125923770642443, -1.920000000000000151 ) ) ;
#1414 = AXIS2_PLACEMENT_3D ( 'NONE', #2299, #2740, #2329 ) ;
#1415 = ORIENTED_EDGE ( 'NONE', *, *, #381, .T. ) ;
#1416 = CARTESIAN_POINT ( 'NONE',  ( 5.150000000000000355, 0.2499999999999168443, 1.719999999999999973 ) ) ;
#1417 = AXIS2_PLACEMENT_3D ( 'NONE', #370, #587, #1281 ) ;
#1418 = PLANE ( 'NONE',  #459 ) ;
#1419 = CARTESIAN_POINT ( 'NONE',  ( -3.604997414032633518, 1.775000000000043432, 1.920000000000000151 ) ) ;
#1420 = ORIENTED_EDGE ( 'NONE', *, *, #1631, .T. ) ;
#1421 = CARTESIAN_POINT ( 'NONE',  ( 4.217685782300279129, 0.2401489157332422075, 0.6200000000000001066 ) ) ;
#1422 = EDGE_LOOP ( 'NONE', ( #2108, #2345, #182, #639 ) ) ;
#1423 = VECTOR ( 'NONE', #2495, 1000.000000000000000 ) ;
#1424 = ORIENTED_EDGE ( 'NONE', *, *, #1642, .T. ) ;
#1425 = CIRCLE ( 'NONE', #409, 0.3999999999999999667 ) ;
#1426 = EDGE_CURVE ( 'NONE', #549, #837, #2230, .T. ) ;
#1427 = VECTOR ( 'NONE', #1196, 1000.000000000000114 ) ;
#1428 = CIRCLE ( 'NONE', #1897, 0.3999999999999999667 ) ;
#1429 = LINE ( 'NONE', #2110, #2155 ) ;
#1430 = ORIENTED_EDGE ( 'NONE', *, *, #2673, .F. ) ;
#1431 = DIRECTION ( 'NONE',  ( -0.9494691934280005130, -0.3138602407620023071, 0.000000000000000000 ) ) ;
#1432 = EDGE_CURVE ( 'NONE', #416, #2074, #2629, .T. ) ;
#1433 = EDGE_CURVE ( 'NONE', #958, #2197, #8, .T. ) ;
#1434 = VERTEX_POINT ( 'NONE', #674 ) ;
#1435 = LINE ( 'NONE', #2322, #2857 ) ;
#1436 = LINE ( 'NONE', #2115, #33 ) ;
#1437 = ADVANCED_FACE ( 'NONE', ( #1535 ), #2449, .T. ) ;
#1438 = ORIENTED_EDGE ( 'NONE', *, *, #2372, .T. ) ;
#1439 = CARTESIAN_POINT ( 'NONE',  ( 3.000540018403254905, 3.899999999999999911, -2.040540018403254940 ) ) ;
#1440 = EDGE_LOOP ( 'NONE', ( #2105, #764, #1364, #2516, #2005, #749, #133, #1512, #47, #1424, #1868, #698 ) ) ;
#1441 = CARTESIAN_POINT ( 'NONE',  ( -3.250000000000000000, 2.124999999999960032, -2.290000000000000036 ) ) ;
#1442 = EDGE_LOOP ( 'NONE', ( #2836, #1187, #609, #2288 ) ) ;
#1443 = DIRECTION ( 'NONE',  ( 1.000000000000000000, 0.000000000000000000, -0.000000000000000000 ) ) ;
#1444 = PLANE ( 'NONE',  #163 ) ;
#1445 = LINE ( 'NONE', #2331, #1381 ) ;
#1446 = ORIENTED_EDGE ( 'NONE', *, *, #1538, .F. ) ;
#1447 = EDGE_CURVE ( 'NONE', #659, #1467, #913, .T. ) ;
#1448 = LINE ( 'NONE', #2764, #551 ) ;
#1449 = DIRECTION ( 'NONE',  ( -1.807003620809174878E-16, -1.000000000000000000, 0.000000000000000000 ) ) ;
#1450 = DIRECTION ( 'NONE',  ( -1.000000000000000000, -4.886580598633153832E-15, -0.000000000000000000 ) ) ;
#1451 = ORIENTED_EDGE ( 'NONE', *, *, #807, .F. ) ;
#1452 = EDGE_CURVE ( 'NONE', #756, #1114, #1609, .T. ) ;
#1453 = DIRECTION ( 'NONE',  ( -1.807003620809174878E-16, -1.000000000000000000, 0.000000000000000000 ) ) ;
#1454 = EDGE_LOOP ( 'NONE', ( #1328, #567, #1632, #2375 ) ) ;
#1455 = VERTEX_POINT ( 'NONE', #1180 ) ;
#1456 = CARTESIAN_POINT ( 'NONE',  ( 3.604997414032633518, 1.775000000000043432, 1.920000000000000151 ) ) ;
#1457 = CARTESIAN_POINT ( 'NONE',  ( 2.844110840286398822, 1.049958695046715684, 1.651000000000000023 ) ) ;
#1458 = EDGE_LOOP ( 'NONE', ( #1877, #911, #618, #1165 ) ) ;
#1459 = DIRECTION ( 'NONE',  ( 0.000000000000000000, 1.000000000000000000, 0.000000000000000000 ) ) ;
#1460 = VECTOR ( 'NONE', #2683, 999.9999999999998863 ) ;
#1461 = LINE ( 'NONE', #593, #2398 ) ;
#1462 = DIRECTION ( 'NONE',  ( 0.3138602407620023627, -0.9494691934280006240, 1.777374261551408516E-15 ) ) ;
#1463 = CIRCLE ( 'NONE', #1504, 0.3499999999999172107 ) ;
#1464 = EDGE_CURVE ( 'NONE', #1262, #958, #518, .T. ) ;
#1465 = VERTEX_POINT ( 'NONE', #1871 ) ;
#1466 = LINE ( 'NONE', #2175, #29 ) ;
#1467 = VERTEX_POINT ( 'NONE', #930 ) ;
#1468 = SURFACE_SIDE_STYLE ('',( #581 ) ) ;
#1469 = DIRECTION ( 'NONE',  ( 0.000000000000000000, -0.000000000000000000, -1.000000000000000000 ) ) ;
#1470 = ORIENTED_EDGE ( 'NONE', *, *, #2063, .T. ) ;
#1471 = DIRECTION ( 'NONE',  ( -0.000000000000000000, -0.000000000000000000, -1.000000000000000000 ) ) ;
#1472 = DIRECTION ( 'NONE',  ( 0.3138602407620030288, 0.9494691934280004020, 0.000000000000000000 ) ) ;
#1473 = AXIS2_PLACEMENT_3D ( 'NONE', #2762, #2543, #2097 ) ;
#1474 = EDGE_CURVE ( 'NONE', #2519, #1945, #1401, .T. ) ;
#1475 = VECTOR ( 'NONE', #2319, 1000.000000000000000 ) ;
#1476 = CARTESIAN_POINT ( 'NONE',  ( 2.844110840286398822, 1.049958695046715684, 1.651000000000000023 ) ) ;
#1477 = DIRECTION ( 'NONE',  ( -0.3138602407620030288, -0.9494691934280004020, -0.000000000000000000 ) ) ;
#1478 = VECTOR ( 'NONE', #513, 1000.000000000000000 ) ;
#1479 = LINE ( 'NONE', #1498, #533 ) ;
#1480 = VECTOR ( 'NONE', #1747, 1000.000000000000000 ) ;
#1481 = VECTOR ( 'NONE', #1815, 1000.000000000000000 ) ;
#1482 = LINE ( 'NONE', #1490, #1101 ) ;
#1483 = ORIENTED_EDGE ( 'NONE', *, *, #2050, .F. ) ;
#1484 = ORIENTED_EDGE ( 'NONE', *, *, #1627, .F. ) ;
#1485 =( NAMED_UNIT ( * ) PLANE_ANGLE_UNIT ( ) SI_UNIT ( $, .RADIAN. ) );
#1486 = DIRECTION ( 'NONE',  ( -0.000000000000000000, -0.000000000000000000, 1.000000000000000000 ) ) ;
#1487 = EDGE_CURVE ( 'NONE', #1783, #600, #733, .T. ) ;
#1488 = DIRECTION ( 'NONE',  ( 0.000000000000000000, 1.000000000000000000, 0.000000000000000000 ) ) ;
#1489 = CARTESIAN_POINT ( 'NONE',  ( 3.250000000000000000, 1.875000000000043299, -1.651000000000000023 ) ) ;
#1490 = CARTESIAN_POINT ( 'NONE',  ( 4.217685782300279129, 0.2401489157332422075, -0.6200000000000001066 ) ) ;
#1491 = ORIENTED_EDGE ( 'NONE', *, *, #2050, .T. ) ;
#1492 = ORIENTED_EDGE ( 'NONE', *, *, #825, .F. ) ;
#1493 = CARTESIAN_POINT ( 'NONE',  ( -3.250000000000000000, 1.875000000000043743, -2.290000000000000036 ) ) ;
#1494 = EDGE_CURVE ( 'NONE', #1628, #329, #108, .T. ) ;
#1495 = DIRECTION ( 'NONE',  ( -1.000000000000000000, 0.000000000000000000, 0.000000000000000000 ) ) ;
#1496 = PLANE ( 'NONE',  #757 ) ;
#1497 = DIRECTION ( 'NONE',  ( -0.000000000000000000, -0.000000000000000000, 1.000000000000000000 ) ) ;
#1498 = CARTESIAN_POINT ( 'NONE',  ( -4.217685782300279129, 0.2401489157332422075, 1.920000000000000151 ) ) ;
#1499 = CARTESIAN_POINT ( 'NONE',  ( 5.150000000000000355, 0.2499999999999168443, 0.8200000000000000622 ) ) ;
#1500 = CARTESIAN_POINT ( 'NONE',  ( -3.604997414032633074, 2.124999999999961808, 0.6200000000000001066 ) ) ;
#1501 = CIRCLE ( 'NONE', #2424, 0.3499999999999185429 ) ;
#1502 = ORIENTED_EDGE ( 'NONE', *, *, #610, .T. ) ;
#1503 = CARTESIAN_POINT ( 'NONE',  ( 4.549999999999999822, 0.3499999999999169886, 1.920000000000000151 ) ) ;
#1504 = AXIS2_PLACEMENT_3D ( 'NONE', #817, #141, #399 ) ;
#1505 = DIRECTION ( 'NONE',  ( -1.000000000000000000, 0.000000000000000000, 0.000000000000000000 ) ) ;
#1506 = ORIENTED_EDGE ( 'NONE', *, *, #316, .T. ) ;
#1507 = SURFACE_SIDE_STYLE ('',( #1762 ) ) ;
#1508 = DIRECTION ( 'NONE',  ( -0.000000000000000000, 0.1391731009600625790, -0.9902680687415706950 ) ) ;
#1509 = CYLINDRICAL_SURFACE ( 'NONE', #1834, 0.1999999999999999833 ) ;
#1510 = DIRECTION ( 'NONE',  ( 0.000000000000000000, 0.000000000000000000, 1.000000000000000000 ) ) ;
#1511 = LINE ( 'NONE', #2604, #550 ) ;
#1512 = ORIENTED_EDGE ( 'NONE', *, *, #2698, .T. ) ;
#1513 = VECTOR ( 'NONE', #2051, 1000.000000000000000 ) ;
#1514 = DIRECTION ( 'NONE',  ( 0.000000000000000000, -1.000000000000000000, 0.000000000000000000 ) ) ;
#1515 = CARTESIAN_POINT ( 'NONE',  ( -4.455053080657201292, 0.3186139759237169855, 0.6200000000000001066 ) ) ;
#1516 = EDGE_CURVE ( 'NONE', #2377, #1585, #2286, .T. ) ;
#1517 = AXIS2_PLACEMENT_3D ( 'NONE', #1795, #2678, #1581 ) ;
#1518 =( NAMED_UNIT ( * ) PLANE_ANGLE_UNIT ( ) SI_UNIT ( $, .RADIAN. ) );
#1519 = MECHANICAL_DESIGN_GEOMETRIC_PRESENTATION_REPRESENTATION (  '', ( #775 ), #2856 ) ;
#1520 = AXIS2_PLACEMENT_3D ( 'NONE', #873, #655, #1311 ) ;
#1521 = VERTEX_POINT ( 'NONE', #298 ) ;
#1522 = DIRECTION ( 'NONE',  ( 0.000000000000000000, 0.000000000000000000, 1.000000000000000000 ) ) ;
#1523 = DIRECTION ( 'NONE',  ( 0.000000000000000000, 0.000000000000000000, 1.000000000000000000 ) ) ;
#1524 = ADVANCED_FACE ( 'NONE', ( #80 ), #1839, .T. ) ;
#1525 = VERTEX_POINT ( 'NONE', #504 ) ;
#1526 = LINE ( 'NONE', #1305, #1274 ) ;
#1527 = LINE ( 'NONE', #2380, #1321 ) ;
#1528 = FACE_OUTER_BOUND ( 'NONE', #2267, .T. ) ;
#1529 = ORIENTED_EDGE ( 'NONE', *, *, #1487, .T. ) ;
#1530 = LINE ( 'NONE', #464, #1602 ) ;
#1531 = LINE ( 'NONE', #2677, #2581 ) ;
#1532 = EDGE_CURVE ( 'NONE', #1455, #2117, #776, .T. ) ;
#1533 = ORIENTED_EDGE ( 'NONE', *, *, #680, .F. ) ;
#1534 = DIRECTION ( 'NONE',  ( -0.000000000000000000, -0.000000000000000000, 1.000000000000000000 ) ) ;
#1535 = FACE_OUTER_BOUND ( 'NONE', #607, .T. ) ;
#1536 = ORIENTED_EDGE ( 'NONE', *, *, #2008, .T. ) ;
#1537 = DIRECTION ( 'NONE',  ( 0.000000000000000000, 0.000000000000000000, 1.000000000000000000 ) ) ;
#1538 = EDGE_CURVE ( 'NONE', #1739, #330, #719, .T. ) ;
#1539 = VERTEX_POINT ( 'NONE', #46 ) ;
#1540 = CARTESIAN_POINT ( 'NONE',  ( -3.937311631732357320, 1.884851084266718768, 1.651000000000000245 ) ) ;
#1541 = DIRECTION ( 'NONE',  ( 1.000000000000000000, -2.710505431213766015E-16, 0.000000000000000000 ) ) ;
#1542 = DIRECTION ( 'NONE',  ( 0.3138602407620026402, 0.9494691934280004020, 0.000000000000000000 ) ) ;
#1543 = DIRECTION ( 'NONE',  ( 0.000000000000000000, 1.000000000000000000, 0.000000000000000000 ) ) ;
#1544 = PLANE ( 'NONE',  #1172 ) ;
#1545 = VERTEX_POINT ( 'NONE', #491 ) ;
#1546 = DIRECTION ( 'NONE',  ( 0.9494691934280005130, 0.3138602407620023071, -0.000000000000000000 ) ) ;
#1547 = FACE_OUTER_BOUND ( 'NONE', #1258, .T. ) ;
#1548 = ORIENTED_EDGE ( 'NONE', *, *, #2004, .T. ) ;
#1549 = CARTESIAN_POINT ( 'NONE',  ( 4.217685782300279129, 0.2401489157332422075, -0.6200000000000001066 ) ) ;
#1550 = EDGE_CURVE ( 'NONE', #1924, #1525, #1619, .T. ) ;
#1551 = COLOUR_RGB ( '',0.7921568627450980005, 0.8196078431372548767, 0.9333333333333333481 ) ;
#1552 = ORIENTED_EDGE ( 'NONE', *, *, #2642, .F. ) ;
#1553 = LINE ( 'NONE', #48, #2024 ) ;
#1554 = ADVANCED_FACE ( 'NONE', ( #975 ), #2745, .F. ) ;
#1555 = AXIS2_PLACEMENT_3D ( 'NONE', #2206, #228, #1998 ) ;
#1556 = ORIENTED_EDGE ( 'NONE', *, *, #1627, .T. ) ;
#1557 = CARTESIAN_POINT ( 'NONE',  ( 5.150000000000000355, 0.2499999999999168443, -0.8200000000000000622 ) ) ;
#1558 = AXIS2_PLACEMENT_3D ( 'NONE', #651, #1543, #441 ) ;
#1559 = ORIENTED_EDGE ( 'NONE', *, *, #463, .T. ) ;
#1560 = CARTESIAN_POINT ( 'NONE',  ( 4.950000000000000178, 0.2499999999999168998, -1.719999999999999973 ) ) ;
#1561 = EDGE_CURVE ( 'NONE', #579, #2324, #2734, .T. ) ;
#1562 = FACE_OUTER_BOUND ( 'NONE', #1836, .T. ) ;
#1563 = CARTESIAN_POINT ( 'NONE',  ( -3.604997414032633074, 2.124999999999961808, 0.6200000000000001066 ) ) ;
#1564 = LINE ( 'NONE', #1988, #2536 ) ;
#1565 = COLOUR_RGB ( '',0.2509803921568627416, 0.2509803921568627416, 0.2509803921568627416 ) ;
#1566 = VECTOR ( 'NONE', #156, 999.9999999999998863 ) ;
#1567 = ORIENTED_EDGE ( 'NONE', *, *, #2834, .T. ) ;
#1568 = CARTESIAN_POINT ( 'NONE',  ( -3.604997414032633518, 1.875000000000042855, 0.6200000000000001066 ) ) ;
#1569 = VECTOR ( 'NONE', #235, 1000.000000000000000 ) ;
#1570 = AXIS2_PLACEMENT_3D ( 'NONE', #2182, #1716, #1974 ) ;
#1571 = LINE ( 'NONE', #264, #2201 ) ;
#1572 = DIRECTION ( 'NONE',  ( 0.3138602407620023071, -0.9494691934280005130, 0.000000000000000000 ) ) ;
#1573 = VECTOR ( 'NONE', #1326, 1000.000000000000000 ) ;
#1574 = FILL_AREA_STYLE ('',( #1337 ) ) ;
#1575 = ORIENTED_EDGE ( 'NONE', *, *, #1341, .T. ) ;
#1576 = ADVANCED_FACE ( 'NONE', ( #2512 ), #2719, .T. ) ;
#1577 = FACE_OUTER_BOUND ( 'NONE', #2094, .T. ) ;
#1578 = ADVANCED_FACE ( 'NONE', ( #1390 ), #704, .F. ) ;
#1579 = DIRECTION ( 'NONE',  ( 0.000000000000000000, -1.000000000000000000, 0.000000000000000000 ) ) ;
#1580 = DIRECTION ( 'NONE',  ( -0.000000000000000000, -0.000000000000000000, 1.000000000000000000 ) ) ;
#1581 = DIRECTION ( 'NONE',  ( 1.000000000000000000, 0.000000000000000000, 0.000000000000000000 ) ) ;
#1582 = ORIENTED_EDGE ( 'NONE', *, *, #2388, .F. ) ;
#1583 = CARTESIAN_POINT ( 'NONE',  ( 3.841053493385874429, 1.379511947846844722, 0.6200000000000023270 ) ) ;
#1584 = PLANE ( 'NONE',  #2211 ) ;
#1585 = VERTEX_POINT ( 'NONE', #285 ) ;
#1586 = CARTESIAN_POINT ( 'NONE',  ( 3.000540018403254017, 0.09999999999999982514, 2.040540018403254052 ) ) ;
#1587 = DIRECTION ( 'NONE',  ( -0.000000000000000000, -0.000000000000000000, -1.000000000000000000 ) ) ;
#1588 = CARTESIAN_POINT ( 'NONE',  ( 4.549999999999999822, 0.2499999999999169553, 0.6200000000000001066 ) ) ;
#1589 = CARTESIAN_POINT ( 'NONE',  ( 3.250000000000000000, 1.875000000000043299, -1.651000000000000023 ) ) ;
#1590 = EDGE_CURVE ( 'NONE', #524, #2074, #1435, .T. ) ;
#1591 = DIRECTION ( 'NONE',  ( 0.9494691934280006240, -0.3138602407620023627, 0.000000000000000000 ) ) ;
#1592 = ORIENTED_EDGE ( 'NONE', *, *, #2751, .F. ) ;
#1593 = CARTESIAN_POINT ( 'NONE',  ( -4.455053080657201292, 0.3186139759237169855, 0.6200000000000001066 ) ) ;
#1594 = ORIENTED_EDGE ( 'NONE', *, *, #2213, .T. ) ;
#1595 = LINE ( 'NONE', #1684, #1384 ) ;
#1596 = ORIENTED_EDGE ( 'NONE', *, *, #2224, .F. ) ;
#1597 = CARTESIAN_POINT ( 'NONE',  ( -4.078420791742798812, 1.457977008037317779, 1.651000000000000245 ) ) ;
#1598 = LINE ( 'NONE', #649, #816 ) ;
#1599 = VECTOR ( 'NONE', #2615, 1000.000000000000000 ) ;
#1600 = VERTEX_POINT ( 'NONE', #986 ) ;
#1601 = DIRECTION ( 'NONE',  ( -0.000000000000000000, -1.000000000000000000, -0.000000000000000000 ) ) ;
#1602 = VECTOR ( 'NONE', #1546, 1000.000000000000114 ) ;
#1603 = VECTOR ( 'NONE', #851, 1000.000000000000000 ) ;
#1604 = DIRECTION ( 'NONE',  ( -1.000000000000000000, 0.000000000000000000, 0.000000000000000000 ) ) ;
#1605 = ORIENTED_EDGE ( 'NONE', *, *, #731, .T. ) ;
#1606 = DIRECTION ( 'NONE',  ( -0.000000000000000000, -0.000000000000000000, 1.000000000000000000 ) ) ;
#1607 = ORIENTED_EDGE ( 'NONE', *, *, #840, .F. ) ;
#1608 = EDGE_CURVE ( 'NONE', #1790, #410, #1595, .T. ) ;
#1609 = LINE ( 'NONE', #1416, #636 ) ;
#1610 = DIRECTION ( 'NONE',  ( 0.000000000000000000, 1.000000000000000000, 0.000000000000000000 ) ) ;
#1611 = VECTOR ( 'NONE', #1347, 1000.000000000000000 ) ;
#1612 = ORIENTED_EDGE ( 'NONE', *, *, #2590, .T. ) ;
#1613 = ADVANCED_FACE ( 'NONE', ( #1698 ), #179, .F. ) ;
#1614 = FACE_OUTER_BOUND ( 'NONE', #870, .T. ) ;
#1615 = ORIENTED_EDGE ( 'NONE', *, *, #492, .T. ) ;
#1616 = AXIS2_PLACEMENT_3D ( 'NONE', #864, #1469, #2390 ) ;
#1617 = ORIENTED_EDGE ( 'NONE', *, *, #1768, .F. ) ;
#1618 = VECTOR ( 'NONE', #177, 1000.000000000000000 ) ;
#1619 = CIRCLE ( 'NONE', #1803, 0.3499999999999172107 ) ;
#1620 = DIRECTION ( 'NONE',  ( -0.000000000000000000, -0.000000000000000000, -1.000000000000000000 ) ) ;
#1621 = CARTESIAN_POINT ( 'NONE',  ( 4.217685782300279129, 0.2401489157332422075, -1.920000000000000151 ) ) ;
#1622 = ORIENTED_EDGE ( 'NONE', *, *, #602, .F. ) ;
#1623 = CARTESIAN_POINT ( 'NONE',  ( -4.549999999999999822, 0.000000000000000000, -0.6200000000000001066 ) ) ;
#1624 = ORIENTED_EDGE ( 'NONE', *, *, #60, .T. ) ;
#1625 = CARTESIAN_POINT ( 'NONE',  ( -5.150000000000000355, 0.000000000000000000, 0.6200000000000001066 ) ) ;
#1626 = PLANE ( 'NONE',  #501 ) ;
#1627 = EDGE_CURVE ( 'NONE', #2447, #1545, #2573, .T. ) ;
#1628 = VERTEX_POINT ( 'NONE', #606 ) ;
#1629 = CARTESIAN_POINT ( 'NONE',  ( 4.549999999999999822, 0.2499999999999169553, -1.920000000000000151 ) ) ;
#1630 = ORIENTED_EDGE ( 'NONE', *, *, #936, .F. ) ;
#1631 = EDGE_CURVE ( 'NONE', #2410, #271, #1461, .T. ) ;
#1632 = ORIENTED_EDGE ( 'NONE', *, *, #2370, .T. ) ;
#1633 = CARTESIAN_POINT ( 'NONE',  ( 5.150000000000000355, 0.000000000000000000, 1.920000000000000151 ) ) ;
#1634 = ORIENTED_EDGE ( 'NONE', *, *, #924, .T. ) ;
#1635 = DIRECTION ( 'NONE',  ( 0.000000000000000000, 0.000000000000000000, -1.000000000000000000 ) ) ;
#1636 = ORIENTED_EDGE ( 'NONE', *, *, #1666, .F. ) ;
#1637 = CARTESIAN_POINT ( 'NONE',  ( -3.604997414032633518, 1.775000000000043432, 0.6200000000000001066 ) ) ;
#1638 = CARTESIAN_POINT ( 'NONE',  ( 5.150000000000000355, 0.000000000000000000, -1.719999999999999973 ) ) ;
#1639 = ORIENTED_EDGE ( 'NONE', *, *, #2756, .F. ) ;
#1640 = DIRECTION ( 'NONE',  ( 0.3138602407620030288, -0.9494691934280004020, 0.000000000000000000 ) ) ;
#1641 = ORIENTED_EDGE ( 'NONE', *, *, #936, .T. ) ;
#1642 = EDGE_CURVE ( 'NONE', #2724, #74, #364, .T. ) ;
#1643 = CARTESIAN_POINT ( 'NONE',  ( 3.000540018403254905, 3.899999999999999911, -2.290000000000000036 ) ) ;
#1644 = ORIENTED_EDGE ( 'NONE', *, *, #1001, .F. ) ;
#1645 = EDGE_CURVE ( 'NONE', #2809, #1467, #1020, .T. ) ;
#1646 = VECTOR ( 'NONE', #1100, 1000.000000000000000 ) ;
#1647 = CARTESIAN_POINT ( 'NONE',  ( 4.549999999999999822, 0.2499999999999169553, -0.6200000000000001066 ) ) ;
#1648 = AXIS2_PLACEMENT_3D ( 'NONE', #668, #2226, #2640 ) ;
#1649 = ORIENTED_EDGE ( 'NONE', *, *, #2520, .F. ) ;
#1650 = EDGE_CURVE ( 'NONE', #2202, #1758, #1044, .T. ) ;
#1651 = FACE_OUTER_BOUND ( 'NONE', #974, .T. ) ;
#1652 = DIRECTION ( 'NONE',  ( 0.000000000000000000, 1.000000000000000000, 0.000000000000000000 ) ) ;
#1653 = CARTESIAN_POINT ( 'NONE',  ( -5.150000000000000355, 0.2499999999999168443, -0.8200000000000000622 ) ) ;
#1654 = VECTOR ( 'NONE', #2221, 1000.000000000000000 ) ;
#1655 = ORIENTED_EDGE ( 'NONE', *, *, #1789, .F. ) ;
#1656 = DIRECTION ( 'NONE',  ( 0.000000000000000000, 0.000000000000000000, 1.000000000000000000 ) ) ;
#1657 = CARTESIAN_POINT ( 'NONE',  ( 3.604997414032633518, 1.875000000000043077, -0.6200000000000001066 ) ) ;
#1658 = ORIENTED_EDGE ( 'NONE', *, *, #1087, .T. ) ;
#1659 = DIRECTION ( 'NONE',  ( 0.000000000000000000, 0.000000000000000000, -1.000000000000000000 ) ) ;
#1660 = ORIENTED_EDGE ( 'NONE', *, *, #1666, .T. ) ;
#1661 = CARTESIAN_POINT ( 'NONE',  ( 4.950000000000000178, 0.000000000000000000, -0.6200000000000001066 ) ) ;
#1662 = VECTOR ( 'NONE', #2448, 1000.000000000000000 ) ;
#1663 = AXIS2_PLACEMENT_3D ( 'NONE', #1503, #2819, #388 ) ;
#1664 = ORIENTED_EDGE ( 'NONE', *, *, #1474, .T. ) ;
#1665 = CIRCLE ( 'NONE', #1709, 0.1999999999999996503 ) ;
#1666 = EDGE_CURVE ( 'NONE', #1434, #2598, #2141, .T. ) ;
#1667 = VECTOR ( 'NONE', #1256, 1000.000000000000000 ) ;
#1668 = AXIS2_PLACEMENT_3D ( 'NONE', #1108, #3, #643 ) ;
#1669 = CARTESIAN_POINT ( 'NONE',  ( -5.150000000000000355, 0.000000000000000000, 1.920000000000000151 ) ) ;
#1670 = ORIENTED_EDGE ( 'NONE', *, *, #1018, .T. ) ;
#1671 = DIRECTION ( 'NONE',  ( 1.000000000000000000, -2.710505431213766015E-16, 0.000000000000000000 ) ) ;
#1672 = EDGE_CURVE ( 'NONE', #2165, #2431, #1482, .T. ) ;
#1673 = VERTEX_POINT ( 'NONE', #2362 ) ;
#1674 = CARTESIAN_POINT ( 'NONE',  ( 4.217685782300279129, 0.2401489157332422075, 0.6200000000000001066 ) ) ;
#1675 = CARTESIAN_POINT ( 'NONE',  ( -3.937311631732356432, 1.884851084266718546, -1.920000000000000151 ) ) ;
#1676 = VERTEX_POINT ( 'NONE', #1005 ) ;
#1677 = SURFACE_STYLE_FILL_AREA ( #100 ) ;
#1678 = VERTEX_POINT ( 'NONE', #142 ) ;
#1679 = DIRECTION ( 'NONE',  ( 0.9494691934280005130, -0.3138602407620023071, 0.000000000000000000 ) ) ;
#1680 = ORIENTED_EDGE ( 'NONE', *, *, #660, .F. ) ;
#1681 = FACE_OUTER_BOUND ( 'NONE', #1727, .T. ) ;
#1682 = EDGE_CURVE ( 'NONE', #569, #2083, #2446, .T. ) ;
#1683 = DIRECTION ( 'NONE',  ( 0.3138602407620030288, 0.9494691934280004020, 0.000000000000000000 ) ) ;
#1684 = CARTESIAN_POINT ( 'NONE',  ( -3.937311631732356432, 1.884851084266718546, -0.6200000000000001066 ) ) ;
#1685 = PRODUCT_DEFINITION ( 'UNKNOWN', '', #412, #187 ) ;
#1686 = DIRECTION ( 'NONE',  ( 1.000000000000000000, 0.000000000000000000, 0.000000000000000000 ) ) ;
#1687 = ORIENTED_EDGE ( 'NONE', *, *, #1232, .T. ) ;
#1688 = DIRECTION ( 'NONE',  ( -0.000000000000000000, -0.000000000000000000, 1.000000000000000000 ) ) ;
#1689 = ORIENTED_EDGE ( 'NONE', *, *, #680, .T. ) ;
#1690 = FILL_AREA_STYLE ('',( #795 ) ) ;
#1691 = CARTESIAN_POINT ( 'NONE',  ( -2.349999999999999645, 3.849999999999999645, -1.389999999999999680 ) ) ;
#1692 = ORIENTED_EDGE ( 'NONE', *, *, #831, .T. ) ;
#1693 = FILL_AREA_STYLE_COLOUR ( '', #1551 ) ;
#1694 = DIRECTION ( 'NONE',  ( -0.000000000000000000, -0.000000000000000000, 1.000000000000000000 ) ) ;
#1695 = DIRECTION ( 'NONE',  ( -0.000000000000000000, -0.000000000000000000, -1.000000000000000000 ) ) ;
#1696 = ORIENTED_EDGE ( 'NONE', *, *, #1319, .F. ) ;
#1697 = CARTESIAN_POINT ( 'NONE',  ( -4.217685782300279129, 0.2401489157332422075, 0.6200000000000001066 ) ) ;
#1698 = FACE_OUTER_BOUND ( 'NONE', #2096, .T. ) ;
#1699 = DIRECTION ( 'NONE',  ( 1.000000000000000000, 0.000000000000000000, -0.000000000000000000 ) ) ;
#1700 = EDGE_CURVE ( 'NONE', #2519, #377, #1715, .T. ) ;
#1701 = CIRCLE ( 'NONE', #1558, 0.3999999999999999667 ) ;
#1702 = ORIENTED_EDGE ( 'NONE', *, *, #878, .T. ) ;
#1703 = DIRECTION ( 'NONE',  ( -0.000000000000000000, 0.000000000000000000, -1.000000000000000000 ) ) ;
#1704 = ADVANCED_FACE ( 'NONE', ( #2596 ), #2547, .T. ) ;
#1705 = ORIENTED_EDGE ( 'NONE', *, *, #2504, .T. ) ;
#1706 = PRESENTATION_STYLE_ASSIGNMENT (( #811 ) ) ;
#1707 = FACE_OUTER_BOUND ( 'NONE', #2737, .T. ) ;
#1708 =( GEOMETRIC_REPRESENTATION_CONTEXT ( 3 ) GLOBAL_UNCERTAINTY_ASSIGNED_CONTEXT ( ( #1077 ) ) GLOBAL_UNIT_ASSIGNED_CONTEXT ( ( #1170, #2060, #993 ) ) REPRESENTATION_CONTEXT ( 'NONE', 'WORKASPACE' ) );
#1709 = AXIS2_PLACEMENT_3D ( 'NONE', #1560, #461, #2709 ) ;
#1710 = AXIS2_PLACEMENT_3D ( 'NONE', #763, #2092, #1659 ) ;
#1711 = CARTESIAN_POINT ( 'NONE',  ( 3.250000000000000000, 1.875000000000043743, 2.290000000000000036 ) ) ;
#1712 = CIRCLE ( 'NONE', #1189, 0.1999999999999999833 ) ;
#1713 = VECTOR ( 'NONE', #218, 1000.000000000000114 ) ;
#1714 = AXIS2_PLACEMENT_3D ( 'NONE', #1886, #2781, #565 ) ;
#1715 = LINE ( 'NONE', #1926, #83 ) ;
#1716 = DIRECTION ( 'NONE',  ( 0.000000000000000000, 0.000000000000000000, 1.000000000000000000 ) ) ;
#1717 = VERTEX_POINT ( 'NONE', #2171 ) ;
#1718 = EDGE_CURVE ( 'NONE', #537, #536, #1902, .T. ) ;
#1719 = EDGE_LOOP ( 'NONE', ( #1816, #1245, #2317, #2047, #2057, #1622 ) ) ;
#1720 = DIRECTION ( 'NONE',  ( 1.000000000000000000, 1.807003620809174878E-16, 0.000000000000000000 ) ) ;
#1721 = CARTESIAN_POINT ( 'NONE',  ( 4.549999999999999822, 0.2499999999999169553, -0.6200000000000001066 ) ) ;
#1722 = CARTESIAN_POINT ( 'NONE',  ( -3.250000000000000000, 1.875000000000043299, 0.6200000000000001066 ) ) ;
#1723 = LINE ( 'NONE', #2385, #1881 ) ;
#1724 = DIRECTION ( 'NONE',  ( -1.000000000000000000, -4.886580598633153832E-15, -0.000000000000000000 ) ) ;
#1725 = ORIENTED_EDGE ( 'NONE', *, *, #2460, .F. ) ;
#1726 = DIRECTION ( 'NONE',  ( -0.000000000000000000, -0.000000000000000000, -1.000000000000000000 ) ) ;
#1727 = EDGE_LOOP ( 'NONE', ( #1266, #2664, #2282, #2847 ) ) ;
#1728 = PLANE ( 'NONE',  #77 ) ;
#1729 = EDGE_LOOP ( 'NONE', ( #597, #694, #718, #334, #800, #584 ) ) ;
#1730 = ADVANCED_FACE ( 'NONE', ( #355 ), #818, .F. ) ;
#1731 = SURFACE_STYLE_USAGE ( .BOTH. , #1507 ) ;
#1732 = EDGE_CURVE ( 'NONE', #2627, #724, #1428, .T. ) ;
#1733 = EDGE_CURVE ( 'NONE', #672, #945, #1270, .T. ) ;
#1734 = DIRECTION ( 'NONE',  ( -1.000000000000000000, 0.000000000000000000, 0.000000000000000000 ) ) ;
#1735 = EDGE_CURVE ( 'NONE', #2537, #2621, #1448, .T. ) ;
#1736 = DIRECTION ( 'NONE',  ( -0.000000000000000000, -0.000000000000000000, -1.000000000000000000 ) ) ;
#1737 = PLANE ( 'NONE',  #232 ) ;
#1738 = VECTOR ( 'NONE', #2455, 999.9999999999998863 ) ;
#1739 = VERTEX_POINT ( 'NONE', #789 ) ;
#1740 = DIRECTION ( 'NONE',  ( 0.000000000000000000, 0.000000000000000000, 1.000000000000000000 ) ) ;
#1741 = PLANE ( 'NONE',  #2030 ) ;
#1742 = AXIS2_PLACEMENT_3D ( 'NONE', #1107, #1121, #641 ) ;
#1743 = AXIS2_PLACEMENT_3D ( 'NONE', #1805, #2034, #932 ) ;
#1744 = DIRECTION ( 'NONE',  ( 0.000000000000000000, 1.000000000000000000, 0.000000000000000000 ) ) ;
#1745 = LINE ( 'NONE', #637, #2572 ) ;
#1746 = CARTESIAN_POINT ( 'NONE',  ( -4.549999999999999822, 0.000000000000000000, 1.920000000000000151 ) ) ;
#1747 = DIRECTION ( 'NONE',  ( -1.000000000000000000, -1.807003620809174632E-16, 0.000000000000000000 ) ) ;
#1748 = ORIENTED_EDGE ( 'NONE', *, *, #548, .F. ) ;
#1749 = FACE_OUTER_BOUND ( 'NONE', #2713, .T. ) ;
#1750 = EDGE_CURVE ( 'NONE', #1290, #2350, #777, .T. ) ;
#1751 = AXIS2_PLACEMENT_3D ( 'NONE', #917, #1824, #1812 ) ;
#1752 = DIRECTION ( 'NONE',  ( 0.000000000000000000, 0.000000000000000000, -1.000000000000000000 ) ) ;
#1753 = DIRECTION ( 'NONE',  ( 1.000000000000000000, 0.000000000000000000, 0.000000000000000000 ) ) ;
#1754 = VECTOR ( 'NONE', #2107, 1000.000000000000000 ) ;
#1755 =( LENGTH_UNIT ( ) NAMED_UNIT ( * ) SI_UNIT ( .MILLI., .METRE. ) );
#1756 = EDGE_CURVE ( 'NONE', #714, #2406, #446, .T. ) ;
#1757 = AXIS2_PLACEMENT_3D ( 'NONE', #153, #575, #123 ) ;
#1758 = VERTEX_POINT ( 'NONE', #2181 ) ;
#1759 = CARTESIAN_POINT ( 'NONE',  ( 4.549999999999999822, 0.000000000000000000, -1.920000000000000151 ) ) ;
#1760 = DIRECTION ( 'NONE',  ( -1.000000000000000000, 0.000000000000000000, 0.000000000000000000 ) ) ;
#1761 = VERTEX_POINT ( 'NONE', #2842 ) ;
#1762 = SURFACE_STYLE_FILL_AREA ( #411 ) ;
#1763 = CARTESIAN_POINT ( 'NONE',  ( 3.937311631732356432, 1.884851084266718546, -0.6200000000000001066 ) ) ;
#1764 = DIRECTION ( 'NONE',  ( 0.000000000000000000, 1.000000000000000000, 0.000000000000000000 ) ) ;
#1765 = ORIENTED_EDGE ( 'NONE', *, *, #5, .F. ) ;
#1766 = PLANE ( 'NONE',  #1237 ) ;
#1767 = DIRECTION ( 'NONE',  ( 1.000000000000000000, 0.000000000000000000, 0.000000000000000000 ) ) ;
#1768 = EDGE_CURVE ( 'NONE', #1545, #2508, #1060, .T. ) ;
#1769 = LINE ( 'NONE', #1794, #1573 ) ;
#1770 = ORIENTED_EDGE ( 'NONE', *, *, #977, .T. ) ;
#1771 = PRODUCT_RELATED_PRODUCT_CATEGORY ( 'part', '', ( #2788 ) ) ;
#1772 = DIRECTION ( 'NONE',  ( 5.578471136547122189E-16, -1.687562106534903001E-15, 1.000000000000000000 ) ) ;
#1773 = EDGE_LOOP ( 'NONE', ( #2055, #1222, #877, #893 ) ) ;
#1774 = EDGE_CURVE ( 'NONE', #1945, #2326, #2723, .T. ) ;
#1775 = LINE ( 'NONE', #661, #1137 ) ;
#1776 = DIRECTION ( 'NONE',  ( -0.000000000000000000, -0.000000000000000000, 1.000000000000000000 ) ) ;
#1777 = DIRECTION ( 'NONE',  ( 1.000000000000000000, 0.000000000000000000, 0.000000000000000000 ) ) ;
#1778 = ORIENTED_EDGE ( 'NONE', *, *, #81, .T. ) ;
#1779 = DIRECTION ( 'NONE',  ( -0.000000000000000000, -0.000000000000000000, -1.000000000000000000 ) ) ;
#1780 = CARTESIAN_POINT ( 'NONE',  ( 4.950000000000000178, 0.2499999999999168443, 1.719999999999999973 ) ) ;
#1781 = DIRECTION ( 'NONE',  ( -0.1378445374916257293, -0.9808148484639899189, 0.1378445374916257293 ) ) ;
#1782 = DIRECTION ( 'NONE',  ( -1.000000000000000000, 0.000000000000000000, 0.000000000000000000 ) ) ;
#1783 = VERTEX_POINT ( 'NONE', #432 ) ;
#1784 = CARTESIAN_POINT ( 'NONE',  ( 4.549999999999999822, 0.2499999999999169553, 0.6200000000000001066 ) ) ;
#1785 = FACE_OUTER_BOUND ( 'NONE', #338, .T. ) ;
#1786 = ORIENTED_EDGE ( 'NONE', *, *, #2283, .F. ) ;
#1787 = CARTESIAN_POINT ( 'NONE',  ( 4.549999999999999822, 0.3499999999999169886, -1.920000000000000151 ) ) ;
#1788 = CARTESIAN_POINT ( 'NONE',  ( -3.250000000000000000, 1.875000000000043299, 0.6200000000000001066 ) ) ;
#1789 = EDGE_CURVE ( 'NONE', #1798, #779, #1769, .T. ) ;
#1790 = VERTEX_POINT ( 'NONE', #2445 ) ;
#1791 = DIRECTION ( 'NONE',  ( 1.000000000000000000, 0.000000000000000000, 0.000000000000000000 ) ) ;
#1792 = VECTOR ( 'NONE', #770, 1000.000000000000000 ) ;
#1793 = LINE ( 'NONE', #31, #488 ) ;
#1794 = CARTESIAN_POINT ( 'NONE',  ( 4.950000000000000178, 0.000000000000000000, -1.920000000000000151 ) ) ;
#1795 = CARTESIAN_POINT ( 'NONE',  ( -3.604997414032633518, 1.775000000000043432, -1.651000000000000245 ) ) ;
#1796 = VECTOR ( 'NONE', #1580, 1000.000000000000000 ) ;
#1797 = AXIS2_PLACEMENT_3D ( 'NONE', #325, #1846, #737 ) ;
#1798 = VERTEX_POINT ( 'NONE', #2859 ) ;
#1799 =( GEOMETRIC_REPRESENTATION_CONTEXT ( 3 ) GLOBAL_UNCERTAINTY_ASSIGNED_CONTEXT ( ( #705 ) ) GLOBAL_UNIT_ASSIGNED_CONTEXT ( ( #646, #943, #139 ) ) REPRESENTATION_CONTEXT ( 'NONE', 'WORKASPACE' ) );
#1800 = CYLINDRICAL_SURFACE ( 'NONE', #319, 0.3499999999999172107 ) ;
#1801 = CARTESIAN_POINT ( 'NONE',  ( 3.604997414032633518, 1.775000000000043432, 1.651000000000000023 ) ) ;
#1802 = CIRCLE ( 'NONE', #684, 0.09999999999999939493 ) ;
#1803 = AXIS2_PLACEMENT_3D ( 'NONE', #963, #2472, #2692 ) ;
#1804 = ORIENTED_EDGE ( 'NONE', *, *, #2540, .T. ) ;
#1805 = CARTESIAN_POINT ( 'NONE',  ( -5.150000000000000355, 0.2499999999999168443, -0.6200000000000001066 ) ) ;
#1806 = CARTESIAN_POINT ( 'NONE',  ( -3.000540018403254905, 3.899999999999999911, 2.290000000000000036 ) ) ;
#1807 = EDGE_CURVE ( 'NONE', #2397, #2291, #1564, .T. ) ;
#1808 = DIRECTION ( 'NONE',  ( -6.108225748291434401E-16, 1.000000000000000000, 0.000000000000000000 ) ) ;
#1809 = VERTEX_POINT ( 'NONE', #419 ) ;
#1810 = LINE ( 'NONE', #1588, #938 ) ;
#1811 = FACE_OUTER_BOUND ( 'NONE', #99, .T. ) ;
#1812 = DIRECTION ( 'NONE',  ( 0.000000000000000000, 0.000000000000000000, -1.000000000000000000 ) ) ;
#1813 = CARTESIAN_POINT ( 'NONE',  ( -3.250000000000000000, 1.875000000000043743, -2.290000000000000036 ) ) ;
#1814 = ORIENTED_EDGE ( 'NONE', *, *, #1125, .T. ) ;
#1815 = DIRECTION ( 'NONE',  ( -0.000000000000000000, -0.000000000000000000, 1.000000000000000000 ) ) ;
#1816 = ORIENTED_EDGE ( 'NONE', *, *, #1083, .T. ) ;
#1817 = PLANE ( 'NONE',  #625 ) ;
#1818 = CARTESIAN_POINT ( 'NONE',  ( 4.950000000000000178, 0.2499999999999169553, -0.8200000000000000622 ) ) ;
#1819 = VERTEX_POINT ( 'NONE', #858 ) ;
#1820 = DIRECTION ( 'NONE',  ( 0.000000000000000000, 1.000000000000000000, 0.000000000000000000 ) ) ;
#1821 = EDGE_CURVE ( 'NONE', #1945, #1360, #2459, .T. ) ;
#1822 = SURFACE_STYLE_FILL_AREA ( #339 ) ;
#1823 = ORIENTED_EDGE ( 'NONE', *, *, #1929, .F. ) ;
#1824 = DIRECTION ( 'NONE',  ( 1.000000000000000000, -0.000000000000000000, 0.000000000000000000 ) ) ;
#1825 = EDGE_CURVE ( 'NONE', #1585, #1545, #687, .T. ) ;
#1826 = ORIENTED_EDGE ( 'NONE', *, *, #1302, .F. ) ;
#1827 = CARTESIAN_POINT ( 'NONE',  ( 3.250000000000000000, 1.875000000000043743, 2.290000000000000036 ) ) ;
#1828 = ORIENTED_EDGE ( 'NONE', *, *, #642, .T. ) ;
#1829 = DIRECTION ( 'NONE',  ( 0.000000000000000000, 0.000000000000000000, 1.000000000000000000 ) ) ;
#1830 = CYLINDRICAL_SURFACE ( 'NONE', #311, 0.3499999999999185429 ) ;
#1831 = ORIENTED_EDGE ( 'NONE', *, *, #1990, .F. ) ;
#1832 = ORIENTED_EDGE ( 'NONE', *, *, #2383, .T. ) ;
#1833 = VECTOR ( 'NONE', #2002, 1000.000000000000000 ) ;
#1834 = AXIS2_PLACEMENT_3D ( 'NONE', #1936, #1982, #1068 ) ;
#1835 = DIRECTION ( 'NONE',  ( 0.000000000000000000, 1.000000000000000000, 0.000000000000000000 ) ) ;
#1836 = EDGE_LOOP ( 'NONE', ( #666, #1687, #1238, #728, #147, #2183, #2366, #2492 ) ) ;
#1837 = EDGE_CURVE ( 'NONE', #1819, #1230, #34, .T. ) ;
#1838 = ORIENTED_EDGE ( 'NONE', *, *, #1432, .F. ) ;
#1839 = PLANE ( 'NONE',  #2261 ) ;
#1840 = EDGE_CURVE ( 'NONE', #579, #2461, #960, .T. ) ;
#1841 = AXIS2_PLACEMENT_3D ( 'NONE', #1062, #2644, #645 ) ;
#1842 = CIRCLE ( 'NONE', #1517, 0.3499999999999185429 ) ;
#1843 = MECHANICAL_DESIGN_GEOMETRIC_PRESENTATION_REPRESENTATION (  '', ( #226 ), #1331 ) ;
#1844 = VERTEX_POINT ( 'NONE', #465 ) ;
#1845 = FACE_OUTER_BOUND ( 'NONE', #13, .T. ) ;
#1846 = DIRECTION ( 'NONE',  ( -0.000000000000000000, -0.000000000000000000, -1.000000000000000000 ) ) ;
#1847 = ORIENTED_EDGE ( 'NONE', *, *, #511, .F. ) ;
#1848 = ORIENTED_EDGE ( 'NONE', *, *, #2804, .T. ) ;
#1849 = AXIS2_PLACEMENT_3D ( 'NONE', #566, #1449, #109 ) ;
#1850 = VECTOR ( 'NONE', #2660, 1000.000000000000000 ) ;
#1851 = CARTESIAN_POINT ( 'NONE',  ( -2.349999999999999645, 3.899999999999999911, -0.9899999999999997691 ) ) ;
#1852 = ORIENTED_EDGE ( 'NONE', *, *, #420, .T. ) ;
#1853 = DIRECTION ( 'NONE',  ( 1.000000000000000000, 4.886580598633153832E-15, 0.000000000000000000 ) ) ;
#1854 = DIRECTION ( 'NONE',  ( 0.000000000000000000, -0.000000000000000000, -1.000000000000000000 ) ) ;
#1855 = ADVANCED_FACE ( 'NONE', ( #1547 ), #2625, .F. ) ;
#1856 = ORIENTED_EDGE ( 'NONE', *, *, #1768, .T. ) ;
#1857 = DIRECTION ( 'NONE',  ( 0.000000000000000000, 0.000000000000000000, -1.000000000000000000 ) ) ;
#1858 = DIRECTION ( 'NONE',  ( -0.000000000000000000, -0.000000000000000000, -1.000000000000000000 ) ) ;
#1859 = EDGE_CURVE ( 'NONE', #990, #248, #1531, .T. ) ;
#1860 = ORIENTED_EDGE ( 'NONE', *, *, #1774, .F. ) ;
#1861 = DIRECTION ( 'NONE',  ( 0.000000000000000000, 1.000000000000000000, 0.000000000000000000 ) ) ;
#1862 = FACE_OUTER_BOUND ( 'NONE', #905, .T. ) ;
#1863 = ORIENTED_EDGE ( 'NONE', *, *, #371, .F. ) ;
#1864 = ADVANCED_FACE ( 'NONE', ( #2227 ), #2412, .F. ) ;
#1865 = ORIENTED_EDGE ( 'NONE', *, *, #2756, .T. ) ;
#1866 = FACE_OUTER_BOUND ( 'NONE', #2264, .T. ) ;
#1867 = CARTESIAN_POINT ( 'NONE',  ( 3.250000000000000000, 2.124999999999960032, 0.6200000000000001066 ) ) ;
#1868 = ORIENTED_EDGE ( 'NONE', *, *, #2091, .T. ) ;
#1869 = CYLINDRICAL_SURFACE ( 'NONE', #28, 0.2000000000000000944 ) ;
#1870 = VERTEX_POINT ( 'NONE', #2194 ) ;
#1871 = CARTESIAN_POINT ( 'NONE',  ( 3.000540018403254905, 3.899999999999999911, 2.040540018403254940 ) ) ;
#1872 = CARTESIAN_POINT ( 'NONE',  ( 4.549999999999999822, 0.2499999999999169553, 1.920000000000000151 ) ) ;
#1873 = ORIENTED_EDGE ( 'NONE', *, *, #346, .T. ) ;
#1874 = LINE ( 'NONE', #1421, #78 ) ;
#1875 = ORIENTED_EDGE ( 'NONE', *, *, #134, .T. ) ;
#1876 = ADVANCED_FACE ( 'NONE', ( #844 ), #213, .F. ) ;
#1877 = ORIENTED_EDGE ( 'NONE', *, *, #278, .T. ) ;
#1878 = EDGE_CURVE ( 'NONE', #1844, #1717, #2655, .T. ) ;
#1879 = AXIS2_PLACEMENT_3D ( 'NONE', #2619, #206, #1084 ) ;
#1880 = CARTESIAN_POINT ( 'NONE',  ( 0.000000000000000000, 0.09999999999999982514, 2.040540018403254052 ) ) ;
#1881 = VECTOR ( 'NONE', #2780, 1000.000000000000114 ) ;
#1882 = VERTEX_POINT ( 'NONE', #669 ) ;
#1883 = LINE ( 'NONE', #217, #220 ) ;
#1884 = AXIS2_PLACEMENT_3D ( 'NONE', #252, #2665, #2490 ) ;
#1885 = ORIENTED_EDGE ( 'NONE', *, *, #1213, .F. ) ;
#1886 = CARTESIAN_POINT ( 'NONE',  ( 3.604997414032633518, 1.775000000000043432, 0.6200000000000001066 ) ) ;
#1887 = DIRECTION ( 'NONE',  ( 1.807003620809174878E-16, -1.000000000000000000, 0.000000000000000000 ) ) ;
#1888 = ORIENTED_EDGE ( 'NONE', *, *, #751, .T. ) ;
#1889 = VECTOR ( 'NONE', #2076, 1000.000000000000000 ) ;
#1890 = CARTESIAN_POINT ( 'NONE',  ( -3.746106574043075454, 1.348125923770642443, -1.920000000000000151 ) ) ;
#1891 = ORIENTED_EDGE ( 'NONE', *, *, #1735, .F. ) ;
#1892 = AXIS2_PLACEMENT_3D ( 'NONE', #959, #2700, #1853 ) ;
#1893 = VERTEX_POINT ( 'NONE', #2015 ) ;
#1894 = EDGE_CURVE ( 'NONE', #1912, #1139, #18, .T. ) ;
#1895 = DIRECTION ( 'NONE',  ( 0.000000000000000000, 0.000000000000000000, -1.000000000000000000 ) ) ;
#1896 = CIRCLE ( 'NONE', #682, 0.09999999999999939493 ) ;
#1897 = AXIS2_PLACEMENT_3D ( 'NONE', #2586, #2373, #385 ) ;
#1898 = LINE ( 'NONE', #1235, #535 ) ;
#1899 = ORIENTED_EDGE ( 'NONE', *, *, #1410, .F. ) ;
#1900 = CARTESIAN_POINT ( 'NONE',  ( 3.250000000000000000, 1.875000000000043299, -0.6200000000000001066 ) ) ;
#1901 = CARTESIAN_POINT ( 'NONE',  ( -3.250000000000000000, 1.875000000000043299, -0.6200000000000001066 ) ) ;
#1902 = LINE ( 'NONE', #1915, #2123 ) ;
#1903 = DIRECTION ( 'NONE',  ( -1.000000000000000000, 1.807003620809174632E-16, 0.000000000000000000 ) ) ;
#1904 = ORIENTED_EDGE ( 'NONE', *, *, #2438, .F. ) ;
#1905 = CARTESIAN_POINT ( 'NONE',  ( 3.000540018403254017, 0.09999999999999982514, -2.040540018403254052 ) ) ;
#1906 = ORIENTED_EDGE ( 'NONE', *, *, #2102, .F. ) ;
#1907 = PLANE ( 'NONE',  #773 ) ;
#1908 = CARTESIAN_POINT ( 'NONE',  ( -4.078420791742798812, 1.457977008037317779, 1.920000000000000151 ) ) ;
#1909 = ORIENTED_EDGE ( 'NONE', *, *, #525, .T. ) ;
#1910 = DIRECTION ( 'NONE',  ( 0.000000000000000000, 0.000000000000000000, -1.000000000000000000 ) ) ;
#1911 = LINE ( 'NONE', #328, #901 ) ;
#1912 = VERTEX_POINT ( 'NONE', #477 ) ;
#1913 = CARTESIAN_POINT ( 'NONE',  ( 4.950000000000000178, 0.000000000000000000, -1.719999999999999973 ) ) ;
#1914 = EDGE_CURVE ( 'NONE', #766, #67, #941, .T. ) ;
#1915 = CARTESIAN_POINT ( 'NONE',  ( -4.549999999999999822, 0.2499999999999173994, -0.6200000000000001066 ) ) ;
#1916 = SHAPE_DEFINITION_REPRESENTATION ( #615, #1250 ) ;
#1917 = EDGE_CURVE ( 'NONE', #2113, #940, #729, .T. ) ;
#1918 = ORIENTED_EDGE ( 'NONE', *, *, #1474, .F. ) ;
#1919 = CARTESIAN_POINT ( 'NONE',  ( 4.950000000000000178, 0.000000000000000000, 0.6200000000000001066 ) ) ;
#1920 = CARTESIAN_POINT ( 'NONE',  ( -2.349999999999999645, 3.899999999999999911, -0.9899999999999997691 ) ) ;
#1921 = AXIS2_PLACEMENT_3D ( 'NONE', #1365, #42, #2867 ) ;
#1922 = LINE ( 'NONE', #814, #170 ) ;
#1923 = CLOSED_SHELL ( 'NONE', ( #2353, #997, #10, #1285, #1345, #401, #322, #1613, #2334, #1437, #2420, #1876, #1524, #2594, #2246, #966, #437, #2041 ) ) ;
#1924 = VERTEX_POINT ( 'NONE', #1623 ) ;
#1925 = ADVANCED_FACE ( 'NONE', ( #1651 ), #516, .T. ) ;
#1926 = CARTESIAN_POINT ( 'NONE',  ( -3.937311631732356432, 1.884851084266718546, 0.6200000000000001066 ) ) ;
#1927 = VECTOR ( 'NONE', #1264, 999.9999999999998863 ) ;
#1928 = VECTOR ( 'NONE', #2523, 1000.000000000000000 ) ;
#1929 = EDGE_CURVE ( 'NONE', #107, #2519, #2710, .T. ) ;
#1930 = DIRECTION ( 'NONE',  ( 1.000000000000000000, -6.505213034913066047E-15, 0.000000000000000000 ) ) ;
#1931 = ORIENTED_EDGE ( 'NONE', *, *, #2504, .F. ) ;
#1932 = ORIENTED_EDGE ( 'NONE', *, *, #1130, .F. ) ;
#1933 =( NAMED_UNIT ( * ) PLANE_ANGLE_UNIT ( ) SI_UNIT ( $, .RADIAN. ) );
#1934 = STYLED_ITEM ( 'NONE', ( #68 ), #2225 ) ;
#1935 = CIRCLE ( 'NONE', #676, 0.09999999999999939493 ) ;
#1936 = CARTESIAN_POINT ( 'NONE',  ( 4.950000000000000178, 1.775000000000043432, -0.8200000000000000622 ) ) ;
#1937 = VECTOR ( 'NONE', #1113, 1000.000000000000000 ) ;
#1938 = CARTESIAN_POINT ( 'NONE',  ( -3.604997414032633518, 1.775000000000043432, -0.6200000000000001066 ) ) ;
#1939 = DIRECTION ( 'NONE',  ( -0.1378445374916258404, 0.9808148484639899189, -0.1378445374916258404 ) ) ;
#1940 = CARTESIAN_POINT ( 'NONE',  ( -4.549999999999999822, 0.3499999999999169886, -1.920000000000000151 ) ) ;
#1941 = VECTOR ( 'NONE', #2003, 1000.000000000000000 ) ;
#1942 = CARTESIAN_POINT ( 'NONE',  ( 3.250000000000000000, 2.124999999999960032, -0.6200000000000001066 ) ) ;
#1943 = FILL_AREA_STYLE_COLOUR ( '', #1239 ) ;
#1944 = ADVANCED_FACE ( 'NONE', ( #2689 ), #295, .F. ) ;
#1945 = VERTEX_POINT ( 'NONE', #1593 ) ;
#1946 = CARTESIAN_POINT ( 'NONE',  ( 5.150000000000000355, 0.2499999999999168443, 0.8200000000000000622 ) ) ;
#1947 = ADVANCED_FACE ( 'NONE', ( #2270 ), #1869, .T. ) ;
#1948 = EDGE_CURVE ( 'NONE', #741, #178, #124, .T. ) ;
#1949 = DIRECTION ( 'NONE',  ( -0.3138602407620023071, 0.9494691934280005130, 0.000000000000000000 ) ) ;
#1950 = ORIENTED_EDGE ( 'NONE', *, *, #2372, .F. ) ;
#1951 = LINE ( 'NONE', #2589, #1086 ) ;
#1952 = LINE ( 'NONE', #189, #712 ) ;
#1953 = EDGE_CURVE ( 'NONE', #801, #954, #1370, .T. ) ;
#1954 = CARTESIAN_POINT ( 'NONE',  ( -2.349999999999999645, 3.849999999999999645, -0.9899999999999997691 ) ) ;
#1955 = DIRECTION ( 'NONE',  ( -0.000000000000000000, 0.000000000000000000, -1.000000000000000000 ) ) ;
#1956 = DIRECTION ( 'NONE',  ( -1.000000000000000000, 0.000000000000000000, 0.000000000000000000 ) ) ;
#1957 = SURFACE_STYLE_USAGE ( .BOTH. , #2817 ) ;
#1958 = ORIENTED_EDGE ( 'NONE', *, *, #2791, .T. ) ;
#1959 = CYLINDRICAL_SURFACE ( 'NONE', #1986, 0.3999999999999999667 ) ;
#1960 = CARTESIAN_POINT ( 'NONE',  ( -4.950000000000000178, 1.775000000000043432, 1.920000000000000151 ) ) ;
#1961 = ORIENTED_EDGE ( 'NONE', *, *, #2630, .F. ) ;
#1962 = CARTESIAN_POINT ( 'NONE',  ( -3.699944333375432937, 1.806386024076243491, -0.6200000000000001066 ) ) ;
#1963 = CARTESIAN_POINT ( 'NONE',  ( -5.150000000000000355, 0.000000000000000000, 0.6200000000000001066 ) ) ;
#1964 = ADVANCED_FACE ( 'NONE', ( #2054 ), #745, .F. ) ;
#1965 = APPLICATION_CONTEXT ( 'automotive_design' ) ;
#1966 = CARTESIAN_POINT ( 'NONE',  ( -4.549999999999999822, 0.000000000000000000, 0.6200000000000001066 ) ) ;
#1967 = LINE ( 'NONE', #603, #984 ) ;
#1968 = CARTESIAN_POINT ( 'NONE',  ( -4.549999999999999822, 0.3499999999999169886, 1.920000000000000151 ) ) ;
#1969 = ORIENTED_EDGE ( 'NONE', *, *, #1356, .T. ) ;
#1970 = EDGE_CURVE ( 'NONE', #337, #1600, #973, .T. ) ;
#1971 = DIRECTION ( 'NONE',  ( 1.000000000000000000, 0.000000000000000000, 0.000000000000000000 ) ) ;
#1972 = DIRECTION ( 'NONE',  ( 0.000000000000000000, 1.000000000000000000, 0.000000000000000000 ) ) ;
#1973 = DIRECTION ( 'NONE',  ( 0.000000000000000000, 0.000000000000000000, -1.000000000000000000 ) ) ;
#1974 = DIRECTION ( 'NONE',  ( 1.000000000000000000, 0.000000000000000000, 0.000000000000000000 ) ) ;
#1975 = ORIENTED_EDGE ( 'NONE', *, *, #152, .F. ) ;
#1976 = CARTESIAN_POINT ( 'NONE',  ( 3.841053493385875317, 1.379511947846842279, 1.920000000000000151 ) ) ;
#1977 = ORIENTED_EDGE ( 'NONE', *, *, #1122, .F. ) ;
#1978 = CLOSED_SHELL ( 'NONE', ( #1229, #1944, #2153, #909, #292, #802, #523, #1032, #140, #2686, #627, #1578, #888, #2560, #563, #926, #915, #2808 ) ) ;
#1979 = AXIS2_PLACEMENT_3D ( 'NONE', #1787, #1829, #452 ) ;
#1980 = ORIENTED_EDGE ( 'NONE', *, *, #2260, .F. ) ;
#1981 = ADVANCED_FACE ( 'NONE', ( #772 ), #1206, .F. ) ;
#1982 = DIRECTION ( 'NONE',  ( 0.000000000000000000, 1.000000000000000000, 0.000000000000000000 ) ) ;
#1983 = CARTESIAN_POINT ( 'NONE',  ( -4.549999999999999822, 0.2499999999999169553, -0.6200000000000001066 ) ) ;
#1984 = ORIENTED_EDGE ( 'NONE', *, *, #583, .T. ) ;
#1985 = FACE_OUTER_BOUND ( 'NONE', #466, .T. ) ;
#1986 = AXIS2_PLACEMENT_3D ( 'NONE', #846, #2006, #1522 ) ;
#1987 = DIRECTION ( 'NONE',  ( 0.000000000000000000, 0.000000000000000000, 1.000000000000000000 ) ) ;
#1988 = CARTESIAN_POINT ( 'NONE',  ( 3.250000000000000000, 1.875000000000043299, -0.6200000000000001066 ) ) ;
#1989 = VECTOR ( 'NONE', #1124, 1000.000000000000000 ) ;
#1990 = EDGE_CURVE ( 'NONE', #1157, #1382, #562, .T. ) ;
#1991 = AXIS2_PLACEMENT_3D ( 'NONE', #1211, #2101, #1287 ) ;
#1992 = VECTOR ( 'NONE', #836, 1000.000000000000000 ) ;
#1993 = ORIENTED_EDGE ( 'NONE', *, *, #2590, .F. ) ;
#1994 = DIRECTION ( 'NONE',  ( 1.000000000000000000, 0.000000000000000000, 0.000000000000000000 ) ) ;
#1995 = UNCERTAINTY_MEASURE_WITH_UNIT (LENGTH_MEASURE( 1.000000000000000082E-05 ), #1755, 'distance_accuracy_value', 'NONE');
#1996 = FACE_OUTER_BOUND ( 'NONE', #1284, .T. ) ;
#1997 = CARTESIAN_POINT ( 'NONE',  ( 3.937311631732356432, 1.884851084266718546, 0.6200000000000001066 ) ) ;
#1998 = DIRECTION ( 'NONE',  ( 0.000000000000000000, 0.000000000000000000, 1.000000000000000000 ) ) ;
#1999 = CARTESIAN_POINT ( 'NONE',  ( -3.604997414032633518, 1.775000000000043432, 1.651000000000000245 ) ) ;
#2000 = ORIENTED_EDGE ( 'NONE', *, *, #278, .F. ) ;
#2001 = CARTESIAN_POINT ( 'NONE',  ( -4.549999999999999822, 0.2499999999999173994, 1.920000000000000151 ) ) ;
#2002 = DIRECTION ( 'NONE',  ( -0.000000000000000000, -0.000000000000000000, 1.000000000000000000 ) ) ;
#2003 = DIRECTION ( 'NONE',  ( -0.000000000000000000, -0.000000000000000000, 1.000000000000000000 ) ) ;
#2004 = EDGE_CURVE ( 'NONE', #555, #329, #1883, .T. ) ;
#2005 = ORIENTED_EDGE ( 'NONE', *, *, #1158, .T. ) ;
#2006 = DIRECTION ( 'NONE',  ( -0.000000000000000000, 1.000000000000000000, -0.000000000000000000 ) ) ;
#2007 = CARTESIAN_POINT ( 'NONE',  ( -2.349999999999999645, 3.849999999999999645, -0.9899999999999997691 ) ) ;
#2008 = EDGE_CURVE ( 'NONE', #178, #1673, #1075, .T. ) ;
#2009 = ORIENTED_EDGE ( 'NONE', *, *, #2549, .T. ) ;
#2010 = LINE ( 'NONE', #2451, #989 ) ;
#2011 = CARTESIAN_POINT ( 'NONE',  ( -3.250000000000000000, 2.124999999999960032, 0.6200000000000001066 ) ) ;
#2012 = ORIENTED_EDGE ( 'NONE', *, *, #1341, .F. ) ;
#2013 = CARTESIAN_POINT ( 'NONE',  ( 3.250000000000000000, 1.875000000000043299, 1.651000000000000023 ) ) ;
#2014 = CARTESIAN_POINT ( 'NONE',  ( -3.250000000000000000, 1.875000000000043743, 2.290000000000000036 ) ) ;
#2015 = CARTESIAN_POINT ( 'NONE',  ( -3.000540018403254017, 0.09999999999999982514, 2.040540018403254052 ) ) ;
#2016 = DIRECTION ( 'NONE',  ( -0.1378445374916258404, -0.9808148484639899189, 0.1378445374916258404 ) ) ;
#2017 = EDGE_CURVE ( 'NONE', #876, #1678, #2429, .T. ) ;
#2018 = ORIENTED_EDGE ( 'NONE', *, *, #1774, .T. ) ;
#2019 = AXIS2_PLACEMENT_3D ( 'NONE', #1938, #1510, #638 ) ;
#2020 = VECTOR ( 'NONE', #560, 1000.000000000000000 ) ;
#2021 = ORIENTED_EDGE ( 'NONE', *, *, #1426, .F. ) ;
#2022 = DIRECTION ( 'NONE',  ( -1.000000000000000000, 0.000000000000000000, 0.000000000000000000 ) ) ;
#2023 = CARTESIAN_POINT ( 'NONE',  ( 4.455053080657200404, 0.3186139759237169855, -0.6200000000000001066 ) ) ;
#2024 = VECTOR ( 'NONE', #11, 1000.000000000000000 ) ;
#2025 = ORIENTED_EDGE ( 'NONE', *, *, #251, .F. ) ;
#2026 = FACE_OUTER_BOUND ( 'NONE', #70, .T. ) ;
#2027 = STYLED_ITEM ( 'NONE', ( #39 ), #1203 ) ;
#2028 = CARTESIAN_POINT ( 'NONE',  ( -4.549999999999999822, 0.2499999999999169553, 1.920000000000000151 ) ) ;
#2029 = VECTOR ( 'NONE', #983, 1000.000000000000000 ) ;
#2030 = AXIS2_PLACEMENT_3D ( 'NONE', #2613, #1453, #1024 ) ;
#2031 = ORIENTED_EDGE ( 'NONE', *, *, #886, .T. ) ;
#2032 = AXIS2_PLACEMENT_3D ( 'NONE', #690, #2228, #246 ) ;
#2033 = AXIS2_PLACEMENT_3D ( 'NONE', #1968, #1308, #395 ) ;
#2034 = DIRECTION ( 'NONE',  ( 1.000000000000000000, 0.000000000000000000, -0.000000000000000000 ) ) ;
#2035 = SURFACE_SIDE_STYLE ('',( #265 ) ) ;
#2036 = ADVANCED_FACE ( 'NONE', ( #183 ), #199, .F. ) ;
#2037 = EDGE_CURVE ( 'NONE', #248, #2197, #436, .T. ) ;
#2038 = EDGE_LOOP ( 'NONE', ( #457, #305, #1885, #489 ) ) ;
#2039 = DIRECTION ( 'NONE',  ( 1.000000000000000000, -0.000000000000000000, -0.000000000000000000 ) ) ;
#2040 = DIRECTION ( 'NONE',  ( 1.000000000000000000, 0.000000000000000000, 0.000000000000000000 ) ) ;
#2041 = ADVANCED_FACE ( 'NONE', ( #514 ), #249, .F. ) ;
#2042 = ORIENTED_EDGE ( 'NONE', *, *, #291, .F. ) ;
#2043 = VERTEX_POINT ( 'NONE', #449 ) ;
#2044 = CARTESIAN_POINT ( 'NONE',  ( -3.250000000000000000, 3.899999999999999911, -2.040540018403254940 ) ) ;
#2045 = CARTESIAN_POINT ( 'NONE',  ( -5.150000000000000355, 0.000000000000000000, -1.920000000000000151 ) ) ;
#2046 = DIRECTION ( 'NONE',  ( -0.000000000000000000, -0.000000000000000000, 1.000000000000000000 ) ) ;
#2047 = ORIENTED_EDGE ( 'NONE', *, *, #908, .F. ) ;
#2048 = ADVANCED_FACE ( 'NONE', ( #1127 ), #1959, .F. ) ;
#2049 = CARTESIAN_POINT ( 'NONE',  ( -3.746106574043075454, 1.348125923770642443, 1.920000000000000151 ) ) ;
#2050 = EDGE_CURVE ( 'NONE', #1678, #782, #1234, .T. ) ;
#2051 = DIRECTION ( 'NONE',  ( -0.000000000000000000, -0.000000000000000000, 1.000000000000000000 ) ) ;
#2052 = DIRECTION ( 'NONE',  ( -0.000000000000000000, -0.000000000000000000, -1.000000000000000000 ) ) ;
#2053 = ORIENTED_EDGE ( 'NONE', *, *, #1208, .F. ) ;
#2054 = FACE_OUTER_BOUND ( 'NONE', #929, .T. ) ;
#2055 = ORIENTED_EDGE ( 'NONE', *, *, #602, .T. ) ;
#2056 = DIRECTION ( 'NONE',  ( -0.000000000000000000, -0.000000000000000000, 1.000000000000000000 ) ) ;
#2057 = ORIENTED_EDGE ( 'NONE', *, *, #1990, .T. ) ;
#2058 = CARTESIAN_POINT ( 'NONE',  ( 3.604997414032633518, 1.775000000000043432, 0.6200000000000001066 ) ) ;
#2059 = PLANE ( 'NONE',  #999 ) ;
#2060 =( NAMED_UNIT ( * ) PLANE_ANGLE_UNIT ( ) SI_UNIT ( $, .RADIAN. ) );
#2061 = ORIENTED_EDGE ( 'NONE', *, *, #1590, .T. ) ;
#2062 = CIRCLE ( 'NONE', #2111, 0.09999999999999939493 ) ;
#2063 = EDGE_CURVE ( 'NONE', #1739, #1126, #2404, .T. ) ;
#2064 = PRESENTATION_LAYER_ASSIGNMENT (  '', '', ( #447 ) ) ;
#2065 = LINE ( 'NONE', #293, #1928 ) ;
#2066 = ORIENTED_EDGE ( 'NONE', *, *, #251, .T. ) ;
#2067 = EDGE_CURVE ( 'NONE', #1521, #2202, #2715, .T. ) ;
#2068 = ORIENTED_EDGE ( 'NONE', *, *, #610, .F. ) ;
#2069 = DIRECTION ( 'NONE',  ( 1.000000000000000000, 0.000000000000000000, 0.000000000000000000 ) ) ;
#2070 = VECTOR ( 'NONE', #2338, 1000.000000000000000 ) ;
#2071 = CARTESIAN_POINT ( 'NONE',  ( 3.250000000000000000, 1.875000000000043299, -0.6200000000000001066 ) ) ;
#2072 = AXIS2_PLACEMENT_3D ( 'NONE', #1818, #2633, #1541 ) ;
#2073 = EDGE_CURVE ( 'NONE', #940, #2431, #2862, .T. ) ;
#2074 = VERTEX_POINT ( 'NONE', #1976 ) ;
#2075 = DIRECTION ( 'NONE',  ( 0.3138602407620030288, -0.9494691934280004020, 0.000000000000000000 ) ) ;
#2076 = DIRECTION ( 'NONE',  ( 0.000000000000000000, 0.000000000000000000, -1.000000000000000000 ) ) ;
#2077 = ORIENTED_EDGE ( 'NONE', *, *, #2520, .T. ) ;
#2078 = CIRCLE ( 'NONE', #363, 0.1999999999999996503 ) ;
#2079 = VERTEX_POINT ( 'NONE', #1759 ) ;
#2080 = VECTOR ( 'NONE', #1299, 1000.000000000000000 ) ;
#2081 = CARTESIAN_POINT ( 'NONE',  ( 5.150000000000000355, 0.000000000000000000, 0.8200000000000000622 ) ) ;
#2082 = CARTESIAN_POINT ( 'NONE',  ( 3.250000000000000000, 1.875000000000043299, 2.290000000000000036 ) ) ;
#2083 = VERTEX_POINT ( 'NONE', #2628 ) ;
#2084 = DIRECTION ( 'NONE',  ( -1.807003620809174878E-16, -1.000000000000000000, -0.000000000000000000 ) ) ;
#2085 = ORIENTED_EDGE ( 'NONE', *, *, #1953, .F. ) ;
#2086 = EDGE_CURVE ( 'NONE', #1403, #2627, #1314, .T. ) ;
#2087 = DIRECTION ( 'NONE',  ( 0.000000000000000000, 0.000000000000000000, -1.000000000000000000 ) ) ;
#2088 = CARTESIAN_POINT ( 'NONE',  ( -4.217685782300279129, 0.2401489157332422075, 1.920000000000000151 ) ) ;
#2089 = CARTESIAN_POINT ( 'NONE',  ( 4.217685782300279129, 0.2401489157332422075, 1.920000000000000151 ) ) ;
#2090 = ORIENTED_EDGE ( 'NONE', *, *, #541, .F. ) ;
#2091 = EDGE_CURVE ( 'NONE', #74, #2165, #1329, .T. ) ;
#2092 = DIRECTION ( 'NONE',  ( -0.9902680687415708061, 0.1391731009600625235, 0.000000000000000000 ) ) ;
#2093 = ORIENTED_EDGE ( 'NONE', *, *, #1432, .T. ) ;
#2094 = EDGE_LOOP ( 'NONE', ( #644, #1655, #1786, #2218 ) ) ;
#2095 = CARTESIAN_POINT ( 'NONE',  ( -5.150000000000000355, 0.2499999999999168443, 0.8200000000000000622 ) ) ;
#2096 = EDGE_LOOP ( 'NONE', ( #2774, #1357, #2417, #95 ) ) ;
#2097 = DIRECTION ( 'NONE',  ( 0.9494691934280005130, 0.3138602407620023071, 0.000000000000000000 ) ) ;
#2098 = CARTESIAN_POINT ( 'NONE',  ( -3.937311631732356432, 1.884851084266718546, 1.920000000000000151 ) ) ;
#2099 = ORIENTED_EDGE ( 'NONE', *, *, #2185, .F. ) ;
#2100 = DIRECTION ( 'NONE',  ( -0.9494691934280005130, -0.3138602407620023071, -0.000000000000000000 ) ) ;
#2101 = DIRECTION ( 'NONE',  ( 0.000000000000000000, 1.000000000000000000, 0.000000000000000000 ) ) ;
#2102 = EDGE_CURVE ( 'NONE', #74, #2117, #467, .T. ) ;
#2103 = ORIENTED_EDGE ( 'NONE', *, *, #886, .F. ) ;
#2104 = PLANE ( 'NONE',  #1710 ) ;
#2105 = ORIENTED_EDGE ( 'NONE', *, *, #1014, .T. ) ;
#2106 = CARTESIAN_POINT ( 'NONE',  ( 2.961767479757442256, 4.175880947540393962, -2.001767479757441404 ) ) ;
#2107 = DIRECTION ( 'NONE',  ( 0.000000000000000000, 1.000000000000000000, 0.000000000000000000 ) ) ;
#2108 = ORIENTED_EDGE ( 'NONE', *, *, #2213, .F. ) ;
#2109 = CARTESIAN_POINT ( 'NONE',  ( -3.250000000000004441, 2.124999999999962252, -1.651000000000000245 ) ) ;
#2110 = CARTESIAN_POINT ( 'NONE',  ( -3.604997414032633518, 1.875000000000043077, 1.651000000000000245 ) ) ;
#2111 = AXIS2_PLACEMENT_3D ( 'NONE', #1940, #2815, #835 ) ;
#2112 = CIRCLE ( 'NONE', #1979, 0.3499999999999172107 ) ;
#2113 = VERTEX_POINT ( 'NONE', #7 ) ;
#2114 = CARTESIAN_POINT ( 'NONE',  ( 0.000000000000000000, 3.899999999999999911, 2.040540018403254940 ) ) ;
#2115 = CARTESIAN_POINT ( 'NONE',  ( 3.604997414032633518, 1.875000000000043077, -0.6200000000000001066 ) ) ;
#2116 = CARTESIAN_POINT ( 'NONE',  ( 3.250000000000000000, 1.875000000000043299, 1.651000000000000023 ) ) ;
#2117 = VERTEX_POINT ( 'NONE', #2659 ) ;
#2118 = CARTESIAN_POINT ( 'NONE',  ( 3.250000000000000000, 1.875000000000043743, 2.290000000000000036 ) ) ;
#2119 = ORIENTED_EDGE ( 'NONE', *, *, #2791, .F. ) ;
#2120 = ORIENTED_EDGE ( 'NONE', *, *, #2122, .F. ) ;
#2121 = CARTESIAN_POINT ( 'NONE',  ( 3.604997414032633518, 1.775000000000043432, -0.6200000000000001066 ) ) ;
#2122 = EDGE_CURVE ( 'NONE', #1163, #112, #673, .T. ) ;
#2123 = VECTOR ( 'NONE', #2561, 1000.000000000000000 ) ;
#2124 = DIRECTION ( 'NONE',  ( -1.000000000000000000, 4.886580598633153832E-15, -0.000000000000000000 ) ) ;
#2125 = ORIENTED_EDGE ( 'NONE', *, *, #1750, .F. ) ;
#2126 = ADVANCED_FACE ( 'NONE', ( #937 ), #2634, .F. ) ;
#2127 = CARTESIAN_POINT ( 'NONE',  ( -3.604997414032633518, 1.875000000000043077, -0.6200000000000001066 ) ) ;
#2128 = DIRECTION ( 'NONE',  ( 0.000000000000000000, 1.000000000000000000, 0.000000000000000000 ) ) ;
#2129 = DIRECTION ( 'NONE',  ( 0.000000000000000000, -0.000000000000000000, 1.000000000000000000 ) ) ;
#2130 = ORIENTED_EDGE ( 'NONE', *, *, #791, .T. ) ;
#2131 = DIRECTION ( 'NONE',  ( -0.000000000000000000, -0.000000000000000000, 1.000000000000000000 ) ) ;
#2132 = VERTEX_POINT ( 'NONE', #830 ) ;
#2133 = ORIENTED_EDGE ( 'NONE', *, *, #1948, .F. ) ;
#2134 = LINE ( 'NONE', #2355, #1320 ) ;
#2135 = CARTESIAN_POINT ( 'NONE',  ( 3.604997414032633074, 2.124999999999961808, -0.6200000000000001066 ) ) ;
#2136 = ADVANCED_FACE ( 'NONE', ( #2393 ), #2616, .T. ) ;
#2137 = CARTESIAN_POINT ( 'NONE',  ( 3.841053493385874429, 1.379511947846844722, -0.6200000000000023270 ) ) ;
#2138 = CARTESIAN_POINT ( 'NONE',  ( 4.217685782300279129, 0.2401489157332422075, -1.920000000000000151 ) ) ;
#2139 = EDGE_CURVE ( 'NONE', #1139, #2303, #427, .T. ) ;
#2140 = CARTESIAN_POINT ( 'NONE',  ( 4.078420791742800589, 1.457977008037318223, -1.920000000000000151 ) ) ;
#2141 = LINE ( 'NONE', #1674, #685 ) ;
#2142 = VERTEX_POINT ( 'NONE', #2205 ) ;
#2143 = CARTESIAN_POINT ( 'NONE',  ( 4.217685782300279129, 0.2401489157332422075, -1.651000000000000023 ) ) ;
#2144 = PLANE ( 'NONE',  #1181 ) ;
#2145 = FACE_OUTER_BOUND ( 'NONE', #2532, .T. ) ;
#2146 = PLANE ( 'NONE',  #2750 ) ;
#2147 = CIRCLE ( 'NONE', #2019, 0.3499999999999185429 ) ;
#2148 = CARTESIAN_POINT ( 'NONE',  ( -3.250000000000000000, 1.875000000000043299, -1.651000000000000245 ) ) ;
#2149 = EDGE_CURVE ( 'NONE', #1790, #2303, #224, .T. ) ;
#2150 =( GEOMETRIC_REPRESENTATION_CONTEXT ( 3 ) GLOBAL_UNCERTAINTY_ASSIGNED_CONTEXT ( ( #2365 ) ) GLOBAL_UNIT_ASSIGNED_CONTEXT ( ( #270, #1485, #927 ) ) REPRESENTATION_CONTEXT ( 'NONE', 'WORKASPACE' ) );
#2151 = DIRECTION ( 'NONE',  ( 1.000000000000000000, -4.886580598633153832E-15, 0.000000000000000000 ) ) ;
#2152 = DIRECTION ( 'NONE',  ( -0.000000000000000000, -0.000000000000000000, 1.000000000000000000 ) ) ;
#2153 = ADVANCED_FACE ( 'NONE', ( #1707 ), #601, .F. ) ;
#2154 = LINE ( 'NONE', #1022, #819 ) ;
#2155 = VECTOR ( 'NONE', #799, 1000.000000000000000 ) ;
#2156 = ORIENTED_EDGE ( 'NONE', *, *, #1821, .T. ) ;
#2157 = EDGE_CURVE ( 'NONE', #1179, #1377, #1380, .T. ) ;
#2158 = VERTEX_POINT ( 'NONE', #891 ) ;
#2159 = CARTESIAN_POINT ( 'NONE',  ( -2.349999999999999645, 3.899999999999999911, -1.389999999999999680 ) ) ;
#2160 = COLOUR_RGB ( '',1.000000000000000000, 1.000000000000000000, 1.000000000000000000 ) ;
#2161 = VECTOR ( 'NONE', #2577, 1000.000000000000000 ) ;
#2162 = DIRECTION ( 'NONE',  ( -0.000000000000000000, -0.000000000000000000, 1.000000000000000000 ) ) ;
#2163 = AXIS2_PLACEMENT_3D ( 'NONE', #2758, #1013, #586 ) ;
#2164 = DIRECTION ( 'NONE',  ( 0.9494691934280005130, 0.3138602407620023071, 0.000000000000000000 ) ) ;
#2165 = VERTEX_POINT ( 'NONE', #1159 ) ;
#2166 = PLANE ( 'NONE',  #726 ) ;
#2167 = MANIFOLD_SOLID_BREP ( 'Cut-Extrude1', #2606 ) ;
#2168 = VECTOR ( 'NONE', #976, 1000.000000000000000 ) ;
#2169 = VECTOR ( 'NONE', #1072, 1000.000000000000000 ) ;
#2170 = ORIENTED_EDGE ( 'NONE', *, *, #1356, .F. ) ;
#2171 = CARTESIAN_POINT ( 'NONE',  ( 3.937311631732356432, 1.884851084266718546, 0.6200000000000001066 ) ) ;
#2172 = CARTESIAN_POINT ( 'NONE',  ( -3.250000000000000000, 0.09999999999999982514, 2.290000000000000036 ) ) ;
#2173 = EDGE_CURVE ( 'NONE', #735, #9, #454, .T. ) ;
#2174 = ORIENTED_EDGE ( 'NONE', *, *, #40, .F. ) ;
#2175 = CARTESIAN_POINT ( 'NONE',  ( 4.549999999999999822, 0.000000000000000000, -0.6200000000000001066 ) ) ;
#2176 = CARTESIAN_POINT ( 'NONE',  ( -3.604997414032633518, 1.875000000000043077, 0.6200000000000001066 ) ) ;
#2177 = DIRECTION ( 'NONE',  ( 0.000000000000000000, -0.000000000000000000, 1.000000000000000000 ) ) ;
#2178 = CARTESIAN_POINT ( 'NONE',  ( -4.950000000000000178, 0.000000000000000000, -0.8200000000000000622 ) ) ;
#2179 = ORIENTED_EDGE ( 'NONE', *, *, #371, .T. ) ;
#2180 = CARTESIAN_POINT ( 'NONE',  ( -3.604997414032633518, 1.775000000000043432, 0.6200000000000001066 ) ) ;
#2181 = CARTESIAN_POINT ( 'NONE',  ( 4.950000000000000178, 0.2499999999999168998, -0.6200000000000001066 ) ) ;
#2182 = CARTESIAN_POINT ( 'NONE',  ( 0.000000000000000000, 0.000000000000000000, 0.000000000000000000 ) ) ;
#2183 = ORIENTED_EDGE ( 'NONE', *, *, #1516, .T. ) ;
#2184 = CARTESIAN_POINT ( 'NONE',  ( -2.844110840286397934, 1.049958695046714796, 1.651000000000000245 ) ) ;
#2185 = EDGE_CURVE ( 'NONE', #735, #1262, #739, .T. ) ;
#2186 = ORIENTED_EDGE ( 'NONE', *, *, #2673, .T. ) ;
#2187 = CARTESIAN_POINT ( 'NONE',  ( 3.699944333375433381, 1.806386024076243491, 0.6200000000000001066 ) ) ;
#2188 = CARTESIAN_POINT ( 'NONE',  ( -4.078420791742798812, 1.457977008037317779, -1.651000000000000245 ) ) ;
#2189 = CARTESIAN_POINT ( 'NONE',  ( -5.150000000000000355, 0.2499999999999168443, 1.719999999999999973 ) ) ;
#2190 = LINE ( 'NONE', #1307, #529 ) ;
#2191 = ORIENTED_EDGE ( 'NONE', *, *, #458, .T. ) ;
#2192 = CARTESIAN_POINT ( 'NONE',  ( 0.000000000000000000, 0.09999999999999982514, -2.040540018403254052 ) ) ;
#2193 = DIRECTION ( 'NONE',  ( 3.224393078023805769E-15, -8.060982695059514423E-16, -1.000000000000000000 ) ) ;
#2194 = CARTESIAN_POINT ( 'NONE',  ( 3.250000000000000000, 2.124999999999960032, 0.6200000000000001066 ) ) ;
#2195 = LINE ( 'NONE', #2427, #1569 ) ;
#2196 = PRODUCT_CONTEXT ( 'NONE', #1965, 'mechanical' ) ;
#2197 = VERTEX_POINT ( 'NONE', #1441 ) ;
#2198 = CARTESIAN_POINT ( 'NONE',  ( -2.349999999999999645, 3.849999999999999645, -1.789999999999999813 ) ) ;
#2199 = EDGE_LOOP ( 'NONE', ( #1026, #1644, #2312, #1276 ) ) ;
#2200 = VECTOR ( 'NONE', #1231, 1000.000000000000000 ) ;
#2201 = VECTOR ( 'NONE', #1334, 1000.000000000000114 ) ;
#2202 = VERTEX_POINT ( 'NONE', #1661 ) ;
#2203 = CARTESIAN_POINT ( 'NONE',  ( -4.549999999999999822, 0.2499999999999169553, 0.6200000000000001066 ) ) ;
#2204 = CARTESIAN_POINT ( 'NONE',  ( -4.078420791742798812, 1.457977008037317779, 1.651000000000000245 ) ) ;
#2205 = CARTESIAN_POINT ( 'NONE',  ( -5.150000000000000355, 0.000000000000000000, -0.8200000000000000622 ) ) ;
#2206 = CARTESIAN_POINT ( 'NONE',  ( -2.349999999999999645, 3.849999999999999645, -1.389999999999999680 ) ) ;
#2207 = ADVANCED_FACE ( 'NONE', ( #1407 ), #2772, .F. ) ;
#2208 = ORIENTED_EDGE ( 'NONE', *, *, #1122, .T. ) ;
#2209 = VECTOR ( 'NONE', #1542, 1000.000000000000114 ) ;
#2210 = PRESENTATION_LAYER_ASSIGNMENT (  '', '', ( #2027 ) ) ;
#2211 = AXIS2_PLACEMENT_3D ( 'NONE', #1333, #480, #1359 ) ;
#2212 = VECTOR ( 'NONE', #2551, 1000.000000000000114 ) ;
#2213 = EDGE_CURVE ( 'NONE', #1391, #330, #2553, .T. ) ;
#2214 = LINE ( 'NONE', #2014, #19 ) ;
#2215 = DIRECTION ( 'NONE',  ( -1.807003620809174878E-16, 1.000000000000000000, -0.000000000000000000 ) ) ;
#2216 = AXIS2_PLACEMENT_3D ( 'NONE', #532, #1858, #2349 ) ;
#2217 = AXIS2_PLACEMENT_3D ( 'NONE', #1241, #343, #400 ) ;
#2218 = ORIENTED_EDGE ( 'NONE', *, *, #2840, .F. ) ;
#2219 = DIRECTION ( 'NONE',  ( 0.3138602407620030288, -0.9494691934280004020, -0.000000000000000000 ) ) ;
#2220 = EDGE_LOOP ( 'NONE', ( #1607, #2093, #2631, #722 ) ) ;
#2221 = DIRECTION ( 'NONE',  ( 0.000000000000000000, 1.000000000000000000, 0.000000000000000000 ) ) ;
#2222 = CARTESIAN_POINT ( 'NONE',  ( 3.604997414032633518, 1.875000000000043077, 1.651000000000000023 ) ) ;
#2223 = ORIENTED_EDGE ( 'NONE', *, *, #1859, .F. ) ;
#2224 = EDGE_CURVE ( 'NONE', #1465, #1262, #1200, .T. ) ;
#2225 = MANIFOLD_SOLID_BREP ( 'Boss-Extrude2', #2839 ) ;
#2226 = DIRECTION ( 'NONE',  ( -1.807003620809174878E-16, 1.000000000000000000, -0.000000000000000000 ) ) ;
#2227 = FACE_OUTER_BOUND ( 'NONE', #626, .T. ) ;
#2228 = DIRECTION ( 'NONE',  ( 0.000000000000000000, 1.000000000000000000, 0.000000000000000000 ) ) ;
#2229 = ORIENTED_EDGE ( 'NONE', *, *, #613, .T. ) ;
#2230 = LINE ( 'NONE', #2007, #1850 ) ;
#2231 = ORIENTED_EDGE ( 'NONE', *, *, #1323, .T. ) ;
#2232 = FACE_OUTER_BOUND ( 'NONE', #979, .T. ) ;
#2233 = CARTESIAN_POINT ( 'NONE',  ( 4.455053080657200404, 0.3186139759237169855, -1.920000000000000151 ) ) ;
#2234 = CARTESIAN_POINT ( 'NONE',  ( -3.250000000000000000, 1.875000000000043299, 0.6200000000000001066 ) ) ;
#2235 = ORIENTED_EDGE ( 'NONE', *, *, #2642, .T. ) ;
#2236 = CARTESIAN_POINT ( 'NONE',  ( 4.950000000000000178, 0.2499999999999168443, -1.719999999999999973 ) ) ;
#2237 = CYLINDRICAL_SURFACE ( 'NONE', #1277, 0.1999999999999999833 ) ;
#2238 = ADVANCED_FACE ( 'NONE', ( #1017 ), #1907, .F. ) ;
#2239 = DIRECTION ( 'NONE',  ( 0.000000000000000000, 0.000000000000000000, 1.000000000000000000 ) ) ;
#2240 = LINE ( 'NONE', #1960, #127 ) ;
#2241 = EDGE_CURVE ( 'NONE', #1152, #1293, #1059, .T. ) ;
#2242 = EDGE_LOOP ( 'NONE', ( #1658, #2505, #2170, #290 ) ) ;
#2243 = ADVANCED_FACE ( 'NONE', ( #1562 ), #1120, .F. ) ;
#2244 = AXIS2_PLACEMENT_3D ( 'NONE', #176, #1955, #1734 ) ;
#2245 = LINE ( 'NONE', #239, #1937 ) ;
#2246 = ADVANCED_FACE ( 'NONE', ( #1985 ), #2674, .T. ) ;
#2247 = DIRECTION ( 'NONE',  ( -1.000000000000000000, 0.000000000000000000, 0.000000000000000000 ) ) ;
#2248 = FILL_AREA_STYLE_COLOUR ( '', #769 ) ;
#2249 = VECTOR ( 'NONE', #2436, 1000.000000000000000 ) ;
#2250 = ORIENTED_EDGE ( 'NONE', *, *, #60, .F. ) ;
#2251 = DIRECTION ( 'NONE',  ( -1.000000000000000000, 0.000000000000000000, 0.000000000000000000 ) ) ;
#2252 = VECTOR ( 'NONE', #223, 1000.000000000000000 ) ;
#2253 = DIRECTION ( 'NONE',  ( -0.000000000000000000, 0.000000000000000000, 1.000000000000000000 ) ) ;
#2254 = ORIENTED_EDGE ( 'NONE', *, *, #2149, .T. ) ;
#2255 = CARTESIAN_POINT ( 'NONE',  ( 3.937311631732356432, 1.884851084266718546, -0.6200000000000001066 ) ) ;
#2256 = VECTOR ( 'NONE', #1431, 1000.000000000000114 ) ;
#2257 = ORIENTED_EDGE ( 'NONE', *, *, #1323, .F. ) ;
#2258 = CIRCLE ( 'NONE', #2718, 0.2000000000000000944 ) ;
#2259 = DIRECTION ( 'NONE',  ( -0.9902680687415706950, 0.1391731009600625790, 0.000000000000000000 ) ) ;
#2260 = EDGE_CURVE ( 'NONE', #1924, #1819, #194, .T. ) ;
#2261 = AXIS2_PLACEMENT_3D ( 'NONE', #1637, #2087, #552 ) ;
#2262 = ORIENTED_EDGE ( 'NONE', *, *, #977, .F. ) ;
#2263 = DIRECTION ( 'NONE',  ( 1.000000000000000000, 0.000000000000000000, 0.000000000000000000 ) ) ;
#2264 = EDGE_LOOP ( 'NONE', ( #2120, #1559, #517, #750 ) ) ;
#2265 = DIRECTION ( 'NONE',  ( 0.000000000000000000, 1.000000000000000000, 0.000000000000000000 ) ) ;
#2266 = ADVANCED_FACE ( 'NONE', ( #1749 ), #2166, .T. ) ;
#2267 = EDGE_LOOP ( 'NONE', ( #985, #2186, #2208, #479, #2439, #1980 ) ) ;
#2268 = LINE ( 'NONE', #1557, #808 ) ;
#2269 = ORIENTED_EDGE ( 'NONE', *, *, #1878, .F. ) ;
#2270 = FACE_OUTER_BOUND ( 'NONE', #1400, .T. ) ;
#2271 = ORIENTED_EDGE ( 'NONE', *, *, #1516, .F. ) ;
#2272 = DIRECTION ( 'NONE',  ( -0.9494691934280006240, -0.3138602407620023627, 0.000000000000000000 ) ) ;
#2273 = DIRECTION ( 'NONE',  ( 0.000000000000000000, 0.000000000000000000, 1.000000000000000000 ) ) ;
#2274 = EDGE_LOOP ( 'NONE', ( #2650, #1860, #1918, #1823, #484, #965, #128, #2542, #1630, #935, #2575, #171 ) ) ;
#2275 = DIRECTION ( 'NONE',  ( 0.000000000000000000, 0.000000000000000000, -1.000000000000000000 ) ) ;
#2276 = FILL_AREA_STYLE_COLOUR ( '', #126 ) ;
#2277 = ORIENTED_EDGE ( 'NONE', *, *, #1550, .T. ) ;
#2278 = ADVANCED_FACE ( 'NONE', ( #640 ), #1766, .F. ) ;
#2279 = VERTEX_POINT ( 'NONE', #2001 ) ;
#2280 = FACE_OUTER_BOUND ( 'NONE', #746, .T. ) ;
#2281 = CARTESIAN_POINT ( 'NONE',  ( -3.604997414032633074, 2.124999999999961808, -1.651000000000000245 ) ) ;
#2282 = ORIENTED_EDGE ( 'NONE', *, *, #204, .F. ) ;
#2283 = EDGE_CURVE ( 'NONE', #1389, #1798, #1665, .T. ) ;
#2284 = DIRECTION ( 'NONE',  ( 1.000000000000000000, 0.000000000000000000, 0.000000000000000000 ) ) ;
#2285 = EDGE_LOOP ( 'NONE', ( #539, #1529, #144, #342 ) ) ;
#2286 = LINE ( 'NONE', #62, #868 ) ;
#2287 = FACE_OUTER_BOUND ( 'NONE', #260, .T. ) ;
#2288 = ORIENTED_EDGE ( 'NONE', *, *, #948, .F. ) ;
#2289 = CARTESIAN_POINT ( 'NONE',  ( -3.250000000000000000, 1.875000000000043299, 1.651000000000000245 ) ) ;
#2290 = CARTESIAN_POINT ( 'NONE',  ( -2.349999999999999645, 3.899999999999999911, -1.789999999999999813 ) ) ;
#2291 = VERTEX_POINT ( 'NONE', #1589 ) ;
#2292 = AXIS2_PLACEMENT_3D ( 'NONE', #1353, #699, #1103 ) ;
#2293 = VECTOR ( 'NONE', #2556, 1000.000000000000000 ) ;
#2294 = ORIENTED_EDGE ( 'NONE', *, *, #309, .F. ) ;
#2295 = AXIS2_PLACEMENT_3D ( 'NONE', #2477, #1378, #2022 ) ;
#2296 = APPLICATION_CONTEXT ( 'automotive_design' ) ;
#2297 = EDGE_CURVE ( 'NONE', #2324, #1199, #1896, .T. ) ;
#2298 = VECTOR ( 'NONE', #1042, 1000.000000000000000 ) ;
#2299 = CARTESIAN_POINT ( 'NONE',  ( -4.549999999999999822, 0.3499999999999169886, -0.6200000000000001066 ) ) ;
#2300 = ORIENTED_EDGE ( 'NONE', *, *, #397, .T. ) ;
#2301 = CARTESIAN_POINT ( 'NONE',  ( -4.950000000000000178, 0.2499999999999168443, -1.719999999999999973 ) ) ;
#2302 = ADVANCED_FACE ( 'NONE', ( #2672 ), #15, .T. ) ;
#2303 = VERTEX_POINT ( 'NONE', #308 ) ;
#2304 = CARTESIAN_POINT ( 'NONE',  ( -4.217685782300279129, 0.2401489157332422075, 1.651000000000000245 ) ) ;
#2305 = AXIS2_PLACEMENT_3D ( 'NONE', #1399, #1606, #2284 ) ;
#2306 = CARTESIAN_POINT ( 'NONE',  ( 3.604997414032633074, 2.124999999999961808, 0.6200000000000001066 ) ) ;
#2307 = CIRCLE ( 'NONE', #1663, 0.3499999999999172107 ) ;
#2308 = DIRECTION ( 'NONE',  ( 1.000000000000000000, 0.000000000000000000, 0.000000000000000000 ) ) ;
#2309 = VECTOR ( 'NONE', #1450, 1000.000000000000000 ) ;
#2310 = EDGE_LOOP ( 'NONE', ( #653, #1664, #2156, #1582, #970, #1129 ) ) ;
#2311 = FACE_OUTER_BOUND ( 'NONE', #1379, .T. ) ;
#2312 = ORIENTED_EDGE ( 'NONE', *, *, #1141, .F. ) ;
#2313 = VECTOR ( 'NONE', #1772, 1000.000000000000000 ) ;
#2314 = ORIENTED_EDGE ( 'NONE', *, *, #528, .F. ) ;
#2315 = AXIS2_PLACEMENT_3D ( 'NONE', #245, #2828, #689 ) ;
#2316 = CARTESIAN_POINT ( 'NONE',  ( 4.950000000000000178, 0.000000000000000000, -1.920000000000000151 ) ) ;
#2317 = ORIENTED_EDGE ( 'NONE', *, *, #702, .F. ) ;
#2318 = DIRECTION ( 'NONE',  ( -0.000000000000000000, -0.000000000000000000, -1.000000000000000000 ) ) ;
#2319 = DIRECTION ( 'NONE',  ( -0.000000000000000000, -0.000000000000000000, -1.000000000000000000 ) ) ;
#2320 = EDGE_CURVE ( 'NONE', #1717, #659, #2481, .T. ) ;
#2321 = ORIENTED_EDGE ( 'NONE', *, *, #1247, .T. ) ;
#2322 = CARTESIAN_POINT ( 'NONE',  ( 3.746106574043075899, 1.348125923770642443, 1.920000000000000151 ) ) ;
#2323 = PLANE ( 'NONE',  #1149 ) ;
#2324 = VERTEX_POINT ( 'NONE', #742 ) ;
#2325 = CARTESIAN_POINT ( 'NONE',  ( -4.950000000000000178, 0.000000000000000000, -1.719999999999999973 ) ) ;
#2326 = VERTEX_POINT ( 'NONE', #2456 ) ;
#2327 = ORIENTED_EDGE ( 'NONE', *, *, #962, .T. ) ;
#2328 = DIRECTION ( 'NONE',  ( -0.000000000000000000, -0.000000000000000000, -1.000000000000000000 ) ) ;
#2329 = DIRECTION ( 'NONE',  ( -1.000000000000000000, 0.000000000000000000, 0.000000000000000000 ) ) ;
#2330 = DIRECTION ( 'NONE',  ( 0.000000000000000000, 0.000000000000000000, 1.000000000000000000 ) ) ;
#2331 = CARTESIAN_POINT ( 'NONE',  ( -3.250000000000000000, 1.875000000000043299, -0.6200000000000001066 ) ) ;
#2332 = DIRECTION ( 'NONE',  ( -0.3138602407620023071, -0.9494691934280005130, 0.000000000000000000 ) ) ;
#2333 = LINE ( 'NONE', #748, #2535 ) ;
#2334 = ADVANCED_FACE ( 'NONE', ( #2369 ), #380, .F. ) ;
#2335 = ORIENTED_EDGE ( 'NONE', *, *, #716, .T. ) ;
#2336 = CARTESIAN_POINT ( 'NONE',  ( -4.455053080657201292, 0.3186139759237169855, 1.920000000000000151 ) ) ;
#2337 = ORIENTED_EDGE ( 'NONE', *, *, #2037, .T. ) ;
#2338 = DIRECTION ( 'NONE',  ( 0.000000000000000000, 0.000000000000000000, -1.000000000000000000 ) ) ;
#2339 = EDGE_CURVE ( 'NONE', #1230, #347, #2539, .T. ) ;
#2340 = ORIENTED_EDGE ( 'NONE', *, *, #115, .F. ) ;
#2341 = FACE_OUTER_BOUND ( 'NONE', #1292, .T. ) ;
#2342 = VECTOR ( 'NONE', #429, 1000.000000000000000 ) ;
#2343 = CARTESIAN_POINT ( 'NONE',  ( 3.937311631732358208, 1.884851084266719212, 1.651000000000000023 ) ) ;
#2344 = VECTOR ( 'NONE', #195, 1000.000000000000000 ) ;
#2345 = ORIENTED_EDGE ( 'NONE', *, *, #76, .T. ) ;
#2346 = DIRECTION ( 'NONE',  ( 0.000000000000000000, 0.000000000000000000, -1.000000000000000000 ) ) ;
#2347 = VECTOR ( 'NONE', #202, 1000.000000000000000 ) ;
#2348 = DIRECTION ( 'NONE',  ( -1.000000000000000000, 0.000000000000000000, 0.000000000000000000 ) ) ;
#2349 = DIRECTION ( 'NONE',  ( -1.000000000000000000, 0.000000000000000000, 0.000000000000000000 ) ) ;
#2350 = VERTEX_POINT ( 'NONE', #2081 ) ;
#2351 = ORIENTED_EDGE ( 'NONE', *, *, #2821, .T. ) ;
#2352 = SURFACE_STYLE_USAGE ( .BOTH. , #1468 ) ;
#2353 = ADVANCED_FACE ( 'NONE', ( #1866 ), #841, .F. ) ;
#2354 = ORIENTED_EDGE ( 'NONE', *, *, #397, .F. ) ;
#2355 = CARTESIAN_POINT ( 'NONE',  ( -4.078420791742798812, 1.457977008037317779, 1.651000000000000245 ) ) ;
#2356 = CARTESIAN_POINT ( 'NONE',  ( -3.604997414032633518, 1.875000000000042855, -1.651000000000000245 ) ) ;
#2357 = VECTOR ( 'NONE', #1002, 1000.000000000000114 ) ;
#2358 = EDGE_CURVE ( 'NONE', #2132, #735, #495, .T. ) ;
#2359 = AXIS2_PLACEMENT_3D ( 'NONE', #1827, #2259, #1857 ) ;
#2360 = DIRECTION ( 'NONE',  ( 1.000000000000000000, 0.000000000000000000, 0.000000000000000000 ) ) ;
#2361 = DIRECTION ( 'NONE',  ( -1.000000000000000000, 0.000000000000000000, 0.000000000000000000 ) ) ;
#2362 = CARTESIAN_POINT ( 'NONE',  ( -4.950000000000000178, 0.000000000000000000, 0.6200000000000001066 ) ) ;
#2363 = VERTEX_POINT ( 'NONE', #1908 ) ;
#2364 = CARTESIAN_POINT ( 'NONE',  ( -4.549999999999999822, 0.000000000000000000, 0.6200000000000001066 ) ) ;
#2365 = UNCERTAINTY_MEASURE_WITH_UNIT (LENGTH_MEASURE( 1.000000000000000082E-05 ), #270, 'distance_accuracy_value', 'NONE');
#2366 = ORIENTED_EDGE ( 'NONE', *, *, #2667, .F. ) ;
#2367 = EDGE_CURVE ( 'NONE', #549, #1034, #1425, .T. ) ;
#2368 = DIRECTION ( 'NONE',  ( 1.000000000000000000, -0.000000000000000000, -0.000000000000000000 ) ) ;
#2369 = FACE_OUTER_BOUND ( 'NONE', #1260, .T. ) ;
#2370 = EDGE_CURVE ( 'NONE', #1114, #714, #1330, .T. ) ;
#2371 = LINE ( 'NONE', #1711, #1041 ) ;
#2372 = EDGE_CURVE ( 'NONE', #67, #574, #1445, .T. ) ;
#2373 = DIRECTION ( 'NONE',  ( 0.000000000000000000, 1.000000000000000000, 0.000000000000000000 ) ) ;
#2374 = DIRECTION ( 'NONE',  ( 1.000000000000000000, 4.886580598633153832E-15, 0.000000000000000000 ) ) ;
#2375 = ORIENTED_EDGE ( 'NONE', *, *, #1756, .T. ) ;
#2376 = CARTESIAN_POINT ( 'NONE',  ( 3.604997414032633518, 1.775000000000043432, 1.651000000000000023 ) ) ;
#2377 = VERTEX_POINT ( 'NONE', #2814 ) ;
#2378 = DIRECTION ( 'NONE',  ( 0.000000000000000000, 1.000000000000000000, 0.000000000000000000 ) ) ;
#2379 = ORIENTED_EDGE ( 'NONE', *, *, #1859, .T. ) ;
#2380 = CARTESIAN_POINT ( 'NONE',  ( 3.937311631732356432, 1.884851084266718546, -1.920000000000000151 ) ) ;
#2381 = CARTESIAN_POINT ( 'NONE',  ( 3.604997414032633518, 1.775000000000043432, 0.6200000000000001066 ) ) ;
#2382 = DIRECTION ( 'NONE',  ( 0.000000000000000000, 1.000000000000000000, 0.000000000000000000 ) ) ;
#2383 = EDGE_CURVE ( 'NONE', #779, #2747, #2258, .T. ) ;
#2384 = VECTOR ( 'NONE', #1514, 1000.000000000000000 ) ;
#2385 = CARTESIAN_POINT ( 'NONE',  ( -2.844110840286397934, 1.049958695046714796, -1.651000000000000245 ) ) ;
#2386 = CARTESIAN_POINT ( 'NONE',  ( -4.549999999999999822, 0.3499999999999169886, 0.6200000000000001066 ) ) ;
#2387 = DIRECTION ( 'NONE',  ( -0.000000000000000000, -0.000000000000000000, 1.000000000000000000 ) ) ;
#2388 = EDGE_CURVE ( 'NONE', #2363, #1360, #383, .T. ) ;
#2389 = ORIENTED_EDGE ( 'NONE', *, *, #164, .F. ) ;
#2390 = DIRECTION ( 'NONE',  ( 1.000000000000000000, 0.000000000000000000, 0.000000000000000000 ) ) ;
#2391 = LINE ( 'NONE', #648, #2478 ) ;
#2392 = DIRECTION ( 'NONE',  ( 0.000000000000000000, 1.000000000000000000, -0.000000000000000000 ) ) ;
#2393 = FACE_OUTER_BOUND ( 'NONE', #2483, .T. ) ;
#2394 = VECTOR ( 'NONE', #2752, 1000.000000000000000 ) ;
#2395 = VECTOR ( 'NONE', #376, 1000.000000000000000 ) ;
#2396 = DIRECTION ( 'NONE',  ( 0.000000000000000000, 0.000000000000000000, -1.000000000000000000 ) ) ;
#2397 = VERTEX_POINT ( 'NONE', #1900 ) ;
#2398 = VECTOR ( 'NONE', #2128, 1000.000000000000000 ) ;
#2399 = CARTESIAN_POINT ( 'NONE',  ( -5.150000000000000355, 0.2499999999999168443, 0.6200000000000001066 ) ) ;
#2400 = ADVANCED_FACE ( 'NONE', ( #2559 ), #1207, .F. ) ;
#2401 = DIRECTION ( 'NONE',  ( -0.000000000000000000, -1.000000000000000000, -0.000000000000000000 ) ) ;
#2402 = CARTESIAN_POINT ( 'NONE',  ( 4.950000000000000178, 0.2499999999999168998, 1.719999999999999973 ) ) ;
#2403 = ORIENTED_EDGE ( 'NONE', *, *, #1756, .F. ) ;
#2404 = LINE ( 'NONE', #2184, #405 ) ;
#2405 = CARTESIAN_POINT ( 'NONE',  ( -4.549999999999999822, 0.3499999999999169886, 0.6200000000000001066 ) ) ;
#2406 = VERTEX_POINT ( 'NONE', #1267 ) ;
#2407 = ORIENTED_EDGE ( 'NONE', *, *, #2, .T. ) ;
#2408 = DIRECTION ( 'NONE',  ( 0.000000000000000000, 1.000000000000000000, 0.000000000000000000 ) ) ;
#2409 = CARTESIAN_POINT ( 'NONE',  ( 4.549999999999999822, 0.2499999999999169553, 0.6200000000000001066 ) ) ;
#2410 = VERTEX_POINT ( 'NONE', #2148 ) ;
#2411 = PLANE ( 'NONE',  #211 ) ;
#2412 = PLANE ( 'NONE',  #2315 ) ;
#2413 = ORIENTED_EDGE ( 'NONE', *, *, #1158, .F. ) ;
#2414 = CARTESIAN_POINT ( 'NONE',  ( 3.250000000000000000, 1.875000000000043299, 0.6200000000000001066 ) ) ;
#2415 = LINE ( 'NONE', #634, #413 ) ;
#2416 = ADVANCED_FACE ( 'NONE', ( #1252 ), #1236, .F. ) ;
#2417 = ORIENTED_EDGE ( 'NONE', *, *, #54, .F. ) ;
#2418 = LINE ( 'NONE', #2203, #262 ) ;
#2419 = CARTESIAN_POINT ( 'NONE',  ( -4.455053080657201292, 0.3186139759237169855, -0.6200000000000001066 ) ) ;
#2420 = ADVANCED_FACE ( 'NONE', ( #162 ), #2571, .F. ) ;
#2421 = LINE ( 'NONE', #2049, #847 ) ;
#2422 = EDGE_LOOP ( 'NONE', ( #263, #27, #1412, #2235, #2511, #101, #450, #481 ) ) ;
#2423 = DIRECTION ( 'NONE',  ( -1.000000000000000000, 0.000000000000000000, 0.000000000000000000 ) ) ;
#2425 = FACE_OUTER_BOUND ( 'NONE', #2496, .T. ) ;
#2424 = AXIS2_PLACEMENT_3D ( 'NONE', #1999, #652, #1791 ) ;
#2426 = DIRECTION ( 'NONE',  ( -0.000000000000000000, -0.000000000000000000, 1.000000000000000000 ) ) ;
#2427 = CARTESIAN_POINT ( 'NONE',  ( 3.604997414032633518, 1.875000000000043077, -1.651000000000000023 ) ) ;
#2428 = EDGE_LOOP ( 'NONE', ( #2854, #44, #1847, #188, #664, #279, #2335, #146 ) ) ;
#2429 = LINE ( 'NONE', #1784, #2617 ) ;
#2430 = CARTESIAN_POINT ( 'NONE',  ( -2.943526407901813080, 4.305672917925774001, -1.983526407901813338 ) ) ;
#2431 = VERTEX_POINT ( 'NONE', #2138 ) ;
#2432 = AXIS2_PLACEMENT_3D ( 'NONE', #1456, #367, #1162 ) ;
#2433 = CARTESIAN_POINT ( 'NONE',  ( -2.349999999999999645, 3.849999999999999645, -1.389999999999999680 ) ) ;
#2434 = AXIS2_PLACEMENT_3D ( 'NONE', #482, #1168, #2694 ) ;
#2435 = VERTEX_POINT ( 'NONE', #1029 ) ;
#2436 = DIRECTION ( 'NONE',  ( 1.000000000000000000, 0.000000000000000000, 0.000000000000000000 ) ) ;
#2437 = CARTESIAN_POINT ( 'NONE',  ( 4.549999999999999822, 0.000000000000000000, 0.6200000000000001066 ) ) ;
#2438 = EDGE_CURVE ( 'NONE', #1152, #1809, #1922, .T. ) ;
#2439 = ORIENTED_EDGE ( 'NONE', *, *, #408, .T. ) ;
#2440 = CARTESIAN_POINT ( 'NONE',  ( 3.604997414032633518, 1.775000000000043432, -1.651000000000000023 ) ) ;
#2441 = ORIENTED_EDGE ( 'NONE', *, *, #2086, .T. ) ;
#2442 = AXIS2_PLACEMENT_3D ( 'NONE', #721, #1610, #2273 ) ;
#2443 = VECTOR ( 'NONE', #1156, 1000.000000000000000 ) ;
#2444 = DIRECTION ( 'NONE',  ( -1.000000000000000000, 0.000000000000000000, 0.000000000000000000 ) ) ;
#2445 = CARTESIAN_POINT ( 'NONE',  ( -3.937311631732356432, 1.884851084266718546, -0.6200000000000001066 ) ) ;
#2446 = CIRCLE ( 'NONE', #502, 0.3499999999999172107 ) ;
#2447 = VERTEX_POINT ( 'NONE', #1653 ) ;
#2448 = DIRECTION ( 'NONE',  ( 0.000000000000000000, -1.000000000000000000, 0.000000000000000000 ) ) ;
#2449 = CYLINDRICAL_SURFACE ( 'NONE', #2812, 0.3499999999999172107 ) ;
#2450 = ORIENTED_EDGE ( 'NONE', *, *, #1319, .T. ) ;
#2451 = CARTESIAN_POINT ( 'NONE',  ( -3.604997414032633518, 1.875000000000043077, 0.6200000000000001066 ) ) ;
#2452 = LINE ( 'NONE', #2011, #2614 ) ;
#2453 = EDGE_CURVE ( 'NONE', #1525, #1230, #2525, .T. ) ;
#2454 = ORIENTED_EDGE ( 'NONE', *, *, #1821, .F. ) ;
#2455 = DIRECTION ( 'NONE',  ( 0.3138602407620030288, 0.9494691934280004020, 0.000000000000000000 ) ) ;
#2456 = CARTESIAN_POINT ( 'NONE',  ( -4.549999999999999822, 0.2499999999999173994, 0.6200000000000001066 ) ) ;
#2457 = EDGE_CURVE ( 'NONE', #2158, #1290, #1097, .T. ) ;
#2458 = CARTESIAN_POINT ( 'NONE',  ( -3.604997414032633518, 1.875000000000042855, 1.651000000000000245 ) ) ;
#2459 = LINE ( 'NONE', #1515, #1941 ) ;
#2460 = EDGE_CURVE ( 'NONE', #738, #248, #1388, .T. ) ;
#2461 = VERTEX_POINT ( 'NONE', #2510 ) ;
#2462 = CARTESIAN_POINT ( 'NONE',  ( 4.078420791742799700, 1.457977008037318445, 1.651000000000000023 ) ) ;
#2463 = ORIENTED_EDGE ( 'NONE', *, *, #2017, .T. ) ;
#2464 = LINE ( 'NONE', #2045, #2249 ) ;
#2465 = DIRECTION ( 'NONE',  ( -0.3138602407620023071, 0.9494691934280005130, -0.000000000000000000 ) ) ;
#2466 = ORIENTED_EDGE ( 'NONE', *, *, #2173, .F. ) ;
#2467 = DIRECTION ( 'NONE',  ( -1.000000000000000000, 1.807003620809174632E-16, 0.000000000000000000 ) ) ;
#2468 = FACE_OUTER_BOUND ( 'NONE', #297, .T. ) ;
#2469 = CARTESIAN_POINT ( 'NONE',  ( -3.604997414032633518, 1.875000000000043077, -0.6200000000000001066 ) ) ;
#2470 = ADVANCED_FACE ( 'NONE', ( #59 ), #942, .T. ) ;
#2471 = ORIENTED_EDGE ( 'NONE', *, *, #2185, .T. ) ;
#2472 = DIRECTION ( 'NONE',  ( 0.000000000000000000, 0.000000000000000000, 1.000000000000000000 ) ) ;
#2473 = EDGE_CURVE ( 'NONE', #2132, #1809, #874, .T. ) ;
#2474 = CIRCLE ( 'NONE', #113, 0.3499999999999185429 ) ;
#2475 = CIRCLE ( 'NONE', #350, 0.3999999999999999667 ) ;
#2476 = EDGE_LOOP ( 'NONE', ( #1484, #792, #105, #902, #288, #571 ) ) ;
#2477 = CARTESIAN_POINT ( 'NONE',  ( 4.549999999999999822, 0.3499999999999169886, -0.6200000000000001066 ) ) ;
#2478 = VECTOR ( 'NONE', #1317, 1000.000000000000000 ) ;
#2479 = ORIENTED_EDGE ( 'NONE', *, *, #598, .T. ) ;
#2480 = FACE_OUTER_BOUND ( 'NONE', #982, .T. ) ;
#2481 = LINE ( 'NONE', #53, #1478 ) ;
#2482 = CARTESIAN_POINT ( 'NONE',  ( 3.250000000000000000, 3.899999999999999911, 2.040540018403254940 ) ) ;
#2483 = EDGE_LOOP ( 'NONE', ( #1395, #1592, #1430, #1993 ) ) ;
#2484 = DIRECTION ( 'NONE',  ( -0.000000000000000000, -0.000000000000000000, -1.000000000000000000 ) ) ;
#2485 = EDGE_CURVE ( 'NONE', #1673, #1628, #2531, .T. ) ;
#2486 = VECTOR ( 'NONE', #2378, 1000.000000000000000 ) ;
#2487 = CARTESIAN_POINT ( 'NONE',  ( -3.604997414032633518, 1.775000000000043432, -0.6200000000000001066 ) ) ;
#2488 = VECTOR ( 'NONE', #553, 1000.000000000000000 ) ;
#2489 = VECTOR ( 'NONE', #21, 1000.000000000000114 ) ;
#2490 = DIRECTION ( 'NONE',  ( -1.000000000000000000, 0.000000000000000000, 0.000000000000000000 ) ) ;
#2491 = CARTESIAN_POINT ( 'NONE',  ( -3.841053493385875317, 1.379511947846842723, 0.6200000000000001066 ) ) ;
#2492 = ORIENTED_EDGE ( 'NONE', *, *, #23, .F. ) ;
#2493 = ADVANCED_FACE ( 'NONE', ( #1090 ), #1344, .F. ) ;
#2494 = ORIENTED_EDGE ( 'NONE', *, *, #1878, .T. ) ;
#2495 = DIRECTION ( 'NONE',  ( 0.000000000000000000, 0.000000000000000000, -1.000000000000000000 ) ) ;
#2496 = EDGE_LOOP ( 'NONE', ( #2090, #2550, #1865, #327 ) ) ;
#2497 = ORIENTED_EDGE ( 'NONE', *, *, #2460, .T. ) ;
#2498 = DIRECTION ( 'NONE',  ( -0.000000000000000000, 1.000000000000000000, -0.000000000000000000 ) ) ;
#2499 = DIRECTION ( 'NONE',  ( -0.000000000000000000, -0.000000000000000000, -1.000000000000000000 ) ) ;
#2500 = ORIENTED_EDGE ( 'NONE', *, *, #702, .T. ) ;
#2501 = DIRECTION ( 'NONE',  ( -0.000000000000000000, -0.000000000000000000, -1.000000000000000000 ) ) ;
#2502 =( NAMED_UNIT ( * ) SI_UNIT ( $, .STERADIAN. ) SOLID_ANGLE_UNIT ( ) );
#2503 = ORIENTED_EDGE ( 'NONE', *, *, #1054, .T. ) ;
#2504 = EDGE_CURVE ( 'NONE', #2291, #1455, #2195, .T. ) ;
#2505 = ORIENTED_EDGE ( 'NONE', *, *, #1178, .T. ) ;
#2506 = EDGE_CURVE ( 'NONE', #2132, #1293, #2690, .T. ) ;
#2507 = FACE_OUTER_BOUND ( 'NONE', #2422, .T. ) ;
#2508 = VERTEX_POINT ( 'NONE', #885 ) ;
#2509 = CARTESIAN_POINT ( 'NONE',  ( -3.250000000000000000, 2.124999999999960032, -0.6200000000000001066 ) ) ;
#2510 = CARTESIAN_POINT ( 'NONE',  ( 4.455053080657200404, 0.3186139759237169855, -0.6200000000000001066 ) ) ;
#2511 = ORIENTED_EDGE ( 'NONE', *, *, #1147, .T. ) ;
#2512 = FACE_OUTER_BOUND ( 'NONE', #158, .T. ) ;
#2513 = CARTESIAN_POINT ( 'NONE',  ( 5.150000000000000355, 0.000000000000000000, -0.6200000000000001066 ) ) ;
#2514 = ORIENTED_EDGE ( 'NONE', *, *, #1608, .F. ) ;
#2515 = SURFACE_SIDE_STYLE ('',( #1677 ) ) ;
#2516 = ORIENTED_EDGE ( 'NONE', *, *, #1840, .T. ) ;
#2517 = VECTOR ( 'NONE', #2039, 1000.000000000000000 ) ;
#2518 = AXIS2_PLACEMENT_3D ( 'NONE', #592, #1269, #2151 ) ;
#2519 = VERTEX_POINT ( 'NONE', #32 ) ;
#2520 = EDGE_CURVE ( 'NONE', #1034, #1205, #478, .T. ) ;
#2521 = AXIS2_PLACEMENT_3D ( 'NONE', #104, #1695, #1411 ) ;
#2522 = VECTOR ( 'NONE', #573, 1000.000000000000000 ) ;
#2523 = DIRECTION ( 'NONE',  ( -0.000000000000000000, -0.000000000000000000, -1.000000000000000000 ) ) ;
#2524 = EDGE_LOOP ( 'NONE', ( #2585, #2503, #117, #1064 ) ) ;
#2525 = LINE ( 'NONE', #545, #1475 ) ;
#2526 = EDGE_LOOP ( 'NONE', ( #1770, #2463, #703, #2706, #442, #130 ) ) ;
#2527 = DIRECTION ( 'NONE',  ( 0.3138602407620023071, -0.9494691934280005130, 0.000000000000000000 ) ) ;
#2528 = LINE ( 'NONE', #1872, #912 ) ;
#2529 = PRESENTATION_LAYER_ASSIGNMENT (  '', '', ( #226 ) ) ;
#2530 = FACE_OUTER_BOUND ( 'NONE', #57, .T. ) ;
#2531 = CIRCLE ( 'NONE', #2032, 0.1999999999999999833 ) ;
#2532 = EDGE_LOOP ( 'NONE', ( #283, #1932, #318, #24 ) ) ;
#2533 = CARTESIAN_POINT ( 'NONE',  ( 3.000540018403254905, 3.899999999999999911, 0.000000000000000000 ) ) ;
#2534 = ORIENTED_EDGE ( 'NONE', *, *, #458, .F. ) ;
#2535 = VECTOR ( 'NONE', #1242, 1000.000000000000000 ) ;
#2536 = VECTOR ( 'NONE', #1736, 1000.000000000000000 ) ;
#2537 = VERTEX_POINT ( 'NONE', #900 ) ;
#2538 = CARTESIAN_POINT ( 'NONE',  ( -2.349999999999999645, 3.849999999999999645, -0.9899999999999997691 ) ) ;
#2539 = LINE ( 'NONE', #2776, #229 ) ;
#2540 = EDGE_CURVE ( 'NONE', #732, #2303, #1842, .T. ) ;
#2541 = CARTESIAN_POINT ( 'NONE',  ( 3.604997414032633074, 2.124999999999961808, -0.6200000000000001066 ) ) ;
#2542 = ORIENTED_EDGE ( 'NONE', *, *, #76, .F. ) ;
#2543 = DIRECTION ( 'NONE',  ( 0.3138602407620023627, -0.9494691934280006240, -1.777374261551408516E-15 ) ) ;
#2544 = EDGE_CURVE ( 'NONE', #89, #421, #2240, .T. ) ;
#2545 = EDGE_CURVE ( 'NONE', #782, #524, #200, .T. ) ;
#2546 = ORIENTED_EDGE ( 'NONE', *, *, #2647, .F. ) ;
#2547 = PLANE ( 'NONE',  #323 ) ;
#2548 = DIRECTION ( 'NONE',  ( -0.000000000000000000, 1.000000000000000000, -0.000000000000000000 ) ) ;
#2549 = EDGE_CURVE ( 'NONE', #780, #9, #608, .T. ) ;
#2550 = ORIENTED_EDGE ( 'NONE', *, *, #1001, .T. ) ;
#2551 = DIRECTION ( 'NONE',  ( 0.9494691934280005130, -0.3138602407620023071, 0.000000000000000000 ) ) ;
#2552 = VERTEX_POINT ( 'NONE', #1278 ) ;
#2553 = LINE ( 'NONE', #969, #1376 ) ;
#2554 = DIRECTION ( 'NONE',  ( 0.000000000000000000, 0.000000000000000000, 1.000000000000000000 ) ) ;
#2555 = ORIENTED_EDGE ( 'NONE', *, *, #2091, .F. ) ;
#2556 = DIRECTION ( 'NONE',  ( -0.000000000000000000, -0.000000000000000000, -1.000000000000000000 ) ) ;
#2557 = DIRECTION ( 'NONE',  ( -0.3138602407620030288, -0.9494691934280004020, 0.000000000000000000 ) ) ;
#2558 = DIRECTION ( 'NONE',  ( -1.000000000000000000, 1.807003620809174632E-16, -0.000000000000000000 ) ) ;
#2559 = FACE_OUTER_BOUND ( 'NONE', #1719, .T. ) ;
#2560 = ADVANCED_FACE ( 'NONE', ( #2822 ), #1728, .T. ) ;
#2561 = DIRECTION ( 'NONE',  ( -0.000000000000000000, -0.000000000000000000, -1.000000000000000000 ) ) ;
#2562 = CYLINDRICAL_SURFACE ( 'NONE', #2216, 0.3499999999999172107 ) ;
#2563 = ORIENTED_EDGE ( 'NONE', *, *, #1732, .T. ) ;
#2564 = EDGE_CURVE ( 'NONE', #1600, #1078, #2852, .T. ) ;
#2565 = CARTESIAN_POINT ( 'NONE',  ( -3.250000000000000000, 2.124999999999960032, 0.6200000000000001066 ) ) ;
#2566 = ORIENTED_EDGE ( 'NONE', *, *, #731, .F. ) ;
#2567 = VERTEX_POINT ( 'NONE', #469 ) ;
#2568 = CARTESIAN_POINT ( 'NONE',  ( 3.604997414032633074, 2.124999999999961808, -1.651000000000000023 ) ) ;
#2569 = LINE ( 'NONE', #2778, #1038 ) ;
#2570 = AXIS2_PLACEMENT_3D ( 'NONE', #996, #1835, #1895 ) ;
#2571 = PLANE ( 'NONE',  #2807 ) ;
#2572 = VECTOR ( 'NONE', #2162, 1000.000000000000000 ) ;
#2573 = LINE ( 'NONE', #1255, #2679 ) ;
#2574 = EDGE_CURVE ( 'NONE', #2605, #1403, #317, .T. ) ;
#2575 = ORIENTED_EDGE ( 'NONE', *, *, #1063, .F. ) ;
#2576 = AXIS2_PLACEMENT_3D ( 'NONE', #681, #1117, #1363 ) ;
#2577 = DIRECTION ( 'NONE',  ( 0.000000000000000000, 0.000000000000000000, -1.000000000000000000 ) ) ;
#2578 = VECTOR ( 'NONE', #1652, 1000.000000000000000 ) ;
#2579 = EDGE_LOOP ( 'NONE', ( #1502, #2563 ) ) ;
#2580 = ADVANCED_FACE ( 'NONE', ( #693 ), #1584, .F. ) ;
#2581 = VECTOR ( 'NONE', #1781, 1000.000000000000114 ) ;
#2582 = FACE_OUTER_BOUND ( 'NONE', #45, .T. ) ;
#2583 = ORIENTED_EDGE ( 'NONE', *, *, #191, .F. ) ;
#2584 = CARTESIAN_POINT ( 'NONE',  ( 5.150000000000000355, 0.000000000000000000, 0.6200000000000001066 ) ) ;
#2585 = ORIENTED_EDGE ( 'NONE', *, *, #204, .T. ) ;
#2586 = CARTESIAN_POINT ( 'NONE',  ( -2.349999999999999645, 3.899999999999999911, -1.389999999999999680 ) ) ;
#2587 = ORIENTED_EDGE ( 'NONE', *, *, #2751, .T. ) ;
#2588 = LINE ( 'NONE', #2143, #1566 ) ;
#2589 = CARTESIAN_POINT ( 'NONE',  ( -3.250000000000000000, 1.875000000000043743, 2.290000000000000036 ) ) ;
#2590 = EDGE_CURVE ( 'NONE', #2669, #1676, #2245, .T. ) ;
#2591 = CARTESIAN_POINT ( 'NONE',  ( -3.250000000000000000, 1.875000000000043743, 2.290000000000000036 ) ) ;
#2592 = CARTESIAN_POINT ( 'NONE',  ( -4.217685782300279129, 0.2401489157332422075, -0.6200000000000001066 ) ) ;
#2593 = FACE_OUTER_BOUND ( 'NONE', #1280, .T. ) ;
#2594 = ADVANCED_FACE ( 'NONE', ( #505 ), #534, .F. ) ;
#2595 = LINE ( 'NONE', #2399, #2344 ) ;
#2596 = FACE_OUTER_BOUND ( 'NONE', #522, .T. ) ;
#2597 = FACE_OUTER_BOUND ( 'NONE', #839, .T. ) ;
#2598 = VERTEX_POINT ( 'NONE', #2089 ) ;
#2599 = CARTESIAN_POINT ( 'NONE',  ( 3.604997414032633518, 1.775000000000043432, -1.920000000000000151 ) ) ;
#2600 = CARTESIAN_POINT ( 'NONE',  ( -4.549999999999999822, 0.2499999999999169553, 0.6200000000000001066 ) ) ;
#2601 = DIRECTION ( 'NONE',  ( 0.000000000000000000, 0.000000000000000000, 1.000000000000000000 ) ) ;
#2602 = ADVANCED_FACE ( 'NONE', ( #2530 ), #554, .T. ) ;
#2603 = CARTESIAN_POINT ( 'NONE',  ( -5.150000000000000355, 0.000000000000000000, -0.6200000000000001066 ) ) ;
#2604 = CARTESIAN_POINT ( 'NONE',  ( -3.250000000000000000, 2.124999999999960032, 0.6200000000000001066 ) ) ;
#2605 = VERTEX_POINT ( 'NONE', #386 ) ;
#2606 = CLOSED_SHELL ( 'NONE', ( #820, #1925, #2860, #2266, #443, #2470, #767, #2126, #1554, #1855, #335, #2793, #1253, #1217, #1704, #2048, #181 ) ) ;
#2607 = ORIENTED_EDGE ( 'NONE', *, *, #1487, .F. ) ;
#2608 = DIRECTION ( 'NONE',  ( -1.000000000000000000, 0.000000000000000000, 0.000000000000000000 ) ) ;
#2609 =( NAMED_UNIT ( * ) SI_UNIT ( $, .STERADIAN. ) SOLID_ANGLE_UNIT ( ) );
#2610 = AXIS2_PLACEMENT_3D ( 'NONE', #2159, #2408, #391 ) ;
#2611 = ORIENTED_EDGE ( 'NONE', *, *, #1048, .T. ) ;
#2612 = CARTESIAN_POINT ( 'NONE',  ( 4.950000000000000178, 0.000000000000000000, -0.8200000000000000622 ) ) ;
#2613 = CARTESIAN_POINT ( 'NONE',  ( 4.549999999999999822, 0.2499999999999169553, 0.6200000000000001066 ) ) ;
#2614 = VECTOR ( 'NONE', #471, 1000.000000000000000 ) ;
#2615 = DIRECTION ( 'NONE',  ( 1.000000000000000000, 0.000000000000000000, 0.000000000000000000 ) ) ;
#2616 = CYLINDRICAL_SURFACE ( 'NONE', #590, 0.1999999999999999833 ) ;
#2617 = VECTOR ( 'NONE', #1534, 1000.000000000000000 ) ;
#2618 = AXIS2_PLACEMENT_3D ( 'NONE', #2127, #1016, #151 ) ;
#2619 = CARTESIAN_POINT ( 'NONE',  ( -2.349999999999999645, 3.849999999999999645, -1.389999999999999680 ) ) ;
#2620 = DIRECTION ( 'NONE',  ( -0.000000000000000000, -1.000000000000000000, -0.000000000000000000 ) ) ;
#2621 = VERTEX_POINT ( 'NONE', #1272 ) ;
#2622 = AXIS2_PLACEMENT_3D ( 'NONE', #374, #1312, #2374 ) ;
#2623 = VECTOR ( 'NONE', #531, 999.9999999999998863 ) ;
#2624 = DIRECTION ( 'NONE',  ( -0.1378445374916258404, 0.9808148484639899189, 0.1378445374916258404 ) ) ;
#2625 = PLANE ( 'NONE',  #1668 ) ;
#2626 = EDGE_CURVE ( 'NONE', #2197, #735, #2154, .T. ) ;
#2627 = VERTEX_POINT ( 'NONE', #1257 ) ;
#2628 = CARTESIAN_POINT ( 'NONE',  ( -4.217685782300279129, 0.2401489157332422075, 0.6200000000000001066 ) ) ;
#2629 = LINE ( 'NONE', #1583, #2313 ) ;
#2630 = EDGE_CURVE ( 'NONE', #1467, #2567, #166, .T. ) ;
#2631 = ORIENTED_EDGE ( 'NONE', *, *, #1590, .F. ) ;
#2632 = CARTESIAN_POINT ( 'NONE',  ( -3.841053493385875317, 1.379511947846842501, -1.920000000000000151 ) ) ;
#2633 = DIRECTION ( 'NONE',  ( 1.807003620809174878E-16, 1.000000000000000000, -0.000000000000000000 ) ) ;
#2634 = PLANE ( 'NONE',  #633 ) ;
#2635 = DIRECTION ( 'NONE',  ( 0.000000000000000000, 0.000000000000000000, -1.000000000000000000 ) ) ;
#2636 = CARTESIAN_POINT ( 'NONE',  ( 3.250000000000000000, 2.124999999999960032, -0.6200000000000001066 ) ) ;
#2637 = ORIENTED_EDGE ( 'NONE', *, *, #309, .T. ) ;
#2638 = CARTESIAN_POINT ( 'NONE',  ( 4.217685782300279129, 0.2401489157332422075, 0.6200000000000001066 ) ) ;
#2639 = DIRECTION ( 'NONE',  ( 6.108225748291434401E-16, 1.000000000000000000, 0.000000000000000000 ) ) ;
#2640 = DIRECTION ( 'NONE',  ( 1.000000000000000000, 2.710505431213766015E-16, 0.000000000000000000 ) ) ;
#2641 = CARTESIAN_POINT ( 'NONE',  ( -4.549999999999999822, 0.3499999999999169886, -1.920000000000000151 ) ) ;
#2642 = EDGE_CURVE ( 'NONE', #2567, #931, #345, .T. ) ;
#2643 = ORIENTED_EDGE ( 'NONE', *, *, #1048, .F. ) ;
#2644 = DIRECTION ( 'NONE',  ( -0.3138602407620023627, -0.9494691934280006240, 0.000000000000000000 ) ) ;
#2645 = LINE ( 'NONE', #1348, #1481 ) ;
#2646 = ORIENTED_EDGE ( 'NONE', *, *, #291, .T. ) ;
#2647 = EDGE_CURVE ( 'NONE', #1360, #2279, #1383, .T. ) ;
#2648 = FILL_AREA_STYLE_COLOUR ( '', #396 ) ;
#2649 =( NAMED_UNIT ( * ) SI_UNIT ( $, .STERADIAN. ) SOLID_ANGLE_UNIT ( ) );
#2650 = ORIENTED_EDGE ( 'NONE', *, *, #381, .F. ) ;
#2651 = CARTESIAN_POINT ( 'NONE',  ( -3.250000000000000000, 1.875000000000043299, 0.6200000000000001066 ) ) ;
#2652 = EDGE_LOOP ( 'NONE', ( #1831, #557, #91, #2103, #2607, #2566, #1218, #620, #2269, #1352, #2262, #2688 ) ) ;
#2654 = CARTESIAN_POINT ( 'NONE',  ( -4.950000000000000178, 0.000000000000000000, 1.920000000000000151 ) ) ;
#2653 = VECTOR ( 'NONE', #149, 1000.000000000000000 ) ;
#2655 = LINE ( 'NONE', #628, #862 ) ;
#2656 = CARTESIAN_POINT ( 'NONE',  ( -2.349999999999999645, 3.849999999999999645, -1.789999999999999813 ) ) ;
#2657 = MECHANICAL_DESIGN_GEOMETRIC_PRESENTATION_REPRESENTATION (  '', ( #667 ), #2150 ) ;
#2658 = ORIENTED_EDGE ( 'NONE', *, *, #2821, .F. ) ;
#2659 = CARTESIAN_POINT ( 'NONE',  ( 3.699944333375432937, 1.806386024076243491, -1.651000000000000023 ) ) ;
#2660 = DIRECTION ( 'NONE',  ( -0.000000000000000000, 1.000000000000000000, -0.000000000000000000 ) ) ;
#2661 = AXIS2_PLACEMENT_3D ( 'NONE', #393, #614, #1495 ) ;
#2662 = EDGE_CURVE ( 'NONE', #1377, #107, #1511, .T. ) ;
#2663 = VECTOR ( 'NONE', #2558, 1000.000000000000000 ) ;
#2664 = ORIENTED_EDGE ( 'NONE', *, *, #2564, .T. ) ;
#2665 = DIRECTION ( 'NONE',  ( -0.000000000000000000, -0.000000000000000000, 1.000000000000000000 ) ) ;
#2666 = LINE ( 'NONE', #453, #208 ) ;
#2667 = EDGE_CURVE ( 'NONE', #536, #1585, #1085, .T. ) ;
#2668 = CIRCLE ( 'NONE', #266, 0.3499999999999172107 ) ;
#2669 = VERTEX_POINT ( 'NONE', #415 ) ;
#2670 = CARTESIAN_POINT ( 'NONE',  ( 3.937311631732358208, 1.884851084266719212, -1.651000000000000023 ) ) ;
#2671 = MECHANICAL_DESIGN_GEOMETRIC_PRESENTATION_REPRESENTATION (  '', ( #1934 ), #1799 ) ;
#2672 = FACE_OUTER_BOUND ( 'NONE', #1322, .T. ) ;
#2673 = EDGE_CURVE ( 'NONE', #1676, #2142, #1712, .T. ) ;
#2674 = CYLINDRICAL_SURFACE ( 'NONE', #30, 0.1999999999999999833 ) ;
#2675 = AXIS2_PLACEMENT_3D ( 'NONE', #896, #398, #210 ) ;
#2676 = CARTESIAN_POINT ( 'NONE',  ( -2.844110840286397934, 1.049958695046714796, -1.651000000000000245 ) ) ;
#2677 = CARTESIAN_POINT ( 'NONE',  ( -2.961767479757442256, 4.175880947540393962, 2.001767479757441404 ) ) ;
#2678 = DIRECTION ( 'NONE',  ( -0.000000000000000000, 0.000000000000000000, 1.000000000000000000 ) ) ;
#2679 = VECTOR ( 'NONE', #2816, 1000.000000000000000 ) ;
#2680 = ORIENTED_EDGE ( 'NONE', *, *, #617, .T. ) ;
#2681 = ORIENTED_EDGE ( 'NONE', *, *, #2, .F. ) ;
#2682 = CARTESIAN_POINT ( 'NONE',  ( -3.604997414032633518, 1.775000000000043432, 1.651000000000000245 ) ) ;
#2683 = DIRECTION ( 'NONE',  ( 0.3138602407620030288, -0.9494691934280004020, 0.000000000000000000 ) ) ;
#2684 = VERTEX_POINT ( 'NONE', #604 ) ;
#2685 = ADVANCED_FACE ( 'NONE', ( #36 ), #1800, .T. ) ;
#2686 = ADVANCED_FACE ( 'NONE', ( #1091 ), #760, .F. ) ;
#2687 = PLANE ( 'NONE',  #849 ) ;
#2688 = ORIENTED_EDGE ( 'NONE', *, *, #700, .F. ) ;
#2689 = FACE_OUTER_BOUND ( 'NONE', #2242, .T. ) ;
#2690 = LINE ( 'NONE', #4, #1146 ) ;
#2691 = ORIENTED_EDGE ( 'NONE', *, *, #2320, .F. ) ;
#2692 = DIRECTION ( 'NONE',  ( 1.000000000000000000, 0.000000000000000000, 0.000000000000000000 ) ) ;
#2693 = ORIENTED_EDGE ( 'NONE', *, *, #1894, .F. ) ;
#2694 = DIRECTION ( 'NONE',  ( -1.000000000000000000, 0.000000000000000000, -0.000000000000000000 ) ) ;
#2695 = PLANE ( 'NONE',  #1282 ) ;
#2696 = ORIENTED_EDGE ( 'NONE', *, *, #1273, .T. ) ;
#2697 = DIRECTION ( 'NONE',  ( -0.000000000000000000, -0.000000000000000000, 1.000000000000000000 ) ) ;
#2698 = EDGE_CURVE ( 'NONE', #945, #2397, #964, .T. ) ;
#2699 = ORIENTED_EDGE ( 'NONE', *, *, #1212, .F. ) ;
#2700 = DIRECTION ( 'NONE',  ( 4.886580598633153832E-15, -1.000000000000000000, 0.000000000000000000 ) ) ;
#2701 = ORIENTED_EDGE ( 'NONE', *, *, #1948, .T. ) ;
#2702 = DIRECTION ( 'NONE',  ( -0.000000000000000000, -0.000000000000000000, -1.000000000000000000 ) ) ;
#2703 = VECTOR ( 'NONE', #2697, 1000.000000000000000 ) ;
#2704 = LINE ( 'NONE', #287, #1654 ) ;
#2705 = DIRECTION ( 'NONE',  ( 1.000000000000000000, 0.000000000000000000, 0.000000000000000000 ) ) ;
#2706 = ORIENTED_EDGE ( 'NONE', *, *, #2370, .F. ) ;
#2707 = VECTOR ( 'NONE', #2501, 1000.000000000000000 ) ;
#2708 = ORIENTED_EDGE ( 'NONE', *, *, #2725, .T. ) ;
#2709 = DIRECTION ( 'NONE',  ( 1.000000000000000000, -2.710505431213766015E-16, 0.000000000000000000 ) ) ;
#2710 = CIRCLE ( 'NONE', #2305, 0.3499999999999185429 ) ;
#2711 = DIRECTION ( 'NONE',  ( 1.000000000000000000, 0.000000000000000000, -0.000000000000000000 ) ) ;
#2712 = LINE ( 'NONE', #118, #2020 ) ;
#2713 = EDGE_LOOP ( 'NONE', ( #995, #255, #2497, #2337 ) ) ;
#2714 = CARTESIAN_POINT ( 'NONE',  ( 0.000000000000000000, 0.09999999999999982514, 0.000000000000000000 ) ) ;
#2715 = CIRCLE ( 'NONE', #2850, 0.1999999999999999833 ) ;
#2716 = ORIENTED_EDGE ( 'NONE', *, *, #1178, .F. ) ;
#2717 = EDGE_CURVE ( 'NONE', #600, #1882, #333, .T. ) ;
#2718 = AXIS2_PLACEMENT_3D ( 'NONE', #1913, #2801, #341 ) ;
#2719 = PLANE ( 'NONE',  #1336 ) ;
#2720 = CARTESIAN_POINT ( 'NONE',  ( 3.604997414032633518, 1.775000000000043432, -0.6200000000000001066 ) ) ;
#2721 = DIRECTION ( 'NONE',  ( 0.000000000000000000, 0.000000000000000000, -1.000000000000000000 ) ) ;
#2722 = CIRCLE ( 'NONE', #1288, 0.3499999999999185429 ) ;
#2723 = CIRCLE ( 'NONE', #824, 0.09999999999999939493 ) ;
#2724 = VERTEX_POINT ( 'NONE', #1657 ) ;
#2725 = EDGE_CURVE ( 'NONE', #1912, #2043, #778, .T. ) ;
#2726 = CARTESIAN_POINT ( 'NONE',  ( 3.841053493385875317, 1.379511947846842945, 1.651000000000000023 ) ) ;
#2727 = SURFACE_STYLE_USAGE ( .BOTH. , #2515 ) ;
#2728 = ORIENTED_EDGE ( 'NONE', *, *, #2438, .T. ) ;
#2729 = ORIENTED_EDGE ( 'NONE', *, *, #1789, .T. ) ;
#2730 = DIRECTION ( 'NONE',  ( -0.1378445374916257293, 0.9808148484639899189, -0.1378445374916257293 ) ) ;
#2731 = VERTEX_POINT ( 'NONE', #987 ) ;
#2732 = DIRECTION ( 'NONE',  ( 0.000000000000000000, -1.000000000000000000, 0.000000000000000000 ) ) ;
#2733 = EDGE_LOOP ( 'NONE', ( #507, #2031, #923, #375 ) ) ;
#2734 = LINE ( 'NONE', #759, #1240 ) ;
#2735 = DIRECTION ( 'NONE',  ( 0.9494691934280005130, 0.3138602407620023071, 0.000000000000000000 ) ) ;
#2736 = EDGE_CURVE ( 'NONE', #1628, #741, #2333, .T. ) ;
#2737 = EDGE_LOOP ( 'NONE', ( #1969, #2407, #1193, #1316 ) ) ;
#2738 = EDGE_LOOP ( 'NONE', ( #267, #1705, #2119, #588 ) ) ;
#2739 = ORIENTED_EDGE ( 'NONE', *, *, #1037, .T. ) ;
#2740 = DIRECTION ( 'NONE',  ( -0.000000000000000000, -0.000000000000000000, -1.000000000000000000 ) ) ;
#2741 = ORIENTED_EDGE ( 'NONE', *, *, #2297, .F. ) ;
#2742 = CARTESIAN_POINT ( 'NONE',  ( -3.699944333375432937, 1.806386024076243491, -0.6200000000000001066 ) ) ;
#2743 = CARTESIAN_POINT ( 'NONE',  ( 4.950000000000000178, 0.2499999999999169553, 0.8200000000000000622 ) ) ;
#2744 = ORIENTED_EDGE ( 'NONE', *, *, #2544, .F. ) ;
#2745 = PLANE ( 'NONE',  #2359 ) ;
#2746 = CARTESIAN_POINT ( 'NONE',  ( 2.844110840286399711, 1.049958695046715240, -1.920000000000000151 ) ) ;
#2747 = VERTEX_POINT ( 'NONE', #1638 ) ;
#2748 = CYLINDRICAL_SURFACE ( 'NONE', #1095, 0.3499999999999185429 ) ;
#2749 = ORIENTED_EDGE ( 'NONE', *, *, #81, .F. ) ;
#2750 = AXIS2_PLACEMENT_3D ( 'NONE', #473, #230, #894 ) ;
#2751 = EDGE_CURVE ( 'NONE', #2142, #2447, #576, .T. ) ;
#2752 = DIRECTION ( 'NONE',  ( 0.000000000000000000, 0.000000000000000000, 1.000000000000000000 ) ) ;
#2753 = VECTOR ( 'NONE', #17, 1000.000000000000000 ) ;
#2754 = ORIENTED_EDGE ( 'NONE', *, *, #1645, .F. ) ;
#2755 = EDGE_CURVE ( 'NONE', #421, #555, #2078, .T. ) ;
#2756 = EDGE_CURVE ( 'NONE', #1521, #2747, #2766, .T. ) ;
#2757 = VECTOR ( 'NONE', #866, 1000.000000000000000 ) ;
#2758 = CARTESIAN_POINT ( 'NONE',  ( -5.150000000000000355, 0.000000000000000000, 0.6200000000000001066 ) ) ;
#2759 = CARTESIAN_POINT ( 'NONE',  ( -3.604997414032633518, 1.875000000000042855, -0.6200000000000001066 ) ) ;
#2760 = ORIENTED_EDGE ( 'NONE', *, *, #369, .F. ) ;
#2761 = EDGE_CURVE ( 'NONE', #801, #672, #2722, .T. ) ;
#2762 = CARTESIAN_POINT ( 'NONE',  ( 2.844110840286399711, 1.049958695046715240, 1.920000000000000151 ) ) ;
#2763 = EDGE_LOOP ( 'NONE', ( #1191, #1214, #2174, #1216 ) ) ;
#2764 = CARTESIAN_POINT ( 'NONE',  ( -3.250000000000000000, 2.124999999999960032, 1.651000000000000245 ) ) ;
#2765 = VECTOR ( 'NONE', #2318, 1000.000000000000000 ) ;
#2766 = LINE ( 'NONE', #2513, #2488 ) ;
#2767 = VECTOR ( 'NONE', #129, 1000.000000000000000 ) ;
#2768 = VECTOR ( 'NONE', #670, 1000.000000000000000 ) ;
#2769 = ORIENTED_EDGE ( 'NONE', *, *, #2241, .F. ) ;
#2770 = DIRECTION ( 'NONE',  ( 0.000000000000000000, 0.000000000000000000, 1.000000000000000000 ) ) ;
#2771 = VERTEX_POINT ( 'NONE', #2088 ) ;
#2772 = PLANE ( 'NONE',  #998 ) ;
#2773 = VECTOR ( 'NONE', #274, 1000.000000000000114 ) ;
#2774 = ORIENTED_EDGE ( 'NONE', *, *, #1494, .T. ) ;
#2775 = LINE ( 'NONE', #2482, #64 ) ;
#2776 = CARTESIAN_POINT ( 'NONE',  ( -4.217685782300279129, 0.2401489157332422075, -1.920000000000000151 ) ) ;
#2777 = ADVANCED_FACE ( 'NONE', ( #1182 ), #1626, .T. ) ;
#2778 = CARTESIAN_POINT ( 'NONE',  ( 2.961767479757442256, 4.175880947540393962, 2.001767479757441404 ) ) ;
#2779 = EDGE_CURVE ( 'NONE', #714, #1678, #2528, .T. ) ;
#2780 = DIRECTION ( 'NONE',  ( -0.9494691934280005130, 0.3138602407620023071, -0.000000000000000000 ) ) ;
#2781 = DIRECTION ( 'NONE',  ( 0.000000000000000000, -0.000000000000000000, 1.000000000000000000 ) ) ;
#2782 = FACE_OUTER_BOUND ( 'NONE', #1176, .T. ) ;
#2783 = ORIENTED_EDGE ( 'NONE', *, *, #1173, .F. ) ;
#2784 = EDGE_LOOP ( 'NONE', ( #2643, #1605, #1984, #1552 ) ) ;
#2785 = ORIENTED_EDGE ( 'NONE', *, *, #1426, .T. ) ;
#2786 = CARTESIAN_POINT ( 'NONE',  ( 3.699944333375432937, 1.806386024076243491, 1.651000000000000023 ) ) ;
#2787 = LINE ( 'NONE', #829, #1033 ) ;
#2788 = PRODUCT ( 'EL817S1(A)(TU)-V', 'EL817S1(A)(TU)-V', '', ( #2196 ) ) ;
#2789 = LINE ( 'NONE', #1220, #1792 ) ;
#2790 = ORIENTED_EDGE ( 'NONE', *, *, #207, .T. ) ;
#2791 = EDGE_CURVE ( 'NONE', #2724, #1455, #1436, .T. ) ;
#2792 = CARTESIAN_POINT ( 'NONE',  ( 4.950000000000000178, 1.775000000000043432, -0.6200000000000001066 ) ) ;
#2793 = ADVANCED_FACE ( 'NONE', ( #2782 ), #1418, .T. ) ;
#2794 = LINE ( 'NONE', #804, #1667 ) ;
#2795 = ORIENTED_EDGE ( 'NONE', *, *, #2067, .T. ) ;
#2796 = ADVANCED_FACE ( 'NONE', ( #790 ), #2562, .T. ) ;
#2797 = ORIENTED_EDGE ( 'NONE', *, *, #1494, .F. ) ;
#2798 = CARTESIAN_POINT ( 'NONE',  ( -3.250000000000000000, 2.124999999999960032, -0.6200000000000001066 ) ) ;
#2799 = DIRECTION ( 'NONE',  ( 1.000000000000000000, 1.807003620809174878E-16, 0.000000000000000000 ) ) ;
#2800 = CLOSED_SHELL ( 'NONE', ( #2416, #1864, #1964, #506, #186, #630, #850, #402, #875, #2796, #1030, #662, #1576, #2243, #2136, #1947, #102, #2207 ) ) ;
#2801 = DIRECTION ( 'NONE',  ( -0.000000000000000000, -1.000000000000000000, 0.000000000000000000 ) ) ;
#2802 = AXIS2_PLACEMENT_3D ( 'NONE', #2682, #950, #678 ) ;
#2803 = DIRECTION ( 'NONE',  ( -0.000000000000000000, -0.000000000000000000, 1.000000000000000000 ) ) ;
#2804 = EDGE_CURVE ( 'NONE', #876, #1844, #1802, .T. ) ;
#2805 = ORIENTED_EDGE ( 'NONE', *, *, #1532, .T. ) ;
#2806 = AXIS2_PLACEMENT_3D ( 'NONE', #1089, #2426, #1956 ) ;
#2807 = AXIS2_PLACEMENT_3D ( 'NONE', #1697, #589, #1477 ) ;
#2808 = ADVANCED_FACE ( 'NONE', ( #2287 ), #2323, .F. ) ;
#2809 = VERTEX_POINT ( 'NONE', #2306 ) ;
#2810 =( NAMED_UNIT ( * ) SI_UNIT ( $, .STERADIAN. ) SOLID_ANGLE_UNIT ( ) );
#2811 = AXIS2_PLACEMENT_3D ( 'NONE', #919, #1076, #1760 ) ;
#2812 = AXIS2_PLACEMENT_3D ( 'NONE', #2405, #423, #250 ) ;
#2813 = PLANE ( 'NONE',  #580 ) ;
#2814 = CARTESIAN_POINT ( 'NONE',  ( -4.950000000000000178, 0.000000000000000000, -1.920000000000000151 ) ) ;
#2815 = DIRECTION ( 'NONE',  ( -0.000000000000000000, -0.000000000000000000, -1.000000000000000000 ) ) ;
#2816 = DIRECTION ( 'NONE',  ( -0.000000000000000000, -0.000000000000000000, -1.000000000000000000 ) ) ;
#2817 = SURFACE_SIDE_STYLE ('',( #403 ) ) ;
#2818 = ORIENTED_EDGE ( 'NONE', *, *, #1268, .F. ) ;
#2819 = DIRECTION ( 'NONE',  ( -0.000000000000000000, -0.000000000000000000, 1.000000000000000000 ) ) ;
#2820 = ORIENTED_EDGE ( 'NONE', *, *, #1371, .T. ) ;
#2821 = EDGE_CURVE ( 'NONE', #329, #89, #821, .T. ) ;
#2822 = FACE_OUTER_BOUND ( 'NONE', #103, .T. ) ;
#2823 = UNCERTAINTY_MEASURE_WITH_UNIT (LENGTH_MEASURE( 1.000000000000000082E-05 ), #1271, 'distance_accuracy_value', 'NONE');
#2824 = DIRECTION ( 'NONE',  ( -1.000000000000000000, 0.000000000000000000, 0.000000000000000000 ) ) ;
#2825 = LINE ( 'NONE', #1963, #1599 ) ;
#2826 = CARTESIAN_POINT ( 'NONE',  ( 4.950000000000000178, 0.000000000000000000, 0.8200000000000000622 ) ) ;
#2827 = FACE_OUTER_BOUND ( 'NONE', #2476, .T. ) ;
#2828 = DIRECTION ( 'NONE',  ( -1.000000000000000000, 0.000000000000000000, 0.000000000000000000 ) ) ;
#2829 =( NAMED_UNIT ( * ) PLANE_ANGLE_UNIT ( ) SI_UNIT ( $, .RADIAN. ) );
#2830 = ORIENTED_EDGE ( 'NONE', *, *, #754, .F. ) ;
#2831 = DIRECTION ( 'NONE',  ( 0.000000000000000000, -1.000000000000000000, 0.000000000000000000 ) ) ;
#2832 = DIRECTION ( 'NONE',  ( 0.9494691934280006240, -0.3138602407620023627, 0.000000000000000000 ) ) ;
#2833 = CARTESIAN_POINT ( 'NONE',  ( -3.250000000000000000, 2.124999999999960032, -0.6200000000000001066 ) ) ;
#2834 = EDGE_CURVE ( 'NONE', #107, #2621, #629, .T. ) ;
#2835 = DIRECTION ( 'NONE',  ( -0.000000000000000000, -0.000000000000000000, 1.000000000000000000 ) ) ;
#2836 = ORIENTED_EDGE ( 'NONE', *, *, #2834, .F. ) ;
#2837 = VECTOR ( 'NONE', #1294, 1000.000000000000000 ) ;
#2838 = CARTESIAN_POINT ( 'NONE',  ( -3.250000000000000000, 0.09999999999999982514, 2.290000000000000036 ) ) ;
#2839 = CLOSED_SHELL ( 'NONE', ( #2302, #2602, #2580, #2777 ) ) ;
#2840 = EDGE_CURVE ( 'NONE', #2747, #1389, #2794, .T. ) ;
#2841 = DIRECTION ( 'NONE',  ( 0.000000000000000000, 0.000000000000000000, 1.000000000000000000 ) ) ;
#2842 = CARTESIAN_POINT ( 'NONE',  ( -3.604997414032633074, 2.124999999999961808, -0.6200000000000001066 ) ) ;
#2843 = VECTOR ( 'NONE', #2075, 999.9999999999998863 ) ;
#2844 = ORIENTED_EDGE ( 'NONE', *, *, #2564, .F. ) ;
#2845 = CARTESIAN_POINT ( 'NONE',  ( -3.250000000000000000, 2.124999999999960920, -2.290000000000000036 ) ) ;
#2846 =( GEOMETRIC_REPRESENTATION_CONTEXT ( 3 ) GLOBAL_UNCERTAINTY_ASSIGNED_CONTEXT ( ( #37 ) ) GLOBAL_UNIT_ASSIGNED_CONTEXT ( ( #880, #203, #2649 ) ) REPRESENTATION_CONTEXT ( 'NONE', 'WORKASPACE' ) );
#2847 = ORIENTED_EDGE ( 'NONE', *, *, #281, .F. ) ;
#2848 = CARTESIAN_POINT ( 'NONE',  ( -3.699944333375433381, 1.806386024076243491, 1.651000000000000245 ) ) ;
#2849 = FILL_AREA_STYLE ('',( #2248 ) ) ;
#2850 = AXIS2_PLACEMENT_3D ( 'NONE', #2612, #1093, #1301 ) ;
#2851 = CARTESIAN_POINT ( 'NONE',  ( -4.549999999999999822, 0.2499999999999173994, 0.6200000000000001066 ) ) ;
#2852 = CIRCLE ( 'NONE', #1616, 0.09999999999999939493 ) ;
#2853 = DIRECTION ( 'NONE',  ( 1.807003620809174878E-16, -1.000000000000000000, 0.000000000000000000 ) ) ;
#2854 = ORIENTED_EDGE ( 'NONE', *, *, #1735, .T. ) ;
#2855 = ADVANCED_FACE ( 'NONE', ( #1073 ), #1046, .F. ) ;
#2856 =( GEOMETRIC_REPRESENTATION_CONTEXT ( 3 ) GLOBAL_UNCERTAINTY_ASSIGNED_CONTEXT ( ( #1995 ) ) GLOBAL_UNIT_ASSIGNED_CONTEXT ( ( #1755, #2829, #2609 ) ) REPRESENTATION_CONTEXT ( 'NONE', 'WORKASPACE' ) );
#2857 = VECTOR ( 'NONE', #2100, 1000.000000000000114 ) ;
#2858 = DIRECTION ( 'NONE',  ( 0.000000000000000000, 1.000000000000000000, 0.000000000000000000 ) ) ;
#2859 = CARTESIAN_POINT ( 'NONE',  ( 4.950000000000000178, 0.2499999999999168998, -1.920000000000000151 ) ) ;
#2860 = ADVANCED_FACE ( 'NONE', ( #2597 ), #1737, .T. ) ;
#2861 = ORIENTED_EDGE ( 'NONE', *, *, #660, .T. ) ;
#2862 = LINE ( 'NONE', #1621, #1053 ) ;
#2863 = DIRECTION ( 'NONE',  ( 0.000000000000000000, 0.1391731009600625790, 0.9902680687415706950 ) ) ;
#2864 = DIRECTION ( 'NONE',  ( -0.9494691934280006240, -0.3138602407620023627, 0.000000000000000000 ) ) ;
#2865 = DIRECTION ( 'NONE',  ( -0.000000000000000000, -0.000000000000000000, -1.000000000000000000 ) ) ;
#2866 = LINE ( 'NONE', #2592, #1927 ) ;
#2867 = DIRECTION ( 'NONE',  ( 0.000000000000000000, 0.000000000000000000, 1.000000000000000000 ) ) ;
#2868 = EDGE_LOOP ( 'NONE', ( #822, #882, #865, #2744, #1689, #635, #1624, #978 ) ) ;
#2869 = DIRECTION ( 'NONE',  ( -1.000000000000000000, 6.108225748291434401E-16, 0.000000000000000000 ) ) ;
ENDSEC;
END-ISO-10303-21;
